MES_REFERENCIA;COD_PERF_AGENTE;SIGLA_PERFIL_AGENTE;NOME_EMPRESARIAL;COD_PARCELA_CARGA;SIGLA_PARCELA_CARGA;CNPJ_CARGA;CIDADE;ESTADO_UF;RAMO_ATIVIDADE;SUBMERCADO;DATA_MIGRACAO;COD_PERF_AGENTE_CONECTADO;SIGLA_PERFIL_AGENTE_CONECTADO;CAPACIDADE_CARGA;CONSUMO_ACL;CONSUMO_CATIVO_PARC_LIVRE;CONSUMO_TOTAL
202412;116398;MOSAIC PEK CATALAO;MOSAIC FERTILIZANTES P&K LTDA.;7080;MOSAIC FERTILIZANTES;33931486001021;CATALÃO;GO;MINERAIS NÃO-METÁLICOS;SUDESTE;01/11/2003;15;CELG;20.5;11548.303963;0.0;11548.303963
202412;31307;COG-CPLEMGO INDUSTRIA;COOPERATIVA MISTA DOS PRODUTORES DE LEITE DE MORRINHOS;71766;COMPLEM-MORRINHOS;02667442001436;MORRINHOS;GO;COMÉRCIO;SUDESTE;01/01/2012;15;CELG;1.075;431.927933;0.0;431.927933
202412;70822;CRISTALINA CL;CRISTALINA ALIMENTOS LTDA;902661;CRISTALINA ALIMENTOS;10666522000180;CRISTALINA;GO;ALIMENTÍCIOS;SUDESTE;01/08/2016;15;CELG;5.0;793.017319;0.0;793.017319
202412;44803;TRD-CIFARMAGO LIVRE;CIFARMA CIENTIFICA FARMACEUTICA LTDA EM RECUPERACAO JUDICIAL;903116;CIFARMA CIENTIFICA;17562075000169;GOIÂNIA;GO;MANUFATURADOS DIVERSOS;SUDESTE;01/08/2016;15;CELG;1.05;470.712828;0.0;470.712828
202412;85644;HEINZ CL 514;HEINZ BRASIL S.A.;900937;HEINZ NG Nova Goiás;50955707001100;NERÓPOLIS;GO;ALIMENTÍCIOS;SUDESTE;01/07/2016;15;CELG;2.5;1140.952868;0.0;1140.952868
202412;71995;CARAMURU S SIMAO;CARAMURU ALIMENTOS  S/A;901092;CARAMURU SAO SIMAO;00080671000371;SÃO SIMÃO;GO;ALIMENTÍCIOS;SUDESTE;01/07/2016;15;CELG;3.7;2456.533551;0.0;2456.533551
202412;86633;SYNGENTA S;SYNGENTA SEEDS LTDA;897687;SYNGENTA FORMOSA;28403532003295;FORMOSA;GO;ALIMENTÍCIOS;SUDESTE;01/01/2016;15;CELG;2.65;1810.487336;0.0;1810.487336
202412;45355;CICOPAL CL 514;CICOPAL INDUSTRIA E COMERCIO DE PRODUTOS ALIMENTICIOS E HIGIENE PESSOAL LTDA;908469;CICOPAL;01121175000110;SENADOR CANEDO;GO;ALIMENTÍCIOS;SUDESTE;01/04/2017;15;CELG;0.8;346.787103;0.0;346.787103
202412;99125;SHOPPING BRV CL 514;BURITI SHOPPING RIO VERDE;905023;SHOP BURITI RIO VERD;24130714000182;RIO VERDE;GO;SERVIÇOS;SUDESTE;01/10/2016;15;CELG;1.61;620.627362;0.0;620.627362
202412;45640;SHOPPING AGUAS LINDAS CL 514;AGUAS LINDAS SHOPPING;905806;SHOP AGUAS LINDAS;24157581000138;ÁGUA LINDAS DE GOIÁS;GO;SERVIÇOS;SUDESTE;01/11/2016;15;CELG;0.7;242.500043;0.0;242.500043
202412;27128;LATICINIOS CENTRO OESTE CL;LACTOSUL INDUSTRIA DE LATICINIOS -LTDA;907767;LACTOSUL;05915146000261;PIRANHAS;GO;ALIMENTÍCIOS;SUDESTE;01/02/2017;15;CELG;1.6;825.552387;0.0;825.552387
202412;71012;CEREAL COM;CEREAL COMERCIO EXPORTACAO E REPRESENTACAO AGROPECUARIA SA;905825;Cereal Com. Exp e Re;00012377000160;RIO VERDE;GO;ALIMENTÍCIOS;SUDESTE;01/11/2016;15;CELG;5.6;4079.548329;0.0;4079.548329
202412;32617;GENIX CL 514 2022;GENIX - INDUSTRIA FARMACEUTICA LTDA;909713;GENIX;04376121000193;ANÁPOLIS;GO;MANUFATURADOS DIVERSOS;SUDESTE;01/07/2017;15;CELG;1.45;541.158746;0.0;541.158746
202412;116340;MOSAIC - CATALAO;MOSAIC FERTILIZANTES DO BRASIL LTDA.;909696;MOSAIC CATALAO;61156501011352;CATALÃO;GO;QUÍMICOS;SUDESTE;01/07/2017;15;CELG;0.26;35.412078;0.0;35.412078
202412;99611;DAUS CL 514;DAUS INDUSTRIA DE ALIMENTOS S.A.;909739;OUROLAC;04865228000103;RIO VERDE;GO;ALIMENTÍCIOS;SUDESTE;01/07/2017;15;CELG;1.5;866.403236;0.0;866.403236
202412;71996;CARAMURU IPAMERI;CARAMURU ALIMENTOS  S/A;908058;CARAMURU IPAMERI;00080671002153;IPAMERI;GO;MINERAIS NÃO-METÁLICOS;SUDESTE;01/03/2017;15;CELG;3.7;2723.980285;0.0;2723.980285
202412;66541;MEGA MODA;SPE MEGA MODA SHOPPING LTDA;907176;LOJA;14366423000134;GOIÂNIA;GO;SERVIÇOS;SUDESTE;01/01/2017;15;CELG;0.47;130.650136;0.0;130.650136
202412;64434;IGUASPORT;IGUASPORT LTDA;907174;IGUASPORT GOIANIA;02314041002393;GOIÂNIA;GO;COMÉRCIO;SUDESTE;01/01/2017;15;CELG;0.255;112.254992;0.0;112.254992
202412;82846;RIACHUELO LT 1 SE/CO;LOJAS RIACHUELO SA;898037;RIACHUELO LJ 42;33200056005450;GOIÂNIA;GO;COMÉRCIO;SUDESTE;01/02/2016;15;CELG;0.23;47.179651;0.0;47.179651
202412;31630;BELMA MATRIZ CL 514;BELMA INDUSTRIAL DE GENEROS ALIMENTICIOS LTDA;922544;Belma Industrial;08039334000180;APARECIDA DE GOIÂNIA;GO;ALIMENTÍCIOS;SUDESTE;01/02/2019;15;CELG;1.0;340.130938;0.0;340.130938
202412;48517;TREVO ALIMENTOS EIRELI CL 514;TREVO ALIMENTOS LTDA;919181;FRIGONEVES INDUSTRIA;16613803000151;ITAUÇU;GO;ALIMENTÍCIOS;SUDESTE;01/11/2018;15;CELG;0.65;226.554346;0.0;226.554346
202412;31436;SHOPPING BOUGAINVILLE CL;CONDOMINIO SHOPPING BOUGAINVILLE;915105;Shopping Bougainvill;09332238000199;GOIÂNIA;GO;SERVIÇOS;SUDESTE;01/07/2018;15;CELG;1.07;301.973827;0.0;301.973827
202412;4496;COG-CPLEMGO;COOPERATIVA MISTA DOS PRODUTORES DE LEITE DE MORRINHOS;923194;COMPLEM-GRANE;02667442002670;MORRINHOS;GO;SERVIÇOS;SUDESTE;01/04/2019;15;CELG;0.25;18.787662;0.0;18.787662
202412;4496;COG-CPLEMGO;COOPERATIVA MISTA DOS PRODUTORES DE LEITE DE MORRINHOS;923193;COMPLEM-SUPERM;02667442000111;MORRINHOS;GO;COMÉRCIO;SUDESTE;01/04/2019;15;CELG;0.25;89.619105;0.0;89.619105
202412;77043;CAN PACK;CAN-PACK BRASIL INDUSTRIA DE EMBALAGENS LTDA.;917431;CAN-PACK - Itumbiara;14855630000233;ITUMBIARA;GO;METALURGIA E PRODUTOS DE METAL;SUDESTE;01/08/2018;15;CELG;5.0;2758.03294;0.0;2758.03294
202412;63049;DURO PVC;DURO PVC LTDA;904091;DURO PVC JD ELDORADO;00426978000110;APARECIDA DE GOIÂNIA;GO;MANUFATURADOS DIVERSOS;SUDESTE;01/09/2016;15;CELG;1.431;187.59094;0.0;187.59094
202412;74641;COMIGO;COOPERATIVA AGROINDUSTRIAL DOS PRODUTORES RURAIS DO SUDOESTE GOIANO;915533;COMIGO - RIO VERDE;02077618000266;RIO VERDE;GO;ALIMENTÍCIOS;SUDESTE;01/08/2018;15;CELG;18.0;4578.537424;0.0;4578.537424
202412;88153;YPE QUIMICA GOIANIA;QUIMICA AMPARO LTDA;917959;QUÍMICA YPÊ GOIÂNIA;43461789001677;GOIÂNIA;GO;METALURGIA E PRODUTOS DE METAL;SUDESTE;01/09/2018;15;CELG;1.54;396.781011;0.0;396.781011
202412;100248;HIPER MOREIRACL 514 23;SUPERMERCADO MOREIRA LTDA;917958;Supermercado Moreira;00148007000155;GOIÂNIA;GO;COMÉRCIO;SUDESTE;01/09/2018;15;CELG;0.95;347.830839;0.0;347.830839
202412;31867;GSA GAMA CL 514;GSA GAMA SUCOS E ALIMENTOS LTDA.;907832;GSA;00774265000147;APARECIDA DE GOIÂNIA;GO;BEBIDAS;SUDESTE;01/03/2017;15;CELG;1.0;244.410223;0.0;244.410223
202412;35515;SGB WEBER ANAPOLIS EI;SAINT-GOBAIN DO BRASIL PRODUTOS INDUSTRIAIS E PARA CONSTRUCAO LTDA;896206;SGBRAS ANÁPOLIS I;61064838002420;ANÁPOLIS;GO;MINERAIS NÃO-METÁLICOS;SUDESTE;01/08/2015;15;CELG;0.485;148.810484;0.0;148.810484
202412;85296;JBS FRIBOI CL7;JBS S/A;904684;JBS SEN CANEDO;02916265020004;SENADOR CANEDO;GO;ALIMENTÍCIOS;SUDESTE;01/10/2016;15;CELG;4.8;1808.092393;0.0;1808.092393
202412;67083;LDC BRASIL JATAI CL SE;LOUIS DREYFUS COMPANY BRASIL S.A.;904704;LDC BRASIL JATAI;47067525007625;JATAÍ;GO;ALIMENTÍCIOS;SUDESTE;01/10/2016;15;CELG;5.55;3719.640776;0.0;3719.640776
202412;85675;KLABIN RIOVERDE CL;KLABIN S.A.;907763;KLABIN RIO VERDE;89637490017200;RIO VERDE;GO;MADEIRA, PAPEL E CELULOSE;SUDESTE;01/02/2017;15;CELG;1.1;476.624749;0.0;476.624749
202412;100507;WMS SUPERCL 514 23;WMS SUPERMERCADOS DO BRASIL LTDA.;907787;WMS SUPER - LJ 929;93209765057658;GOIÂNIA;GO;COMÉRCIO;SUDESTE;01/03/2017;15;CELG;0.79;319.125852;0.0;319.125852
202412;62592;LF PLASTICOS ESP;LF PLASTICOS LTDA;904219;LF PLASTICOS;06947499000125;APARECIDA DE GOIÂNIA;GO;MANUFATURADOS DIVERSOS;SUDESTE;01/09/2016;15;CELG;0.78;320.274972;0.0;320.274972
202412;82846;RIACHUELO LT 1 SE/CO;LOJAS RIACHUELO SA;926024;RCHLO LOJA 40;33200056013470;ANÁPOLIS;GO;COMÉRCIO;SUDESTE;01/09/2019;15;CELG;0.227;42.78686;0.0;42.78686
202412;3999;C&A MODAS;C&A MODAS S.A.;926323;C&A MODAS - GOI715;45242914009587;GOIÂNIA;GO;COMÉRCIO;SUDESTE;01/09/2019;15;CELG;0.19;46.197205;0.0;46.197205
202412;86578;TATICO SETOR CENTRO OESTE;CENTRO OESTE COMERCIAL DE ALIMENTOS LTDA;928903;TATICO JARDIM BELA M;24447350000240;APARECIDA DE GOIÂNIA;GO;COMÉRCIO;SUDESTE;01/10/2019;15;CELG;0.34;194.346671;0.0;194.346671
202412;31456;BRITACAL CL 514;BRITACAL IND E COM DE BRITA E CALCARIO BRASILIA LTDA;930844;BRITACAL DIVINOPOLIS;26970103001069;DIVINÓPOLIS DE GOIÁS;GO;MINERAIS NÃO-METÁLICOS;SUDESTE;01/11/2019;15;CELG;1.495;11.949294;0.0;11.949294
202412;24540;SHG SEMENTES CL;SHG SEMENTES E SERVICOS LTDA;905803;MONSANTO SHG;37302618000116;SANTA HELENA DE GOIÁS;GO;ALIMENTÍCIOS;SUDESTE;01/12/2016;15;CELG;2.1;542.488663;0.0;542.488663
202412;44979;BISNAGO CL;BISNAGO INDUSTRIA DE EMBALAGENS LTDA;905826;BISNAGO IND DE EMBAL;10268112000181;ANÁPOLIS;GO;METALURGIA E PRODUTOS DE METAL;SUDESTE;01/11/2016;15;CELG;0.8;393.164731;0.0;393.164731
202412;46782;ABATEDOURO VEREDA CL 514;VEREDA ALIMENTOS LTDA;932932;ABATEDOURO VEREDA;04454667000115;GOIANÉSIA;GO;ALIMENTÍCIOS;SUDESTE;01/12/2019;15;CELG;0.65;127.569566;0.0;127.569566
202412;86562;BOM LIXO;BOMLIXO INDUSTRIA E COMERCIO LTDA;932957;BOMLIXO DO ACUCAR;05324532000106;GOIÂNIA;GO;MANUFATURADOS DIVERSOS;SUDESTE;01/12/2019;15;CELG;0.42;209.587175;0.0;209.587175
202412;46856;CALCARIO URUACU CL;CALCARIO URUACU LTDA;932977;Calcário Uruaçu;06220490000118;NIQUELÂNDIA;GO;MINERAIS NÃO-METÁLICOS;SUDESTE;01/12/2019;15;CELG;0.5;3.593154;0.0;3.593154
202412;46775;MGPARK CL 514;PARK EMPREENDIMENTOS COMERCIAIS S/A;934346;PARK EMPREENDIMENTOS;29641242000146;GOIÂNIA;GO;SERVIÇOS;SUDESTE;01/02/2020;15;CELG;0.6;185.60521;0.0;185.60521
202412;31962;GOIASCAL CL;GOIASCAL MINERACAO E CALCARIO LTDA;934314;GOIASCAL MINERACAO C;01413855000700;INDIARA;GO;MINERAIS NÃO-METÁLICOS;SUDESTE;01/02/2020;15;CELG;1.6;70.676383;0.0;70.676383
202412;31249;GOIASFILLER CL;GOIASFILLER MINERACAO LTDA;934543;GOIASFILLER MINERACA;07475736000165;INDIARA;GO;MINERAIS NÃO-METÁLICOS;SUDESTE;01/02/2020;15;CELG;1.245;420.446459;0.0;420.446459
202412;91199;CIPLAN ES;CIPLAN CIMENTO PLANALTO SA;934692;CIPLAN - GUAPO;00057240000122;GUAPO;GO;MINERAIS NÃO-METÁLICOS;SUDESTE;01/03/2020;15;CELG;0.8;232.717301;0.0;232.717301
202412;47071;SOL BEBIDAS CL 514;SOL INDUSTRIA E COMERCIO DE BEBIDAS LTDA;935857;SOL BEBIDAS;05105162000108;SENADOR CANEDO;GO;BEBIDAS;SUDESTE;01/04/2020;15;CELG;0.5;102.167212;0.0;102.167212
202412;1442;CBD;COMPANHIA BRASILEIRA DE DISTRIBUICAO;936112;CBD - T63 - 2378;47508411034301;GOIÂNIA;GO;COMÉRCIO;SUDESTE;01/05/2020;15;CELG;0.35;135.942713;0.0;135.942713
202412;86666;COMERCIAL REIS;COMERCIAL REIS LTDA;937751;Loja 08;03044201001070;CATALÃO;GO;COMÉRCIO;SUDESTE;01/07/2020;15;CELG;0.11;49.50395;0.0;49.50395
202412;86666;COMERCIAL REIS;COMERCIAL REIS LTDA;937738;Loja 03;03044201000340;ITUMBIARA;GO;COMÉRCIO;SUDESTE;01/07/2020;15;CELG;0.105;51.115918;0.0;51.115918
202412;46877;MONTIVIDIU CAIAPONIA CL 514;MINERACAO DE CALCARIO MONTIVIDIU LTDA;937787;MONTIVIDIU CAIAPONIA;02174951000374;CAIAPÔNIA;GO;MINERAIS NÃO-METÁLICOS;SUDESTE;01/07/2020;15;CELG;0.69;3.338995;0.0;3.338995
202412;47264;COSTA MULTICANAL CL 514;COSTA MULTICANAL S/A;937788;COSTA MULTICANAL 1;27289076000305;GOIÂNIA;GO;COMÉRCIO;SUDESTE;01/07/2020;15;CELG;0.5;250.264296;0.0;250.264296
202412;47248;JC DISTRIBUICAO CL 514;JC DISTRIBUICAO LOGISTICA IMPORTACAO E EXPORTACAO DE PRODUTOS INDUSTRIALIZADOS S/A;937776;JC DISTRIBUICAO;06314327000203;APARECIDA DE GOIÂNIA;GO;COMÉRCIO;SUDESTE;01/07/2020;15;CELG;0.5;168.689493;0.0;168.689493
202412;25518;B2W CE;AMERICANAS S.A - EM RECUPERACAO JUDICIAL;938087;LASA Loja 285;00776574168413;GOIÂNIA;GO;COMÉRCIO;SUDESTE;01/08/2020;15;CELG;0.109;26.240481;0.0;26.240481
202412;96164;CENTRO OESTE OLEO QUIMICA;CENTRO OESTE OLEO QUIMICA LTDA;938155;PRODUTOS OESTE;08251405000104;LEOPOLDO DE BULHÕES;GO;QUÍMICOS;SUDESTE;01/08/2020;15;CELG;0.5;115.510582;0.0;115.510582
202412;90524;C CE SUPERMERCADOS CAMPEAO;CABRAL E MAIA LTDA;938152;CAMPEÃO LJ 03;37630118000103;RIO VERDE;GO;COMÉRCIO;SUDESTE;01/08/2020;15;CELG;0.07;30.000092;0.0;30.000092
202412;85941;CINEMARK SE;CINEMARK BRASIL S.A.;938178;CINEMARK PASSEIO AGU;00779721006859;GOIÂNIA;GO;SERVIÇOS;SUDESTE;01/08/2020;15;CELG;0.24;58.906876;0.0;58.906876
202412;87729;IURD SP BRAS MATRIZ;IGREJA UNIVERSAL DO REINO DE DEUS;938820;IURD GO GOIÂNIA;29744778052073;GOIÂNIA;GO;SERVIÇOS;SUDESTE;01/09/2020;15;CELG;0.5;88.529709;0.0;88.529709
202412;96052;TRANSZILLI;TRANSPORTES E ARMAZENAGEM ZILLI LTDA;939116;TRANSZILLI ARAGUAIA;81804684000267;APARECIDA DE GOIÂNIA;GO;TRANSPORTE;SUDESTE;01/09/2020;15;CELG;0.408;158.659757;0.0;158.659757
202412;93706;UNIMED GO;UNIMED GOIANIA COOPERATIVA DE TRABALHO MEDICO;939625;ST BUENO;02476067000122;GOIÂNIA;GO;SERVIÇOS;SUDESTE;01/10/2020;15;CELG;0.6;207.378647;0.0;207.378647
202412;72262;RIACHUELO LT 2 SE/CO;LOJAS RIACHUELO SA;939628;RCHLO - APARECIDA DE;33200056044510;APARECIDA DE GOIÂNIA;GO;COMÉRCIO;SUDESTE;01/10/2020;15;CELG;0.16;45.9655;0.0;45.9655
202412;47620;GOIAS PACK CL 514;GOIASPACK INDUSTRIA E COMERCIO LTDA;939730;GOIAS PACK;05604243000152;ANÁPOLIS;GO;MANUFATURADOS DIVERSOS;SUDESTE;01/10/2020;15;CELG;0.5;51.806568;0.0;51.806568
202412;99292;COMIGO-MATRIZ LIVRE;COOPERATIVA AGROINDUSTRIAL DOS PRODUTORES RURAIS DO SUDOESTE GOIANO;940398;COM- MONTES CLAROS;02077618004253;MONTES CLAROS DE GOIÁS;GO;SERVIÇOS;SUDESTE;01/12/2020;15;CELG;1.2;41.578903;0.0;41.578903
202412;95859;SUPERMERCADO PRO BRASIL;SUPERMERCADO PRO BRASIL LTDA;941375;SUPERMERCADO PRO BRA;37629995000164;GOIÂNIA;GO;COMÉRCIO;SUDESTE;01/01/2021;15;CELG;0.165;85.210554;0.0;85.210554
202412;89866;CARAMURU ARMAZENS GO;CARAMURU ALIMENTOS  S/A;941362;CARAMURU ARMAZENS PO;00080671004105;PORTELÂNDIA;GO;SERVIÇOS;SUDESTE;01/01/2021;15;CELG;0.38;9.399645;0.0;9.399645
202412;99081;COMIVA;COOPERATIVA MISTA AGROPECUARIA DO VALE DO ARAGUAIA;941900;COMIVA MINEIROS;01167501000715;MINEIROS;GO;SERVIÇOS;SUDESTE;01/01/2021;15;CELG;0.26;5.035341;0.0;5.035341
202412;99234;COAPIL;COOPERATIVA AGROPECUARIA MISTA DE PIRACANJUBA - COAPIL;942365;COAPIL;02447928000144;PIRACANJUBA;GO;COMÉRCIO;SUDESTE;01/02/2021;15;CELG;0.8;37.889177;0.0;37.889177
202412;23471;CORUMBA III UC;CONSORCIO EMPREENDEDOR CORUMBA III;945120;CORUMBA III UC;08466520000104;LUZIÂNIA;GO;SERVIÇOS;SUDESTE;01/06/2021;15;CELG;0.5;16.361934;0.0;16.361934
202412;99239;MILHAO LIVRE;MILHAO INDUSTRIA E COMERCIO DE INGREDIENTES E CEREAIS S.A.;945294;MILHAO 34,5;08647384000140;GOIÂNIA;GO;ALIMENTÍCIOS;SUDESTE;01/07/2021;15;CELG;3.5;1128.749389;0.0;1128.749389
202412;3124;SANTANDER EI;BANCO SANTANDER (BRASIL) S.A.;945484;001-3348 - GOIANIA-A;90400888000142;GOIÂNIA;GO;SERVIÇOS;SUDESTE;01/07/2021;15;CELG;0.081;21.153935;0.0;21.153935
202412;3124;SANTANDER EI;BANCO SANTANDER (BRASIL) S.A.;946270;001-1223 - SET BELA;90400888000142;GOIÂNIA;GO;SERVIÇOS;SUDESTE;01/08/2021;15;CELG;0.062;9.650708;0.0;9.650708
202412;84391;MARISA SE I5;MARISA LOJAS S.A.;947579;MLJ680_CAPUAVA;61189288032544;GOIÂNIA;GO;COMÉRCIO;SUDESTE;01/10/2021;15;CELG;0.18;30.105809;0.0;30.105809
202412;98167;ABL ENERGIA;FMC ENERGIA LTDA;948046;BUENA VISTA;35585168000190;GOIÂNIA;GO;SERVIÇOS;SUDESTE;01/11/2021;15;CELG;0.3;78.308617;0.0;78.308617
202412;72861;HERING EI SE;CIA. HERING;948148;HERING GOIANÉSIA;78876950005483;GOIANÉSIA;GO;TÊXTEIS;SUDESTE;01/11/2021;15;CELG;0.33;59.801183;0.0;59.801183
202412;48322;AGROMASS CL 514;AGROMASS BRASIL - IMPORTACAO E EXPORTACAO LTDA;948383;AGROMASS;06274095000207;CATALÃO;GO;ALIMENTÍCIOS;SUDESTE;01/11/2021;15;CELG;0.5;152.356364;0.0;152.356364
202412;68098;FACULDADES ALFA;CENTRO EDUCACIONAL ALVES FARIA LTDA.;948732;FACULDADES ALFA - BU;02850990000344;GOIÂNIA;GO;SERVIÇOS;SUDESTE;01/12/2021;15;CELG;0.14;14.419715;0.0;14.419715
202412;90524;C CE SUPERMERCADOS CAMPEAO;CABRAL E MAIA LTDA;948716;CAMPEÃO LJ 05 - UC 1;37630118000103;RIO VERDE;GO;COMÉRCIO;SUDESTE;01/12/2021;15;CELG;0.03;36.671904;0.0;36.671904
202412;26879;ICO METAIS;EDSON LUCCA LTDA;948966;ICO METAIS UC 401800;14094415000186;TRINDADE;GO;MANUFATURADOS DIVERSOS;SUDESTE;01/12/2021;15;CELG;0.2;8.73078;0.0;8.73078
202412;4574;BRASIL TELE SE;OI S.A. - EM RECUPERACAO JUDICIAL;950252;UC 500027006 - SÃO L;76535764032851;SÃO LUÍS DE MONTES BELOS;GO;TELECOMUNICAÇÕES;SUDESTE;01/02/2022;15;CELG;0.057;33.032433;0.0;33.032433
202412;48657;SANEAGO LIVRE;SANEAMENTO DE GOIAS S/A;951019;EEAB ETA e EEAT - Ja;01616929000102;JATAÍ;GO;SANEAMENTO;SUDESTE;01/03/2022;15;CELG;0.693;465.885044;0.0;465.885044
202412;93905;COMIGO-MATRIZ ESPECIAL;COOPERATIVA AGROINDUSTRIAL DOS PRODUTORES RURAIS DO SUDOESTE GOIANO;951473;COMIGO LOJA JATAI;02077618002390;JATAÍ;GO;COMÉRCIO;SUDESTE;01/04/2022;15;CELG;0.115;24.166776;0.0;24.166776
202412;38106;PEVE FOODS;PEVE FOODS LTDA;952632;PEVE FOODS;20500092000429;MINEIROS;GO;COMÉRCIO;SUDESTE;01/06/2022;15;CELG;0.5;162.300951;0.0;162.300951
202412;37878;BRK GO;BRK AMBIENTAL - GOIAS S.A.;954608;BRK GO - EEE ALMEIDA;18123402000149;APARECIDA DE GOIÂNIA;GO;SANEAMENTO;SUDESTE;01/08/2022;15;CELG;0.14;40.786179;0.0;40.786179
202412;37878;BRK GO;BRK AMBIENTAL - GOIAS S.A.;954532;BRK GO - ETE CHAPADI;18123402000300;RIO VERDE;GO;SANEAMENTO;SUDESTE;01/08/2022;15;CELG;0.112;109.109719;0.0;109.109719
202412;100507;WMS SUPERCL 514 23;WMS SUPERMERCADOS DO BRASIL LTDA.;954894;WMS SUPER - LJ 936;93209765058700;GOIÂNIA;GO;COMÉRCIO;SUDESTE;01/09/2022;15;CELG;0.65;238.141677;0.0;238.141677
202412;24882;ATACADAO DIA A DIA 002;ATACADAO DIA A DIA S.A;955649;DIA A DIA - NOVO GA;17457404001507;NOVO GAMA;GO;COMÉRCIO;SUDESTE;01/10/2022;15;CELG;0.3;152.240655;0.0;152.240655
202412;71101;BURGER KING SE I1;ZAMP S.A.;955828;BK - SHOPPING CERRA;13574594064160;GOIÂNIA;GO;ALIMENTÍCIOS;SUDESTE;01/10/2022;15;CELG;0.056;14.826273;0.0;14.826273
202412;95859;SUPERMERCADO PRO BRASIL;SUPERMERCADO PRO BRASIL LTDA;955798;SUPERMERCADO CELINA;37629995000164;GOIÂNIA;GO;COMÉRCIO;SUDESTE;01/10/2022;15;CELG;0.1;54.99836;0.0;54.99836
202412;39756;SANTA CRUZ;DISTRIBUIDORA DE MEDICAMENTOS SANTA CRUZ LTDA;956720;Santa GO;61940292005287;ANÁPOLIS;GO;COMÉRCIO;SUDESTE;01/11/2022;15;CELG;0.17;84.021919;0.0;84.021919
202412;60443;VIAVAREJO;GRUPO CASAS BAHIA S.A.;957732;Filial 1698 - INHUMA;33041260135922;INHUMAS;GO;COMÉRCIO;SUDESTE;01/01/2023;15;CELG;0.03;7.333596;0.0;7.333596
202412;42300;TAC GOIANIA - LIVRE;TAC LOGISTICA LTDA;958438;TAC GOIANIA - UC 100;01456021000340;APARECIDA DE GOIÂNIA;GO;TRANSPORTE;SUDESTE;01/01/2023;15;CELG;0.5;159.663193;0.0;159.663193
202412;48657;SANEAGO LIVRE;SANEAMENTO DE GOIAS S/A;959437;SANEAGO - EEAT Ipira;01616929000102;GOIÂNIA;GO;SANEAMENTO;SUDESTE;01/03/2023;15;CELG;0.585;212.029066;0.0;212.029066
202412;48657;SANEAGO LIVRE;SANEAMENTO DE GOIAS S/A;959429;SANEAGO - EEAT Vila;01616929000102;GOIÂNIA;GO;SANEAMENTO;SUDESTE;01/03/2023;15;CELG;1.105;514.782299;0.0;514.782299
202412;76968;ACCORINVEST;HOTELARIA ALBA S.A.;959504;H3670 - HOTEL IBIS G;02419765002482;GOIÂNIA;GO;SERVIÇOS;SUDESTE;01/03/2023;15;CELG;0.12;46.686825;0.0;46.686825
202412;30493;SANEAGO;SANEAMENTO DE GOIAS S/A;959506;SANEAGO - ETE - Água;01616929000102;;GO;SANEAMENTO;SUDESTE;01/03/2023;15;CELG;0.37;241.239236;0.0;241.239236
202412;39176;CENCOSUD BRASIL 104 SE;CENCOSUD BRASIL COMERCIAL S.A.;959934;CENCOSUD LOJA 545;39346861022998;GOIÂNIA;GO;COMÉRCIO;SUDESTE;01/04/2023;15;CELG;0.2;90.19516;0.0;90.19516
202412;39176;CENCOSUD BRASIL 104 SE;CENCOSUD BRASIL COMERCIAL S.A.;959969;CENCOSUD LOJA 619;39346861024931;GOIÂNIA;GO;COMÉRCIO;SUDESTE;01/04/2023;15;CELG;0.221;94.99552;0.0;94.99552
202412;39176;CENCOSUD BRASIL 104 SE;CENCOSUD BRASIL COMERCIAL S.A.;959973;CENCOSUD LOJA 662;39346861037405;SENADOR CANEDO;GO;COMÉRCIO;SUDESTE;01/04/2023;15;CELG;0.261;86.489904;0.0;86.489904
202412;26570;BR SE;VIBRA ENERGIA S.A;960851;BEGON - UC 11550144;34274233030605;GOIÂNIA;GO;COMÉRCIO;SUDESTE;01/05/2023;15;CELG;0.3;82.83853;0.0;82.83853
202412;100962;ITAU AMR I5 SE;ITAU UNIBANCO S.A.;961159;656_GOIANIA-SETOR OE;60701190000104;GOIÂNIA;GO;SERVIÇOS;SUDESTE;01/05/2023;15;CELG;0.1;20.71827;0.0;20.71827
202412;49676;AGROVALE;COOPERATIVA MISTA DOS PRODUTORES RURAIS DO VALE DO PARANAIBA LTDA;961250;AGROVALE - 80149200;02233732000157;QUIRINÓPOLIS;GO;ALIMENTÍCIOS;SUDESTE;01/05/2023;15;CELG;0.125;95.931925;0.0;95.931925
202412;56280;AHL PULP;AHL PULP INDUSTRIA DE ALIMENTOS S.A.;961393;AHL PULP;36935354000175;VIANÓPOLIS;GO;ALIMENTÍCIOS;SUDESTE;01/05/2023;15;CELG;1.5;18.568845;0.0;18.568845
202412;104619;CRD DIAGNOSTICOS CL 514;CRD - CENTRO DE RECURSOS DIAGNOSTICOS LTDA;961079;CRD - 10006114820;01586380000150;GOIÂNIA;GO;SERVIÇOS;SUDESTE;01/05/2023;15;CELG;0.3;88.437648;0.0;88.437648
202412;43512;CCR AEROPORTOS CENTRAL;CONCESSIONARIA DO BLOCO CENTRAL S.A.;961692;Goiânia I;42206269000179;GOIÂNIA;GO;SERVIÇOS;SUDESTE;01/06/2023;15;CELG;1.4;631.464243;0.0;631.464243
202412;52403;REDE LUCAS;REDE LUCAS DE SUPERMERCADOS LTDA;962092;REDE LUCAS LOJA 10 (;06894782001027;ITUMBIARA;GO;COMÉRCIO;SUDESTE;01/06/2023;15;CELG;0.058;37.690338;0.0;37.690338
202412;105942;PEROLA ESPECIAL;PEROLA DISTRIBUICAO E LOGISTICA S/A;962017;AV BRASIL;06204131000177;ANÁPOLIS;GO;COMÉRCIO;SUDESTE;01/07/2023;15;CELG;0.3;11.394777;0.0;11.394777
202412;105942;PEROLA ESPECIAL;PEROLA DISTRIBUICAO E LOGISTICA S/A;962163;BR 060;06204131000177;ANÁPOLIS;GO;COMÉRCIO;SUDESTE;01/07/2023;15;CELG;0.3;33.796669;0.0;33.796669
202412;100962;ITAU AMR I5 SE;ITAU UNIBANCO S.A.;962203;4378 -GOIANIA PC DO;60701190204109;GOIÂNIA;GO;SERVIÇOS;SUDESTE;01/07/2023;15;CELG;0.06;0.025551;0.0;0.025551
202412;1477;ASSAI ATACADISTA;SENDAS DISTRIBUIDORA S/A;962456;ASSAI - SE/CO - 105;06057223000171;GOIÂNIA;GO;COMÉRCIO;SUDESTE;01/07/2023;15;CELG;0.62;269.071064;0.0;269.071064
202412;25518;B2W CE;AMERICANAS S.A - EM RECUPERACAO JUDICIAL;964469;AMER 217;00776574168332;GOIÂNIA;GO;COMÉRCIO;SUDESTE;01/09/2023;15;CELG;0.082;18.350551;0.0;18.350551
202412;25518;B2W CE;AMERICANAS S.A - EM RECUPERACAO JUDICIAL;964448;AMER 1085;00776574168766;GOIÂNIA;GO;COMÉRCIO;SUDESTE;01/09/2023;15;CELG;0.065;13.052706;0.0;13.052706
202412;4574;BRASIL TELE SE;OI S.A. - EM RECUPERACAO JUDICIAL;964794;ID UC 19050 - UC 133;76535764032851;APARECIDA DE GOIÂNIA;GO;TELECOMUNICAÇÕES;SUDESTE;01/09/2023;15;CELG;0.064;24.431333;0.0;24.431333
202412;25518;B2W CE;AMERICANAS S.A - EM RECUPERACAO JUDICIAL;964870;AMER 451;00776574169304;LUZIÂNIA;GO;COMÉRCIO;SUDESTE;01/09/2023;15;CELG;0.09;11.282324;0.0;11.282324
202412;25518;B2W CE;AMERICANAS S.A - EM RECUPERACAO JUDICIAL;964822;AMER 1359;00776574017121;JATAÍ;GO;COMÉRCIO;SUDESTE;01/09/2023;15;CELG;0.06;8.621486;0.0;8.621486
202412;25518;B2W CE;AMERICANAS S.A - EM RECUPERACAO JUDICIAL;964875;AMER 1192;00776574157802;SENADOR CANEDO;GO;COMÉRCIO;SUDESTE;01/09/2023;15;CELG;0.095;20.859128;0.0;20.859128
202412;3846;BRASIL TELECOM;OI S.A. - EM RECUPERACAO JUDICIAL;965860;ID UC 19580 - UC 199;76535764032851;CATALÃO;GO;TELECOMUNICAÇÕES;SUDESTE;01/10/2023;15;CELG;0.069;36.018706;0.0;36.018706
202412;101281;BARAO SUPERMERCADOS;BARAO ESPECIALIDADES & DISTRIBUIDORA DE ALIMENTOS SA;965894;Barao Supermerc LJ15;28790260000127;GOIÂNIA;GO;COMÉRCIO;SUDESTE;01/10/2023;15;CELG;0.16;64.888235;0.0;64.888235
202412;113077;VETOQUINOL 260;VETOQUINOL SAUDE ANIMAL LTDA.;966069;VETOQUINOL UC 260;60528742000388;APARECIDA DE GOIÂNIA;GO;MANUFATURADOS DIVERSOS;SUDESTE;01/10/2023;15;CELG;0.44;98.584704;0.0;98.584704
202412;60443;VIAVAREJO;GRUPO CASAS BAHIA S.A.;966441;1313 - VALPARAÍSO DE;33041260109689;VALPARAÍSO DE GOIÁS;GO;COMÉRCIO;SUDESTE;01/11/2023;15;CELG;0.075;11.390692;0.0;11.390692
202412;104619;CRD DIAGNOSTICOS CL 514;CRD - CENTRO DE RECURSOS DIAGNOSTICOS LTDA;966471;RD SOLUCOES LTDA,;22504519000140;GOIÂNIA;GO;SERVIÇOS;SUDESTE;01/11/2023;15;CELG;0.07;58.126933;0.0;58.126933
202412;60443;VIAVAREJO;GRUPO CASAS BAHIA S.A.;966462;Filial 1805 - SENADO;33041260151375;SENADOR CANEDO;GO;COMÉRCIO;SUDESTE;01/11/2023;15;CELG;0.065;12.331502;0.0;12.331502
202412;100962;ITAU AMR I5 SE;ITAU UNIBANCO S.A.;966664;4347_PORANGATU-GO (U;60701190199342;PORANGATU;GO;SERVIÇOS;SUDESTE;01/11/2023;15;CELG;0.075;12.401526;0.0;12.401526
202412;96268;DEZ ALIMENTOS;DEZ ALIMENTOS LTDA;966696;Dez Alimentos 100009;04945225000171;MORRINHOS;GO;ALIMENTÍCIOS;SUDESTE;01/11/2023;15;CELG;0.105;2.323533;0.0;2.323533
202412;96268;DEZ ALIMENTOS;DEZ ALIMENTOS LTDA;967479;DEZ ALIMENTOS 100140;04945225000171;MORRINHOS;GO;ALIMENTÍCIOS;SUDESTE;01/12/2023;15;CELG;0.295;2.893449;0.0;2.893449
202412;163300;SLC AGRICOLA ELE;SLC AGRICOLA S.A.;967409;SLC PAMPLONA UBS SED;89096457000155;LUZIÂNIA;GO;ALIMENTÍCIOS;SUDESTE;01/12/2023;15;CELG;0.2;1.395486;0.0;1.395486
202412;112544;CM DE OLIVEIRA ESPECIAL;CM DE OLIVEIRA LTDA;970051;Master Agroindustria;13263292000105;GOIÂNIA;GO;ALIMENTÍCIOS;SUDESTE;01/01/2024;15;CELG;0.3;123.324156;0.0;123.324156
202412;114772;DB DIAGNOSTICOS GOIANIA;DB GOIANIA - DIAGNOSTICOS E ANALISES CLINICAS LTDA;970192;DB DIAGNOSTICOS GO -;43272843000150;APARECIDA DE GOIÂNIA;GO;SERVIÇOS;SUDESTE;01/01/2024;15;CELG;0.5;136.159318;0.0;136.159318
202412;112799;RUMO SAO SIMAO;TERMINAL SAO SIMAO S.A;970743;Terminal São Simão -;37227676000122;SÃO SIMÃO;GO;SERVIÇOS;SUDESTE;01/01/2024;15;CELG;1.107;127.790682;0.0;127.790682
202412;99292;COMIGO-MATRIZ LIVRE;COOPERATIVA AGROINDUSTRIAL DOS PRODUTORES RURAIS DO SUDOESTE GOIANO;971350;Comigo Mineiros;02077618006540;MINEIROS;GO;COMÉRCIO;SUDESTE;01/02/2024;15;CELG;1.2;45.42441;0.0;45.42441
202412;100962;ITAU AMR I5 SE;ITAU UNIBANCO S.A.;973846;869_GOIANIA-AV INDEP;60701190067608;GOIÂNIA;GO;SERVIÇOS;SUDESTE;01/03/2024;15;CELG;0.06;9.12466;0.0;9.12466
202412;101529;SMART FIT - SUDESTE;SMARTFIT ESCOLA DE GINASTICA E DANCA S.A;975038;GOCSTS1 - 1003278891;07594978040471;GOIÂNIA;GO;SERVIÇOS;SUDESTE;01/04/2024;15;CELG;0.03;24.939717;0.0;24.939717
202412;30493;SANEAGO;SANEAMENTO DE GOIAS S/A;977460;SANEAGO - UC 6400135;01616929000102;URUAÇU;GO;SANEAMENTO;SUDESTE;01/05/2024;15;CELG;0.295;164.380312;0.0;164.380312
202412;30493;SANEAGO;SANEAMENTO DE GOIAS S/A;977812;SANEAGO - UC 2960089;01616929000102;PLANALTINA;GO;SANEAMENTO;SUDESTE;01/05/2024;15;CELG;0.546;366.943132;0.0;366.943132
202412;30493;SANEAGO;SANEAMENTO DE GOIAS S/A;978183;SANEAGO - UC 2040332;01616929000102;ANÁPOLIS;GO;SANEAMENTO;SUDESTE;01/05/2024;15;CELG;0.3;82.377592;0.0;82.377592
202412;30493;SANEAGO;SANEAMENTO DE GOIAS S/A;979197;SANEAGO - UC 3002477;01616929000102;INHUMAS;GO;SANEAMENTO;SUDESTE;01/06/2024;15;CELG;0.224;112.516954;0.0;112.516954
202412;30493;SANEAGO;SANEAMENTO DE GOIAS S/A;981368;SANEAGO - UC 1060003;01616929000102;CRISTALINA;GO;SANEAMENTO;SUDESTE;01/07/2024;15;CELG;0.177;142.78538;0.0;142.78538
202412;64298;BURGER KING;ZAMP S.A.;989965;BK FS VALPARAISO DE;13574594135954;VALPARAÍSO DE GOIÁS;GO;ALIMENTÍCIOS;SUDESTE;01/10/2024;15;CELG;0.09;29.082066;0.0;29.082066
202412;93905;COMIGO-MATRIZ ESPECIAL;COOPERATIVA AGROINDUSTRIAL DOS PRODUTORES RURAIS DO SUDOESTE GOIANO;990027;COMIGO INS. RIO VERD;02077618005578;RIO VERDE;GO;COMÉRCIO;SUDESTE;01/10/2024;15;CELG;0.03;4.097822;0.0;4.097822
202412;93905;COMIGO-MATRIZ ESPECIAL;COOPERATIVA AGROINDUSTRIAL DOS PRODUTORES RURAIS DO SUDOESTE GOIANO;990441;COMIGO FIRMINOPOLIS;02077618000185;FIRMINÓPOLIS;GO;COMÉRCIO;SUDESTE;01/10/2024;15;CELG;0.06;17.417732;0.0;17.417732
202412;5716;TELEFONICA SE;TELEFONICA BRASIL S.A.;994789;TELEFONICA (10011420;02558157002297;GOIÂNIA;GO;TELECOMUNICAÇÕES;SUDESTE;01/12/2024;15;CELG;0.3;215.233016;0.0;215.233016
202412;4496;COG-CPLEMGO;COOPERATIVA MISTA DOS PRODUTORES DE LEITE DE MORRINHOS;994830;COMPLEM APARECIDA DE;02667442000979;APARECIDA DE GOIÂNIA;GO;COMÉRCIO;SUDESTE;01/12/2024;15;CELG;0.03;8.061791;0.0;8.061791
202412;74006;ANHANGUERA ESP;ANHANGUERA EDUCACIONAL PARTICIPACOES S/A;995456;1110 - Anápolis_VET;04310392006420;ANÁPOLIS;GO;SERVIÇOS;SUDESTE;01/12/2024;15;CELG;0.03;2.613328;0.0;2.613328
202412;83042;CARGILL PGA SE;CARGILL AGRICOLA S A;995593;CARGILL - VIANOPOLIS;60498706010209;VIANÓPOLIS;GO;ALIMENTÍCIOS;SUDESTE;01/12/2024;15;CELG;0.22;8.163025;0.0;8.163025
202412;1124;CARAMURU;CARAMURU ALIMENTOS  S/A;7503;CARAMURU-ITUMBIARA;00080671000100;ITUMBIARA;GO;ALIMENTÍCIOS;SUDESTE;01/01/2005;15;CELG;8.0;4114.562203;0.0;4114.562203
202412;60820;ANGLO NIQUEL MINAS;ANGLO AMERICAN NIQUEL BRASIL LTDA;7098;ANGLO AMERICAN (CODE;42184226001705;NIQUELÂNDIA;GO;METALURGIA E PRODUTOS DE METAL;SUDESTE;01/01/2004;145323;ELETROBRAS FURNAS;50.0;26616.365694;0.0;26616.365694
202412;15;CELG;EQUATORIAL GOIAS DISTRIBUIDORA DE ENERGIA S/A;70695;CELG DITC CEMAT-CELG;01543032000104;GOIÂNIA;GO;;SUDESTE;01/04/2009;;;354.0;9032.007204;0.0;9032.007204
202412;57735;SOFTYS - ANAPOLIS CL;SOFTYS BRASIL LTDA.;899648;CARTA GOIAS ANAPOLIS;44145845003409;ANÁPOLIS;GO;MADEIRA, PAPEL E CELULOSE;SUDESTE;01/06/2016;15;CELG;11.7;5668.241342;0.0;5668.241342
202412;51696;BRF 1117 APARECIDA GOIANIA CL;BRF S.A.;900518;BRF APARECIDA GOIANI;01838723030891;APARECIDA DE GOIÂNIA;GO;COMÉRCIO;SUDESTE;01/07/2016;15;CELG;0.9;409.496074;0.0;409.496074
202412;98422;VIDEPLAST INDUSTRIA CL 514;VIDEPLAST INDUSTRIA DE EMBALAGENS LTDA;901277;VIDEPLAST RIO VERDE;79687588000587;RIO VERDE;GO;MANUFATURADOS DIVERSOS;SUDESTE;01/07/2016;15;CELG;1.5;831.593244;0.0;831.593244
202412;99631;CREME MEL CL;SORVETERIA CREME MEL S.A - EM RECUPERACAO JUDICIAL;901514;SORVETERIA CREME MEL;03857539000150;GOIÂNIA;GO;ALIMENTÍCIOS;SUDESTE;01/07/2016;15;CELG;0.5;14.839955;0.0;14.839955
202412;64000;TV ANHANGUERA;TELEVISAO ANHANGUERA S/A;908190;TV ANHANGUERA SERRIN;01534510000101;GOIÂNIA;GO;TELECOMUNICAÇÕES;SUDESTE;01/03/2017;15;CELG;0.65;192.140113;0.0;192.140113
202412;32633;JARDIM GOIAS CL 514 2022;JARDIM GOIAS EMPREENDIMENTOS LTDA;908500;JARDIM GO FLAMBOYANT;02103836000147;GOIÂNIA;GO;SERVIÇOS;SUDESTE;01/04/2017;15;CELG;0.66;323.406957;0.0;323.406957
202412;66348;CHESP DIST;COMPANHIA HIDROELETRICA SAO PATRICIO - CHESP;909900;CHESP;01377555000110;CERES;GO;;SUDESTE;01/08/2017;;;24.396;11260.658806;0.0;11260.658806
202412;32180;ACOFERGO CL 514;ACOFERGO TUBOS E PERFILADOS LTDA;909111;ACOFERGO;06881776000144;ITUMBIARA;GO;METALURGIA E PRODUTOS DE METAL;SUDESTE;01/06/2017;15;CELG;1.3;130.682663;0.0;130.682663
202412;24153;JBS FRIBOI CL 24;JBS S/A;910847;JBS - GOIANIA - GO;02916265000593;GOIÂNIA;GO;ALIMENTÍCIOS;SUDESTE;01/11/2017;15;CELG;4.0;1418.339156;0.0;1418.339156
202412;1477;ASSAI ATACADISTA;SENDAS DISTRIBUIDORA S/A;910631;CBD EX GOIANIA-1354;06057223054344;GOIÂNIA;GO;COMÉRCIO;SUDESTE;01/10/2017;15;CELG;1.15;435.219856;0.0;435.219856
202412;46134;GOIAS CAIXAS CL 514;GOIAS CAIXAS E EMBALAGENS LTDA;921891;Goiás Caixas e Embal;10436296000141;SENADOR CANEDO;GO;MANUFATURADOS DIVERSOS;SUDESTE;01/01/2019;15;CELG;0.5;126.656258;0.0;126.656258
202412;84706;TIM SA EI SE CO;TIM S A;912862;TIM GIOANIA;02421421023910;APARECIDA DE GOIÂNIA;GO;TELECOMUNICAÇÕES;SUDESTE;01/03/2018;15;CELG;0.25;221.851954;0.0;221.851954
202412;84857;CENCOSUD BRASIL 018;CENCOSUD BRASIL COMERCIAL S.A.;923391;Loja 655;39346861024001;MINEIROS;GO;COMÉRCIO;SUDESTE;01/04/2019;15;CELG;0.223;62.341306;0.0;62.341306
202412;84857;CENCOSUD BRASIL 018;CENCOSUD BRASIL COMERCIAL S.A.;923390;Loja 634;39346861025407;JATAÍ;GO;COMÉRCIO;SUDESTE;01/04/2019;15;CELG;0.283;79.936385;0.0;79.936385
202412;84856;CENCOSUD BRASIL 016;CENCOSUD BRASIL COMERCIAL S.A.;923376;Loja 524;39346861022300;RIO VERDE;GO;COMÉRCIO;SUDESTE;01/04/2019;15;CELG;0.33;113.269475;0.0;113.269475
202412;44889;ALL NUTRI CL 514;ALL NUTRI ALIMENTOS LTDA;904104;ALL NUTRI ALIMENTOS;05965693000170;APARECIDA DE GOIÂNIA;GO;ALIMENTÍCIOS;SUDESTE;01/09/2016;15;CELG;1.1;167.33156;0.0;167.33156
202412;103188;HOLCIM - COCALZINHO (ACOY);CSN CIMENTOS BRASIL S.A.;914952;HOLCIM ( LAFARGE );60869336022781;COCALZINHO DE GOIÁS;GO;MINERAIS NÃO-METÁLICOS;SUDESTE;01/07/2018;15;CELG;3.0;1605.660322;0.0;1605.660322
202412;44398;UTE CEM M SE CL;CENTRAL ENERGETICA MORRINHOS SA;915106;CEM MORRINHOS;07130855000186;MORRINHOS;GO;MINERAIS NÃO-METÁLICOS;SUDESTE;01/07/2018;15;CELG;0.6;177.56646;0.0;177.56646
202412;45925;PLENA GO CL 514;PLENA ALIMENTOS S/A;917411;PLENA ALIMENTOS LTDA;10198974000851;PORANGATU;GO;ALIMENTÍCIOS;SUDESTE;01/08/2018;15;CELG;0.7;218.5644;0.0;218.5644
202412;60788;UTEPORTODAGUAS CL;CERRADINHO BIOENERGIA S.A.;897886;PORTO AGUAS CONSUMO;08322396000103;CHAPADÃO DO CÉU;GO;MINERAIS NÃO-METÁLICOS;SUDESTE;01/02/2016;4144;LTI;8.0;64.467686;0.0;64.467686
202412;3999;C&A MODAS;C&A MODAS S.A.;906409;C&A MODAS GBU705;45242914013266;APARECIDA DE GOIÂNIA;GO;COMÉRCIO;SUDESTE;01/12/2016;15;CELG;0.202;55.793049;0.0;55.793049
202412;100507;WMS SUPERCL 514 23;WMS SUPERMERCADOS DO BRASIL LTDA.;907766;WMS SUPER - LJ 903;93209765057062;ANÁPOLIS;GO;COMÉRCIO;SUDESTE;01/02/2017;15;CELG;0.63;244.026939;0.0;244.026939
202412;99347;OUTLET BRASILIA CL 514;CONDOMINIO CIVIL VOLUNTARIO OUTLET PREMIUM BRASILIA;904826;OUTLET BRASILIA;16418101000117;ALEXÂNIA;GO;SERVIÇOS;SUDESTE;01/10/2016;15;CELG;1.9;655.839865;0.0;655.839865
202412;82846;RIACHUELO LT 1 SE/CO;LOJAS RIACHUELO SA;926043;RCHLO LOJA 226;33200056022975;GOIÂNIA;GO;COMÉRCIO;SUDESTE;01/09/2019;15;CELG;0.26;60.888119;0.0;60.888119
202412;87052;CRISTAL ALIMENTOS CL;CRISTAL ALIMENTOS LTDA;929963;CRISTAL ALIMENTOS;02709992000156;APARECIDA DE GOIÂNIA;GO;ALIMENTÍCIOS;SUDESTE;01/10/2019;15;CELG;4.7;1646.25551;0.0;1646.25551
202412;86702;METALFORTE;METALFORTE INDUSTRIA METALURGICA LTDA;931718;METALFORTE FILIAL;02109049000617;APARECIDA DE GOIÂNIA;GO;METALURGIA E PRODUTOS DE METAL;SUDESTE;01/11/2019;15;CELG;0.58;115.417405;0.0;115.417405
202412;82602;STORE;SAS COMERCIO DE SECOS E MOLHADOS LTDA;932345;STORE NAPOLI - UC 16;12279637000148;GOIÂNIA;GO;COMÉRCIO;SUDESTE;01/12/2019;15;CELG;0.285;75.481963;0.0;75.481963
202412;98922;CARREFOUR SE2 CL;CARREFOUR COMERCIO E INDUSTRIA LTDA;904718;CARREFOUR GSD;45543915027896;GOIÂNIA;GO;COMÉRCIO;SUDESTE;01/10/2016;15;CELG;0.85;337.591609;0.0;337.591609
202412;88208;SUPERVI;SUPERVI DISTRIBUIDOR DE ALIMENTOS LTDA;933952;LOJA 12 - JK NOVA CA;07503617001221;ANÁPOLIS;GO;COMÉRCIO;SUDESTE;01/02/2020;15;CELG;0.075;31.619863;0.0;31.619863
202412;88208;SUPERVI;SUPERVI DISTRIBUIDOR DE ALIMENTOS LTDA;933953;LOJA 14 - SENADOR CA;07503617001493;SENADOR CANEDO;GO;COMÉRCIO;SUDESTE;01/02/2020;15;CELG;0.1;31.265197;0.0;31.265197
202412;82846;RIACHUELO LT 1 SE/CO;LOJAS RIACHUELO SA;933993;RCHLO LOJA 260;33200056037069;RIO VERDE;GO;COMÉRCIO;SUDESTE;01/02/2020;15;CELG;0.13;31.114076;0.0;31.114076
202412;31148;KERRY BRASIL CL 514;KERRY DO BRASIL LTDA;935455;KERRY (RIALMA);02332686001468;RIALMA;GO;ALIMENTÍCIOS;SUDESTE;01/04/2020;66348;CHESP DIST;0.7;368.119017;0.0;368.119017
202412;31562;OLFAR MATRIZ CL;OLFAR S/A - ALIMENTO E ENERGIA;935889;OLFAR PORANGATU - UC;91830836006452;PORANGATU;GO;MINERAIS NÃO-METÁLICOS;SUDESTE;01/04/2020;15;CELG;1.2;990.329832;0.0;990.329832
202412;89130;KTH;KTH INDUSTRIA E COMERCIO LTDA;936307;KTH INDUSTRIA E COME;06234050000110;APARECIDA DE GOIÂNIA;GO;MANUFATURADOS DIVERSOS;SUDESTE;01/05/2020;15;CELG;0.12;11.48228;0.0;11.48228
202412;89130;KTH;KTH INDUSTRIA E COMERCIO LTDA;936329;KTH INDUSTRIA E COME;06234050000110;APARECIDA DE GOIÂNIA;GO;MANUFATURADOS DIVERSOS;SUDESTE;01/05/2020;15;CELG;0.381;44.958938;0.0;44.958938
202412;32135;PIRECAL PIRENOPOLIS CL 514;PIRECAL PIRENOPOLIS CALCARIO LTDA;936425;PIRECAL GUARANI DE G;02787125000210;GUARANI DE GOÍAS;GO;MINERAIS NÃO-METÁLICOS;SUDESTE;01/05/2020;15;CELG;0.795;212.857243;0.0;212.857243
202412;46961;MIBASA CL 514;MIBASA MINERADORA BARRO ALTO LTDA;936426;MIBASA;02840072000504;VILA PROPÍCIO;GO;MINERAIS NÃO-METÁLICOS;SUDESTE;01/05/2020;15;CELG;0.8;116.133226;0.0;116.133226
202412;46713;ANIMA CATALANA CL 514;SOCIEDADE CATALANA DE EDUCACAO LTDA;937043;ANIMA CATALANA;05373130000193;CATALÃO;GO;SERVIÇOS;SUDESTE;01/06/2020;15;CELG;0.5;19.833842;0.0;19.833842
202412;46917;PEDREIRA IZAIRA CL 514;PEDREIRA IZAIRA INDUSTRIA E COMERCIO LTDA;936980;PEDREIRA IZAIRA INDU;01551829000145;APARECIDA DE GOIÂNIA;GO;MINERAIS NÃO-METÁLICOS;SUDESTE;01/06/2020;15;CELG;0.65;117.618745;0.0;117.618745
202412;86666;COMERCIAL REIS;COMERCIAL REIS LTDA;937773;Loja 10;03044201000502;CATALÃO;GO;COMÉRCIO;SUDESTE;01/07/2020;15;CELG;0.16;85.29303;0.0;85.29303
202412;86666;COMERCIAL REIS;COMERCIAL REIS LTDA;937743;Loja 02;03044201000855;GOIATUBA;GO;COMÉRCIO;SUDESTE;01/07/2020;15;CELG;0.09;58.674296;0.0;58.674296
202412;86666;COMERCIAL REIS;COMERCIAL REIS LTDA;937742;COMERCIAL REIS LTDA;03044201000189;ITUMBIARA;GO;COMÉRCIO;SUDESTE;01/07/2020;15;CELG;0.255;153.761861;0.0;153.761861
202412;25518;B2W CE;AMERICANAS S.A - EM RECUPERACAO JUDICIAL;938089;LASA Loja 346;00776574119200;VALPARAÍSO DE GOIÁS;GO;COMÉRCIO;SUDESTE;01/08/2020;15;CELG;0.111;26.532418;0.0;26.532418
202412;90524;C CE SUPERMERCADOS CAMPEAO;CABRAL E MAIA LTDA;938154;CAMPEÃO LJ 04;37630118000103;RIO VERDE;GO;COMÉRCIO;SUDESTE;01/08/2020;15;CELG;0.075;38.078994;0.0;38.078994
202412;156778;JAGUAFRANGOS GO CL;JAGUAFRANGOS INDUSTRIA E COMERCIO DE ALIMENTOS LTDA;938821;JAGUAFRANGOS MATRIZE;85090033002923;PARAÚNA;GO;ALIMENTÍCIOS;SUDESTE;01/09/2020;15;CELG;0.68;110.617288;0.0;110.617288
202412;95026;REMMACK;REMMACK FILMS INDUSTRIA E COMERCIO LTDA;939120;REMMACK;07163516000104;ANÁPOLIS;GO;MANUFATURADOS DIVERSOS;SUDESTE;01/09/2020;15;CELG;0.85;360.275669;0.0;360.275669
202412;69297;LDC BRASIL ITUMBIARA CE SE;LOUIS DREYFUS COMPANY BRASIL S.A.;939630;LDC BRASIL - ARM ITU;47067525018406;ITUMBIARA;GO;ALIMENTÍCIOS;SUDESTE;01/10/2020;15;CELG;0.25;24.09656;0.0;24.09656
202412;96268;DEZ ALIMENTOS;DEZ ALIMENTOS LTDA;939717;DEZ ALIMENTOS LTDA;04945225000171;MORRINHOS;GO;ALIMENTÍCIOS;SUDESTE;01/10/2020;15;CELG;1.245;79.55327;0.0;79.55327
202412;99292;COMIGO-MATRIZ LIVRE;COOPERATIVA AGROINDUSTRIAL DOS PRODUTORES RURAIS DO SUDOESTE GOIANO;939707;COM-MONTIVIDIU;02077618001742;MONTIVIDIU;GO;SERVIÇOS;SUDESTE;01/10/2020;15;CELG;1.7;76.183307;0.0;76.183307
202412;4574;BRASIL TELE SE;OI S.A. - EM RECUPERACAO JUDICIAL;940559;UC 630022045 - Rio V;76535764032851;RIO VERDE;GO;TELECOMUNICAÇÕES;SUDESTE;01/12/2020;15;CELG;0.146;71.670525;0.0;71.670525
202412;93982;SSA NOVA VENEZA L;SAO SALVADOR ALIMENTOS S/A;941332;SSA NOVA VENEZA;03387396002022;NOVA VENEZA;GO;ALIMENTÍCIOS;SUDESTE;01/01/2021;15;CELG;4.0;2320.951543;0.0;2320.951543
202412;89866;CARAMURU ARMAZENS GO;CARAMURU ALIMENTOS  S/A;942150;CARAMURU ARMAZ P V;00080671004016;JATAÍ;GO;SERVIÇOS;SUDESTE;01/02/2021;15;CELG;0.6;24.30139;0.0;24.30139
202412;97332;AGROQUIMA;AGROQUIMA PRODUTOS AGROPECUARIOS LTDA;942344;AGROQUIMA APARECIDA;01626951002420;APARECIDA DE GOIÂNIA;GO;ALIMENTÍCIOS;SUDESTE;01/02/2021;15;CELG;0.38;35.693507;0.0;35.693507
202412;48834;CEREALISTARIOVERMELHOCL514;ALIMENTOS LIDERANCA LTDA;942366;CEREALISTA RIO VERME;02756351000152;GOIÂNIA;GO;ALIMENTÍCIOS;SUDESTE;01/02/2021;15;CELG;0.5;60.832938;0.0;60.832938
202412;92484;MAGAZINE LUIZA - I5;MAGAZINE LUIZA S/A;943013;MAGAZINE L - LJ 295;47960950046890;ITUMBIARA;GO;COMÉRCIO;SUDESTE;01/03/2021;15;CELG;0.065;13.203781;0.0;13.203781
202412;92484;MAGAZINE LUIZA - I5;MAGAZINE LUIZA S/A;943001;MAGAZINE L - LJ 215;47960950022443;RIO VERDE;GO;COMÉRCIO;SUDESTE;01/03/2021;15;CELG;0.07;14.000331;0.0;14.000331
202412;97953;DROGARIA SAO PAULO MATRIZ;DROGARIA SAO PAULO S.A.;943000;DROGARIA SP GOIAS;61412110095350;HIDROLÂNDIA;GO;COMÉRCIO;SUDESTE;01/03/2021;15;CELG;0.32;122.728323;0.0;122.728323
202412;24882;ATACADAO DIA A DIA 002;ATACADAO DIA A DIA S.A;942977;DIA A DIA - CESAR LA;17457404001698;GOIÂNIA;GO;COMÉRCIO;SUDESTE;01/03/2021;15;CELG;0.25;186.656002;0.0;186.656002
202412;99239;MILHAO LIVRE;MILHAO INDUSTRIA E COMERCIO DE INGREDIENTES E CEREAIS S.A.;943012;MILHAO PARQUE MARACA;08647384000140;GOIÂNIA;GO;ALIMENTÍCIOS;SUDESTE;01/03/2021;15;CELG;0.5;41.039694;0.0;41.039694
202412;51354;SEMENTES GOIAS FAZ LAGE CL;SEMENTES GOIAS LTDA;943974;SEMENTES G FAZENDA L;03482332000148;RIO VERDE;GO;ALIMENTÍCIOS;SUDESTE;01/04/2021;15;CELG;0.6;50.458874;0.0;50.458874
202412;1477;ASSAI ATACADISTA;SENDAS DISTRIBUIDORA S/A;944294;SENDAS SE/CO - 916(B;06057223000171;GOIÂNIA;GO;COMÉRCIO;SUDESTE;01/05/2021;15;CELG;0.04;11.835099;0.0;11.835099
202412;99292;COMIGO-MATRIZ LIVRE;COOPERATIVA AGROINDUSTRIAL DOS PRODUTORES RURAIS DO SUDOESTE GOIANO;945475;COM-JATAÍ ARM.;02077618001238;JATAÍ;GO;SERVIÇOS;SUDESTE;01/07/2021;15;CELG;2.0;78.542112;0.0;78.542112
202412;1477;ASSAI ATACADISTA;SENDAS DISTRIBUIDORA S/A;945542;SENDAS SE/CO - 194 (;06057223039205;ANÁPOLIS;GO;COMÉRCIO;SUDESTE;01/07/2021;15;CELG;0.6;250.470591;0.0;250.470591
202412;92091;LOPES VIANDELLI;LOPES VIANDELLI PRODUTOS ALIMENTICIOS LTDA;946251;LOPES V. LOJA 5;26910752000779;NIQUELÂNDIA;GO;COMÉRCIO;SUDESTE;01/08/2021;15;CELG;0.1;38.890965;0.0;38.890965
202412;1477;ASSAI ATACADISTA;SENDAS DISTRIBUIDORA S/A;946247;SENDAS SE/CO - 111 R;06057223037253;RIO VERDE;GO;COMÉRCIO;SUDESTE;01/08/2021;15;CELG;0.62;197.403712;0.0;197.403712
202412;25278;CONSTRUTORA RIOMAX;CONSTRUTORA RIOMAX INDUSTRIA E COMERCIO LTDA;946437;CONSTRUTORA RIOMAX;03543136000136;ANÁPOLIS;GO;SERVIÇOS;SUDESTE;01/08/2021;15;CELG;0.5;58.340039;0.0;58.340039
202412;25105;C CE SUPERMERCADOS CONQUISTA;CENTRO COMERCIAL CONQUISTA LTDA;946482;CONQUISTA SUPER - LJ;02003591000186;RIO VERDE;GO;COMÉRCIO;SUDESTE;01/08/2021;15;CELG;0.1;44.640407;0.0;44.640407
202412;25105;C CE SUPERMERCADOS CONQUISTA;CENTRO COMERCIAL CONQUISTA LTDA;946425;CONQUISTA SUPER  LJ4;02003591000348;RIO VERDE;GO;COMÉRCIO;SUDESTE;01/08/2021;15;CELG;0.15;55.349669;0.0;55.349669
202412;63677;RENNER MATRIZ SUDESTE;LOJAS RENNER S.A.;948162;RNR334_Shop Cerrado;92754738030665;GOIÂNIA;GO;COMÉRCIO;SUDESTE;01/11/2021;15;CELG;0.19;40.479151;0.0;40.479151
202412;48050;OURO VERDE ARMAZENS CL 514;OURO VERDE ARMAZENS GERAIS LTDA;948378;Ouro Verde Armazéns;02064301000104;MONTIVIDIU;GO;SERVIÇOS;SUDESTE;01/11/2021;15;CELG;0.5;9.611259;0.0;9.611259
202412;4574;BRASIL TELE SE;OI S.A. - EM RECUPERACAO JUDICIAL;948786;UC 12347826 - NOVO H;76535764032851;GOIÂNIA;GO;TELECOMUNICAÇÕES;SUDESTE;01/12/2021;15;CELG;0.06;21.975517;0.0;21.975517
202412;34654;ORION BUSINESS CL;ORION BUSINESS & HEALTH COMPLEX;948964;ORION - GOIANIA;29952980000104;GOIÂNIA;GO;SERVIÇOS;SUDESTE;01/12/2021;15;CELG;1.9;903.069764;0.0;903.069764
202412;88208;SUPERVI;SUPERVI DISTRIBUIDOR DE ALIMENTOS LTDA;949693;SUPERVI LOJA 9 - VL;07503617000926;ANÁPOLIS;GO;COMÉRCIO;SUDESTE;01/01/2022;15;CELG;0.065;30.087123;0.0;30.087123
202412;48586;FBM INDUSTRIA CL 514;F.B.M. INDUSTRIA FARMACEUTICA LTDA;950026;FBM INDUSTRIA;02060549000105;ANÁPOLIS;GO;MANUFATURADOS DIVERSOS;SUDESTE;01/01/2022;15;CELG;0.6;37.889204;0.0;37.889204
202412;91024;PETZ;PET CENTER COMERCIO E PARTICIPACOES S.A.;950256;PETZ - FLAMBOYANT -;18328118003477;GOIÂNIA;GO;COMÉRCIO;SUDESTE;01/02/2022;15;CELG;0.12;18.790976;0.0;18.790976
202412;93905;COMIGO-MATRIZ ESPECIAL;COOPERATIVA AGROINDUSTRIAL DOS PRODUTORES RURAIS DO SUDOESTE GOIANO;951437;COM- SAL E LOJA MONT;02077618004415;MONTES CLAROS DE GOIÁS;GO;SERVIÇOS;SUDESTE;01/04/2022;15;CELG;0.276;24.438542;0.0;24.438542
202412;49654;NEWPORT CL 514;NEWPORT LOGISTICA FUNDO DE INVESTIMENTO IMOBILIARIO;954668;UC 10014580550;32527626000147;GOIÂNIA;GO;SERVIÇOS;SUDESTE;01/08/2022;15;CELG;0.76;279.724378;0.0;279.724378
202412;39176;CENCOSUD BRASIL 104 SE;CENCOSUD BRASIL COMERCIAL S.A.;955719;CENCOSUD LOJA 538;39346861022726;GOIÂNIA;GO;COMÉRCIO;SUDESTE;01/10/2022;15;CELG;0.31;41.920839;0.0;41.920839
202412;53490;JBS FRIBOI EI SE 20;JBS S/A;957203;JBS - PORANGATU - UC;02916265007504;PORANGATU;GO;MANUFATURADOS DIVERSOS;SUDESTE;01/12/2022;15;CELG;0.4;154.299267;0.0;154.299267
202412;98461;STORE SERRINHA;G S COMERCIO DE PRODUTOS ALIMENTICIOS LTDA;957276;STORE RIO VERDE;27895447000122;RIO VERDE;GO;COMÉRCIO;SUDESTE;01/12/2022;15;CELG;0.25;106.699196;0.0;106.699196
202412;55052;BONDUELLE CL;BONDUELLE DO BRASIL PRODUTOS ALIMENTICIOS LTDA.;957519;BONDUELLE DO BRASIL;74299660000909;CRISTALINA;GO;ALIMENTÍCIOS;SUDESTE;01/12/2022;15;CELG;0.8;144.709102;0.0;144.709102
202412;51995;GOIAS VERDE CL;GOIAS VERDE ALIMENTOS LTDA;957617;GOIAS VERDE ALIMENTO;24866741000118;LUZIÂNIA;GO;ALIMENTÍCIOS;SUDESTE;01/12/2022;15;CELG;1.7;411.749582;0.0;411.749582
202412;60443;VIAVAREJO;GRUPO CASAS BAHIA S.A.;957693;Filial 1503 - TRINDA;33041260109506;TRINDADE;GO;COMÉRCIO;SUDESTE;01/01/2023;15;CELG;0.09;8.305224;0.0;8.305224
202412;92484;MAGAZINE LUIZA - I5;MAGAZINE LUIZA S/A;958553;MGL1102_GOIÂNIA;47960950114135;GOIÂNIA;GO;COMÉRCIO;SUDESTE;01/02/2023;15;CELG;0.12;21.191133;0.0;21.191133
202412;92484;MAGAZINE LUIZA - I5;MAGAZINE LUIZA S/A;958519;MGL1046_GOIÂNIA;47960950111705;GOIÂNIA;GO;COMÉRCIO;SUDESTE;01/02/2023;15;CELG;0.072;0.721271;0.0;0.721271
202412;48657;SANEAGO LIVRE;SANEAMENTO DE GOIAS S/A;959438;SANEAGO - Captação/E;01616929000102;RIO VERDE;GO;SANEAMENTO;SUDESTE;01/03/2023;15;CELG;0.622;436.196911;0.0;436.196911
202412;30493;SANEAGO;SANEAMENTO DE GOIAS S/A;959516;SANEAGO - EEAB/ETA/E;01616929000102;TRINDADE;GO;SANEAMENTO;SUDESTE;01/03/2023;15;CELG;0.47;217.438733;0.0;217.438733
202412;60806;GEOLAB;GEOLAB INDUSTRIA FARMACEUTICA S/A;960604;GEOLAB P&D - UC 1001;03485572000104;ANÁPOLIS;GO;MANUFATURADOS DIVERSOS;SUDESTE;01/05/2023;15;CELG;0.15;63.644005;0.0;63.644005
202412;39176;CENCOSUD BRASIL 104 SE;CENCOSUD BRASIL COMERCIAL S.A.;960669;CENCOSUD LOJA 575;39346861043138;;GO;COMÉRCIO;SUDESTE;01/05/2023;15;CELG;0.309;68.664949;0.0;68.664949
202412;71101;BURGER KING SE I1;ZAMP S.A.;960925;BK - PORTAL SHOPPING;13574594073150;GOIÂNIA;GO;ALIMENTÍCIOS;SUDESTE;01/05/2023;15;CELG;0.045;16.059848;0.0;16.059848
202412;54933;ALFLEX;ALFLEX EMBALAGENS LTDA;961282;ALFLEX - PLASTICO AS;27461277000178;GOIÂNIA;GO;MANUFATURADOS DIVERSOS;SUDESTE;01/05/2023;15;CELG;0.32;132.856835;0.0;132.856835
202412;97248;CENTAURO I5 SE;SBF COMERCIO DE PRODUTOS ESPORTIVOS S.A.;961674;CE273_GOIANIA - UC 1;06347409034736;GOIÂNIA;GO;COMÉRCIO;SUDESTE;01/06/2023;15;CELG;0.105;28.991492;0.0;28.991492
202412;91024;PETZ;PET CENTER COMERCIO E PARTICIPACOES S.A.;961652;PETZ - BUENO - UC 10;18328118007545;GOIÂNIA;GO;COMÉRCIO;SUDESTE;01/06/2023;15;CELG;0.1;32.150893;0.0;32.150893
202412;106393;BASF EI SE;BASF SA;961818;BASF RIO VERDE - UC;48539407010776;RIO VERDE;GO;ALIMENTÍCIOS;SUDESTE;01/06/2023;15;CELG;0.09;25.452567;0.0;25.452567
202412;144720;COND LOG GOIANIA II;LOG GOIANIA II;961745;LOG HIDROLANDIA;47365763000108;HIDROLÂNDIA;GO;SERVIÇOS;SUDESTE;01/06/2023;15;CELG;0.6;61.308708;0.0;61.308708
202412;92484;MAGAZINE LUIZA - I5;MAGAZINE LUIZA S/A;961926;MGL1092_GOIÂNIA UC 1;47960950112000;APARECIDA DE GOIÂNIA;GO;COMÉRCIO;SUDESTE;01/06/2023;15;CELG;0.07;8.298623;0.0;8.298623
202412;101529;SMART FIT - SUDESTE;SMARTFIT ESCOLA DE GINASTICA E DANCA S.A;962361;GOIAGO1 - UC 1002350;07594978016171;APARECIDA DE GOIÂNIA;GO;SERVIÇOS;SUDESTE;01/07/2023;15;CELG;0.065;20.318784;0.0;20.318784
202412;101529;SMART FIT - SUDESTE;SMARTFIT ESCOLA DE GINASTICA E DANCA S.A;962345;GOCSBU2 - UC 1383026;07594978009981;GOIÂNIA;GO;SERVIÇOS;SUDESTE;01/07/2023;15;CELG;0.16;42.698624;0.0;42.698624
202412;100962;ITAU AMR I5 SE;ITAU UNIBANCO S.A.;962631;4372_GOIANIA-PIO XII;60701190195517;GOIÂNIA;GO;SERVIÇOS;SUDESTE;01/07/2023;15;CELG;0.07;14.081161;0.0;14.081161
202412;100962;ITAU AMR I5 SE;ITAU UNIBANCO S.A.;962634;322_RIO VERDE DE GOI;60701190067195;RIO VERDE;GO;SERVIÇOS;SUDESTE;01/07/2023;15;CELG;0.066;23.143598;0.0;23.143598
202412;100962;ITAU AMR I5 SE;ITAU UNIBANCO S.A.;962621;208_9664 VINC ANAPOL;60701190035404;ANÁPOLIS;GO;SERVIÇOS;SUDESTE;01/07/2023;15;CELG;0.095;21.245729;0.0;21.245729
202412;101680;MINERACÃO ANTONELLI;MINERACAO ANTONELLI LTDA;962869;Mineração Antonelli;13342485000143;ABADIÂNIA;GO;MINERAIS NÃO-METÁLICOS;SUDESTE;01/07/2023;15;CELG;0.5;35.209405;0.0;35.209405
202412;78601;VALE DO MOGI;DISTRIBUIDORA DE CARNES VALE DO MOGI IMPORTACAO E EXPORTACAO LTDA.;963559;DISTRIBUIDORA DE CAR;57622466000499;BURITI ALEGRE;GO;ALIMENTÍCIOS;SUDESTE;01/08/2023;15;CELG;0.5;171.864973;0.0;171.864973
202412;25518;B2W CE;AMERICANAS S.A - EM RECUPERACAO JUDICIAL;964209;AMER 382;00776574119390;ANÁPOLIS;GO;COMÉRCIO;SUDESTE;01/09/2023;15;CELG;0.05;13.644992;0.0;13.644992
202412;25518;B2W CE;AMERICANAS S.A - EM RECUPERACAO JUDICIAL;964226;AMER 33;00776574054400;GOIÂNIA;GO;COMÉRCIO;SUDESTE;01/09/2023;15;CELG;0.153;15.130471;0.0;15.130471
202412;25518;B2W CE;AMERICANAS S.A - EM RECUPERACAO JUDICIAL;964227;AMER 405;00776574119471;GOIÂNIA;GO;COMÉRCIO;SUDESTE;01/09/2023;15;CELG;0.094;22.712264;0.0;22.712264
202412;25518;B2W CE;AMERICANAS S.A - EM RECUPERACAO JUDICIAL;964773;AMER 952;00776574017202;LUZIÂNIA;GO;COMÉRCIO;SUDESTE;01/09/2023;15;CELG;0.059;7.704659;0.0;7.704659
202412;25518;B2W CE;AMERICANAS S.A - EM RECUPERACAO JUDICIAL;964869;AMER 128;00776574130440;GOIÂNIA;GO;COMÉRCIO;SUDESTE;01/09/2023;15;CELG;0.051;15.255359;0.0;15.255359
202412;25518;B2W CE;AMERICANAS S.A - EM RECUPERACAO JUDICIAL;964876;AMER 212;00776574049597;PLANALTINA;GO;COMÉRCIO;SUDESTE;01/09/2023;15;CELG;0.071;8.964657;0.0;8.964657
202412;25518;B2W CE;AMERICANAS S.A - EM RECUPERACAO JUDICIAL;964859;AMER 1437;00776574167956;SANTA HELENA DE GOIÁS;GO;COMÉRCIO;SUDESTE;01/09/2023;15;CELG;0.15;17.579601;0.0;17.579601
202412;113238;ITALAC ETE EI;GOIASMINAS INDUSTRIA DE LATICINIOS LTDA;964950;ITALAC ETE - UC 1003;01257995000133;CORUMBAÍBA;GO;ALIMENTÍCIOS;SUDESTE;01/09/2023;15;CELG;0.45;64.522616;0.0;64.522616
202412;101281;BARAO SUPERMERCADOS;BARAO ESPECIALIDADES & DISTRIBUIDORA DE ALIMENTOS SA;965713;Barao Supermerc LJ13;28790260000127;APARECIDA DE GOIÂNIA;GO;COMÉRCIO;SUDESTE;01/10/2023;15;CELG;0.13;73.934225;0.0;73.934225
202412;101281;BARAO SUPERMERCADOS;BARAO ESPECIALIDADES & DISTRIBUIDORA DE ALIMENTOS SA;966025;Barao Supermerc LJ5;28790260000127;GOIÂNIA;GO;COMÉRCIO;SUDESTE;01/10/2023;15;CELG;0.099;39.938457;0.0;39.938457
202412;112066;VETOQUINOL;VETOQUINOL SAUDE ANIMAL LTDA.;966141;VETOQUINOL UC 185;60528742000388;APARECIDA DE GOIÂNIA;GO;MANUFATURADOS DIVERSOS;SUDESTE;01/10/2023;15;CELG;0.06;10.996254;0.0;10.996254
202412;25518;B2W CE;AMERICANAS S.A - EM RECUPERACAO JUDICIAL;966201;AMER 1529;00776574180626;CERES;GO;COMÉRCIO;SUDESTE;01/12/2023;66348;CHESP DIST;0.087;11.782383;0.0;11.782383
202412;60443;VIAVAREJO;GRUPO CASAS BAHIA S.A.;966444;Filial 1320 - CATALÃ;33041260108526;CATALÃO;GO;COMÉRCIO;SUDESTE;01/11/2023;15;CELG;0.105;11.772293;0.0;11.772293
202412;62344;DASA;DIAGNOSTICOS DA AMERICA S.A .;966531;D364 - AT BUENO (UC;61486650032468;GOIÂNIA;GO;SERVIÇOS;SUDESTE;01/11/2023;15;CELG;0.03;5.972963;0.0;5.972963
202412;4574;BRASIL TELE SE;OI S.A. - EM RECUPERACAO JUDICIAL;966720;ID UC 20009 - UC 483;76535764032851;;GO;TELECOMUNICAÇÕES;SUDESTE;01/11/2023;15;CELG;0.045;21.978886;0.0;21.978886
202412;100962;ITAU AMR I5 SE;ITAU UNIBANCO S.A.;966667;4316_URUACU-GO (UC 6;60701190200618;URUAÇU;GO;SERVIÇOS;SUDESTE;01/11/2023;15;CELG;0.034;8.219406;0.0;8.219406
202412;119535;STOCK TECH ITUMBIARA;STOCK TECH S.A. ARMAZENS GERAIS;967273;STOCK TECH ITUMBIARA;01306014003701;ITUMBIARA;GO;SERVIÇOS;SUDESTE;01/12/2023;15;CELG;0.4;259.893027;0.0;259.893027
202412;57253;ATACADAO DIA A DIA 007;ATACADAO DIA A DIA S.A;967497;DIA A DIA - GOIANESI;17457404002660;GOIANÉSIA;GO;COMÉRCIO;SUDESTE;01/12/2023;15;CELG;0.25;147.043005;0.0;147.043005
202412;25518;B2W CE;AMERICANAS S.A - EM RECUPERACAO JUDICIAL;968542;AMER 1406;00776574167794;PORANGATU;GO;COMÉRCIO;SUDESTE;01/01/2024;15;CELG;0.09;10.599342;0.0;10.599342
202412;64343;C CE COCARI;COCARI - COOPERATIVA AGROPECUARIA E INDUSTRIAL;970489;COCARI - CAMPO ALEGR;78956968000183;CAMPO ALEGRE DE GOIÁS;GO;COMÉRCIO;SUDESTE;01/01/2024;15;CELG;0.26;18.896584;0.0;18.896584
202412;119391;TRANSPORTES FITEBALDI;TRANSPORTES FITEBALDI LTDA;970726;Transportes Fitebald;02382105000188;APARECIDA DE GOIÂNIA;GO;TRANSPORTE;SUDESTE;01/01/2024;15;CELG;0.665;29.710171;0.0;29.710171
202412;107781;PAGUE MENOS LIVRE I100;EMPREENDIMENTOS PAGUE MENOS S/A;970500;PAGUE MENOS CD GOIAS;06626253000151;HIDROLÂNDIA;GO;COMÉRCIO;SUDESTE;01/01/2024;15;CELG;0.5;112.212214;0.0;112.212214
202412;37878;BRK GO;BRK AMBIENTAL - GOIAS S.A.;974952;GOC - ETE SAPO - 100;18123402000300;RIO VERDE;GO;SANEAMENTO;SUDESTE;01/04/2024;15;CELG;0.5;51.782558;0.0;51.782558
202412;105683;CENCOSUD BRASIL 126 SE;CENCOSUD BRASIL COMERCIAL S.A.;975633;CENCOSUD LOJA 651;39346861023617;GOIÂNIA;GO;COMÉRCIO;SUDESTE;01/04/2024;15;CELG;0.273;76.293489;0.0;76.293489
202412;105683;CENCOSUD BRASIL 126 SE;CENCOSUD BRASIL COMERCIAL S.A.;975672;CENCOSUD LOJA 658;39346861024346;GOIÂNIA;GO;COMÉRCIO;SUDESTE;01/04/2024;15;CELG;0.285;87.404481;0.0;87.404481
202412;95048;ARROZ VASCONCELOS;VASCONCELOS INDUSTRIA, COMERCIO, IMPORTACAO E EXPORTACAO LTDA.;976131;ARROZ VASCONCELOS CA;03647755000685;CATALÃO;GO;ALIMENTÍCIOS;SUDESTE;01/04/2024;15;CELG;0.345;52.370242;0.0;52.370242
202412;30493;SANEAGO;SANEAMENTO DE GOIAS S/A;977778;SANEAGO - UC 3009218;01616929000102;INHUMAS;GO;SANEAMENTO;SUDESTE;01/05/2024;15;CELG;0.11;40.15183;0.0;40.15183
202412;139083;AGROPECUARIA BOA VISTA CL;AGROPECUARIA BOA VISTA DO RIO CLARO LTDA;978652;AGROPECUARIA BOA VIS;33131684000110;JATAÍ;GO;ALIMENTÍCIOS;SUDESTE;01/05/2024;15;CELG;1.8;5.283528;0.0;5.283528
202412;128049;FRIGOIAS;FRIGOIAS INDUSTRIA & COMERCIO DE CARNE LTDA;983598;FRIGOIAS 20469524;07779699000189;ANÁPOLIS;GO;ALIMENTÍCIOS;SUDESTE;01/07/2024;15;CELG;0.28;156.187458;0.0;156.187458
202412;151114;BIG BOX - BRASILINHA;SAO CRISTOVAO INVESTIMENTOS E PARTICIPACOES S/A;986042;ULTRABOX BRASILINHA;08492764000153;PLANALTINA;GO;SERVIÇOS;SUDESTE;01/08/2024;15;CELG;0.15;105.178181;0.0;105.178181
202412;144853;TAMBASA GO;TECIDOS E ARMARINHOS MIGUEL BARTOLOMEU S/A;989230;TAMBASA VALPARAISO D;17359233002636;VALPARAÍSO DE GOIÁS;GO;COMÉRCIO;SUDESTE;01/10/2024;15;CELG;0.08;72.157926;0.0;72.157926
202412;30493;SANEAGO;SANEAMENTO DE GOIAS S/A;989981;SANEAGO - UC 2004779;01616929000102;APARECIDA DE GOIÂNIA;GO;SANEAMENTO;SUDESTE;01/10/2024;15;CELG;0.134;67.556717;0.0;67.556717
202412;85898;BRADESCO ESPECIAL SECO;BANCO BRADESCO S.A.;990414;10009577902 - 6014-A;60746948000112;RIO VERDE;GO;SERVIÇOS;SUDESTE;01/10/2024;15;CELG;0.062;18.46874;0.0;18.46874
202412;96268;DEZ ALIMENTOS;DEZ ALIMENTOS LTDA;997812;DEZ ALIMENTOS 997812;04945225000171;MORRINHOS;GO;ALIMENTÍCIOS;SUDESTE;01/12/2024;15;CELG;0.087;2.708753;0.0;2.708753
202412;1131;SERRA GRANDE;MINERACAO SERRA GRANDE S A;7587;MSG MIN. SERRA GRAND;42445403000194;CRIXAS;GO;EXTRAÇÃO DE MINERAIS METÁLICOS;SUDESTE;01/02/2005;15;CELG;19.0;11527.730789;0.0;11527.730789
202412;85393;UTE CODORA CL;ALBIOMA CODORA ENERGIA S.A;902254;ALBIOMA CODORA C;07966116000129;GOIANÉSIA;GO;SERVIÇOS;SUDESTE;01/08/2016;15;CELG;2.5;185.916778;0.0;185.916778
202412;66343;BRF 335 MINEIROS CL;BRF S.A.;902954;BRF MINEIROS GO;01838723018255;MINEIROS;GO;ALIMENTÍCIOS;SUDESTE;01/08/2016;15;CELG;10.0;4439.977074;0.0;4439.977074
202412;99698;ARAGUAIA SHOPPING CL;MAIA E BORBA S/A;899832;ARAGUAIA SHOPPING;01850114000193;GOIÂNIA;GO;SERVIÇOS;SUDESTE;01/06/2016;15;CELG;1.65;821.913221;0.0;821.913221
202412;87928;GOIANIA SHOPPING CL 514;CONDOMINIO DE ADMINISTRACAO DO GOIANIA SHOPPING;901049;GOIANIA SHOPPING;00902073000179;GOIÂNIA;GO;SERVIÇOS;SUDESTE;01/07/2016;15;CELG;2.16;999.780835;0.0;999.780835
202412;98716;CONSERVAS OLE CL 514;ANGELO AURICCHIO COMPANHIA LTDA;901438;CONSERVAS OLE MORRIN;62598586000861;MORRINHOS;GO;ALIMENTÍCIOS;SUDESTE;01/08/2016;15;CELG;1.55;396.440174;0.0;396.440174
202412;39249;LACTALIS ITUMBIARA EI SE;LACTALIS DO BRASIL - COMERCIO, IMPORTACAO E EXPORTACAO DE LATICINIOS LTDA.;906366;ELEBAT ITUMBIARA;14049467002265;ITUMBIARA;GO;ALIMENTÍCIOS;SUDESTE;01/12/2016;15;CELG;0.08;15.548895;0.0;15.548895
202412;50978;ATACADAO CL2;ATACADAO S.A.;908381;MAKRO LOJA 56;75315333029948;APARECIDA DE GOIÂNIA;GO;COMÉRCIO;SUDESTE;01/04/2017;15;CELG;0.5;252.303411;0.0;252.303411
202412;45736;RIVIERA PARK CL 514;RIVIERA PARK THERMAS FLAT SERVICE;909331;WT CONST RIVER PARK;18256799000147;CALDAS NOVAS;GO;SERVIÇOS;SUDESTE;01/06/2017;15;CELG;0.72;281.930362;0.0;281.930362
202412;156778;JAGUAFRANGOS GO CL;JAGUAFRANGOS INDUSTRIA E COMERCIO DE ALIMENTOS LTDA;909467;JAGUAFRANGOS FRIGORI;85090033003148;PALMEIRAS DE GOIÁS;GO;ALIMENTÍCIOS;SUDESTE;01/07/2017;15;CELG;4.69;1991.583657;0.0;1991.583657
202412;67428;TEUTOUNI2;LABORATORIO TEUTO BRASILEIRO S/A;906940;LABORATORIO TEUTO BR;17159229000176;ANÁPOLIS;GO;MANUFATURADOS DIVERSOS;SUDESTE;01/01/2017;15;CELG;4.55;3063.914283;0.0;3063.914283
202412;30087;RENNER SE;LOJAS RENNER S.A.;909785;RENNER LOJA 129;92754738013655;ANÁPOLIS;GO;COMÉRCIO;SUDESTE;01/07/2017;15;CELG;0.245;46.677144;0.0;46.677144
202412;68098;FACULDADES ALFA;CENTRO EDUCACIONAL ALVES FARIA LTDA.;908852;FAC ALFA JOAO VAZ;02850990000182;GOIÂNIA;GO;SERVIÇOS;SUDESTE;01/05/2017;15;CELG;0.85;113.672373;0.0;113.672373
202412;99718;REBIC CL 514;REBIC EMBALAGENS INDUSTRIA E COMERCIO LTDA;908827;REBIC IND EMBALAGENS;01370480000145;TRINDADE;GO;MANUFATURADOS DIVERSOS;SUDESTE;01/05/2017;15;CELG;1.65;726.380658;0.0;726.380658
202412;30087;RENNER SE;LOJAS RENNER S.A.;911226;RENNER LOJA 127;92754738013302;APARECIDA DE GOIÂNIA;GO;COMÉRCIO;SUDESTE;01/12/2017;15;CELG;0.22;64.046321;0.0;64.046321
202412;31223;WALMART BRASIL CL 514;WMB SUPERMERCADOS DO BRASIL LTDA.;910579;WALMART 1008 SUPERCE;00063960004783;GOIÂNIA;GO;COMÉRCIO;SUDESTE;01/10/2017;15;CELG;1.225;481.973185;0.0;481.973185
202412;99704;ROAN ALIMENTOS CL 514;ROAN ALIMENTOS LTDA;920911;ROAN ALIMENTOS - FIL;01687284000441;LEOPOLDO DE BULHÕES;GO;ALIMENTÍCIOS;SUDESTE;01/01/2019;15;CELG;0.5;4.667218;0.0;4.667218
202412;72861;HERING EI SE;CIA. HERING;912440;HERING CD;78876950011025;ANÁPOLIS;GO;COMÉRCIO;SUDESTE;01/02/2018;15;CELG;0.512;225.570984;0.0;225.570984
202412;46065;COSPLASTIC CL 514;EVOLUM INDUSTRIA E COMERCIO DE EMBALAGENS LTDA;922395;COSPLASTIC - APARECI;37305471000118;APARECIDA DE GOIÂNIA;GO;MANUFATURADOS DIVERSOS;SUDESTE;01/02/2019;15;CELG;0.65;156.660494;0.0;156.660494
202412;65991;BREJEIRO;PRODUTOS ALIMENTICIOS ORLANDIA S A COMERCIO E INDUSTRIA;922793;BREJ ANÁPOLIS RECEBI;53309845000200;ANÁPOLIS;GO;ALIMENTÍCIOS;SUDESTE;01/03/2019;15;CELG;0.5;137.639202;0.0;137.639202
202412;79161;JBS COUROS CL SE;JBS S/A;918263;JBS COUROS - ITUMBIA;02916265009892;ITUMBIARA;GO;MANUFATURADOS DIVERSOS;SUDESTE;01/10/2018;2226;CELG GERATRANS;4.3;1362.266174;0.0;1362.266174
202412;99644;SARKIS CL 514;SARKIS MINERACAO LTDA;922886;SARKIS;03163210000431;PADRE BERNARDO;GO;MINERAIS NÃO-METÁLICOS;SUDESTE;01/03/2019;15;CELG;1.7;243.868757;0.0;243.868757
202412;46245;PEDRA BRITADA CL 514;PEDRA BRITADA INDUSTRIA E COMERCIO LIMITADA;923733;Pedra Britada Matriz;03991800000100;GOIANÁPOLIS;GO;MINERAIS NÃO-METÁLICOS;SUDESTE;01/05/2019;15;CELG;0.9;68.56289;0.0;68.56289
202412;54169;HERING SLMB;CIA. HERING;923983;HERING SLMB;78876950012340;SÃO LUÍS DE MONTES BELOS;GO;TÊXTEIS;SUDESTE;01/06/2019;15;CELG;0.82;166.309741;0.0;166.309741
202412;88128;TERMOPOT CL 514;TERMOPOT INDUSTRIA LTDA EM RECUPERACAO JUDICIAL;912441;TERMOPOT;03569492000129;GOIÂNIA;GO;MANUFATURADOS DIVERSOS;SUDESTE;01/02/2018;15;CELG;2.0;407.493895;0.0;407.493895
202412;45682;ASOEC CL 514;ASSOCIACAO SALGADO DE OLIVEIRA DE EDUCACAO E CULTURA;912473;ASOEC GO;28638393000425;GOIÂNIA;GO;SERVIÇOS;SUDESTE;01/02/2018;15;CELG;0.55;57.816397;0.0;57.816397
202412;45895;GOLDEN DOLPHIN RESORT CL 514;CONDOMINIO GOLDEN DOLPHIN RESORT;915555;GOLDEN DOLPHIN;08638257000185;CALDAS NOVAS;GO;SERVIÇOS;SUDESTE;01/08/2018;15;CELG;0.5;181.74454;0.0;181.74454
202412;23655;YPE QUIMICA ANAPOLIS CL 514;QUIMICA AMPARO LTDA;917939;QUIMICA YPE ANAPOLIS;43461789000786;ANÁPOLIS;GO;QUÍMICOS;SUDESTE;01/09/2018;15;CELG;1.675;692.708107;0.0;692.708107
202412;31548;POLIGYN CL 514;POLI-GYN EMBALAGENS LTDA.;918721;POLIGYN EMBALAGENS;00072331000137;GOIÂNIA;GO;MANUFATURADOS DIVERSOS;SUDESTE;01/10/2018;15;CELG;1.135;498.773063;0.0;498.773063
202412;71814;CINEPOLIS;CINEPOLIS OPERADORA DE CINEMAS DO BRASIL LTDA.;918739;CINEPOLIS - GOIANIA;09652820004715;GOIÂNIA;GO;SERVIÇOS;SUDESTE;01/10/2018;15;CELG;0.3;55.489096;0.0;55.489096
202412;46580;OURO VERDE CL 514;OURO VERDE ALIMENTOS LTDA;924936;Ouro Verde Alimentos;03724291000159;MONTIVIDIU;GO;ALIMENTÍCIOS;SUDESTE;01/07/2019;15;CELG;0.62;239.462994;0.0;239.462994
202412;46467;CURTUME CO CL 514;CURTUME CENTRO OESTE LTDA;927607;Curtume Centro Oeste;26685958000157;SENADOR CANEDO;GO;MANUFATURADOS DIVERSOS;SUDESTE;01/09/2019;15;CELG;0.72;276.132118;0.0;276.132118
202412;31605;ITAMBEALIMEN CL 514;ITAMBE ALIMENTOS LTDA.;898069;ITAMBE GOIANIA I;16849231001690;GOIÂNIA;GO;ALIMENTÍCIOS;SUDESTE;01/02/2016;15;CELG;1.25;125.060103;0.0;125.060103
202412;95026;REMMACK;REMMACK FILMS INDUSTRIA E COMERCIO LTDA;919311;PLASTFORM CAIAPO		;07163516000104;GOIÂNIA;GO;MANUFATURADOS DIVERSOS;SUDESTE;01/12/2018;15;CELG;0.03;1.51156;0.0;1.51156
202412;99256;GOIAS RENDERING CL 514;GOIAS RENDERING S/A;932958;GOIAS RENDERING;19357388000100;TRINDADE;GO;ALIMENTÍCIOS;SUDESTE;01/12/2019;15;CELG;1.5;514.719063;0.0;514.719063
202412;62592;LF PLASTICOS ESP;LF PLASTICOS LTDA;933168;LF PLÁSTICOS;06947499000206;APARECIDA DE GOIÂNIA;GO;MANUFATURADOS DIVERSOS;SUDESTE;01/01/2020;15;CELG;0.42;1.449253;0.0;1.449253
202412;88208;SUPERVI;SUPERVI DISTRIBUIDOR DE ALIMENTOS LTDA;933950;LOJA 4 - CENTRO;07503617000411;ANÁPOLIS;GO;COMÉRCIO;SUDESTE;01/02/2020;15;CELG;0.09;39.520118;0.0;39.520118
202412;100018;BRASIL TELECOMCL 514 23;OI S.A. - EM RECUPERACAO JUDICIAL;933946;UC 16812920 - CAEL;76535764032851;GOIÂNIA;GO;TELECOMUNICAÇÕES;SUDESTE;01/02/2020;15;CELG;0.958;364.882868;0.0;364.882868
202412;88208;SUPERVI;SUPERVI DISTRIBUIDOR DE ALIMENTOS LTDA;933947;LOJA 2 - JARDIM GOIA;07503617000250;ANÁPOLIS;GO;COMÉRCIO;SUDESTE;01/02/2020;15;CELG;0.16;86.06525;0.0;86.06525
202412;32060;MARAJOARA CL 514;MARAJOARA INDUSTRIA DE LATICINIOS LTDA;936145;MARAJOARA LEITE COND;24849580000154;HIDROLÂNDIA;GO;ALIMENTÍCIOS;SUDESTE;01/05/2020;15;CELG;0.5;257.365046;0.0;257.365046
202412;46944;CALCILANDIA CL;CALCILANDIA MINERACAO LTDA;936390;CALCILANDIA UC 28300;05291545000118;GOIÁS;GO;MINERAIS NÃO-METÁLICOS;SUDESTE;01/05/2020;15;CELG;0.812;57.158746;0.0;57.158746
202412;86666;COMERCIAL REIS;COMERCIAL REIS LTDA;937789;Loja Reis 15;03044201000774;RIO VERDE;GO;COMÉRCIO;SUDESTE;01/07/2020;15;CELG;0.12;76.149626;0.0;76.149626
202412;25518;B2W CE;AMERICANAS S.A - EM RECUPERACAO JUDICIAL;938088;LASA Loja 306;00776574130289;RIO VERDE;GO;COMÉRCIO;SUDESTE;01/08/2020;15;CELG;0.119;28.35851;0.0;28.35851
202412;90524;C CE SUPERMERCADOS CAMPEAO;CABRAL E MAIA LTDA;938180;CAMPEÃO LJ2-63058622;37630118000103;RIO VERDE;GO;COMÉRCIO;SUDESTE;01/08/2020;15;CELG;0.104;47.332619;0.0;47.332619
202412;47517;MINERACAO BOM JESUS CL 514;MINERACAO BOM JESUS LTDA;938475;LUZIANIA;07245544000162;LUZIÂNIA;GO;BEBIDAS;SUDESTE;01/08/2020;15;CELG;0.71;340.752341;0.0;340.752341
202412;47152;ARTE TRIGO CL 514;ARTE TRIGO INDUSTRIAL LTDA;939130;ARTE TRIGO;16366878000185;CAMPO LIMPO DE GOIÁS;GO;ALIMENTÍCIOS;SUDESTE;01/09/2020;15;CELG;1.0;748.770219;0.0;748.770219
202412;95945;BEAPLAST;BEAPLAST INDUSTRIA E COMERCIO LTDA;939131;Beaplast 01;33667336000161;FORMOSA;GO;COMÉRCIO;SUDESTE;01/09/2020;15;CELG;0.2;27.030565;0.0;27.030565
202412;86578;TATICO SETOR CENTRO OESTE;CENTRO OESTE COMERCIAL DE ALIMENTOS LTDA;939624;TATICO PORTAL SHOPPI;24447350000320;GOIÂNIA;GO;COMÉRCIO;SUDESTE;01/10/2020;15;CELG;0.26;150.424911;0.0;150.424911
202412;99292;COMIGO-MATRIZ LIVRE;COOPERATIVA AGROINDUSTRIAL DOS PRODUTORES RURAIS DO SUDOESTE GOIANO;939715;COM-BOM JARDIM;02077618004849;JATAÍ;GO;SERVIÇOS;SUDESTE;01/10/2020;15;CELG;0.6;24.923721;0.0;24.923721
202412;93905;COMIGO-MATRIZ ESPECIAL;COOPERATIVA AGROINDUSTRIAL DOS PRODUTORES RURAIS DO SUDOESTE GOIANO;939716;COM-INDIARA;02077618002471;INDIARA;GO;SERVIÇOS;SUDESTE;01/10/2020;15;CELG;0.24;24.475401;0.0;24.475401
202412;100287;JL LATICINIOSCL 514 23;LATICINIOS J L LTDA;940667;Laticinios JL Ltda;16005431000180;ORIZONA;GO;ALIMENTÍCIOS;SUDESTE;01/12/2020;15;CELG;0.65;373.345138;0.0;373.345138
202412;62298;BRASIL CENTER;BRASILCENTER COMUNICACOES LTDA;940666;BRASIL C - CELG-D A;02917443000258;GOIÂNIA;GO;SERVIÇOS;SUDESTE;01/12/2020;15;CELG;0.36;107.597438;0.0;107.597438
202412;4574;BRASIL TELE SE;OI S.A. - EM RECUPERACAO JUDICIAL;940694;UC 20243492 - ANAPOL;76535764032851;ANÁPOLIS;GO;TELECOMUNICAÇÕES;SUDESTE;01/12/2020;15;CELG;0.123;71.412983;0.0;71.412983
202412;89866;CARAMURU ARMAZENS GO;CARAMURU ALIMENTOS  S/A;940835;CARAMURU ARMAZ VRD 2;00080671004440;RIO VERDE;GO;SERVIÇOS;SUDESTE;01/12/2020;15;CELG;0.25;26.390499;0.0;26.390499
202412;48767;MINERACAONOVAESPERANCACL514;MINERACAO NOVA ESPERANCA LTDA;941392;MINERAÇÃO NOV A ESPE;12021400000162;PROFESSOR JAMIL;GO;MINERAIS NÃO-METÁLICOS;SUDESTE;01/01/2021;15;CELG;0.5;109.425889;0.0;109.425889
202412;95859;SUPERMERCADO PRO BRASIL;SUPERMERCADO PRO BRASIL LTDA;941285;SUPERMERCADO PRO BRA;37629995000245;GOIÂNIA;GO;COMÉRCIO;SUDESTE;01/01/2021;15;CELG;0.15;71.381667;0.0;71.381667
202412;4574;BRASIL TELE SE;OI S.A. - EM RECUPERACAO JUDICIAL;941354;UC 12217268 - ALVRDA;76535764032851;GOIÂNIA;GO;TELECOMUNICAÇÕES;SUDESTE;01/01/2021;15;CELG;0.098;40.923869;0.0;40.923869
202412;95859;SUPERMERCADO PRO BRASIL;SUPERMERCADO PRO BRASIL LTDA;941344;PRO BRASIL BALNEARIO;37629995000598;GOIÂNIA;GO;COMÉRCIO;SUDESTE;01/01/2021;15;CELG;0.14;58.76268;0.0;58.76268
202412;47694;BEEF MASTER CL 514;PCH COMERCIO DE CARNES LTDA;942362;BEEF MASTER;09429354000120;;GO;ALIMENTÍCIOS;SUDESTE;01/02/2021;15;CELG;0.5;118.025614;0.0;118.025614
202412;92484;MAGAZINE LUIZA - I5;MAGAZINE LUIZA S/A;943002;MAGAZINE L -  LJ 479;47960950048400;CALDAS NOVAS;GO;COMÉRCIO;SUDESTE;01/03/2021;15;CELG;0.054;9.670527;0.0;9.670527
202412;88264;ATACADAO DIA A DIA;ATACADAO DIA A DIA S.A;943568;LUZIÂNIA;17457404000705;LUZIÂNIA;GO;COMÉRCIO;SUDESTE;01/04/2021;15;CELG;0.2;166.729326;0.0;166.729326
202412;47940;SEMENTES GOIAS 174 CL;SEMENTES GOIAS LTDA;943835;SEMENTES GOIAS 174 -;03482332000148;RIO VERDE;GO;METALURGIA E PRODUTOS DE METAL;SUDESTE;01/04/2021;15;CELG;0.99;96.824073;0.0;96.824073
202412;47776;CALCARIO NORTE SUL CL;CALCARIO NORTE-SUL LTDA;944616;CALCARIO NORTE SUL;17439238000110;CAMPINORTE;GO;MINERAIS NÃO-METÁLICOS;SUDESTE;01/05/2021;15;CELG;0.5;3.981491;0.0;3.981491
202412;72262;RIACHUELO LT 2 SE/CO;LOJAS RIACHUELO SA;944858;RCHLO - GOIANIA - LO;33200056042143;GOIÂNIA;GO;COMÉRCIO;SUDESTE;01/06/2021;15;CELG;0.125;39.702453;0.0;39.702453
202412;31523;CALBRAX GO CL 514;CALBRAX CALCARIO AGRICOLA LTDA;944954;CALBRAX GO;07638538000175;;GO;MINERAIS NÃO-METÁLICOS;SUDESTE;01/06/2021;15;CELG;1.0;338.38989;0.0;338.38989
202412;88264;ATACADAO DIA A DIA;ATACADAO DIA A DIA S.A;945010;DIA A DIA - SANTO AN;17457404000888;SANTO ANTÔNIO DO DESCOBERTO;GO;COMÉRCIO;SUDESTE;01/06/2021;15;CELG;0.15;121.001028;0.0;121.001028
202412;71708;DU PONT CL;CORTEVA AGRISCIENCE DO BRASIL LTDA.;945004;DU PONT - ITUMBIARA;61064929003275;ITUMBIARA;GO;ALIMENTÍCIOS;SUDESTE;01/06/2021;15;CELG;1.3;1116.84024;0.0;1116.84024
202412;25101;ADUBOS ARAGUAIA;ARAGUAIA S.A.;945333;ADUBOS CATALAO - UC;03306578001130;CATALÃO;GO;QUÍMICOS;SUDESTE;01/06/2021;15;CELG;0.196;53.958204;0.0;53.958204
202412;48072;WINDOR CL 514;WINDOR - INDUSTRIA E COMERCIO DE METAIS LTDA;945474;JARDIM ELDORADO;27800666000261;APARECIDA DE GOIÂNIA;GO;METALURGIA E PRODUTOS DE METAL;SUDESTE;01/07/2021;15;CELG;0.89;122.558778;0.0;122.558778
202412;3124;SANTANDER EI;BANCO SANTANDER (BRASIL) S.A.;945491;001-0966 - B JUNDIAI;90400888000142;ANÁPOLIS;GO;SERVIÇOS;SUDESTE;01/07/2021;15;CELG;0.034;9.90812;0.0;9.90812
202412;99292;COMIGO-MATRIZ LIVRE;COOPERATIVA AGROINDUSTRIAL DOS PRODUTORES RURAIS DO SUDOESTE GOIANO;946223;COM-CAIAPÔNIA;02077618004687;CAIAPÔNIA;GO;SERVIÇOS;SUDESTE;01/08/2021;15;CELG;0.85;19.793279;0.0;19.793279
202412;96164;CENTRO OESTE OLEO QUIMICA;CENTRO OESTE OLEO QUIMICA LTDA;946269;ETERBINO;08251405000104;ANÁPOLIS;GO;QUÍMICOS;SUDESTE;01/08/2021;15;CELG;0.22;72.005501;0.0;72.005501
202412;3124;SANTANDER EI;BANCO SANTANDER (BRASIL) S.A.;947488;001-3444 - GOIANIA-C;90400888000142;GOIÂNIA;GO;SERVIÇOS;SUDESTE;01/10/2021;15;CELG;0.088;17.873863;0.0;17.873863
202412;63301;ATACADAO 2;ATACADAO S.A.;947493;ATACADAO LJ 232;75315333023230;APARECIDA DE GOIÂNIA;GO;COMÉRCIO;SUDESTE;01/10/2021;15;CELG;0.135;31.895193;0.0;31.895193
202412;3124;SANTANDER EI;BANCO SANTANDER (BRASIL) S.A.;947548;001-3015 - PCA DO AV;90400888000142;ANÁPOLIS;GO;SERVIÇOS;SUDESTE;01/10/2021;15;CELG;0.09;13.055627;0.0;13.055627
202412;48279;NUTRIEX CL 514;NUTRIEX INDUSTRIA DE NUTRACEUTICOS LTDA;947520;NUTRIEX INDUSTRIA DE;22966065000129;GOIÂNIA;GO;ALIMENTÍCIOS;SUDESTE;01/10/2021;15;CELG;0.9;264.866952;0.0;264.866952
202412;97248;CENTAURO I5 SE;SBF COMERCIO DE PRODUTOS ESPORTIVOS S.A.;948711;CE266 - PASSEIO DAS;06347409033179;GOIÂNIA;GO;COMÉRCIO;SUDESTE;01/12/2021;15;CELG;0.1;32.782061;0.0;32.782061
202412;63677;RENNER MATRIZ SUDESTE;LOJAS RENNER S.A.;948816;RNR454_Jatahy Shoppi;92754738039883;JATAÍ;GO;COMÉRCIO;SUDESTE;01/12/2021;15;CELG;0.16;35.342544;0.0;35.342544
202412;4574;BRASIL TELE SE;OI S.A. - EM RECUPERACAO JUDICIAL;948794;UC 2860030354 - VALP;76535764032851;VALPARAÍSO DE GOIÁS;GO;TELECOMUNICAÇÕES;SUDESTE;01/12/2021;15;CELG;0.09;52.504922;0.0;52.504922
202412;48577;SHOPPING CATALAO CL 514;ASSOCIACAO CATALAO SHOPPING;949212;SHOPPING CATALAO - U;38025518000152;CATALÃO;GO;SERVIÇOS;SUDESTE;01/12/2021;15;CELG;0.65;257.830087;0.0;257.830087
202412;30383;AVESUI NESP;AGROINDUSTRIA DE ALIMENTOS AVESUI LTDA;949268;AVESUI - UC 10035238;22940015000172;MORRINHOS;GO;ALIMENTÍCIOS;SUDESTE;01/12/2021;15;CELG;4.0;1392.904708;0.0;1392.904708
202412;97248;CENTAURO I5 SE;SBF COMERCIO DE PRODUTOS ESPORTIVOS S.A.;949310;CE94 - APARECIDA DE;06347409011523;APARECIDA DE GOIÂNIA;GO;COMÉRCIO;SUDESTE;01/01/2022;15;CELG;0.048;13.268661;0.0;13.268661
202412;83042;CARGILL PGA SE;CARGILL AGRICOLA S A;949775;Cargill Catalão;60498706040884;CATALÃO;GO;ALIMENTÍCIOS;SUDESTE;01/01/2022;15;CELG;0.39;5.050259;0.0;5.050259
202412;48413;TREVO AGROINDUSTRIAL CL 514;TREVO AGROINDUSTRIAL LTDA;949852;Trevo Agroindustrial;03872306000126;INHUMAS;GO;ALIMENTÍCIOS;SUDESTE;01/01/2022;15;CELG;0.5;160.111501;0.0;160.111501
202412;93109;COSTA MULTICANAL;COSTA MULTICANAL S/A;950211;COSTA MULTICANAL INH;27289076000640;GOIÂNIA;GO;COMÉRCIO;SUDESTE;01/02/2022;15;CELG;0.42;173.105901;0.0;173.105901
202412;48657;SANEAGO LIVRE;SANEAMENTO DE GOIAS S/A;951022;EEAT Cascalho - Goiâ;01616929000102;GOIÂNIA;GO;SANEAMENTO;SUDESTE;01/03/2022;15;CELG;0.963;536.441074;0.0;536.441074
202412;48575;TETRAPET CL 514;TETRAPET COMERCIO DE EMBALAGENS LTDA;951011;TETRAPET INDUSTRIA;11635146000120;ANÁPOLIS;GO;MANUFATURADOS DIVERSOS;SUDESTE;01/03/2022;15;CELG;0.5;108.386392;0.0;108.386392
202412;26907;CEREAL OURO;CEREAL OURO SEMENTES LTDA;951180;CEREAL OURO A 951180;04712017000122;RIO VERDE;GO;ALIMENTÍCIOS;SUDESTE;01/04/2022;15;CELG;0.39;87.453038;0.0;87.453038
202412;37946;BRF 482 JATAI CE;BRF S.A.;952152;BRF - GRAOS JATAI;01838723017607;JATAÍ;GO;COMÉRCIO;SUDESTE;01/05/2022;15;CELG;0.299;8.755209;0.0;8.755209
202412;38077;GENNIUS GOIANIA EI SE;GRUPO GENNIUS BRASIL PRODUCAO E COMERCIALIZACAO DE ALIMENTOS S.A;952223;HABIBS GOIANIA - UC;27665906001587;APARECIDA DE GOIÂNIA;GO;ALIMENTÍCIOS;SUDESTE;01/05/2022;15;CELG;0.123;16.8014;0.0;16.8014
202412;38272;CONDUTTI;CONDUTTI INDUSTRIA DE FIOS E CABOS ESPECIAIS LTDA;953834;CONDUTTI;09041432000115;ANÁPOLIS;GO;MANUFATURADOS DIVERSOS;SUDESTE;01/07/2022;15;CELG;0.5;60.228451;0.0;60.228451
202412;40329;LDC BRASIL JATAI KM 71;LOUIS DREYFUS COMPANY BRASIL S.A.;954314;LDC BR - JATAI - UC;47067525012033;JATAÍ;GO;ALIMENTÍCIOS;SUDESTE;01/08/2022;15;CELG;0.11;4.213115;0.0;4.213115
202412;44198;JOFEGE AUTOPRODUTOR;JOFEGE MINERACAO LTDA;954619;JOFEGE;86924701000132;VILA PROPÍCIO;GO;MINERAIS NÃO-METÁLICOS;SUDESTE;01/08/2022;15;CELG;1.5;6.209038;0.0;6.209038
202412;52766;LDC BRASIL PLANALTO;LOUIS DREYFUS COMPANY BRASIL S.A.;957234;LDC BR - PLANALTO -;47067525015806;MONTIVIDIU;GO;ALIMENTÍCIOS;SUDESTE;01/12/2022;15;CELG;0.1;6.309097;0.0;6.309097
202412;30672;AGREX - GOIATUBA ADM;AGREX DO BRASIL LTDA.;957181;AGREX - Goiatuba ADM;10515785000350;GOIATUBA;GO;ALIMENTÍCIOS;SUDESTE;01/12/2022;15;CELG;0.35;83.483096;0.0;83.483096
202412;44206;ODERICH ALIMENTOS CL;ODERICH ALIMENTOS LTDA;957576;ODERICH ALIMENTOS LT;14855352000133;LUZIÂNIA;GO;ALIMENTÍCIOS;SUDESTE;01/12/2022;15;CELG;1.2;161.887605;0.0;161.887605
202412;60443;VIAVAREJO;GRUPO CASAS BAHIA S.A.;958482;FILIAL 1333 - SERRIN;33041260109093;GOIÂNIA;GO;COMÉRCIO;SUDESTE;01/02/2023;15;CELG;0.08;14.679892;0.0;14.679892
202412;43498;RUMO RIO VERDE;RUMO MALHA CENTRAL S.A.;959624;TERMINAL RIO VERDE;33572408000197;RIO VERDE;GO;TRANSPORTE;SUDESTE;01/03/2023;15;CELG;3.5;1271.154314;0.0;1271.154314
202412;52103;CAVA;CAVA- COMERCIAL ATACADISTA E VAREJISTA DE ALIMENTOS LTDA;959697;CAVA - CATALAO;36770574000277;CATALÃO;GO;COMÉRCIO;SUDESTE;01/03/2023;15;CELG;0.25;133.337825;0.0;133.337825
202412;57733;RACOES BEM BOM LIVRE;COMERCIO RACOES BEM BOM LTDA;959753;RACOES BEM BOM;41324359000100;GOIANÉSIA;GO;ALIMENTÍCIOS;SUDESTE;01/03/2023;15;CELG;1.0;379.003728;0.0;379.003728
202412;51062;NARDINI AGROINDUSTRIAL;NARDINI AGROINDUSTRIAL LTDA;959807;NARDINI CONSUMO;48708267001560;APORÉ;GO;MINERAIS NÃO-METÁLICOS;SUDESTE;01/04/2023;4144;LTI;2.0;256.780062;0.0;256.780062
202412;39176;CENCOSUD BRASIL 104 SE;CENCOSUD BRASIL COMERCIAL S.A.;959972;CENCOSUD LOJA 552;39346861023102;GOIÂNIA;GO;COMÉRCIO;SUDESTE;01/04/2023;15;CELG;0.185;121.195226;0.0;121.195226
202412;39176;CENCOSUD BRASIL 104 SE;CENCOSUD BRASIL COMERCIAL S.A.;959970;CENCOSUD LOJA 648;39346861025903;APARECIDA DE GOIÂNIA;GO;COMÉRCIO;SUDESTE;01/04/2023;15;CELG;0.276;84.985865;0.0;84.985865
202412;39176;CENCOSUD BRASIL 104 SE;CENCOSUD BRASIL COMERCIAL S.A.;960691;CENCOSUD LOJA 551;39346861023021;GOIÂNIA;GO;COMÉRCIO;SUDESTE;01/05/2023;15;CELG;0.252;63.022165;0.0;63.022165
202412;39176;CENCOSUD BRASIL 104 SE;CENCOSUD BRASIL COMERCIAL S.A.;960671;CENCOSUD LOJA 640;39346861025660;FORMOSA;GO;COMÉRCIO;SUDESTE;01/05/2023;15;CELG;0.29;78.827298;0.0;78.827298
202412;104619;CRD DIAGNOSTICOS CL 514;CRD - CENTRO DE RECURSOS DIAGNOSTICOS LTDA;961065;ACIDENTADOS - UC 144;01269430000176;GOIÂNIA;GO;SERVIÇOS;SUDESTE;01/05/2023;15;CELG;0.2;68.306428;0.0;68.306428
202412;100962;ITAU AMR I5 SE;ITAU UNIBANCO S.A.;961829;4340_GOIANIA-CAMPINA;60701190198370;GOIÂNIA;GO;SERVIÇOS;SUDESTE;01/06/2023;15;CELG;0.068;25.261155;0.0;25.261155
202412;52403;REDE LUCAS;REDE LUCAS DE SUPERMERCADOS LTDA;962074;Loja 04 UC 690356833;06894782000489;ITUMBIARA;GO;COMÉRCIO;SUDESTE;01/06/2023;15;CELG;0.17;112.187929;0.0;112.187929
202412;25518;B2W CE;AMERICANAS S.A - EM RECUPERACAO JUDICIAL;964427;AMER 1244;00776574167522;GOIANÉSIA;GO;COMÉRCIO;SUDESTE;01/09/2023;15;CELG;0.076;9.400963;0.0;9.400963
202412;25518;B2W CE;AMERICANAS S.A - EM RECUPERACAO JUDICIAL;964754;AMER 112;00776574119714;CALDAS NOVAS;GO;COMÉRCIO;SUDESTE;01/09/2023;15;CELG;0.075;19.770779;0.0;19.770779
202412;25518;B2W CE;AMERICANAS S.A - EM RECUPERACAO JUDICIAL;964835;AMER 1067;00776574016745;FORMOSA;GO;COMÉRCIO;SUDESTE;01/09/2023;15;CELG;0.09;7.637315;0.0;7.637315
202412;25518;B2W CE;AMERICANAS S.A - EM RECUPERACAO JUDICIAL;964891;AMER 1260;00776574167603;MINEIROS;GO;COMÉRCIO;SUDESTE;01/09/2023;15;CELG;0.09;17.548047;0.0;17.548047
202412;25518;B2W CE;AMERICANAS S.A - EM RECUPERACAO JUDICIAL;964913;AMER 1049;00776574009374;;GO;COMÉRCIO;SUDESTE;01/09/2023;15;CELG;0.09;12.335756;0.0;12.335756
202412;101281;BARAO SUPERMERCADOS;BARAO ESPECIALIDADES & DISTRIBUIDORA DE ALIMENTOS SA;965026;Barao Superme 965026;28790260000127;APARECIDA DE GOIÂNIA;GO;COMÉRCIO;SUDESTE;01/09/2023;15;CELG;0.157;70.333809;0.0;70.333809
202412;102529;UNIDOCKS;UNIDOCK'S ASSESSORIA E LOGISTICA DE MATERIAIS LTDA;965781;Aparecida de Goiânia;00233065005650;APARECIDA DE GOIÂNIA;GO;SERVIÇOS;SUDESTE;01/10/2023;15;CELG;0.6;219.232477;0.0;219.232477
202412;105965;SGB BRASILIT ABADIANIA CL;SAINT-GOBAIN DO BRASIL PRODUTOS INDUSTRIAIS E PARA CONSTRUCAO LTDA;965864;SGB BRASILIT ABADIAN;61064838016994;ABADIÂNIA;GO;MINERAIS NÃO-METÁLICOS;SUDESTE;01/10/2023;15;CELG;1.2;348.881274;0.0;348.881274
202412;3846;BRASIL TELECOM;OI S.A. - EM RECUPERACAO JUDICIAL;965913;ID UC 19064 - UC 137;76535764032851;GOIÂNIA;GO;TELECOMUNICAÇÕES;SUDESTE;01/10/2023;15;CELG;0.046;20.430705;0.0;20.430705
202412;99292;COMIGO-MATRIZ LIVRE;COOPERATIVA AGROINDUSTRIAL DOS PRODUTORES RURAIS DO SUDOESTE GOIANO;965967;COMIGO IPORÁ;02077618004334;;GO;COMÉRCIO;SUDESTE;01/10/2023;15;CELG;1.0;38.693963;0.0;38.693963
202412;60443;VIAVAREJO;GRUPO CASAS BAHIA S.A.;966424;1895 - CD HIDROLÂNDI;33041260160447;HIDROLÂNDIA;GO;COMÉRCIO;SUDESTE;01/11/2023;15;CELG;0.2;64.098828;0.0;64.098828
202412;60443;VIAVAREJO;GRUPO CASAS BAHIA S.A.;966479;Filial 1699 - ITUMBI;33041260136066;ITUMBIARA;GO;COMÉRCIO;SUDESTE;01/11/2023;15;CELG;0.095;11.024581;0.0;11.024581
202412;66054;VILLEFORT;CEMA CENTRAL MINEIRA ATACADISTA LTDA;966780;VILLEFORT RECANTO;03083231004272;GOIÂNIA;GO;COMÉRCIO;SUDESTE;01/11/2023;15;CELG;0.225;154.01647;0.0;154.01647
202412;102785;BRITAGRAN;BRITAGRAN BRITAS E GRANITOS MINERADORA LTDA;966900;BRITAGRAN;08528222000193;NOVA VENEZA;GO;MINERAIS NÃO-METÁLICOS;SUDESTE;01/11/2023;15;CELG;0.58;57.029935;0.0;57.029935
202412;86666;COMERCIAL REIS;COMERCIAL REIS LTDA;966694;Loja 23 - UC 6300663;03044201002637;RIO VERDE;GO;ALIMENTÍCIOS;SUDESTE;01/11/2023;15;CELG;0.205;82.719201;0.0;82.719201
202412;117662;TF EMBALAGENS GO;TF EMBALAGENS LTDA;970194;TF Embalagens Ltda;41413565000188;APARECIDA DE GOIÂNIA;GO;MANUFATURADOS DIVERSOS;SUDESTE;01/01/2024;15;CELG;0.5;165.172994;0.0;165.172994
202412;83937;DE HEUS;DE HEUS INDUSTRIA E COMERCIO DE NUTRICAO ANIMAL LTDA;970543;DE HEUS ITABERAI - U;02513991001022;ITABERAÍ;GO;ALIMENTÍCIOS;SUDESTE;01/02/2024;15;CELG;0.12;49.242511;0.0;49.242511
202412;60788;UTEPORTODAGUAS CL;CERRADINHO BIOENERGIA S.A.;971840;PORTO AGUAS II CARGA;08322396000103;CHAPADÃO DO CÉU;GO;MINERAIS NÃO-METÁLICOS;SUDESTE;01/02/2024;4144;LTI;7.0;53.222552;0.0;53.222552
202412;109491;HOSPITAL SÃO FRANCISCO;HOSPITAL SAO FRANCISCO DE ASSIS LTDA;972578;Hospital São Francis;01625151000106;GOIÂNIA;GO;SERVIÇOS;SUDESTE;01/02/2024;15;CELG;0.5;118.80669;0.0;118.80669
202412;93905;COMIGO-MATRIZ ESPECIAL;COOPERATIVA AGROINDUSTRIAL DOS PRODUTORES RURAIS DO SUDOESTE GOIANO;972918;COMIGO IMPLEMENTOS;02077618004172;RIO VERDE;GO;COMÉRCIO;SUDESTE;01/03/2024;15;CELG;0.06;9.926701;0.0;9.926701
202412;128202;URUACU;RUBIATABA INDUSTRIAL S.A.;974062;RUBIATABA INDUSTRIAL;03347747000370;URUAÇU;GO;MINERAIS NÃO-METÁLICOS;SUDESTE;01/03/2024;15;CELG;0.5;122.809267;0.0;122.809267
202412;93905;COMIGO-MATRIZ ESPECIAL;COOPERATIVA AGROINDUSTRIAL DOS PRODUTORES RURAIS DO SUDOESTE GOIANO;974967;COMIGO PARAÚNA 2;02077618002129;PARAÚNA;GO;COMÉRCIO;SUDESTE;01/04/2024;15;CELG;0.06;19.869207;0.0;19.869207
202412;105683;CENCOSUD BRASIL 126 SE;CENCOSUD BRASIL COMERCIAL S.A.;975595;CENCOSUD LOJA 541;39346861022807;GOIÂNIA;GO;COMÉRCIO;SUDESTE;01/04/2024;15;CELG;0.252;79.568718;0.0;79.568718
202412;105683;CENCOSUD BRASIL 126 SE;CENCOSUD BRASIL COMERCIAL S.A.;975678;CENCOSUD LOJA 615;39346861024850;GOIÂNIA;GO;COMÉRCIO;SUDESTE;01/04/2024;15;CELG;0.352;141.953751;0.0;141.953751
202412;3729;PERNAMBUCANAS;ARTHUR LUNDGREN TECIDOS S A CASAS PERNAMBUCANAS;976257;Pernam - Itumbiara;61099834030340;ITUMBIARA;GO;COMÉRCIO;SUDESTE;01/04/2024;15;CELG;0.075;12.568666;0.0;12.568666
202412;126380;GOIANESIA CALCARIO;GOIANESIA CALCARIO DOLOMITICO LTDA;976597;GOIANESIA CALCARIO -;13867739000228;VILA PROPÍCIO;GO;MINERAIS NÃO-METÁLICOS;SUDESTE;01/04/2024;15;CELG;1.2;16.444248;0.0;16.444248
202412;118422;CRV GO;CRV INDUSTRIAL LTDA;977390;CRV GO;03937452000192;CARMO DO RIO VERDE;GO;ALIMENTÍCIOS;SUDESTE;01/05/2024;66348;CHESP DIST;0.95;216.050328;0.0;216.050328
202412;30493;SANEAGO;SANEAMENTO DE GOIAS S/A;977808;SANEAGO - UC 2960007;01616929000102;PLANALTINA;GO;SANEAMENTO;SUDESTE;01/05/2024;15;CELG;0.27;145.307645;0.0;145.307645
202412;30493;SANEAGO;SANEAMENTO DE GOIAS S/A;979245;SANEAGO - UC 1500253;01616929000102;MORRINHOS;GO;SANEAMENTO;SUDESTE;01/06/2024;15;CELG;0.243;141.384921;0.0;141.384921
202412;30493;SANEAGO;SANEAMENTO DE GOIAS S/A;981369;SANEAGO - UC 2000448;01616929000102;APARECIDA DE GOIÂNIA;GO;SANEAMENTO;SUDESTE;01/07/2024;15;CELG;0.3;159.695532;0.0;159.695532
202412;128049;FRIGOIAS;FRIGOIAS INDUSTRIA & COMERCIO DE CARNE LTDA;983562;FRIGOIAS 10009266877;07779699000189;ANÁPOLIS;GO;ALIMENTÍCIOS;SUDESTE;01/07/2024;15;CELG;0.22;33.653625;0.0;33.653625
202412;93905;COMIGO-MATRIZ ESPECIAL;COOPERATIVA AGROINDUSTRIAL DOS PRODUTORES RURAIS DO SUDOESTE GOIANO;986822;COMIGO LOJA PALMEIRA;02077618004920;PALMEIRAS DE GOIÁS;GO;COMÉRCIO;SUDESTE;01/09/2024;15;CELG;0.045;13.01268;0.0;13.01268
202412;86666;COMERCIAL REIS;COMERCIAL REIS LTDA;987049;Loja 24;03044201002556;ITUMBIARA;GO;COMÉRCIO;SUDESTE;01/09/2024;15;CELG;0.12;76.48767;0.0;76.48767
202412;37972;FTO EUROCHEM;FERTILIZANTES TOCANTINS  S.A;987978;FTO Catalão;05571228000902;CATALÃO;GO;QUÍMICOS;SUDESTE;01/09/2024;15;CELG;0.3;43.353506;0.0;43.353506
202412;99037;GRANJA MANTIQUEIRA CL 514;MANTIQUEIRA ALIMENTOS LTDA.;988658;MANTIQUEIRA AL988658;04747794001850;CABECEIRAS;GO;ALIMENTÍCIOS;SUDESTE;01/09/2024;15;CELG;0.59;208.621808;0.0;208.621808
202412;30493;SANEAGO;SANEAMENTO DE GOIAS S/A;989982;SANEAGO - UC 1000558;01616929000102;GOIÂNIA;GO;SANEAMENTO;SUDESTE;01/10/2024;15;CELG;0.184;63.418714;0.0;63.418714
202412;85898;BRADESCO ESPECIAL SECO;BANCO BRADESCO S.A.;990415;10000359660 - 1395-C;60746948369205;CATALÃO;GO;SERVIÇOS;SUDESTE;01/10/2024;15;CELG;0.06;13.248324;0.0;13.248324
202412;2993;EMBRASATEC;EMBRASATEC INDUSTRIA E COMERCIO DE EMBALAGENS LTDA;992176;EMBRASATEC CATALÃO;05989100000297;CATALÃO;GO;TÊXTEIS;SUDESTE;01/11/2024;15;CELG;0.07;14.603438;0.0;14.603438
202412;30493;SANEAGO;SANEAMENTO DE GOIAS S/A;993458;UC 2210144365 - CAP/;01616929000102;SANTO ANTÔNIO DO DESCOBERTO;GO;SANEAMENTO;SUDESTE;01/11/2024;15;CELG;0.255;168.225835;0.0;168.225835
202412;100962;ITAU AMR I5 SE;ITAU UNIBANCO S.A.;993481;9338_GOIANIA REPUBLI;60701190377976;GOIÂNIA;GO;SERVIÇOS;SUDESTE;01/11/2024;15;CELG;0.056;15.200035;0.0;15.200035
202412;99718;REBIC CL 514;REBIC EMBALAGENS INDUSTRIA E COMERCIO LTDA;993725;REMBAL N&L (UC 10037;01370480000226;TRINDADE;GO;MANUFATURADOS DIVERSOS;SUDESTE;01/11/2024;15;CELG;1.5;116.932094;0.0;116.932094
202412;93109;COSTA MULTICANAL;COSTA MULTICANAL S/A;995057;COSTA LARANJEIRAS;27289076001964;GOIÂNIA;GO;COMÉRCIO;SUDESTE;01/12/2024;15;CELG;0.5;167.076558;0.0;167.076558
202412;74006;ANHANGUERA ESP;ANHANGUERA EDUCACIONAL PARTICIPACOES S/A;995397;1064 - Anápolis - UC;04310392006420;ANÁPOLIS;GO;SERVIÇOS;SUDESTE;01/12/2024;15;CELG;0.2;18.822919;0.0;18.822919
202412;96268;DEZ ALIMENTOS;DEZ ALIMENTOS LTDA;997830;DEZ ALIMENTOS 997830;04945225000171;MORRINHOS;GO;ALIMENTÍCIOS;SUDESTE;01/12/2024;15;CELG;0.12;1.283807;0.0;1.283807
202412;96268;DEZ ALIMENTOS;DEZ ALIMENTOS LTDA;997831;DEZ ALIMENTOS 997831;04945225000171;SANTA CRUZ DE GOIÁS;GO;ALIMENTÍCIOS;SUDESTE;01/12/2024;15;CELG;0.276;0.260343;0.0;0.260343
202412;11732;SJC BIOENERGIA CL;SJC BIOENERGIA LTDA;71543;QUIRINOPOLIS CONSUMO;10249419000135;QUIRINÓPOLIS;GO;SERVIÇOS;SUDESTE;01/07/2011;4078;TER;6.0;577.829218;0.0;577.829218
202412;132544;CMOC FOSFATO OUVIDOR CATALAO;CMOC BRASIL MINERACAO, INDUSTRIA E PARTICIPACOES LTDA.;7498;COPEBRAS OUVIDOR;26108898000533;OUVIDOR;GO;MINERAIS NÃO-METÁLICOS;SUDESTE;01/12/2004;15;CELG;28.5;16404.334009;0.0;16404.334009
202412;1851;MARACA;MINERACAO MARACA INDUSTRIA E COMERCIO S/A;70232;MARACA MINERACAO;86902053000113;ALTO HORIZONTE;GO;EXTRAÇÃO DE MINERAIS METÁLICOS;SUDESTE;01/09/2006;2226;CELG GERATRANS;45.4;30073.010732;0.0;30073.010732
202412;106402;MINERACAO MACEDO;MINERACAO MACEDO LTDA;7148;MINERAÇÃO MACEDO;48656146000116;GOIÁS;GO;EXTRAÇÃO DE MINERAIS METÁLICOS;SUDESTE;01/01/2006;145323;ELETROBRAS FURNAS;2.7;393.824039;0.0;393.824039
202412;1374;SAMA;SAMA S.A. - MINERACOES ASSOCIADAS;7465;SAMA-MINACU-GO;15104599000180;MINAÇU;GO;MINERAIS NÃO-METÁLICOS;SUDESTE;01/11/2004;15;CELG;10.7;4250.901523;0.0;4250.901523
202412;58827;BIO JATAI CL;BIOENERGIA JATAI LTDA.;889679;JATAI - CONSUMO;18686104000167;JATAÍ;GO;MINERAIS NÃO-METÁLICOS;SUDESTE;01/04/2013;4078;TER;6.0;346.603338;0.0;346.603338
202412;51592;JBS COUROS CL SE 5;JBS S/A;903713;JBS COUROS MONTES BE;02916265007849;SÃO LUÍS DE MONTES BELOS;GO;MANUFATURADOS DIVERSOS;SUDESTE;01/09/2016;15;CELG;0.85;431.300538;0.0;431.300538
202412;157920;GELNEX NAZARIO CE;GELNEX INDUSTRIA E COMERCIO LTDA;902744;GELNEX NAZARIO -GO;02001597000203;NAZÁRIO;GO;ALIMENTÍCIOS;SUDESTE;01/08/2016;15;CELG;4.05;2500.166587;0.0;2500.166587
202412;60806;GEOLAB;GEOLAB INDUSTRIA FARMACEUTICA S/A;900896;GEOLAB;03485572000104;ANÁPOLIS;GO;MANUFATURADOS DIVERSOS;SUDESTE;01/07/2016;15;CELG;2.25;1470.177176;0.0;1470.177176
202412;62541;PIRACANJUBA GO;LATICINIOS BELA VISTA S.A.;901046;LATICINIOS BELA VIST;02089969000530;BELA VISTA DE GOIÁS;GO;ALIMENTÍCIOS;SUDESTE;01/07/2016;15;CELG;7.62;4965.055449;0.0;4965.055449
202412;30963;NESTLE GOIANIA CL;NESTLE NORDESTE ALIMENTOS E BEBIDAS LTDA.;901553;DPAM GOIANIA;08334818000829;GOIÂNIA;GO;ALIMENTÍCIOS;SUDESTE;01/07/2016;15;CELG;2.0;820.827287;0.0;820.827287
202412;82644;BRF 349 JATAI CL;BRF S.A.;909309;BRF - FRIG AVES JATA;01838723018840;JATAÍ;GO;ALIMENTÍCIOS;SUDESTE;01/06/2017;15;CELG;3.025;1165.54543;0.0;1165.54543
202412;116357;MOSAIC - RIO VERDE;MOSAIC FERTILIZANTES DO BRASIL LTDA.;909697;MOSAIC RIO VERDE;61156501020777;RIO VERDE;GO;QUÍMICOS;SUDESTE;01/07/2017;15;CELG;0.35;36.736862;0.0;36.736862
202412;113237;ITALAC EI;GOIASMINAS INDUSTRIA DE LATICINIOS LTDA;908211;ITALAC CORUMBAIBA;01257995000133;CORUMBAÍBA;GO;ALIMENTÍCIOS;SUDESTE;01/03/2017;15;CELG;6.5;4284.826562;0.0;4284.826562
202412;66602;HERINGER;FERTILIZANTES HERINGER S.A.;910848;CATALAO;22266175004094;CATALÃO;GO;QUÍMICOS;SUDESTE;01/11/2017;15;CELG;0.28;10.352718;0.0;10.352718
202412;32242;MIN PIRINESPUS NESP;MINERACAO PIRINEUS LTDA;907178;MINERACAO PIRINEUS;37588415000308;COCALZINHO DE GOIÁS;GO;MINERAIS NÃO-METÁLICOS;SUDESTE;01/01/2017;15;CELG;1.325;4.914994;0.0;4.914994
202412;27493;PIRACANJUBA QJO2 GO;LATICINIOS BELA VISTA S.A.;911299;PIRACANJUBA QJO2;02089969001692;BELA VISTA DE GOIÁS;GO;SERVIÇOS;SUDESTE;01/12/2017;15;CELG;0.2;84.421471;0.0;84.421471
202412;85889;REFRESCOS BAND IND CL 514;REFRESCOS BANDEIRANTES INDUSTRIA E COMERCIO LTDA;911287;Refrescos Bandeirant;03380763001507;TRINDADE;GO;BEBIDAS;SUDESTE;01/12/2017;15;CELG;2.8;1550.491835;0.0;1550.491835
202412;76906;BRF 331 RIO VERDE CL;BRF S.A.;907020;BRF RIO VERDE;01838723017283;RIO VERDE;GO;ALIMENTÍCIOS;SUDESTE;01/01/2017;15;CELG;32.256;16994.761225;0.0;16994.761225
202412;71708;DU PONT CL;CORTEVA AGRISCIENCE DO BRASIL LTDA.;910524;DU PONT-FORMOSA-GO;61064929003780;FORMOSA;GO;ALIMENTÍCIOS;SUDESTE;01/10/2017;15;CELG;5.27;1209.167324;0.0;1209.167324
202412;7322;HAVAN SE;HAVAN S.A;904048;HAVAN 74 - VALPARAIS;79379491007781;VALPARAÍSO DE GOIÁS;GO;COMÉRCIO;SUDESTE;01/09/2016;15;CELG;0.39;92.592404;0.0;92.592404
202412;85509;BRASIL TELECOM LIVRE SE/CO;OI S.A. - EM RECUPERACAO JUDICIAL;919555;BR 153;76535764032851;GOIÂNIA;GO;TELECOMUNICAÇÕES;SUDESTE;01/12/2018;15;CELG;1.822;86.040056;0.0;86.040056
202412;27492;PIRACANJUBA JATAI GO;LATICINIOS BELA VISTA S.A.;904059;PIRACANJUBA JATAI;02089969002826;JATAÍ;GO;ALIMENTÍCIOS;SUDESTE;01/09/2016;15;CELG;0.39;66.680609;0.0;66.680609
202412;140003;MILHAO RIO VERDE;MILHAO INDUSTRIA E COMERCIO DE INGREDIENTES E CEREAIS S.A.;904698;LDC BRASIL RIO VERDE;08647384000655;RIO VERDE;GO;ALIMENTÍCIOS;SUDESTE;01/10/2016;15;CELG;4.6;143.95415;0.0;143.95415
202412;16502;BPBUNGE TRP CL;TROPICAL BIOENERGIA S.A.;891502;TROPICAL CONSUMO;08195806000194;EDEIA;GO;MINERAIS NÃO-METÁLICOS;SUDESTE;01/01/2014;4078;TER;4.0;448.015353;0.0;448.015353
202412;163013;FORTUNCERES MINEIROS;FORTUNCERES S.A.;922371;MINEIROS;52168923000584;MINEIROS;GO;ALIMENTÍCIOS;SUDESTE;01/02/2019;15;CELG;4.2;591.820995;0.0;591.820995
202412;29965;GERRESHEIMER MATRIZ;''GERRESHEIMER PLASTICOS SAO PAULO LTDA.'';912861;GERRESHEIMER GPP;04797661000493;ANÁPOLIS;GO;MANUFATURADOS DIVERSOS;SUDESTE;01/03/2018;15;CELG;5.0;3307.842049;0.0;3307.842049
202412;46146;GOVIDROS CL 514;GOVIDROS COMERCIAL GOIANIA DE VIDROS LTDA;922545;Govidros Com. Goiâni;02104503000302;APARECIDA DE GOIÂNIA;GO;COMÉRCIO;SUDESTE;01/02/2019;15;CELG;0.755;46.515822;0.0;46.515822
202412;99682;SERRA BRANCA CL 514;MINERACAO DE CALCARIO MONTIVIDIU LTDA;922519;MONTIVDIU - SERRA BR;02174951000536;INDIARA;GO;MINERAIS NÃO-METÁLICOS;SUDESTE;01/02/2019;15;CELG;1.75;263.347662;0.0;263.347662
202412;3999;C&A MODAS;C&A MODAS S.A.;923723;C&A MODAS LTDA. - RV;45242914035669;RIO VERDE;GO;COMÉRCIO;SUDESTE;01/05/2019;15;CELG;0.18;28.664656;0.0;28.664656
202412;46210;BRITENG CL 514;BRITENG BRITAGEM E CONSTRUCOES LTDA;923738;Briteng Ap Go;37878162000137;APARECIDA DE GOIÂNIA;GO;MINERAIS NÃO-METÁLICOS;SUDESTE;01/05/2019;15;CELG;0.73;108.106685;0.0;108.106685
202412;32500;DISTRIB ARAGUAIA ANAPOLIS CL;CDA ALIMENTOS S.A. EM RECUPERACAO JUDICIAL;904844;DIST ARAGUAIA ANAPOL;26651646000122;ANÁPOLIS;GO;SERVIÇOS;SUDESTE;01/10/2016;15;CELG;1.28;129.134808;0.0;129.134808
202412;98333;ALISUL ANAPOLIS CL;ALISUL ALIMENTOS SA;906616;ALISUL ANAPOLIS;89548523001403;ANÁPOLIS;GO;ALIMENTÍCIOS;SUDESTE;01/12/2016;15;CELG;1.69;520.143881;0.0;520.143881
202412;68095;OPEN MALL;J&L REAL ESTATE LTDA;913594;STREET MALL;09531384000143;GOIÂNIA;GO;SERVIÇOS;SUDESTE;01/04/2018;15;CELG;0.25;70.547162;0.0;70.547162
202412;72381;CATUPIRY;LATICINIOS CATUPIRY LTDA;918741;CATUPIRY DOVERLÂNDIA;61087367001908;DOVERLÂNDIA;GO;ALIMENTÍCIOS;SUDESTE;01/10/2018;15;CELG;0.17;123.101837;0.0;123.101837
202412;99713;HALEX ISTAR CL 514;HALEX ISTAR INDUSTRIA FARMACEUTICA SA;904185;HALEX ISTAR;01571702000198;GOIÂNIA;GO;MANUFATURADOS DIVERSOS;SUDESTE;01/09/2016;15;CELG;1.7;944.718409;0.0;944.718409
202412;111754;CARGILL ITB CL514;CARGILL AGRICOLA S A;906365;CARGILL AGRÍCOLA;60498706013054;ITUMBIARA;GO;ALIMENTÍCIOS;SUDESTE;01/12/2016;15;CELG;1.55;815.254104;0.0;815.254104
202412;31874;BONASA GO CL 514;BONASA ALIMENTOS LTDA EM;907173;BONASA GO;03573324002584;NOVA VENEZA;GO;ALIMENTÍCIOS;SUDESTE;01/01/2017;15;CELG;1.15;0.0;0.0;0.0
202412;85498;BEBIDAS IMPERIAL CL 514;INDUSTRIA E COMERCIO DE BEBIDAS IMPERIAL SA -;904825;BEBIDAS IMPERIAL;00552646000181;TRINDADE;GO;BEBIDAS;SUDESTE;01/10/2016;15;CELG;2.85;1191.680897;0.0;1191.680897
202412;46475;DANTAS MINERIOS CL 514;DANTAS MINERIOS LTDA;924935;Dantas Minérios Ltda;17833812000110;GUAPO;GO;MINERAIS NÃO-METÁLICOS;SUDESTE;01/07/2019;15;CELG;0.775;97.629495;0.0;97.629495
202412;156778;JAGUAFRANGOS GO CL;JAGUAFRANGOS INDUSTRIA E COMERCIO DE ALIMENTOS LTDA;926324;JAGUA INCUBAT FAZ S;85090033002842;PARAÚNA;GO;ALIMENTÍCIOS;SUDESTE;01/09/2019;15;CELG;0.515;146.497385;0.0;146.497385
202412;92484;MAGAZINE LUIZA - I5;MAGAZINE LUIZA S/A;929200;MAGALU - LOJ274;47960950043602;CATALÃO;GO;COMÉRCIO;SUDESTE;01/11/2019;15;CELG;0.056;14.056178;0.0;14.056178
202412;64004;VCSA EDEALINA;VOTORANTIM CIMENTOS S.A.;905808;VCSA EDEALINA;01637895019232;EDEALINA;GO;MINERAIS NÃO-METÁLICOS;SUDESTE;01/11/2016;15;CELG;20.0;6219.637837;0.0;6219.637837
202412;88208;SUPERVI;SUPERVI DISTRIBUIDOR DE ALIMENTOS LTDA;933983;LOJA 8 - CENTRO;07503617000845;ANÁPOLIS;GO;COMÉRCIO;SUDESTE;01/02/2020;15;CELG;0.065;32.972256;0.0;32.972256
202412;82846;RIACHUELO LT 1 SE/CO;LOJAS RIACHUELO SA;933945;RCHLO LOJA 38;33200056006341;APARECIDA DE GOIÂNIA;GO;COMÉRCIO;SUDESTE;01/02/2020;15;CELG;0.28;76.169226;0.0;76.169226
202412;1477;ASSAI ATACADISTA;SENDAS DISTRIBUIDORA S/A;934743;SENDAS SE/CO - 140 (;06057223022906;GOIÂNIA;GO;COMÉRCIO;SUDESTE;01/03/2020;15;CELG;0.75;301.319688;0.0;301.319688
202412;48806;MONTIVIDIUPIRANHASPCL514;MINERACAO DE CALCARIO MONTIVIDIU LTDA;934998;MONTIVIDIU PIRANHAS;02174951000293;PIRANHAS;GO;COMÉRCIO;SUDESTE;01/03/2020;15;CELG;0.5;0.221595;0.0;0.221595
202412;84077;ACHE LABORATORIOS;ACHE LABORATORIOS FARMACEUTICOS SA;934996;MELCON;60659463003298;ANÁPOLIS;GO;COMÉRCIO;SUDESTE;01/03/2020;15;CELG;1.06;383.000673;0.0;383.000673
202412;82528;L MERLIN 2 SE;LEROY MERLIN COMPANHIA BRASILEIRA DE BRICOLAGEM;935467;Leroy Merlin Goiânia;01438784001926;GOIÂNIA;GO;COMÉRCIO;SUDESTE;01/04/2020;15;CELG;0.54;235.378286;0.0;235.378286
202412;90988;MPL INDUSTRIA;MPL INDUSTRIA E COMERCIO DE ROUPAS LTDA;935836;MPL 10006310450;08007677000163;APARECIDA DE GOIÂNIA;GO;TÊXTEIS;SUDESTE;01/04/2020;15;CELG;0.205;16.83077;0.0;16.83077
202412;46781;CVL TEMPERA CL 514;CVL TEMPERA DE VIDROS LTDA;936009;CVL;13498295000110;APARECIDA DE GOIÂNIA;GO;MINERAIS NÃO-METÁLICOS;SUDESTE;01/04/2020;15;CELG;0.5;93.596082;0.0;93.596082
202412;87014;C CE TFLEX;TFLEX INDUSTRIA E COMERCIO DE TUBOS LTDA;936146;TFLEX UC 10011497066;17496722000181;IPAMERI;GO;MANUFATURADOS DIVERSOS;SUDESTE;01/05/2020;15;CELG;0.25;80.181955;0.0;80.181955
202412;49033;C CL CENTROESTE PLASTICOS;CENTROESTE COMERCIO DE PLASTICOS LTDA;936391;CENTROESTE - UC 1000;10544065000151;GOIÂNIA;GO;SANEAMENTO;SUDESTE;01/05/2020;15;CELG;0.5;167.781519;0.0;167.781519
202412;92091;LOPES VIANDELLI;LOPES VIANDELLI PRODUTOS ALIMENTICIOS LTDA;937130;LOPES V. LOJA 1;26910752000426;GOIANÉSIA;GO;COMÉRCIO;SUDESTE;01/06/2020;15;CELG;0.18;85.950941;0.0;85.950941
202412;92070;ITUMBIARA TEXTIL;ITUMBIARA INDUSTRIA TEXTIL LTDA;937203;Itumbiara Indústria;11457217000141;ITUMBIARA;GO;TÊXTEIS;SUDESTE;01/06/2020;15;CELG;0.5;257.9639;0.0;257.9639
202412;1477;ASSAI ATACADISTA;SENDAS DISTRIBUIDORA S/A;937464;SENDAS SE/CO - 84 (G;06057223034319;GOIÂNIA;GO;COMÉRCIO;SUDESTE;01/07/2020;15;CELG;0.53;181.387259;0.0;181.387259
202412;86668;VD FABRICA DE VIDROS;VD FABRICA DE VIDROS TEMPERADOS LTDA;937775;VD Fabrica de Vidros;17385003000193;APARECIDA DE GOIÂNIA;GO;MINERAIS NÃO-METÁLICOS;SUDESTE;01/07/2020;15;CELG;0.5;89.003091;0.0;89.003091
202412;48788;C CL MILLENIUM PLASTICOS;MILLENIUM PLASTICOS LTDA;937790;MILLENIUM - MATRIZ -;09620902000103;GOIÂNIA;GO;MANUFATURADOS DIVERSOS;SUDESTE;01/07/2020;15;CELG;0.65;91.638769;0.0;91.638769
202412;86666;COMERCIAL REIS;COMERCIAL REIS LTDA;937746;Loja 11;03044201001312;CATALÃO;GO;COMÉRCIO;SUDESTE;01/07/2020;15;CELG;0.149;55.853391;0.0;55.853391
202412;95945;BEAPLAST;BEAPLAST INDUSTRIA E COMERCIO LTDA;939119;BEAPLAST IND E COMER;33667336000161;FORMOSA;GO;COMÉRCIO;SUDESTE;01/09/2020;15;CELG;0.3;49.482448;0.0;49.482448
202412;99292;COMIGO-MATRIZ LIVRE;COOPERATIVA AGROINDUSTRIAL DOS PRODUTORES RURAIS DO SUDOESTE GOIANO;939729;COM-PONTE DE PEDRA;02077618003443;RIO VERDE;GO;SERVIÇOS;SUDESTE;01/10/2020;15;CELG;1.225;62.232643;0.0;62.232643
202412;4574;BRASIL TELE SE;OI S.A. - EM RECUPERACAO JUDICIAL;940696;UC 11071072 - CAM G;76535764032851;GOIÂNIA;GO;TELECOMUNICAÇÕES;SUDESTE;01/12/2020;15;CELG;0.16;68.661385;0.0;68.661385
202412;47398;LUZIANIA RENDERING CL 514;LUZIANIA RENDERING LTDA;940867;LUZIANIA RENDERING;24000570000140;LUZIÂNIA;GO;ALIMENTÍCIOS;SUDESTE;01/12/2020;15;CELG;0.5;126.474213;0.0;126.474213
202412;32243;FRIGORIFICO BEAUVALLET CL 514;BEAUVALLET GOIAS ALIMENTOS LTDA;940932;FRIGORIFICO BEAUVALL;35156596000106;INHUMAS;GO;ALIMENTÍCIOS;SUDESTE;01/12/2020;15;CELG;1.4;961.835123;0.0;961.835123
202412;4574;BRASIL TELE SE;OI S.A. - EM RECUPERACAO JUDICIAL;941358;UC 11071114 GOIANIA;76535764032851;GOIÂNIA;GO;TELECOMUNICAÇÕES;SUDESTE;01/01/2021;15;CELG;0.19;70.081852;0.0;70.081852
202412;89866;CARAMURU ARMAZENS GO;CARAMURU ALIMENTOS  S/A;942084;CARAMURU ARMAZENS JA;00080671004601;JATAÍ;GO;SERVIÇOS;SUDESTE;01/02/2021;15;CELG;0.3;28.3034;0.0;28.3034
202412;46083;MINERADORA AMERICAL CL 514;MINERADORA AMERICAL LTDA;943240;MINERACAO AMERICAL;04317119000143;POSSE;GO;MINERAIS NÃO-METÁLICOS;SUDESTE;01/03/2021;15;CELG;0.5;6.342453;0.0;6.342453
202412;98167;ABL ENERGIA;FMC ENERGIA LTDA;943813;FMC - PLAZA DORO SHO;35585168000190;GOIÂNIA;GO;SERVIÇOS;SUDESTE;01/04/2021;15;CELG;0.5;111.367923;0.0;111.367923
202412;28565;EKOPLASTIC;EKOPLASTIC INDUSTRIA DE EMBALAGENS LTDA;947648;EKOPLASTIC;09491921000179;APARECIDA DE GOIÂNIA;GO;MANUFATURADOS DIVERSOS;SUDESTE;01/10/2021;15;CELG;0.5;111.215214;0.0;111.215214
202412;63677;RENNER MATRIZ SUDESTE;LOJAS RENNER S.A.;948219;RNR097_SHOPPING BOUG;92754738010630;GOIÂNIA;GO;COMÉRCIO;SUDESTE;01/11/2021;15;CELG;0.055;10.268716;0.0;10.268716
202412;47986;CAFE RANCHEIRO CL 514;CAFE RANCHEIRO AGRO INDUSTRIAL LTDA;948413;Café Rancheiro Agro;02924249000119;ANÁPOLIS;GO;ALIMENTÍCIOS;SUDESTE;01/11/2021;15;CELG;0.9;599.450852;0.0;599.450852
202412;24882;ATACADAO DIA A DIA 002;ATACADAO DIA A DIA S.A;948781;DIA A DIA - CALDAS N;17457404001183;CALDAS NOVAS;GO;COMÉRCIO;SUDESTE;01/12/2021;15;CELG;0.24;197.305184;0.0;197.305184
202412;105241;C CL INTERFAST GOIAS;INTERFAST GOIAS SERVICOS E ARMAZENAMENTO DE GRAOS LTDA;948937;INTERFAST - VIANÓPOL;48759688000203;VIANÓPOLIS;GO;SERVIÇOS;SUDESTE;01/12/2021;15;CELG;0.65;5.873412;0.0;5.873412
202412;26879;ICO METAIS;EDSON LUCCA LTDA;948990;ICO METAIS UC 401891;14094415000186;TRINDADE;GO;MANUFATURADOS DIVERSOS;SUDESTE;01/12/2021;15;CELG;0.29;32.258082;0.0;32.258082
202412;33493;ZARA BRASIL SE;INDITEX BRASIL LTDA.;949974;ZR7059_FLAMBOYANT SH;02952485003164;GOIÂNIA;GO;COMÉRCIO;SUDESTE;01/01/2022;15;CELG;0.22;61.028309;0.0;61.028309
202412;96052;TRANSZILLI;TRANSPORTES E ARMAZENAGEM ZILLI LTDA;950813;TRANSZILLI  TRANZILO;81804684001824;APARECIDA DE GOIÂNIA;GO;TRANSPORTE;SUDESTE;01/03/2022;15;CELG;0.885;411.114521;0.0;411.114521
202412;93905;COMIGO-MATRIZ ESPECIAL;COOPERATIVA AGROINDUSTRIAL DOS PRODUTORES RURAIS DO SUDOESTE GOIANO;951472;COMIGO ARM. SERRANOP;02077618003796;SERRANÓPOLIS;GO;SERVIÇOS;SUDESTE;01/04/2022;15;CELG;0.25;5.750062;0.0;5.750062
202412;38045;BRF 488 ESTRELA DALVA CE;BRF S.A.;951445;BRF - GRAOS ESTRELA;01838723018174;JATAÍ;GO;COMÉRCIO;SUDESTE;01/04/2022;15;CELG;0.3;53.578626;0.0;53.578626
202412;86578;TATICO SETOR CENTRO OESTE;CENTRO OESTE COMERCIAL DE ALIMENTOS LTDA;952992;TATICO AGUAS L;24447350001300;;GO;COMÉRCIO;SUDESTE;01/06/2022;15;CELG;0.149;109.040667;0.0;109.040667
202412;60443;VIAVAREJO;GRUPO CASAS BAHIA S.A.;954125;Filial 527 - UC: 100;33041260053870;APARECIDA DE GOIÂNIA;GO;COMÉRCIO;SUDESTE;01/08/2022;15;CELG;0.05;7.81736;0.0;7.81736
202412;28120;NUTRISAL ESP;AGRO-TAURUS BRASIL, INDUSTRIA, COMERCIO, DISTRIBUICAO, AGROPECUARIA E TRANSPORTES LTDA;954617;NUTRISAL - UC 100073;26739698000155;RIO VERDE;GO;ALIMENTÍCIOS;SUDESTE;01/08/2022;15;CELG;0.25;39.10341;0.0;39.10341
202412;37878;BRK GO;BRK AMBIENTAL - GOIAS S.A.;954545;BRK GO - ETE EEE RIO;18123402000491;JATAÍ;GO;SANEAMENTO;SUDESTE;01/08/2022;15;CELG;0.1;194.683384;0.0;194.683384
202412;28120;NUTRISAL ESP;AGRO-TAURUS BRASIL, INDUSTRIA, COMERCIO, DISTRIBUICAO, AGROPECUARIA E TRANSPORTES LTDA;954587;2F ARMAZENS - UC 100;50147588000189;RIO VERDE;GO;SERVIÇOS;SUDESTE;01/08/2022;15;CELG;0.28;8.241723;0.0;8.241723
202412;101161;SM EMPREENDIMENTOS APE SOLAR;SM EMPREENDIMENTOS FARMACEUTICOS LTDA;954591;FAGRON - FSBR I;44015477000620;ANÁPOLIS;GO;MANUFATURADOS DIVERSOS;SUDESTE;01/08/2022;15;CELG;0.8;348.503935;0.0;348.503935
202412;37878;BRK GO;BRK AMBIENTAL - GOIAS S.A.;954592;BRK GO - EEE MIRANDA;18123402000220;TRINDADE;GO;SANEAMENTO;SUDESTE;01/08/2022;15;CELG;0.065;9.655634;0.0;9.655634
202412;39276;SAO SALVADOR AL;SAO SALVADOR ALIMENTOS S/A;954750;S SALVADOR AL 954750;03387396001484;SÃO FRANCISCO DE GOIÁS;GO;ALIMENTÍCIOS;SUDESTE;01/09/2022;15;CELG;0.93;393.306088;0.0;393.306088
202412;52787;LDC BRASIL MONTIVIDIU;LOUIS DREYFUS COMPANY BRASIL S.A.;957180;LDC BR - MONTIVIDIU;47067525007200;MONTIVIDIU;GO;ALIMENTÍCIOS;SUDESTE;01/12/2022;15;CELG;0.11;3.942662;0.0;3.942662
202412;30671;AGREX - GOIATUBA ARMAZEM;AGREX DO BRASIL LTDA.;957209;AGREX - Goiatuba Arm;10515785000350;GOIATUBA;GO;ALIMENTÍCIOS;SUDESTE;01/12/2022;15;CELG;0.16;8.031703;0.0;8.031703
202412;52729;LDC BR MINEIROS;LOUIS DREYFUS COMPANY BRASIL S.A.;957261;LDC BR - MINEIROS -;47067525014915;MINEIROS;GO;ALIMENTÍCIOS;SUDESTE;01/12/2022;15;CELG;0.14;11.584563;0.0;11.584563
202412;60443;VIAVAREJO;GRUPO CASAS BAHIA S.A.;957694;Filial 1331 - ST. CA;33041260108950;GOIÂNIA;GO;COMÉRCIO;SUDESTE;01/01/2023;15;CELG;0.17;26.756046;0.0;26.756046
202412;44864;LF PLASTICOS NESP;LF PLASTICOS LTDA;957869;LF PLÁSTICOS - FILIA;06947499000206;APARECIDA DE GOIÂNIA;GO;MANUFATURADOS DIVERSOS;SUDESTE;01/01/2023;15;CELG;1.0;214.383617;0.0;214.383617
202412;41165;EVOLVE;EVOLVE PARTICIPACOES EM SOCIEDADES S.A.;958232;EVOLVE - GOIÂNIA;34324641000113;GOIÂNIA;GO;SERVIÇOS;SUDESTE;01/01/2023;15;CELG;0.15;21.261002;0.0;21.261002
202412;41165;EVOLVE;EVOLVE PARTICIPACOES EM SOCIEDADES S.A.;958345;EVOLVE - FORMOSA;34324641000113;FORMOSA;GO;SERVIÇOS;SUDESTE;01/01/2023;15;CELG;0.1;27.958675;0.0;27.958675
202412;54810;NAUTICO LIVRE;NAUTICO HOTEIS E PARQUES LTDA;958392;NAUTICO;05513549000101;CALDAS NOVAS;GO;ALIMENTÍCIOS;SUDESTE;01/01/2023;15;CELG;0.5;113.374413;0.0;113.374413
202412;60443;VIAVAREJO;GRUPO CASAS BAHIA S.A.;958480;Filial 1324 - ANÁPOL;33041260108100;ANÁPOLIS;GO;COMÉRCIO;SUDESTE;01/02/2023;15;CELG;0.2;13.525144;0.0;13.525144
202412;62344;DASA;DIAGNOSTICOS DA AMERICA S.A .;958559;D650_AT VILA BRASILI;61486650028940;APARECIDA DE GOIÂNIA;GO;SERVIÇOS;SUDESTE;01/02/2023;15;CELG;0.14;76.96295;0.0;76.96295
202412;62761;TRA-FORTLEV-ES;FORTLEV INDUSTRIA E COMERCIO DE PLASTICOS LTDA;959435;FORTLEV GOIAS;10921911001004;ANÁPOLIS;GO;MANUFATURADOS DIVERSOS;SUDESTE;01/03/2023;15;CELG;0.3;239.464027;0.0;239.464027
202412;112544;CM DE OLIVEIRA ESPECIAL;CM DE OLIVEIRA LTDA;959569;Frigorifico CM Olive;35577404000127;INHUMAS;GO;ALIMENTÍCIOS;SUDESTE;01/03/2023;15;CELG;1.0;341.734357;0.0;341.734357
202412;52103;CAVA;CAVA- COMERCIAL ATACADISTA E VAREJISTA DE ALIMENTOS LTDA;959696;CAVA - MARACANA;36770574000196;ANÁPOLIS;GO;COMÉRCIO;SUDESTE;01/03/2023;15;CELG;0.25;126.385166;0.0;126.385166
202412;101481;WATER PARK LIVRE;ELDORADO WATER PARK LTDA;959720;WATER PARK;07329036000162;CALDAS NOVAS;GO;SERVIÇOS;SUDESTE;01/03/2023;15;CELG;0.5;68.820733;0.0;68.820733
202412;52102;SUPERMERCADO BRJ;SUPERMERCADO BRJ LTDA;959756;JARDIM GOIAS 959756;17350225000170;GOIÂNIA;GO;COMÉRCIO;SUDESTE;01/03/2023;15;CELG;0.25;113.68278;0.0;113.68278
202412;62344;DASA;DIAGNOSTICOS DA AMERICA S.A .;959886;D375 - AT CATEDRAL (;61486650031810;GOIÂNIA;GO;SERVIÇOS;SUDESTE;01/03/2023;15;CELG;0.03;3.831951;0.0;3.831951
202412;60806;GEOLAB;GEOLAB INDUSTRIA FARMACEUTICA S/A;960460;GEOLAB SITE II - UC;03485572000600;ANÁPOLIS;GO;MANUFATURADOS DIVERSOS;SUDESTE;01/05/2023;15;CELG;1.3;825.654858;0.0;825.654858
202412;39176;CENCOSUD BRASIL 104 SE;CENCOSUD BRASIL COMERCIAL S.A.;960710;CENCOSUD LOJA 554;39346861023536;CATALÃO;GO;COMÉRCIO;SUDESTE;01/05/2023;15;CELG;0.304;110.365256;0.0;110.365256
202412;122519;URBANO FORMOSA;URBANO AGROINDUSTRIAL LTDA;961332;NOBRE ALIMENTOS LTDA;84432111002100;FORMOSA;GO;ALIMENTÍCIOS;SUDESTE;01/05/2023;15;CELG;0.5;63.846585;0.0;63.846585
202412;38740;SUPERMERCADO FLORESTA;F G COMERCIAL DE ALIMENTOS LTDA;961284;SUPER FLOREST 961284;14200272000301;ANÁPOLIS;GO;COMÉRCIO;SUDESTE;01/05/2023;15;CELG;0.242;80.182224;0.0;80.182224
202412;146417;MADERO ESP SE;MADERO INDUSTRIA E COMERCIO S.A.;961917;MAD_072_MD_STH_FLAMB;13783221000478;GOIÂNIA;GO;ALIMENTÍCIOS;SUDESTE;01/06/2023;15;CELG;0.12;38.94144;0.0;38.94144
202412;52403;REDE LUCAS;REDE LUCAS DE SUPERMERCADOS LTDA;962112;REDE LUCAS LJ 11 (UC;06894782001108;RIO VERDE;GO;COMÉRCIO;SUDESTE;01/06/2023;15;CELG;0.095;52.677962;0.0;52.677962
202412;4574;BRASIL TELE SE;OI S.A. - EM RECUPERACAO JUDICIAL;962639;ID UC 18988 - UC 115;76535764032851;APARECIDA DE GOIÂNIA;GO;TELECOMUNICAÇÕES;SUDESTE;01/07/2023;15;CELG;0.093;48.000361;0.0;48.000361
202412;93706;UNIMED GO;UNIMED GOIANIA COOPERATIVA DE TRABALHO MEDICO;963281;JARDIM AMERICA (UC 1;02476067001285;GOIÂNIA;GO;SERVIÇOS;SUDESTE;01/08/2023;15;CELG;0.054;11.355807;0.0;11.355807
202412;93706;UNIMED GO;UNIMED GOIANIA COOPERATIVA DE TRABALHO MEDICO;963262;CENTRO ESPECIALIDADE;02476067000394;GOIÂNIA;GO;SERVIÇOS;SUDESTE;01/08/2023;15;CELG;0.133;33.1084;0.0;33.1084
202412;106005;P&G ALIMENTOS;P&G IND. DE ALIMENTOS LTDA;963519;P&G IND. DE ALIMENTO;36397139000168;BELA VISTA DE GOIÁS;GO;ALIMENTÍCIOS;SUDESTE;01/08/2023;15;CELG;0.5;217.17252;0.0;217.17252
202412;25518;B2W CE;AMERICANAS S.A - EM RECUPERACAO JUDICIAL;964247;AMER 190;00776574150395;APARECIDA DE GOIÂNIA;GO;COMÉRCIO;SUDESTE;01/09/2023;15;CELG;0.129;25.712048;0.0;25.712048
202412;93905;COMIGO-MATRIZ ESPECIAL;COOPERATIVA AGROINDUSTRIAL DOS PRODUTORES RURAIS DO SUDOESTE GOIANO;964477;COMIGO ADUTORA;02077618000266;RIO VERDE;GO;COMÉRCIO;SUDESTE;01/09/2023;15;CELG;0.09;28.530236;0.0;28.530236
202412;52403;REDE LUCAS;REDE LUCAS DE SUPERMERCADOS LTDA;964895;Loja 06  - UC 800269;06894782000640;QUIRINÓPOLIS;GO;COMÉRCIO;SUDESTE;01/09/2023;15;CELG;0.175;98.16109;0.0;98.16109
202412;25518;B2W CE;AMERICANAS S.A - EM RECUPERACAO JUDICIAL;964821;AMER 409;00776574119986;NOVO GAMA;GO;COMÉRCIO;SUDESTE;01/09/2023;15;CELG;0.075;8.814855;0.0;8.814855
202412;25518;B2W CE;AMERICANAS S.A - EM RECUPERACAO JUDICIAL;964898;AMER 1135;00776574130360;RIO VERDE;GO;COMÉRCIO;SUDESTE;01/09/2023;15;CELG;0.082;12.295953;0.0;12.295953
202412;101281;BARAO SUPERMERCADOS;BARAO ESPECIALIDADES & DISTRIBUIDORA DE ALIMENTOS SA;965009;Barao Superme 965009;28790260000127;GOIÂNIA;GO;COMÉRCIO;SUDESTE;01/09/2023;15;CELG;0.109;46.064603;0.0;46.064603
202412;101281;BARAO SUPERMERCADOS;BARAO ESPECIALIDADES & DISTRIBUIDORA DE ALIMENTOS SA;965025;Barao Superme 965025;28790260000127;GOIÂNIA;GO;COMÉRCIO;SUDESTE;01/09/2023;15;CELG;0.117;56.210417;0.0;56.210417
202412;86666;COMERCIAL REIS;COMERCIAL REIS LTDA;965917;Loja 18;03044201002041;QUIRINÓPOLIS;GO;COMÉRCIO;SUDESTE;01/10/2023;15;CELG;0.15;72.456001;0.0;72.456001
202412;3846;BRASIL TELECOM;OI S.A. - EM RECUPERACAO JUDICIAL;965960;ID UC 20011 - UC 483;76535764032851;;GO;TELECOMUNICAÇÕES;SUDESTE;01/10/2023;15;CELG;0.03;3.627941;0.0;3.627941
202412;3846;BRASIL TELECOM;OI S.A. - EM RECUPERACAO JUDICIAL;965986;ID UC 19068 - UC 139;76535764032851;MINEIROS;GO;TELECOMUNICAÇÕES;SUDESTE;01/10/2023;15;CELG;0.064;28.747957;0.0;28.747957
202412;60443;VIAVAREJO;GRUPO CASAS BAHIA S.A.;966425;Filial 1553 - RIO VE;33041260109417;RIO VERDE;GO;COMÉRCIO;SUDESTE;01/11/2023;15;CELG;0.1;22.998244;0.0;22.998244
202412;60443;VIAVAREJO;GRUPO CASAS BAHIA S.A.;966442;Filial 425 - ANÁPOLI;33041260000245;ANÁPOLIS;GO;COMÉRCIO;SUDESTE;01/11/2023;15;CELG;0.08;10.276055;0.0;10.276055
202412;98335;SLC AGRICOLA CL 514;SLC AGRICOLA S.A.;966651;SLC PAMPLONA ARM ALG;89096457001127;CRISTALINA;GO;ALIMENTÍCIOS;SUDESTE;01/11/2023;15;CELG;1.08;17.930718;0.0;17.930718
202412;100962;ITAU AMR I5 SE;ITAU UNIBANCO S.A.;966614;209_JATAI-GO (UC 290;60701190070064;JATAÍ;GO;SERVIÇOS;SUDESTE;01/11/2023;15;CELG;0.051;10.314305;0.0;10.314305
202412;4574;BRASIL TELE SE;OI S.A. - EM RECUPERACAO JUDICIAL;966612;ID UC 19003 - UC 120;76535764032851;LUZIÂNIA;GO;TELECOMUNICAÇÕES;SUDESTE;01/11/2023;15;CELG;0.055;39.496486;0.0;39.496486
202412;3729;PERNAMBUCANAS;ARTHUR LUNDGREN TECIDOS S A CASAS PERNAMBUCANAS;971417;Pernambucanas - Anap;61099834041466;ANÁPOLIS;GO;COMÉRCIO;SUDESTE;01/02/2024;15;CELG;0.14;19.829686;0.0;19.829686
202412;100962;ITAU AMR I5 SE;ITAU UNIBANCO S.A.;973787;875_GOIANIA-DERGO (U;60701190096705;GOIÂNIA;GO;SERVIÇOS;SUDESTE;01/03/2024;15;CELG;0.044;9.948408;0.0;9.948408
202412;86578;TATICO SETOR CENTRO OESTE;CENTRO OESTE COMERCIAL DE ALIMENTOS LTDA;974070;TATICO - LUZIANIA;24447350001645;LUZIÂNIA;GO;COMÉRCIO;SUDESTE;01/04/2024;15;CELG;0.25;155.038014;0.0;155.038014
202412;93109;COSTA MULTICANAL;COSTA MULTICANAL S/A;975091;COSTA LUZIANIA;27289076000135;LUZIÂNIA;GO;COMÉRCIO;SUDESTE;01/04/2024;15;CELG;0.3;135.110321;0.0;135.110321
202412;67874;ISOESTE;KINGSPAN - ISOESTE CONSTRUTIVOS ISOTERMICOS S/A;975147;ISOESTE ANAPOLIS I (;00289348000140;ANÁPOLIS;GO;METALURGIA E PRODUTOS DE METAL;SUDESTE;01/04/2024;15;CELG;0.4;96.857223;0.0;96.857223
202412;116157;GOIANESIA;USINA GOIANESIA S/A;975259;GOIANESIA;02460988000105;GOIANÉSIA;GO;ALIMENTÍCIOS;SUDESTE;01/04/2024;15;CELG;1.0;105.842939;0.0;105.842939
202412;30493;SANEAGO;SANEAMENTO DE GOIAS S/A;977475;SANEAGO - UC 1131312;01616929000102;GOIÂNIA;GO;SANEAMENTO;SUDESTE;01/05/2024;15;CELG;0.273;120.124912;0.0;120.124912
202412;93706;UNIMED GO;UNIMED GOIANIA COOPERATIVA DE TRABALHO MEDICO;979869;BEM TE VI (UC 148474;02476067002257;GOIÂNIA;GO;SERVIÇOS;SUDESTE;01/06/2024;15;CELG;0.097;12.971696;0.0;12.971696
202412;86666;COMERCIAL REIS;COMERCIAL REIS LTDA;982530;Loja 20;03044201002475;APARECIDA DE GOIÂNIA;GO;COMÉRCIO;SUDESTE;01/07/2024;15;CELG;0.136;94.084101;0.0;94.084101
202412;141721;SAKURA NAKAYA ALIMENTOS;SAKURA NAKAYA ALIMENTOS LTDA;987274;SAKURA - GOAIS;61070694000713;OUVIDOR;GO;ALIMENTÍCIOS;SUDESTE;01/09/2024;15;CELG;0.35;91.901076;0.0;91.901076
202412;93905;COMIGO-MATRIZ ESPECIAL;COOPERATIVA AGROINDUSTRIAL DOS PRODUTORES RURAIS DO SUDOESTE GOIANO;990242;COMIGO LOJA CAÇU (UC;02077618005144;CAÇU;GO;COMÉRCIO;SUDESTE;01/10/2024;15;CELG;0.05;14.063954;0.0;14.063954
202412;157344;GELNEX CAPTACAO CE;GELNEX INDUSTRIA E COMERCIO LTDA;993392;GELNEX - CAPTAÇÃO UC;02001597000203;NAZÁRIO;GO;ALIMENTÍCIOS;SUDESTE;01/11/2024;15;CELG;0.091;57.146385;0.0;57.146385
202412;154246;LOJAS AVENIDA SE RAIZEN;LOJAS AVENIDA S.A;995115;LOJAS AVENIDA - 1000;00819201004102;ANÁPOLIS;GO;COMÉRCIO;SUDESTE;01/12/2024;15;CELG;0.05;10.532747;0.0;10.532747
202412;154246;LOJAS AVENIDA SE RAIZEN;LOJAS AVENIDA S.A;997240;LOJAS AVENIDA - 1003;00819201000115;VALPARAÍSO DE GOIÁS;GO;COMÉRCIO;SUDESTE;01/12/2024;15;CELG;0.03;10.136312;0.0;10.136312
202412;96268;DEZ ALIMENTOS;DEZ ALIMENTOS LTDA;997847;DEZ ALIMENTOS - UC 3;04945225000171;SANTA CRUZ DE GOIÁS;GO;ALIMENTÍCIOS;SUDESTE;01/12/2024;15;CELG;0.25;3.532735;0.0;3.532735
202412;96268;DEZ ALIMENTOS;DEZ ALIMENTOS LTDA;997846;DEZ ALIMENTOS 997846;04945225000171;SANTA CRUZ DE GOIÁS;GO;ALIMENTÍCIOS;SUDESTE;01/12/2024;15;CELG;0.175;2.983474;0.0;2.983474
202412;111757;CARGILL RVE CL514;CARGILL AGRICOLA S A;70409;CARGILL RVE R VERDE;60498706006600;RIO VERDE;GO;ALIMENTÍCIOS;SUDESTE;01/04/2007;15;CELG;5.717;3201.890638;0.0;3201.890638
202412;87004;ANGLO BARRO ALTO;ANGLO AMERICAN NIQUEL BRASIL LTDA;71155;ANGLO AMERICAN BARRO;42184226001101;BARRO ALTO;GO;METALURGIA E PRODUTOS DE METAL;SUDESTE;01/07/2010;145323;ELETROBRAS FURNAS;210.0;128606.747608;0.0;128606.747608
202412;3949;LASA;LASA LAGO AZUL SA;70621;LAGO AZUL AP;02678100000105;IPAMERI;GO;MINERAIS NÃO-METÁLICOS;SUDESTE;01/07/2008;15;CELG;1.7;573.75542;0.0;573.75542
202412;87851;COG-SPFRANGO CL 514;SAO SALVADOR ALIMENTOS S/A;72034;S FRANGO RAC ITABERI;03387396000240;ITABERAÍ;GO;ALIMENTÍCIOS;SUDESTE;01/05/2012;15;CELG;3.0;1157.914983;0.0;1157.914983
202412;47797;QUALITY ALIMENTOS CL 514;QUALITY INDUSTRIA DE ALIMENTOS LTDA;903575;QUALITY II - UC 2100;08906799000191;ANÁPOLIS;GO;COMÉRCIO;SUDESTE;01/09/2016;15;CELG;0.8;0.0;0.0;0.0
202412;57057;NEOVIA INHUMAS CL;NEOVIA NUTRICAO E SAUDE ANIMAL LTDA.;899143;NEOVIA - INHUMAS;18631739000167;INHUMAS;GO;ALIMENTÍCIOS;SUDESTE;01/05/2016;15;CELG;0.9;163.313542;0.0;163.313542
202412;85644;HEINZ CL 514;HEINZ BRASIL S.A.;900979;HEINZ BRASIL FABRICA;50955707000472;NERÓPOLIS;GO;ALIMENTÍCIOS;SUDESTE;01/07/2016;15;CELG;6.7;565.562213;0.0;565.562213
202412;44789;SEBO HIDROLANDIA CL 514;SEBO HIDROLANDIA INDUSTRIA E COMERCIO DE PRODUTOS ANIMAIS LTDA;904154;SEBO HIROLANDIA;08596902000144;HIDROLÂNDIA;GO;ALIMENTÍCIOS;SUDESTE;01/09/2016;15;CELG;1.0;289.088164;0.0;289.088164
202412;7341;WMS SUPER SE;WMS SUPERMERCADOS DO BRASIL LTDA.;908380;WMS SUPER - LJ 930;93209765057739;GOIÂNIA;GO;COMÉRCIO;SUDESTE;01/04/2017;15;CELG;0.27;178.858223;0.0;178.858223
202412;50914;FUGA COUROS HIDROLANDIA GO CL;FUGA S/A;904051;FUGA COUROS HIDRO;91302349001377;HIDROLÂNDIA;GO;MANUFATURADOS DIVERSOS;SUDESTE;01/09/2016;15;CELG;0.65;230.070254;0.0;230.070254
202412;45628;REBICA CL 514;REBICA INDUSTRIA E COMERCIO LTDA;908828;REBICA ANAPOLIS;00969944000252;ANÁPOLIS;GO;BEBIDAS;SUDESTE;01/05/2017;15;CELG;0.6;343.759779;0.0;343.759779
202412;100507;WMS SUPERCL 514 23;WMS SUPERMERCADOS DO BRASIL LTDA.;910560;WALMART NORTE;93209765049205;GOIÂNIA;GO;COMÉRCIO;SUDESTE;01/10/2017;15;CELG;0.685;271.183007;0.0;271.183007
202412;100260;HAVANCL 514 23;HAVAN S.A;904049;HAVAN 77 - RIO VERDE;79379491007943;RIO VERDE;GO;COMÉRCIO;SUDESTE;01/09/2016;15;CELG;0.5;128.968723;0.0;128.968723
202412;85107;LDC BRASIL ITUMBIARA CL SE;LOUIS DREYFUS COMPANY BRASIL S.A.;908057;LDC ITUMBIARA;47067525018406;ITUMBIARA;GO;ALIMENTÍCIOS;SUDESTE;01/03/2017;15;CELG;3.1;1950.133085;0.0;1950.133085
202412;66473;CARREFOUR EI3;CARREFOUR COMERCIO E INDUSTRIA LTDA;906410;CARREFOUR GOP;45543915034914;ANÁPOLIS;GO;COMÉRCIO;SUDESTE;01/12/2016;15;CELG;0.405;184.554509;0.0;184.554509
202412;32179;CONSERVAS ODERICH CL;CONSERVAS ODERICH SA;907158;ODERICH ORIZONA;97191902001085;ORIZONA;GO;ALIMENTÍCIOS;SUDESTE;01/01/2017;15;CELG;1.0;242.341372;0.0;242.341372
202412;31414;CALBRAS CL 514;MINERACAO DE CALCARIO MONTIVIDIU LTDA;922518;MINERACAO DE CALCARI;02174951000455;INDIARA;GO;MINERAIS NÃO-METÁLICOS;SUDESTE;01/02/2019;15;CELG;1.38;75.200253;0.0;75.200253
202412;29342;BIO BOA VISTA CL;BIOENERGETICA BOA VISTA S.A.;918131;USINA BOA VISTA - SE;24222394000190;QUIRINÓPOLIS;GO;MINERAIS NÃO-METÁLICOS;SUDESTE;01/04/2017;4078;TER;12.0;18.009791;0.0;18.009791
202412;84856;CENCOSUD BRASIL 016;CENCOSUD BRASIL COMERCIAL S.A.;923375;Loja 525;39346861034066;GOIÂNIA;GO;COMÉRCIO;SUDESTE;01/04/2019;15;CELG;0.159;77.282;0.0;77.282
202412;139812;LAC LELO TRINDADE CL;LATICINIOS SAO JOAO S/A;923763;LATIC OSCAR SALGADO;78269545002139;TRINDADE;GO;ALIMENTÍCIOS;SUDESTE;01/05/2019;15;CELG;0.525;219.730399;0.0;219.730399
202412;19475;AMBEV SA;AMBEV S.A.;914031;AMBEV S.A. - CEBRASA;07526557001009;ANÁPOLIS;GO;BEBIDAS;SUDESTE;01/06/2018;15;CELG;7.8;5550.381607;0.0;5550.381607
202412;65414;NUTRIZA;NUTRIZA AGROINDUSTRIAL DE ALIMENTOS S/A;907018;NUTRIZA GO;37020260000139;PIRES DO RIO;GO;ALIMENTÍCIOS;SUDESTE;01/01/2017;15;CELG;11.5;8452.110193;0.0;8452.110193
202412;97329;BRASILATA RVERDE SE EI;BRASILATA S A EMBALAGENS METALICAS;907069;BRASILATA RV;61160438000806;RIO VERDE;GO;METALURGIA E PRODUTOS DE METAL;SUDESTE;01/01/2017;15;CELG;0.47;75.433228;0.0;75.433228
202412;31231;SHOPPING CERRADO CL;CONDOMINIO SHOPPING CENTER CERRADO;908205;SHOPPING CERRADO;24357174000174;GOIÂNIA;GO;SERVIÇOS;SUDESTE;01/03/2017;15;CELG;1.2;373.987593;0.0;373.987593
202412;32419;FVO BRASILIA CL 514 2022;FVO BRASILIA INDUSTRIA E COMERCIO DE ALIMENTOS S.A.;924505;FVO RIALMA;08471163001306;RIALMA;GO;ALIMENTÍCIOS;SUDESTE;01/06/2019;66348;CHESP DIST;1.4;392.907565;0.0;392.907565
202412;46122;PROEZA CL 514;PETROPOLIS INDUSTRIAL PRODUTOS DE LIMPEZA LTDA;924544;PETROPOLIS IND PRODU;02312244000135;BRAZABRANTES;GO;QUÍMICOS;SUDESTE;01/06/2019;15;CELG;0.5;124.540572;0.0;124.540572
202412;45408;HOTEL MEGA MODA CL 514;MEGA MODA HOTEL LTDA;907177;HOTEL MEGA MODA;17329575000155;GOIÂNIA;GO;SERVIÇOS;SUDESTE;01/01/2017;15;CELG;0.5;114.675757;0.0;114.675757
202412;66541;MEGA MODA;SPE MEGA MODA SHOPPING LTDA;907175;SPE MEGA MODA UND1;14366423000134;GOIÂNIA;GO;SERVIÇOS;SUDESTE;01/01/2017;15;CELG;0.455;133.780279;0.0;133.780279
202412;31456;BRITACAL CL 514;BRITACAL IND E COM DE BRITA E CALCARIO BRASILIA LTDA;926838;BRITACAL CABECEIRAS;26970103000330;CABECEIRAS;GO;MINERAIS NÃO-METÁLICOS;SUDESTE;01/09/2019;15;CELG;1.0;158.994922;0.0;158.994922
202412;85941;CINEMARK SE;CINEMARK BRASIL S.A.;930883;CINEMARK - Goiania -;00779721008800;APARECIDA DE GOIÂNIA;GO;SERVIÇOS;SUDESTE;01/11/2019;15;CELG;0.14;38.059044;0.0;38.059044
202412;82602;STORE;SAS COMERCIO DE SECOS E MOLHADOS LTDA;932346;STORE RIO VERDE - UC;12279637000300;GOIÂNIA;GO;COMÉRCIO;SUDESTE;01/12/2019;15;CELG;0.215;78.271134;0.0;78.271134
202412;89866;CARAMURU ARMAZENS GO;CARAMURU ALIMENTOS  S/A;932769;CARAMURU ARMAZENS CA;00080671005330;CATALÃO;GO;SERVIÇOS;SUDESTE;01/12/2019;15;CELG;0.34;8.906019;0.0;8.906019
202412;89866;CARAMURU ARMAZENS GO;CARAMURU ALIMENTOS  S/A;932731;CARAMURU ARMAZENS MO;00080671004369;MONTIVIDIU;GO;SERVIÇOS;SUDESTE;01/12/2019;15;CELG;0.48;38.947652;0.0;38.947652
202412;46309;CASTRO HOTEIS CL 514;CASTRO HOTEIS E TURISMO LTDA;906364;CASTRO HOTÉIS;02839603000107;GOIÂNIA;GO;SERVIÇOS;SUDESTE;01/12/2016;15;CELG;0.5;239.883799;0.0;239.883799
202412;93724;FILLERCAL NESP;FILLERCAL MINERACAO E COMERCIO LTDA;904823;FILLERCAL;00420347000274;INDIARA;GO;MINERAIS NÃO-METÁLICOS;SUDESTE;01/10/2016;15;CELG;2.4;571.531042;0.0;571.531042
202412;46588;MOINHO JM CL 514;MOINHO DE TRIGO JM - LTDA;932979;MOINHO DE TRIGO JM;01636335000163;LUZIÂNIA;GO;ALIMENTÍCIOS;SUDESTE;01/12/2019;15;CELG;0.5;250.2414;0.0;250.2414
202412;82846;RIACHUELO LT 1 SE/CO;LOJAS RIACHUELO SA;934003;RCHLO LOJA 189;33200056014956;GOIÂNIA;GO;COMÉRCIO;SUDESTE;01/02/2020;15;CELG;0.205;46.476031;0.0;46.476031
202412;90988;MPL INDUSTRIA;MPL INDUSTRIA E COMERCIO DE ROUPAS LTDA;935887;MPL 200596500;08007677000163;APARECIDA DE GOIÂNIA;GO;TÊXTEIS;SUDESTE;01/04/2020;15;CELG;0.295;28.966543;0.0;28.966543
202412;31844;NORTEVIDROS CL 514;NORTEVIDROS COMERCIO DE VIDROS ALUMINIOS E FERRAGENS LTDA;937754;NORTEVIDROS;10867501000123;URUAÇU;GO;MINERAIS NÃO-METÁLICOS;SUDESTE;01/07/2020;15;CELG;1.25;196.039717;0.0;196.039717
202412;86578;TATICO SETOR CENTRO OESTE;CENTRO OESTE COMERCIAL DE ALIMENTOS LTDA;938822;TATICO GARAVELO;24447350000401;APARECIDA DE GOIÂNIA;GO;COMÉRCIO;SUDESTE;01/09/2020;15;CELG;0.35;152.991386;0.0;152.991386
202412;29402;BRAVO ARMAZENS GERAIS;BRAVO ARMAZENS GERAIS LTDA;939129;TRANSZILLI - BRAVO;01759112001084;APARECIDA DE GOIÂNIA;GO;TRANSPORTE;SUDESTE;01/09/2020;15;CELG;0.85;467.840479;0.0;467.840479
202412;86578;TATICO SETOR CENTRO OESTE;CENTRO OESTE COMERCIAL DE ALIMENTOS LTDA;939582;TATICO AGUAS LINDAS;24447350000754;;GO;COMÉRCIO;SUDESTE;01/10/2020;15;CELG;0.165;77.227349;0.0;77.227349
202412;86578;TATICO SETOR CENTRO OESTE;CENTRO OESTE COMERCIAL DE ALIMENTOS LTDA;939629;TATICO AMERICA;24447350000592;GOIÂNIA;GO;COMÉRCIO;SUDESTE;01/10/2020;15;CELG;0.27;135.539243;0.0;135.539243
202412;93905;COMIGO-MATRIZ ESPECIAL;COOPERATIVA AGROINDUSTRIAL DOS PRODUTORES RURAIS DO SUDOESTE GOIANO;939704;COM-SEDE RIO VERDE;02077618000185;RIO VERDE;GO;COMÉRCIO;SUDESTE;01/10/2020;15;CELG;0.46;91.466743;0.0;91.466743
202412;99292;COMIGO-MATRIZ LIVRE;COOPERATIVA AGROINDUSTRIAL DOS PRODUTORES RURAIS DO SUDOESTE GOIANO;939714;COM-PARAÍSO;02077618003605;JATAÍ;GO;SERVIÇOS;SUDESTE;01/10/2020;15;CELG;0.8;19.120277;0.0;19.120277
202412;4574;BRASIL TELE SE;OI S.A. - EM RECUPERACAO JUDICIAL;940695;UC 11067329 - St S G;76535764032851;GOIÂNIA;GO;TELECOMUNICAÇÕES;SUDESTE;01/12/2020;15;CELG;0.258;95.494331;0.0;95.494331
202412;5716;TELEFONICA SE;TELEFONICA BRASIL S.A.;940689;TELEFONICA (15516430;02558157002297;GOIÂNIA;GO;TELECOMUNICAÇÕES;SUDESTE;01/12/2020;15;CELG;0.07;36.261465;0.0;36.261465
202412;93109;COSTA MULTICANAL;COSTA MULTICANAL S/A;941091;COSTA MULTICANAL 3;27289076000135;GOIÂNIA;GO;COMÉRCIO;SUDESTE;01/01/2021;15;CELG;0.35;178.970797;0.0;178.970797
202412;93109;COSTA MULTICANAL;COSTA MULTICANAL S/A;941074;COSTA MULTICANAL 2;27289076000216;VALPARAÍSO DE GOIÁS;GO;COMÉRCIO;SUDESTE;01/01/2021;15;CELG;0.27;172.416301;0.0;172.416301
202412;47770;PORTO SECO CL 514;PORTO SECO CENTRO OESTE S/A;941390;PORTO SECO CENTRO OE;02680379000153;ANÁPOLIS;GO;SERVIÇOS;SUDESTE;01/01/2021;15;CELG;0.5;102.42092;0.0;102.42092
202412;116345;GO-GNA-LES;V.TAL - REDE NEUTRA DE TELECOMUNICACOES S.A.;942153;UC 11072027 -SET L G;02041460001084;GOIÂNIA;GO;TELECOMUNICAÇÕES;SUDESTE;01/02/2021;15;CELG;0.237;136.942278;0.0;136.942278
202412;98461;STORE SERRINHA;G S COMERCIO DE PRODUTOS ALIMENTICIOS LTDA;942573;STORE SERRINHA;27895447000122;GOIÂNIA;GO;COMÉRCIO;SUDESTE;01/03/2021;15;CELG;0.35;149.63285;0.0;149.63285
202412;99027;FUNDACAO BRADESCO SECO;FUNDACAO BRADESCO;943014;FB APARECIDA GOIANIA;60701521008697;APARECIDA DE GOIÂNIA;GO;SERVIÇOS;SUDESTE;01/03/2021;15;CELG;0.1;16.362025;0.0;16.362025
202412;48775;EMFOLMINERACAOFORMOSACL514;EMFOL EMPRESA DE MINERACAO FORMOSA LTDA;943234;EMFOL MINERAÇÃO;00803791000198;FORMOSA;GO;MINERAIS NÃO-METÁLICOS;SUDESTE;01/03/2021;15;CELG;0.59;40.181262;0.0;40.181262
202412;97960;ACCOR SE/CO;HOTELARIA ACCOR BRASIL S/A;943507;H9331 - IBIS STYLES;09967852020667;GOIÂNIA;GO;SERVIÇOS;SUDESTE;01/04/2021;15;CELG;0.2;147.308845;0.0;147.308845
202412;31245;TAUA HOTEL ALEXANIA CL 514;TAUA HOTEL E CONVENTION ALEXANIA LTDA;944562;Taua Hotel Alexania;25135981000105;ALEXÂNIA;GO;SERVIÇOS;SUDESTE;01/05/2021;15;CELG;1.0;856.943613;0.0;856.943613
202412;47811;NUTREMA CL 514;NUTREMA NUTRICAO ANIMAL LTDA;944632;NUTREMA;11024784000104;BRAZABRANTES;GO;ALIMENTÍCIOS;SUDESTE;01/05/2021;15;CELG;0.5;39.513343;0.0;39.513343
202412;48057;PLANALTO MALLS CL 514;PLANALTO MALLS LTDA;944749;PLANALTO MALLS LTDA;29880078000120;GOIÂNIA;GO;SERVIÇOS;SUDESTE;01/05/2021;15;CELG;0.9;215.83095;0.0;215.83095
202412;26112;ULTRAGAZ - SENADOR CANEDO;COMPANHIA ULTRAGAZ S A;944796;ULTRAGAZ - SENADOR C;61602199027746;SENADOR CANEDO;GO;COMÉRCIO;SUDESTE;01/06/2021;15;CELG;0.3;66.512741;0.0;66.512741
202412;101192;LDC BRASIL SAO SIMAO CL SE;LOUIS DREYFUS COMPANY BRASIL S.A.;944746;LDC BRASIL - ARM SÃO;47067525014672;SÃO SIMÃO;GO;TRANSPORTE;SUDESTE;01/06/2021;15;CELG;0.78;52.587154;0.0;52.587154
202412;66355;ANIMA UNA;BRASIL EDUCACAO S/A;945438;ANIMA BRASIL ITUMBIA;05648257003436;ITUMBIARA;GO;SERVIÇOS;SUDESTE;01/06/2021;15;CELG;0.1;3.437661;0.0;3.437661
202412;4574;BRASIL TELE SE;OI S.A. - EM RECUPERACAO JUDICIAL;946069;UC 12183003 - SETOR;76535764032851;GOIÂNIA;GO;TELECOMUNICAÇÕES;SUDESTE;01/07/2021;15;CELG;0.096;39.976629;0.0;39.976629
202412;25105;C CE SUPERMERCADOS CONQUISTA;CENTRO COMERCIAL CONQUISTA LTDA;946490;CONQUISTA SUPER  -;02003591000348;RIO VERDE;GO;COMÉRCIO;SUDESTE;01/08/2021;15;CELG;0.25;111.89841;0.0;111.89841
202412;30515;PRIMA FOODS SANTA FE CL;PRIMA FOODS S.A.;946924;PRIMA FOODS SANTA FE;16820052001540;SANTA FÉ DE GOIÁS;GO;SERVIÇOS;SUDESTE;01/09/2021;15;CELG;1.5;984.723922;0.0;984.723922
202412;98043;CBL SBC;CBL COMERCIO E RECICLAGEM DE BORRACHAS LTDA;947492;CBL ABADIA;58865114001075;ABADIA DE GOIÁS;GO;SANEAMENTO;SUDESTE;01/10/2021;15;CELG;0.295;28.646996;0.0;28.646996
202412;84391;MARISA SE I5;MARISA LOJAS S.A.;947509;MLJ617_GOIANIA SETOR;61189288026811;GOIÂNIA;GO;COMÉRCIO;SUDESTE;01/10/2021;15;CELG;0.153;27.541032;0.0;27.541032
202412;4574;BRASIL TELE SE;OI S.A. - EM RECUPERACAO JUDICIAL;948754;UC 290054023 - JATAÍ;76535764032851;JATAÍ;GO;TELECOMUNICAÇÕES;SUDESTE;01/12/2021;15;CELG;0.098;52.546992;0.0;52.546992
202412;63677;RENNER MATRIZ SUDESTE;LOJAS RENNER S.A.;948776;RNR306_Buriti - Rio;92754738029306;RIO VERDE;GO;COMÉRCIO;SUDESTE;01/12/2021;15;CELG;0.2;54.236684;0.0;54.236684
202412;82602;STORE;SAS COMERCIO DE SECOS E MOLHADOS LTDA;948721;STORE FAMA;12279637000490;GOIÂNIA;GO;COMÉRCIO;SUDESTE;01/12/2021;15;CELG;0.3;86.1895;0.0;86.1895
202412;88208;SUPERVI;SUPERVI DISTRIBUIDOR DE ALIMENTOS LTDA;949672;SUPERVI LOJA 15 -CID;07503617001574;GOIÂNIA;GO;COMÉRCIO;SUDESTE;01/01/2022;15;CELG;0.093;55.076862;0.0;55.076862
202412;28087;LIDERTEX;LIDERTEX INDUSTRIA E COMERCIO DE TINTAS E REVESTIMENTOS LTDA;949779;LIDERTEX;13711686000170;ANÁPOLIS;GO;QUÍMICOS;SUDESTE;01/01/2022;15;CELG;0.5;34.450455;0.0;34.450455
202412;146417;MADERO ESP SE;MADERO INDUSTRIA E COMERCIO S.A.;950780;MADERO IND. - FLAMBO;13783221004899;GOIÂNIA;GO;ALIMENTÍCIOS;SUDESTE;01/03/2022;15;CELG;0.05;23.833552;0.0;23.833552
202412;38082;BRF 499 7 MILHAS CE;BRF S.A.;952313;BRF - GRAOS 7 MILHAS;01838723033130;MINEIROS;GO;COMÉRCIO;SUDESTE;01/05/2022;15;CELG;0.25;28.930803;0.0;28.930803
202412;37754;ELDORADO EMPREENDIMENTOS;WAM PRIVE ADMINISTRACAO HOTELEIRA LTDA;952459;CLUBE PRIVE;02757474000531;CALDAS NOVAS;GO;ALIMENTÍCIOS;SUDESTE;01/05/2022;15;CELG;0.2;27.859024;0.0;27.859024
202412;37754;ELDORADO EMPREENDIMENTOS;WAM PRIVE ADMINISTRACAO HOTELEIRA LTDA;952493;HOTEL PRIVE;02757474000531;CALDAS NOVAS;GO;ALIMENTÍCIOS;SUDESTE;01/05/2022;15;CELG;0.3;124.283418;0.0;124.283418
202412;38814;BIO INSTINTO;BIO INSTINTO INDUSTRIA E COMERCIO DE COSMETICOS LTDA;953109;BIO INSTINTO IND E C;07882964000150;ANÁPOLIS;GO;QUÍMICOS;SUDESTE;01/06/2022;15;CELG;0.5;155.530722;0.0;155.530722
202412;37878;BRK GO;BRK AMBIENTAL - GOIAS S.A.;954642;BRK GO - EEE CHAPADI;18123402000300;RIO VERDE;GO;SANEAMENTO;SUDESTE;01/08/2022;15;CELG;0.112;12.318282;0.0;12.318282
202412;37878;BRK GO;BRK AMBIENTAL - GOIAS S.A.;954604;BRK GO - EEE BRUACAS;18123402000149;TRINDADE;GO;SANEAMENTO;SUDESTE;01/08/2022;15;CELG;0.065;26.507213;0.0;26.507213
202412;37878;BRK GO;BRK AMBIENTAL - GOIAS S.A.;954542;BRK GO - ETE ST ANTO;18123402000149;APARECIDA DE GOIÂNIA;GO;SANEAMENTO;SUDESTE;01/08/2022;15;CELG;0.1;23.270889;0.0;23.270889
202412;50798;UNIPHAR - JRD FARMACEUT CL 514;J.R.D. INDUSTRIA FARMACEUTICA LTDA;955304;UNIPHAR - JRD FARMAC;03869526000281;ANÁPOLIS;GO;QUÍMICOS;SUDESTE;01/09/2022;15;CELG;0.5;69.823695;0.0;69.823695
202412;41979;CAMBUI ENERGETICA CL;ENERGETICA CAMBUI LTDA;955976;UTE CAMBUI CL;39610160000198;SANTA HELENA DE GOIÁS;GO;SERVIÇOS;SUDESTE;01/10/2022;15;CELG;1.8;208.950945;0.0;208.950945
202412;53718;LATICINIOS SAN MARINO CL 514;LATICINIOS SAN MARINO LTDA;955993;Laticínios San Marin;02971865000120;RIO VERDE;GO;ALIMENTÍCIOS;SUDESTE;01/10/2022;15;CELG;0.5;236.916746;0.0;236.916746
202412;146417;MADERO ESP SE;MADERO INDUSTRIA E COMERCIO S.A.;955853;MADERO - T10 (100360;13783221000478;GOIÂNIA;GO;ALIMENTÍCIOS;SUDESTE;01/10/2022;15;CELG;0.27;44.18171;0.0;44.18171
202412;64298;BURGER KING;ZAMP S.A.;956393;BK - DRIVE AV 136;13574594084438;GOIÂNIA;GO;ALIMENTÍCIOS;SUDESTE;01/11/2022;15;CELG;0.06;28.479904;0.0;28.479904
202412;64298;BURGER KING;ZAMP S.A.;956392;BK - DRIVE AV 85;13574594084357;GOIÂNIA;GO;ALIMENTÍCIOS;SUDESTE;01/11/2022;15;CELG;0.082;40.4954;0.0;40.4954
202412;64298;BURGER KING;ZAMP S.A.;956440;BK - SHOPPING BOUGAI;13574594083628;GOIÂNIA;GO;ALIMENTÍCIOS;SUDESTE;01/11/2022;15;CELG;0.04;12.674317;0.0;12.674317
202412;55065;NOTAVEL INDUSTRIA CL;NOTAVEL INDUSTRIA E COMERCIO DE PAPEL LTDA;957533;NOTAVEL INDUSTRIA;11548000000147;POSSE;GO;MADEIRA, PAPEL E CELULOSE;SUDESTE;01/12/2022;15;CELG;0.795;563.051717;0.0;563.051717
202412;82602;STORE;SAS COMERCIO DE SECOS E MOLHADOS LTDA;957715;AMERICA;12279637000148;GOIÂNIA;GO;COMÉRCIO;SUDESTE;01/01/2023;15;CELG;0.17;80.379872;0.0;80.379872
202412;92484;MAGAZINE LUIZA - I5;MAGAZINE LUIZA S/A;958532;MGL1090_GOIÂNIA;47960950111977;GOIÂNIA;GO;COMÉRCIO;SUDESTE;01/02/2023;15;CELG;0.12;20.025058;0.0;20.025058
202412;62344;DASA;DIAGNOSTICOS DA AMERICA S.A .;958558;D370_AT SETOR MARIST;61486650032891;GOIÂNIA;GO;SERVIÇOS;SUDESTE;01/02/2023;15;CELG;0.03;7.007125;0.0;7.007125
202412;57333;CABECAL CL;CABECAL - CALCARIO DE CABECEIRAS MINERACAO LTDA;958928;Cabecal Calcário de;03279056000115;CABECEIRAS;GO;MINERAIS NÃO-METÁLICOS;SUDESTE;01/02/2023;15;CELG;0.59;30.710148;0.0;30.710148
202412;48657;SANEAGO LIVRE;SANEAMENTO DE GOIAS S/A;959425;SANEAGO - EEAT/Reser;01616929000102;GOIÂNIA;GO;SANEAMENTO;SUDESTE;01/03/2023;15;CELG;0.597;347.03495;0.0;347.03495
202412;48657;SANEAGO LIVRE;SANEAMENTO DE GOIAS S/A;959365;SANEAGO - EEAT João;01616929000102;GOIÂNIA;GO;SANEAMENTO;SUDESTE;01/03/2023;15;CELG;3.993;2777.544997;0.0;2777.544997
202412;48657;SANEAGO LIVRE;SANEAMENTO DE GOIAS S/A;959513;SANEAGO - ETA/EEAT M;01616929000102;GOIÂNIA;GO;SANEAMENTO;SUDESTE;01/03/2023;15;CELG;4.02;2516.06838;0.0;2516.06838
202412;52102;SUPERMERCADO BRJ;SUPERMERCADO BRJ LTDA;959757;MARISTA;17350225000251;GOIÂNIA;GO;COMÉRCIO;SUDESTE;01/03/2023;15;CELG;0.25;123.891436;0.0;123.891436
202412;49676;AGROVALE;COOPERATIVA MISTA DOS PRODUTORES RURAIS DO VALE DO PARANAIBA LTDA;961215;AGROVALE - 100275826;02233732000157;QUIRINÓPOLIS;GO;ALIMENTÍCIOS;SUDESTE;01/05/2023;15;CELG;0.06;38.154477;0.0;38.154477
202412;57316;PLASMON;PLASMON SERVICOS LTDA;961266;PLASMON;36090042000108;APARECIDA DE GOIÂNIA;GO;SANEAMENTO;SUDESTE;01/05/2023;15;CELG;0.5;98.008447;0.0;98.008447
202412;64000;TV ANHANGUERA;TELEVISAO ANHANGUERA S/A;960857;MEDANHA (UC 10073188;01534510000101;GOIÂNIA;GO;TELECOMUNICAÇÕES;SUDESTE;01/05/2023;15;CELG;0.115;62.169297;0.0;62.169297
202412;38740;SUPERMERCADO FLORESTA;F G COMERCIAL DE ALIMENTOS LTDA;961243;SUPER FLOREST 961243;14200272000220;ANÁPOLIS;GO;COMÉRCIO;SUDESTE;01/05/2023;15;CELG;0.108;33.418715;0.0;33.418715
202412;92484;MAGAZINE LUIZA - I5;MAGAZINE LUIZA S/A;961693;MGL1030_GOIÂNIA - UC;47960950106620;GOIÂNIA;GO;COMÉRCIO;SUDESTE;01/06/2023;15;CELG;0.071;7.754793;0.0;7.754793
202412;105942;PEROLA ESPECIAL;PEROLA DISTRIBUICAO E LOGISTICA S/A;962210;COMPRE FACIL;06204131000258;ANÁPOLIS;GO;COMÉRCIO;SUDESTE;01/07/2023;15;CELG;0.095;53.793351;0.0;53.793351
202412;99820;UNIP;ASSUPERO ENSINO SUPERIOR LTDA.;962390;UNIP - Goiânia - UC;06099229007386;GOIÂNIA;GO;SERVIÇOS;SUDESTE;01/07/2023;15;CELG;1.39;156.39174;0.0;156.39174
202412;4574;BRASIL TELE SE;OI S.A. - EM RECUPERACAO JUDICIAL;963621;ID UC 18928 - UC 100;76535764032851;PORTELÂNDIA;GO;TELECOMUNICAÇÕES;SUDESTE;01/08/2023;15;CELG;0.03;26.742523;0.0;26.742523
202412;101740;UTE - COOPER RUBI CL;RUBIATABA INDUSTRIAL S.A.;963639;COOPER RUBI (CARGA);03347747000109;RUBIATABA;GO;MINERAIS NÃO-METÁLICOS;SUDESTE;01/08/2023;15;CELG;1.2;197.368269;0.0;197.368269
202412;25518;B2W CE;AMERICANAS S.A - EM RECUPERACAO JUDICIAL;964486;AMER 697;00776574157721;GOIÂNIA;GO;COMÉRCIO;SUDESTE;01/09/2023;15;CELG;0.05;10.542511;0.0;10.542511
202412;101281;BARAO SUPERMERCADOS;BARAO ESPECIALIDADES & DISTRIBUIDORA DE ALIMENTOS SA;964958;Barao Supermercados;28790260000127;GOIÂNIA;GO;COMÉRCIO;SUDESTE;01/09/2023;15;CELG;0.1;51.049952;0.0;51.049952
202412;101281;BARAO SUPERMERCADOS;BARAO ESPECIALIDADES & DISTRIBUIDORA DE ALIMENTOS SA;964963;Barao Superme 964963;28790260000127;JARAGUÁ;GO;COMÉRCIO;SUDESTE;01/09/2023;15;CELG;0.071;66.32384;0.0;66.32384
202412;3846;BRASIL TELECOM;OI S.A. - EM RECUPERACAO JUDICIAL;965924;ID UC 20180 - UC 760;76535764032851;CALDAS NOVAS;GO;TELECOMUNICAÇÕES;SUDESTE;01/10/2023;15;CELG;0.059;33.51242;0.0;33.51242
202412;101281;BARAO SUPERMERCADOS;BARAO ESPECIALIDADES & DISTRIBUIDORA DE ALIMENTOS SA;965865;Barao Supermerc LJ2;28790260000127;GOIÂNIA;GO;COMÉRCIO;SUDESTE;01/10/2023;15;CELG;0.164;70.357306;0.0;70.357306
202412;101281;BARAO SUPERMERCADOS;BARAO ESPECIALIDADES & DISTRIBUIDORA DE ALIMENTOS SA;965937;Barao Supermerc LJ12;28790260000127;GOIÂNIA;GO;COMÉRCIO;SUDESTE;01/10/2023;15;CELG;0.185;109.335573;0.0;109.335573
202412;60443;VIAVAREJO;GRUPO CASAS BAHIA S.A.;966480;Filial 1932 SETOR CA;33041260065290;GOIÂNIA;GO;COMÉRCIO;SUDESTE;01/11/2023;15;CELG;0.07;5.387435;0.0;5.387435
202412;60443;VIAVAREJO;GRUPO CASAS BAHIA S.A.;966423;Filial 1321 - GOIÂNI;33041260108798;GOIÂNIA;GO;COMÉRCIO;SUDESTE;01/11/2023;15;CELG;0.03;9.66749;0.0;9.66749
202412;60789;FACCHINI;FACCHINI S/A;966552;FACCHINI GO - UC 209;03509978003359;ANÁPOLIS;GO;VEÍCULOS;SUDESTE;01/11/2023;15;CELG;0.03;10.125671;0.0;10.125671
202412;112081;SORGATTO;AGROPECUARIA SORGATTO LTDA;967648;Agropecuária Sorgatt;05934769000109;CRISTALINA;GO;MADEIRA, PAPEL E CELULOSE;SUDESTE;01/12/2023;15;CELG;3.0;95.801705;0.0;95.801705
202412;105308;VENEZA NUTRICAO ANIMAL;VENEZA NUTRICAO ANIMAL LTDA;967614;VENEZA NUTRIÇÃO ANIM;19948046000165;NOVA VENEZA;GO;ALIMENTÍCIOS;SUDESTE;01/12/2023;15;CELG;0.5;51.144877;0.0;51.144877
202412;100962;ITAU AMR I5 SE;ITAU UNIBANCO S.A.;971386;290_GOIANIA-AV. ANHA;60701190038764;GOIÂNIA;GO;SERVIÇOS;SUDESTE;01/02/2024;15;CELG;0.047;0.864321;0.0;0.864321
202412;23030;PREMIX;MANUFATURACAO DE PRODUTOS PARA ALIMENTACAO ANIMAL PREMIX LTDA;971639;PREMIX ANAPOLIS - UC;50411321002877;ANÁPOLIS;GO;ALIMENTÍCIOS;SUDESTE;01/02/2024;15;CELG;0.306;33.01603;0.0;33.01603
202412;100962;ITAU AMR I5 SE;ITAU UNIBANCO S.A.;974096;7417_APARECIDA DE GO;60701190305207;APARECIDA DE GOIÂNIA;GO;SERVIÇOS;SUDESTE;01/03/2024;15;CELG;0.046;9.245539;0.0;9.245539
202412;105683;CENCOSUD BRASIL 126 SE;CENCOSUD BRASIL COMERCIAL S.A.;975627;CENCOSUD LOJA 633;39346861025318;GOIÂNIA;GO;COMÉRCIO;SUDESTE;01/04/2024;15;CELG;0.248;91.17046;0.0;91.17046
202412;126379;CALCARIO PIRINEUS LTDA;CALCARIO PIRINEUS LTDA;976222;CALCARIO PIRINEUS -;04475491000269;PADRE BERNARDO;GO;MINERAIS NÃO-METÁLICOS;SUDESTE;01/04/2024;15;CELG;1.2;13.369092;0.0;13.369092
202412;104915;BEEF NOBRE;NACIONAL DISTRIBUIDORA DE CARNES BEEF LTDA;980973;NACIONAL DISTRIBUIDO;16995395000220;CIDADE OCIDENTAL;GO;ALIMENTÍCIOS;SUDESTE;01/06/2024;15;CELG;0.75;344.527672;0.0;344.527672
202412;100962;ITAU AMR I5 SE;ITAU UNIBANCO S.A.;984714;4355_PC GETULIO VARG;60701190199423;CATALÃO;GO;SERVIÇOS;SUDESTE;01/08/2024;15;CELG;0.035;8.819259;0.0;8.819259
202412;30493;SANEAGO;SANEAMENTO DE GOIAS S/A;986876;SANEAGO - UC 6300424;01616929000102;RIO VERDE;GO;SANEAMENTO;SUDESTE;01/09/2024;15;CELG;0.218;103.208952;0.0;103.208952
202412;142385;COACRIS;COOPERATIVA AGRICOLA SERRA DOS CRISTAIS;987246;COOPERATIVA AG987246;00159074000175;CRISTALINA;GO;ALIMENTÍCIOS;SUDESTE;01/09/2024;15;CELG;0.52;14.666655;0.0;14.666655
202412;78841;AVIAGEN;AVIAGEN AMERICA LATINA LTDA;989912;AVIAGEN LUZIANIA;61917233001705;LUZIÂNIA;GO;ALIMENTÍCIOS;SUDESTE;01/10/2024;15;CELG;0.15;122.454832;0.0;122.454832
202412;43512;CCR AEROPORTOS CENTRAL;CONCESSIONARIA DO BLOCO CENTRAL S.A.;990965;CCR BLOCO CENTRAL CN;42206269000179;GOIÂNIA;GO;SERVIÇOS;SUDESTE;01/10/2024;15;CELG;0.45;33.526723;0.0;33.526723
202412;147900;SICMOL S/A;SICMOL S/A;991653;Sicmol S/A;33579046000166;APARECIDA DE GOIÂNIA;GO;MANUFATURADOS DIVERSOS;SUDESTE;01/10/2024;15;CELG;0.74;87.620822;0.0;87.620822
202412;93905;COMIGO-MATRIZ ESPECIAL;COOPERATIVA AGROINDUSTRIAL DOS PRODUTORES RURAIS DO SUDOESTE GOIANO;995185;COMIGO TECNOSHOW(UC:;02077618003281;RIO VERDE;GO;SERVIÇOS;SUDESTE;01/12/2024;15;CELG;0.1;15.697954;0.0;15.697954
202412;105241;C CL INTERFAST GOIAS;INTERFAST GOIAS SERVICOS E ARMAZENAMENTO DE GRAOS LTDA;995804;INTERFAST - UC 10038;48759688000114;URUAÇU;GO;SERVIÇOS;SUDESTE;01/12/2024;15;CELG;0.6;3.769645;0.0;3.769645
202412;96268;DEZ ALIMENTOS;DEZ ALIMENTOS LTDA;997845;DEZ ALIMENTOS 997845;04945225000171;MORRINHOS;GO;ALIMENTÍCIOS;SUDESTE;01/12/2024;15;CELG;0.13;0.302581;0.0;0.302581
202412;67574;MINERVA PGO;MINERVA S.A.;70898;MINERVA PALMEIRAS GO;67620377000467;PALMEIRAS DE GOIÁS;GO;ALIMENTÍCIOS;SUDESTE;01/01/2010;15;CELG;6.7;4087.477362;0.0;4087.477362
202412;15;CELG;EQUATORIAL GOIAS DISTRIBUIDORA DE ENERGIA S/A;897193;CELG TER - SE EDEIA;01543032000104;GOIÂNIA;GO;;SUDESTE;01/11/2015;;;25.0;25.516305;0.0;25.516305
202412;32060;MARAJOARA CL 514;MARAJOARA INDUSTRIA DE LATICINIOS LTDA;890442;MARAJOARA LATICINIOS;24849580000154;HIDROLÂNDIA;GO;ALIMENTÍCIOS;SUDESTE;01/08/2013;15;CELG;1.17;513.477376;0.0;513.477376
202412;111712;CARGILL GOIAN CL514;CARGILL AGRICOLA S A;7298;CARGILL - GOIANIA;60498706037077;GOIÂNIA;GO;ALIMENTÍCIOS;SUDESTE;01/03/2004;15;CELG;8.52;2108.133638;0.0;2108.133638
202412;10992;BPBUNGE ITB CL;ITUMBIARA BIOENERGIA S.A.;889136;ITUMBIARA CNAA;08517600000133;ITUMBIARA;GO;ALIMENTÍCIOS;SUDESTE;01/01/2013;15;CELG;3.0;418.223773;0.0;418.223773
202412;3459;URC CL;ATVOS BIOENERGIA RIO CLARO S.A;71210;OER CACU - CARGA;08598391000108;CAÇU;GO;SERVIÇOS;SUDESTE;01/08/2010;3118;CTE T;5.0;905.56475;0.0;905.56475
202412;126968;CMOC NIOBIO;CMOC BRASIL MINERACAO, INDUSTRIA E PARTICIPACOES LTDA.;7149;CMOC BRASIL - NIOBIO;26108898000452;OUVIDOR;GO;METALURGIA E PRODUTOS DE METAL;SUDESTE;01/01/2006;15;CELG;16.45;8127.526911;0.0;8127.526911
202412;132558;CMOC TAILINGS;CMOC BRASIL MINERACAO, INDUSTRIA E PARTICIPACOES LTDA.;71137;TAILINGS;26108898000533;OUVIDOR;GO;EXTRAÇÃO DE MINERAIS METÁLICOS;SUDESTE;01/07/2010;15;CELG;2.035;1044.503149;0.0;1044.503149
202412;83112;ETERNIT GO;ETERNIT S.A;903103;ETERNIT GOIANIA;61092037000505;GOIÂNIA;GO;MINERAIS NÃO-METÁLICOS;SUDESTE;01/08/2016;15;CELG;2.9;1120.356455;0.0;1120.356455
202412;85644;HEINZ CL 514;HEINZ BRASIL S.A.;900977;HEINZ ETE GO;50955707000472;NERÓPOLIS;GO;ALIMENTÍCIOS;SUDESTE;01/07/2016;15;CELG;0.75;106.722091;0.0;106.722091
202412;32069;LABORATORIO TEUTO CL 514;LABORATORIO TEUTO BRASILEIRO S/A;905807;LAB TEUTO BRASILEIRO;17159229000176;ANÁPOLIS;GO;MANUFATURADOS DIVERSOS;SUDESTE;01/11/2016;15;CELG;1.27;674.732823;0.0;674.732823
202412;45676;ALLBOX CL 514;EMBALAGENS ALLBOX LTDA;909695;ALLBOX EMBALAGENS;07570962000125;ANÁPOLIS;GO;MADEIRA, PAPEL E CELULOSE;SUDESTE;01/07/2017;15;CELG;0.86;477.25599;0.0;477.25599
202412;31384;FRESENIUS ANAPOLIS CL 514;FRESENIUS KABI BRASIL LTDA.;908853;NOVA FARMA IND;49324221002077;ANÁPOLIS;GO;MANUFATURADOS DIVERSOS;SUDESTE;01/05/2017;15;CELG;1.4;589.799911;0.0;589.799911
202412;45352;METAL IGUACU GO CL 514;METALGRAFICA IGUACU S A;909090;METAL IGUACU;80227184001480;GOIÂNIA;GO;METALURGIA E PRODUTOS DE METAL;SUDESTE;01/06/2017;15;CELG;0.5;32.231741;0.0;32.231741
202412;85294;BRF 391 BURITI ALEGRE CL;BRF S.A.;907019;BRF BURITI ALEGRE;01838723035001;BURITI ALEGRE;GO;ALIMENTÍCIOS;SUDESTE;01/01/2017;15;CELG;2.7;1300.433883;0.0;1300.433883
202412;98922;CARREFOUR SE2 CL;CARREFOUR COMERCIO E INDUSTRIA LTDA;906438;CARREFOUR GOS;45543915002478;GOIÂNIA;GO;COMÉRCIO;SUDESTE;01/12/2016;15;CELG;1.25;533.406183;0.0;533.406183
202412;87967;JD CATALAO CL 514;JOHN DEERE BRASIL LTDA;906985;JOHN DEERE CATALAO;89674782001049;CATALÃO;GO;MANUFATURADOS DIVERSOS;SUDESTE;01/01/2017;15;CELG;2.5;846.425249;0.0;846.425249
202412;46075;GRAFIGEL CL 514;GRAFIGEL EMBALAGENS LTDA EM RECUPERACAO JUDICIAL;921872;Grafigel;02702496000170;GOIÂNIA;GO;MANUFATURADOS DIVERSOS;SUDESTE;01/01/2019;15;CELG;0.85;105.490448;0.0;105.490448
202412;45962;ADIMAX GO CL 514;ADIMAX - INDUSTRIA E COMERCIO DE ALIMENTOS LTDA.;919137;Adimax GO;03887324001234;GOIANÁPOLIS;GO;ALIMENTÍCIOS;SUDESTE;01/11/2018;15;CELG;1.18;412.356829;0.0;412.356829
202412;4496;COG-CPLEMGO;COOPERATIVA MISTA DOS PRODUTORES DE LEITE DE MORRINHOS;923192;COMPLEM-FABRAÇÕES;02667442001517;MORRINHOS;GO;COMÉRCIO;SUDESTE;01/04/2019;15;CELG;0.4;61.242262;0.0;61.242262
202412;45095;BRASIL PARK SHOPPING CL 514;CONDOMINIO DE ADMINISTRACAO DO BRASIL PARK SHOPPING;905340;BRASIL PARK SHOPPING;09099926000150;ANÁPOLIS;GO;SERVIÇOS;SUDESTE;01/11/2016;15;CELG;0.685;218.928201;0.0;218.928201
202412;1442;CBD;COMPANHIA BRASILEIRA DE DISTRIBUICAO;913396;CBD2379 - PCA TAMAND;47508411117932;GOIÂNIA;GO;COMÉRCIO;SUDESTE;01/04/2018;15;CELG;0.32;146.960424;0.0;146.960424
202412;46355;BONANZA CL 514;BONANZA AGROINDUSTRIAL LTDA;918740;BONANZA AGROINDUSTRI;08746379000195;GOIANIRA;GO;ALIMENTÍCIOS;SUDESTE;01/10/2018;15;CELG;0.5;172.903382;0.0;172.903382
202412;100507;WMS SUPERCL 514 23;WMS SUPERMERCADOS DO BRASIL LTDA.;907764;WMS SUPER - LJ 900;93209765056767;VALPARAÍSO DE GOIÁS;GO;COMÉRCIO;SUDESTE;01/02/2017;15;CELG;0.65;254.270495;0.0;254.270495
202412;45108;BURITI SHOPPING AP GO CL 514;CONDOMINIO DO BURITI SHOPPING;907768;SHOP BURITI AP GOIAN;01003352000163;APARECIDA DE GOIÂNIA;GO;SERVIÇOS;SUDESTE;01/02/2017;15;CELG;0.77;269.834211;0.0;269.834211
202412;83190;CLARO CL 13360;CLARO S.A.;905709;CLARO GOIANIA R. 2;40432544059621;GOIÂNIA;GO;TELECOMUNICAÇÕES;SUDESTE;01/11/2016;15;CELG;0.55;313.289063;0.0;313.289063
202412;46466;PEDREIRA GOIAS CL 514;PEDREIRA GOIAS LTDA;926063;PEDREIRA GOIAS LTDA;00822452000159;ABADIÂNIA;GO;MINERAIS NÃO-METÁLICOS;SUDESTE;01/09/2019;15;CELG;0.67;68.986473;0.0;68.986473
202412;46544;MOINHO VITORIA CL 514;MOINHO VITORIA LTDA;927563;MOINHO VITÓRIA 20027;05388126000360;APARECIDA DE GOIÂNIA;GO;ALIMENTÍCIOS;SUDESTE;01/09/2019;15;CELG;0.5;546.004909;0.0;546.004909
202412;48799;BRASILMINERIOSFILIALESPCL514;BRASIL MINERIOS S/A;932348;BRASIL MINERIOS FILI;02683365000606;SÃO LUÍS DE MONTES BELOS;GO;MINERAIS NÃO-METÁLICOS;SUDESTE;01/12/2019;15;CELG;0.5;317.47236;0.0;317.47236
202412;103023;CAMIL MATRIZ AP GOIANIA EI;CAMIL ALIMENTOS S.A.;932747;CAMIL GOIÂNIA UC 100;64904295004524;APARECIDA DE GOIÂNIA;GO;COMÉRCIO;SUDESTE;01/12/2019;15;CELG;0.75;84.108708;0.0;84.108708
202412;32003;MOINHO CENTRO NORTE CL 514;MOINHO CENTRO NORTE LTDA EM RECUPERACAO JUDICIAL;932723;MOINHO VIT 16078172;34259764000118;GOIÂNIA;GO;ALIMENTÍCIOS;SUDESTE;01/12/2019;15;CELG;0.5;168.192213;0.0;168.192213
202412;44927;SHOP ESTACAO GOIANIA NESP;SHOPPING ESTACAO GOIANIA EMPREENDIMENTOS E EVENTOS S/A;905022;SHOP ESTACAO GOIANIA;06017828000139;GOIÂNIA;GO;SERVIÇOS;SUDESTE;01/10/2016;15;CELG;0.77;317.554286;0.0;317.554286
202412;88208;SUPERVI;SUPERVI DISTRIBUIDOR DE ALIMENTOS LTDA;933949;LOJA 13 - JARAGUA;07503617001302;JARAGUÁ;GO;COMÉRCIO;SUDESTE;01/02/2020;15;CELG;0.04;19.910114;0.0;19.910114
202412;88208;SUPERVI;SUPERVI DISTRIBUIDOR DE ALIMENTOS LTDA;933951;LOJA 11 - JARDIM ALE;07503617001140;ANÁPOLIS;GO;COMÉRCIO;SUDESTE;01/02/2020;15;CELG;0.105;48.804048;0.0;48.804048
202412;99043;ALBIOMA CL 514;ALBIOMA ESPLANADA ENERGIA S.A;935737;ESPLANADA CONSUMO -;29915125000123;GOIANÉSIA;GO;SERVIÇOS;SUDESTE;01/04/2020;15;CELG;1.6;227.222154;0.0;227.222154
202412;47392;MISSIATO JAMEL CL 514;INDUSTRIA MISSIATO DE BEBIDAS LTDA;935891;MISSIATO JAMEL;02295098000420;ANÁPOLIS;GO;BEBIDAS;SUDESTE;01/04/2020;15;CELG;0.66;155.502073;0.0;155.502073
202412;48803;C CL NOROESTE PLASTICOS;NOROESTE COMERCIO E INDUSTRIA DE PLASTICOS LTDA;935835;NOROESTE COM E IND D;09187595000100;GOIANIRA;GO;MANUFATURADOS DIVERSOS;SUDESTE;01/04/2020;15;CELG;0.8;254.890117;0.0;254.890117
202412;5716;TELEFONICA SE;TELEFONICA BRASIL S.A.;936789;TELEFONICA (14181289;02558157061544;GOIÂNIA;GO;TELECOMUNICAÇÕES;SUDESTE;01/06/2020;15;CELG;0.21;143.369246;0.0;143.369246
202412;1477;ASSAI ATACADISTA;SENDAS DISTRIBUIDORA S/A;937524;SENDAS SE/CO - 56 (G;06057223023031;GOIÂNIA;GO;COMÉRCIO;SUDESTE;01/07/2020;15;CELG;0.67;329.733023;0.0;329.733023
202412;86666;COMERCIAL REIS;COMERCIAL REIS LTDA;937740;Loja 07;03044201000936;PIRES DO RIO;GO;COMÉRCIO;SUDESTE;01/07/2020;15;CELG;0.11;58.816209;0.0;58.816209
202412;86666;COMERCIAL REIS;COMERCIAL REIS LTDA;937753;Loja Reis 12;03044201001231;ITUMBIARA;GO;COMÉRCIO;SUDESTE;01/07/2020;15;CELG;0.165;88.542055;0.0;88.542055
202412;86666;COMERCIAL REIS;COMERCIAL REIS LTDA;937745;Loja 06;03044201000693;MORRINHOS;GO;COMÉRCIO;SUDESTE;01/07/2020;15;CELG;0.14;74.281329;0.0;74.281329
202412;86578;TATICO SETOR CENTRO OESTE;CENTRO OESTE COMERCIAL DE ALIMENTOS LTDA;939688;TATICO CENTRAL;24447350000673;GOIÂNIA;GO;COMÉRCIO;SUDESTE;01/10/2020;15;CELG;0.32;168.597546;0.0;168.597546
202412;99292;COMIGO-MATRIZ LIVRE;COOPERATIVA AGROINDUSTRIAL DOS PRODUTORES RURAIS DO SUDOESTE GOIANO;939706;COM-CINQUENTÃO;02077618003362;SANTA HELENA DE GOIÁS;GO;SERVIÇOS;SUDESTE;01/10/2020;15;CELG;1.2;18.905456;0.0;18.905456
202412;99292;COMIGO-MATRIZ LIVRE;COOPERATIVA AGROINDUSTRIAL DOS PRODUTORES RURAIS DO SUDOESTE GOIANO;939728;COM-ESTRELA DALVA;02077618003109;JATAÍ;GO;SERVIÇOS;SUDESTE;01/10/2020;15;CELG;0.9;10.773767;0.0;10.773767
202412;99292;COMIGO-MATRIZ LIVRE;COOPERATIVA AGROINDUSTRIAL DOS PRODUTORES RURAIS DO SUDOESTE GOIANO;939705;COM-ACREÚNA;02077618001319;ACREÚNA;GO;SERVIÇOS;SUDESTE;01/10/2020;15;CELG;0.6;24.076221;0.0;24.076221
202412;117234;SHOP MEGA POLO MODA;CONDOMINIO SHOPPING MEGA POLO MODA GOIANIA;941902;MEGA POLO - GOIANIA;34275221000194;GOIÂNIA;GO;SERVIÇOS;SUDESTE;01/01/2021;15;CELG;0.5;28.218911;0.0;28.218911
202412;46863;BINATURAL CL 514;BINATURAL ENERGIAS RENOVAVEIS S.A;942376;BINATURAL INDUSTRIA;07113559000177;FORMOSA;GO;MINERAIS NÃO-METÁLICOS;SUDESTE;01/02/2021;15;CELG;0.6;387.53711;0.0;387.53711
202412;50881;ESCOLAS ALTA PERFORMANCE;SEB ESCOLAS DE ALTA PERFORMANCE S.A.;943517;SEB COLEGIO VISAO -;33268567001336;GOIÂNIA;GO;SERVIÇOS;SUDESTE;01/04/2021;15;CELG;0.17;5.342342;0.0;5.342342
202412;89866;CARAMURU ARMAZENS GO;CARAMURU ALIMENTOS  S/A;943919;CARAMURU ARMAZENS CH;00080671004288;CHAPADÃO DO CÉU;GO;SERVIÇOS;SUDESTE;01/04/2021;15;CELG;0.53;20.61915;0.0;20.61915
202412;83042;CARGILL PGA SE;CARGILL AGRICOLA S A;944106;CARGILL AGRICOLA S.A;60498706013135;CATALÃO;GO;ALIMENTÍCIOS;SUDESTE;01/05/2021;15;CELG;0.215;5.057186;0.0;5.057186
202412;32135;PIRECAL PIRENOPOLIS CL 514;PIRECAL PIRENOPOLIS CALCARIO LTDA;944395;PIRECAL VILA PROPICI;02787125000139;VILA PROPÍCIO;GO;MINERAIS NÃO-METÁLICOS;SUDESTE;01/05/2021;15;CELG;1.14;32.2583;0.0;32.2583
202412;24882;ATACADAO DIA A DIA 002;ATACADAO DIA A DIA S.A;945480;DIA A DIA - BALNEÁRI;17457404000616;GOIÂNIA;GO;COMÉRCIO;SUDESTE;01/07/2021;15;CELG;0.24;169.670868;0.0;169.670868
202412;4574;BRASIL TELE SE;OI S.A. - EM RECUPERACAO JUDICIAL;948915;UC 610024607 - FORMO;76535764032851;FORMOSA;GO;TELECOMUNICAÇÕES;SUDESTE;01/12/2021;15;CELG;0.095;39.387394;0.0;39.387394
202412;26879;ICO METAIS;EDSON LUCCA LTDA;948901;ICO METAIS UC 100127;14094415000186;TRINDADE;GO;MANUFATURADOS DIVERSOS;SUDESTE;01/12/2021;15;CELG;0.16;9.806477;0.0;9.806477
202412;35112;NOVA GALIA CL;NOVA GALIA BIOENERGIA LTDA;948734;NOVA GÁLIA UC 100227;11416268000125;PARAÚNA;GO;SERVIÇOS;SUDESTE;01/12/2021;15;CELG;2.0;234.58849;0.0;234.58849
202412;30492;UNIMED RIO VERDE;UNIMED RIO VERDE COOPERATIVA DE TRABALHO MEDICO;949189;UNIMED RIO VERDE;37275625000419;RIO VERDE;GO;SERVIÇOS;SUDESTE;01/12/2021;15;CELG;0.5;209.517584;0.0;209.517584
202412;27323;AREIA GOIAS;AREIA GOIAS MINERACAO LTDA;949848;AREIA GOIAS;11338568000133;SENADOR CANEDO;GO;MINERAIS NÃO-METÁLICOS;SUDESTE;01/01/2022;15;CELG;0.5;41.759734;0.0;41.759734
202412;64343;C CE COCARI;COCARI - COOPERATIVA AGROPECUARIA E INDUSTRIAL;950156;COCARI - SILVANIA -;78956968005576;SILVÂNIA;GO;COMÉRCIO;SUDESTE;01/02/2022;15;CELG;0.295;13.285043;0.0;13.285043
202412;84391;MARISA SE I5;MARISA LOJAS S.A.;950198;MLJ671_RIO VERDE;61189288031300;RIO VERDE;GO;COMÉRCIO;SUDESTE;01/02/2022;15;CELG;0.146;28.345723;0.0;28.345723
202412;48657;SANEAGO LIVRE;SANEAMENTO DE GOIAS S/A;950959;Booster Abóbora - Ri;01616929000102;RIO VERDE;GO;SANEAMENTO;SUDESTE;01/03/2022;15;CELG;0.637;425.170696;0.0;425.170696
202412;99292;COMIGO-MATRIZ LIVRE;COOPERATIVA AGROINDUSTRIAL DOS PRODUTORES RURAIS DO SUDOESTE GOIANO;951424;COMIGO SANTA HELENA;02077618000509;SANTA HELENA DE GOIÁS;GO;SERVIÇOS;SUDESTE;01/04/2022;15;CELG;1.55;40.0931;0.0;40.0931
202412;37532;ALPES GO;ALPES INDUSTRIA E COMERCIO DE PLASTICOS LTDA;952101;ALPES GO;02877500000212;APARECIDA DE GOIÂNIA;GO;MANUFATURADOS DIVERSOS;SUDESTE;01/05/2022;15;CELG;0.285;118.307792;0.0;118.307792
202412;39241;ENTRE RIOS CL;ENERGETICA ENTRE RIOS LTDA;952278;ENTRE RIOS CARGA CL;38239725000100;TURVELÂNDIA;GO;SERVIÇOS;SUDESTE;01/05/2022;15;CELG;2.5;461.346226;0.0;461.346226
202412;40328;LDC BRASIL CAIAPONIA;LOUIS DREYFUS COMPANY BRASIL S.A.;954352;LDC BR - CAJAPONIA -;47067525020133;CAIAPÔNIA;GO;ALIMENTÍCIOS;SUDESTE;01/08/2022;15;CELG;0.13;8.238828;0.0;8.238828
202412;37878;BRK GO;BRK AMBIENTAL - GOIAS S.A.;954546;BRK GO - EEE BARRO P;18123402000149;TRINDADE;GO;SANEAMENTO;SUDESTE;01/08/2022;15;CELG;0.15;39.859181;0.0;39.859181
202412;39276;SAO SALVADOR AL;SAO SALVADOR ALIMENTOS S/A;954679;SÃO SALVADOR ALIMENT;03387396001301;;GO;ALIMENTÍCIOS;SUDESTE;01/11/2022;15;CELG;0.66;142.674078;0.0;142.674078
202412;38106;PEVE FOODS;PEVE FOODS LTDA;954929;PEVE FOODS F2;20500092000348;MINEIROS;GO;COMÉRCIO;SUDESTE;01/09/2022;15;CELG;0.07;37.773968;0.0;37.773968
202412;60443;VIAVAREJO;GRUPO CASAS BAHIA S.A.;955710;Filial 1733 - PASSEI;33041260144409;GOIÂNIA;GO;COMÉRCIO;SUDESTE;01/10/2022;15;CELG;0.115;8.620129;0.0;8.620129
202412;71101;BURGER KING SE I1;ZAMP S.A.;956412;BK -  DRIVE AV T-63;13574594098226;GOIÂNIA;GO;ALIMENTÍCIOS;SUDESTE;01/11/2022;15;CELG;0.09;26.068918;0.0;26.068918
202412;71101;BURGER KING SE I1;ZAMP S.A.;956395;BK - AV SÃO FRANCISC;13574594084276;ANÁPOLIS;GO;ALIMENTÍCIOS;SUDESTE;01/11/2022;15;CELG;0.035;10.304647;0.0;10.304647
202412;71101;BURGER KING SE I1;ZAMP S.A.;956476;BK - BURITI SHOPPING;13574594083890;APARECIDA DE GOIÂNIA;GO;ALIMENTÍCIOS;SUDESTE;01/11/2022;15;CELG;0.055;16.728581;0.0;16.728581
202412;60443;VIAVAREJO;GRUPO CASAS BAHIA S.A.;958481;Filial 1322 - GOIÂNI;33041260065290;GOIÂNIA;GO;COMÉRCIO;SUDESTE;01/02/2023;15;CELG;0.045;5.738635;0.0;5.738635
202412;41162;JAEPEL ESPECIAL;JAEPEL PAPEIS E EMBALAGENS S.A;958572;JAEPEL CAPTAÇÃO;06142539000161;SENADOR CANEDO;GO;MADEIRA, PAPEL E CELULOSE;SUDESTE;01/02/2023;15;CELG;0.075;42.224385;0.0;42.224385
202412;38814;BIO INSTINTO;BIO INSTINTO INDUSTRIA E COMERCIO DE COSMETICOS LTDA;959586;BIO INSTINTO FILIAL;07882964000311;ANÁPOLIS;GO;SERVIÇOS;SUDESTE;01/04/2023;15;CELG;0.24;94.144882;0.0;94.144882
202412;101931;TOP TELAS CL;TOP TELAS LTDA;959800;TOP TELAS;34014479000137;SENADOR CANEDO;GO;METALURGIA E PRODUTOS DE METAL;SUDESTE;01/03/2023;15;CELG;0.5;77.655482;0.0;77.655482
202412;39176;CENCOSUD BRASIL 104 SE;CENCOSUD BRASIL COMERCIAL S.A.;959968;CENCOSUD LOJA 635;39346861025580;ITUMBIARA;GO;COMÉRCIO;SUDESTE;01/04/2023;15;CELG;0.303;72.891531;0.0;72.891531
202412;42450;CERAMICA ESTRELA;CERAMICA ESTRELA INDUSTRIAL LTDA;961355;CERAMICA PIMENTA;10220913000177;MUTUNÓPOLIS;GO;MINERAIS NÃO-METÁLICOS;SUDESTE;01/05/2023;15;CELG;0.2;0.0;0.0;0.0
202412;38740;SUPERMERCADO FLORESTA;F G COMERCIAL DE ALIMENTOS LTDA;961271;SUPERMERCADO FLOREST;14200272000140;ANÁPOLIS;GO;COMÉRCIO;SUDESTE;01/05/2023;15;CELG;0.15;54.427323;0.0;54.427323
202412;1477;ASSAI ATACADISTA;SENDAS DISTRIBUIDORA S/A;961910;ASSAI - SE/CO - 214;06057223044110;CALDAS NOVAS;GO;COMÉRCIO;SUDESTE;01/06/2023;15;CELG;0.6;255.520379;0.0;255.520379
202412;104951;FETZ;FETZ MINERADORA LTDA.;962120;FETZ - UC 1003127605;30323122000180;RIO VERDE;GO;MINERAIS NÃO-METÁLICOS;SUDESTE;01/06/2023;15;CELG;1.1;83.909431;0.0;83.909431
202412;43512;CCR AEROPORTOS CENTRAL;CONCESSIONARIA DO BLOCO CENTRAL S.A.;962500;Goiânia II;42206269000179;GOIÂNIA;GO;SERVIÇOS;SUDESTE;01/07/2023;15;CELG;0.17;57.115043;0.0;57.115043
202412;101529;SMART FIT - SUDESTE;SMARTFIT ESCOLA DE GINASTICA E DANCA S.A;962378;GOCSBU1 - UC 1001569;07594978000178;GOIÂNIA;GO;SERVIÇOS;SUDESTE;01/07/2023;15;CELG;0.078;20.286851;0.0;20.286851
202412;159741;JOSIDITH ESPECIAL;AJL - AGRONEGOCIO JOSIDITH LTDA;963456;JOSIDITH CONSUMO;19321410000162;LEOPOLDO DE BULHÕES;GO;ALIMENTÍCIOS;SUDESTE;01/08/2023;15;CELG;0.75;131.115521;0.0;131.115521
202412;25518;B2W CE;AMERICANAS S.A - EM RECUPERACAO JUDICIAL;964208;AMER 312;00776574119129;ANÁPOLIS;GO;COMÉRCIO;SUDESTE;01/09/2023;15;CELG;0.109;16.447352;0.0;16.447352
202412;79624;BRAINFARMA;BRAINFARMA INDUSTRIA QUIMICA E FARMACEUTICA S.A.;964358;BRAINFARMA - ANS;05161069000544;ANÁPOLIS;GO;MANUFATURADOS DIVERSOS;SUDESTE;01/09/2023;15;CELG;11.0;6922.997473;0.0;6922.997473
202412;25518;B2W CE;AMERICANAS S.A - EM RECUPERACAO JUDICIAL;964468;AMER 1254;00776574168847;GOIÂNIA;GO;COMÉRCIO;SUDESTE;01/09/2023;15;CELG;0.065;18.447193;0.0;18.447193
202412;62321;CLARO;CLARO S.A.;964836;CLARO - CELG-D - Pru;40432544000147;ITUMBIARA;GO;TELECOMUNICAÇÕES;SUDESTE;01/09/2023;15;CELG;0.13;83.918939;0.0;83.918939
202412;25518;B2W CE;AMERICANAS S.A - EM RECUPERACAO JUDICIAL;964849;AMER 428;00776574167441;ITUMBIARA;GO;COMÉRCIO;SUDESTE;01/09/2023;15;CELG;0.125;20.776771;0.0;20.776771
202412;107239;AMARILLO;AMARILLO MINERACAO DO BRASIL LTDA;964978;Hochschild Amarillo;42799486000209;MARA ROSA;GO;EXTRAÇÃO DE MINERAIS METÁLICOS;SUDESTE;01/09/2023;15;CELG;18.0;9749.697385;0.0;9749.697385
202412;101281;BARAO SUPERMERCADOS;BARAO ESPECIALIDADES & DISTRIBUIDORA DE ALIMENTOS SA;964944;Barao Superme 964944;28790260000127;GOIÂNIA;GO;COMÉRCIO;SUDESTE;01/09/2023;15;CELG;0.085;42.721988;0.0;42.721988
202412;101281;BARAO SUPERMERCADOS;BARAO ESPECIALIDADES & DISTRIBUIDORA DE ALIMENTOS SA;965862;Barao Supermerc LJ14;28790260000127;GOIÂNIA;GO;COMÉRCIO;SUDESTE;01/10/2023;15;CELG;0.236;130.667164;0.0;130.667164
202412;101281;BARAO SUPERMERCADOS;BARAO ESPECIALIDADES & DISTRIBUIDORA DE ALIMENTOS SA;966019;Barao Supermerc LJ4;28790260000127;APARECIDA DE GOIÂNIA;GO;COMÉRCIO;SUDESTE;01/10/2023;15;CELG;0.116;49.203568;0.0;49.203568
202412;101281;BARAO SUPERMERCADOS;BARAO ESPECIALIDADES & DISTRIBUIDORA DE ALIMENTOS SA;965925;Barao Supermerc LJ26;28790260000127;SENADOR CANEDO;GO;COMÉRCIO;SUDESTE;01/10/2023;15;CELG;0.071;40.429441;0.0;40.429441
202412;3729;PERNAMBUCANAS;ARTHUR LUNDGREN TECIDOS S A CASAS PERNAMBUCANAS;966731;Pernambucanas - Gara;61099834040222;APARECIDA DE GOIÂNIA;GO;COMÉRCIO;SUDESTE;01/11/2023;15;CELG;0.065;16.667883;0.0;16.667883
202412;109449;FEBELA AGROINDUSTRIAL;FEBELA AGROINDUSTRIAL LTDA;970191;Febela Agroindustria;05874260000100;BELA VISTA DE GOIÁS;GO;ALIMENTÍCIOS;SUDESTE;01/01/2024;15;CELG;0.69;104.959017;0.0;104.959017
202412;52102;SUPERMERCADO BRJ;SUPERMERCADO BRJ LTDA;971345;SUPERMECADO BRJ - BE;17350225000170;GOIÂNIA;GO;COMÉRCIO;SUDESTE;01/02/2024;15;CELG;0.2;106.690961;0.0;106.690961
202412;109573;SAO MARCOS IJF;HOSPITAL E MATERNIDADE SAO MARCOS LTDA;972472;IJF PARTICIPACOES LT;17134934000119;GOIÂNIA;GO;SERVIÇOS;SUDESTE;01/02/2024;15;CELG;0.22;24.703775;0.0;24.703775
202412;109573;SAO MARCOS IJF;HOSPITAL E MATERNIDADE SAO MARCOS LTDA;972570;HOSPITAL E 972570;01554104000100;GOIÂNIA;GO;SERVIÇOS;SUDESTE;01/02/2024;15;CELG;0.28;93.933047;0.0;93.933047
202412;3999;C&A MODAS;C&A MODAS S.A.;973857;C&A ANP;45242914046865;ANÁPOLIS;GO;COMÉRCIO;SUDESTE;01/03/2024;15;CELG;0.15;42.663296;0.0;42.663296
202412;105683;CENCOSUD BRASIL 126 SE;CENCOSUD BRASIL COMERCIAL S.A.;975628;CENCOSUD LOJA 516;39346861034147;GOIÂNIA;GO;COMÉRCIO;SUDESTE;01/04/2024;15;CELG;0.305;128.250129;0.0;128.250129
202412;138885;PLUMA FORMOSA;PLUMA AGRO AVICOLA LTDA;976977;PLUMA FORMOSA;04656883002944;FORMOSA;GO;ALIMENTÍCIOS;SUDESTE;01/05/2024;15;CELG;0.25;30.569345;0.0;30.569345
202412;48657;SANEAGO LIVRE;SANEAMENTO DE GOIAS S/A;977849;SANEAGO - UC 2021672;01616929000102;ANÁPOLIS;GO;SANEAMENTO;SUDESTE;01/05/2024;15;CELG;2.83;1529.160263;0.0;1529.160263
202412;101281;BARAO SUPERMERCADOS;BARAO ESPECIALIDADES & DISTRIBUIDORA DE ALIMENTOS SA;978462;BaraoSupermercados3;28790260000984;GOIANIRA;GO;COMÉRCIO;SUDESTE;01/05/2024;15;CELG;0.15;40.235546;0.0;40.235546
202412;30493;SANEAGO;SANEAMENTO DE GOIAS S/A;979218;SANEAGO - UC 1700157;01616929000102;ITAPURANGA;GO;SANEAMENTO;SUDESTE;01/06/2024;15;CELG;0.108;67.833098;0.0;67.833098
202412;74006;ANHANGUERA ESP;ANHANGUERA EDUCACIONAL PARTICIPACOES S/A;981260;Valparaiso Go 981260;04310392006268;VALPARAÍSO DE GOIÁS;GO;SERVIÇOS;SUDESTE;01/07/2024;15;CELG;0.3;7.97947;0.0;7.97947
202412;50433;BRK GO CL 514;BRK AMBIENTAL - GOIAS S.A.;981406;GOC - EEE ARROZAL;18123402000220;TRINDADE;GO;SANEAMENTO;SUDESTE;01/07/2024;15;CELG;0.75;40.527963;0.0;40.527963
202412;30493;SANEAGO;SANEAMENTO DE GOIAS S/A;983114;SANEAGO -  UC 290046;01616929000102;JATAÍ;GO;SANEAMENTO;SUDESTE;01/07/2024;15;CELG;0.21;140.303481;0.0;140.303481
202412;57253;ATACADAO DIA A DIA 007;ATACADAO DIA A DIA S.A;989267;DIA A DIA - A GOIANI;17457404003046;APARECIDA DE GOIÂNIA;GO;COMÉRCIO;SUDESTE;01/10/2024;15;CELG;0.25;165.60671;0.0;165.60671
202412;85898;BRADESCO ESPECIAL SECO;BANCO BRADESCO S.A.;991074;690043405 - 3288-Itu;60746948058978;ITUMBIARA;GO;SERVIÇOS;SUDESTE;01/10/2024;15;CELG;0.062;16.895079;0.0;16.895079
202412;85898;BRADESCO ESPECIAL SECO;BANCO BRADESCO S.A.;990925;630281208 - 3290-Rio;60746948000112;RIO VERDE;GO;SERVIÇOS;SUDESTE;01/10/2024;15;CELG;0.079;11.520811;0.0;11.520811
202412;96268;DEZ ALIMENTOS;DEZ ALIMENTOS LTDA;997844;DEZ ALIMENTOS 997844;04945225000171;MORRINHOS;GO;ALIMENTÍCIOS;SUDESTE;01/12/2024;15;CELG;0.168;0.012148;0.0;0.012148
202412;137596;MULTI-MARCAS FRALDAS PANDA;MULTI-MARCAS INDUSTRIA DE PRODUTOS HIGIENICOS LTDA;997866;FRALDAS PANDA | MULT;31277525000100;TEREZÓPOLIS DE GOIÁS;GO;MADEIRA, PAPEL E CELULOSE;SUDESTE;01/12/2024;15;CELG;0.5;164.925487;0.0;164.925487
202412;104;ICB;INTERCEMENT BRASIL S.A.;7806;ICB - CEZARINA - GO;62258884013467;CEZARINA;GO;MINERAIS NÃO-METÁLICOS;SUDESTE;01/04/2005;15;CELG;21.5;10555.239021;0.0;10555.239021
202412;8598;HEINEKEN ITU GO CO;HNK BR INDUSTRIA DE BEBIDAS LTDA.;888129;SCHINCARIOL ALEXANIA;50221019001370;ALEXÂNIA;GO;BEBIDAS;SUDESTE;01/09/2012;15;CELG;5.0;1471.55374;0.0;1471.55374
202412;7503;SSA ABATEDOURO;SAO SALVADOR ALIMENTOS S/A;903983;SAO SALVADOR ALI;03387396000160;ITABERAÍ;GO;ALIMENTÍCIOS;SUDESTE;01/09/2016;15;CELG;7.7;8215.015073;0.0;8215.015073
202412;77703;UBV CL;SAO MARTINHO S/A;908391;USINA BOA VISTA - FI;51466860006278;QUIRINÓPOLIS;GO;MINERAIS NÃO-METÁLICOS;SUDESTE;01/04/2017;15;CELG;5.0;9.987091;0.0;9.987091
202412;45546;MARIZA AGUAS CL 514;MARIZA AGUAS MINERAIS LTDA;908499;MARIZA AGUAS;07191574000133;HIDROLÂNDIA;GO;ALIMENTÍCIOS;SUDESTE;01/04/2017;15;CELG;0.72;257.56532;0.0;257.56532
202412;99635;GOIANIA CORPORATE CL;CONDOMINIO GOIANIA CORPORATE FINANCIAL CENTER;909310;GOIANIA CORPORATE;03532908000134;GOIÂNIA;GO;SERVIÇOS;SUDESTE;01/06/2017;15;CELG;1.7;377.497844;0.0;377.497844
202412;30087;RENNER SE;LOJAS RENNER S.A.;909311;RENNER LOJA 277;92754738024932;GOIÂNIA;GO;COMÉRCIO;SUDESTE;01/06/2017;15;CELG;0.205;63.003159;0.0;63.003159
202412;45728;SHOP PORTAL SUL CL 514;CONDOMINIO PORTAL SUL SHOPPING;905827;SHOP PORTAL SUL;22861051000140;GOIÂNIA;GO;SERVIÇOS;SUDESTE;01/11/2016;15;CELG;0.51;184.053896;0.0;184.053896
202412;132980;CMOC MINA;CMOC BRASIL MINERACAO, INDUSTRIA E PARTICIPACOES LTDA.;909711;NIOBIO MINA CATALAO;26108898000614;CATALÃO;GO;EXTRAÇÃO DE MINERAIS METÁLICOS;SUDESTE;01/07/2017;15;CELG;2.0;720.509472;0.0;720.509472
202412;35233;APARECIDA SHOPPING NESP;APARECIDA SHOPPING S.A;909698;APARECIDA SHOPPING;97525711000111;APARECIDA DE GOIÂNIA;GO;SERVIÇOS;SUDESTE;01/07/2017;15;CELG;1.0;364.968257;0.0;364.968257
202412;98743;COSMED GYN CL 514;COSMED INDUSTRIA DE COSMETICOS E MEDICAMENTOS S.A.;909914;COSMED GYN;61082426001289;GOIÂNIA;GO;ALIMENTÍCIOS;SUDESTE;01/08/2017;15;CELG;1.55;567.791748;0.0;567.791748
202412;6342;MEXICHEM JL SE;MEXICHEM BRASIL INDUSTRIA DE TRANSFORMACAO PLASTICA LTDA;904739;MEXICHEM ANAPOLIS;58514928004242;ANÁPOLIS;GO;MANUFATURADOS DIVERSOS;SUDESTE;01/10/2016;15;CELG;0.1;7.996646;0.0;7.996646
202412;45860;BOA VISTA ALIMENTOS CL 514;BOA VISTA - ALIMENTOS LTDA EM RECUPERACAO JUDICIAL;914514;BOA VISTA ALIMENTOS;37356854000115;GOIANIRA;GO;ALIMENTÍCIOS;SUDESTE;01/06/2018;15;CELG;0.86;340.274362;0.0;340.274362
202412;7322;HAVAN SE;HAVAN S.A;904062;HAVAN 63 - ANÁPOLIS;79379491006114;ANÁPOLIS;GO;COMÉRCIO;SUDESTE;01/09/2016;15;CELG;0.42;103.15047;0.0;103.15047
202412;84455;BAL LUZIANIA CL 13360;BUNGE ALIMENTOS S/A;907159;BUNGE LUZIANIA;84046101005748;LUZIÂNIA;GO;ALIMENTÍCIOS;SUDESTE;01/01/2017;15;CELG;4.0;2297.772635;0.0;2297.772635
202412;46677;COND LOG GOIANIA CL;CONDOMINIO LOG GOIANIA;922543;LOG GOIANIA;19565701000104;GOIÂNIA;GO;SERVIÇOS;SUDESTE;01/02/2019;15;CELG;0.65;282.812328;0.0;282.812328
202412;66433;KINOPLEX;EMPRESA CINEMAS SAO LUIZ S.A.;918027;KINOPLEX GOIANIA;33497660015453;GOIÂNIA;GO;SERVIÇOS;SUDESTE;01/09/2018;15;CELG;0.206;73.015406;0.0;73.015406
202412;50698;VITAMEDIC LIVRE;VITAMEDIC INDUSTRIA FARMACEUTICA LTDA;915556;VITAMEDIC INDUSTRIA;30222814000131;ANÁPOLIS;GO;MANUFATURADOS DIVERSOS;SUDESTE;01/08/2018;15;CELG;1.4;987.479663;0.0;987.479663
202412;29464;POLENGHI LIVRE;POLENGHI INDUSTRIAS ALIMENTICIAS LTDA;907016;POLENGHI GOIATUBA;24949232003689;GOIATUBA;GO;ALIMENTÍCIOS;SUDESTE;01/01/2017;15;CELG;1.5;650.903168;0.0;650.903168
202412;64126;FLORA CL SE;FLORA PRODUTOS DE HIGIENE E LIMPEZA S.A;904699;FLORA LUZIANIA;08505736000395;LUZIÂNIA;GO;QUÍMICOS;SUDESTE;01/10/2016;15;CELG;5.35;2107.031395;0.0;2107.031395
202412;98840;OPEN MALL P;J&L REAL ESTATE LTDA;913595;OPEN MALL;09531384000143;GOIÂNIA;GO;SERVIÇOS;SUDESTE;01/04/2018;15;CELG;0.3;57.673794;0.0;57.673794
202412;64320;PASSEIO DAS AGUAS;CONDOMINIO PASSEIO DAS AGUAS SHOPPING;905828;SHOP PASSEIO AGUAS;23282496000139;GOIÂNIA;GO;SERVIÇOS;SUDESTE;01/11/2016;15;CELG;3.95;1733.564652;0.0;1733.564652
202412;76961;CAOA CL;CAOA MONTADORA DE VEICULOS LTDA;893642;CAOA - ANAPOLIS GO;03471344000177;ANÁPOLIS;GO;VEÍCULOS;SUDESTE;01/07/2014;15;CELG;6.955;3929.824738;0.0;3929.824738
202412;46289;COMING CL 514;COMING INDUSTRIA E COMERCIO DE COUROS LTDA EM RECUPERACAO JUDICIAL;917371;COMING INDUSTRIA E C;00129569000151;TRINDADE;GO;MANUFATURADOS DIVERSOS;SUDESTE;01/08/2018;15;CELG;0.8;291.196431;0.0;291.196431
202412;41518;HPE AUTOMOTORES CL;HPE AUTOMOTORES DO BRASIL LTDA;907172;BWP CATALAO;54305743001170;CATALÃO;GO;VEÍCULOS;SUDESTE;01/01/2017;15;CELG;6.7;2032.099237;0.0;2032.099237
202412;100507;WMS SUPERCL 514 23;WMS SUPERMERCADOS DO BRASIL LTDA.;907765;WMS SUPER - LJ 935;93209765058620;APARECIDA DE GOIÂNIA;GO;COMÉRCIO;SUDESTE;01/02/2017;15;CELG;0.73;283.668879;0.0;283.668879
202412;31605;ITAMBEALIMEN CL 514;ITAMBE ALIMENTOS LTDA.;898070;ITAMBE GOIANIA II;16849231001690;GOIÂNIA;GO;ALIMENTÍCIOS;SUDESTE;01/02/2016;15;CELG;1.2;720.597638;0.0;720.597638
202412;46196;ACPA CL 514;ACPA ANODIZACAO DE CHAPAS E PERFIS DE ALUMINIO LTDA;924724;ACPA ANODIZACAO DE C;01945472000180;APARECIDA DE GOIÂNIA;GO;METALURGIA E PRODUTOS DE METAL;SUDESTE;01/07/2019;15;CELG;0.7;111.262739;0.0;111.262739
202412;35203;SOTRIGO CL 514;SOTRIGO SOCIEDADE TRITICOLA DE GOIAS LTDA;924896;SOTRIGO;04577125000130;ANÁPOLIS;GO;ALIMENTÍCIOS;SUDESTE;01/07/2019;15;CELG;1.0;548.236086;0.0;548.236086
202412;46348;BRITAGO CL 514;BRITAGO MINERACAO INDUSTRIA E COMERCIO LTDA;924934;BRITAGO;03007590000172;SANTA BÁRBARA DE GOIÁS;GO;MINERAIS NÃO-METÁLICOS;SUDESTE;01/07/2019;15;CELG;0.75;131.030567;0.0;131.030567
202412;31198;FRICO CL 514;FRICO INDUSTRIA E COMERCIO DE ALIMENTOS LTDA;924970;Fricó Ind. e Comérci;07014305000100;TRINDADE;GO;ALIMENTÍCIOS;SUDESTE;01/07/2019;15;CELG;1.24;726.357455;0.0;726.357455
202412;86578;TATICO SETOR CENTRO OESTE;CENTRO OESTE COMERCIAL DE ALIMENTOS LTDA;928883;TATICO SETOR CENTRO;24447350000169;GOIÂNIA;GO;COMÉRCIO;SUDESTE;01/10/2019;15;CELG;0.38;184.677399;0.0;184.677399
202412;85397;FRINENSE TRINDADE;FRINENSE ALIMENTOS LTDA;932347;FRINENSE TRINDADE;07042642000100;TRINDADE;GO;ALIMENTÍCIOS;SUDESTE;01/12/2019;15;CELG;0.1;0.855367;0.0;0.855367
202412;3999;C&A MODAS;C&A MODAS S.A.;904595;C&A MODAS GPA123;45242914031248;GOIÂNIA;GO;COMÉRCIO;SUDESTE;01/10/2016;15;CELG;0.25;56.964363;0.0;56.964363
202412;101208;CAMIL CL MABEL;CAMIL ALIMENTOS S.A.;891470;MABEL AP DE GOIANIA;64904295004281;APARECIDA DE GOIÂNIA;GO;ALIMENTÍCIOS;SUDESTE;01/01/2014;15;CELG;1.7;675.379007;0.0;675.379007
202412;63649;GUABI;GUABI NUTRICAO E SAUDE ANIMAL LTDA;904673;GUABI ANAPOLIS;02918654000124;ANÁPOLIS;GO;ALIMENTÍCIOS;SUDESTE;01/10/2016;15;CELG;1.545;517.50533;0.0;517.50533
202412;31313;EQUIPLEX CL 514;EQUIPLEX INDUSTRIA FARMACEUTICA LTDA -;907017;EQUIPLEX;01784792000103;APARECIDA DE GOIÂNIA;GO;MANUFATURADOS DIVERSOS;SUDESTE;01/01/2017;15;CELG;1.169;819.727395;0.0;819.727395
202412;35573;SGB WEBER PLANALTINA EI;SAINT-GOBAIN DO BRASIL PRODUTOS INDUSTRIAIS E PARA CONSTRUCAO LTDA;907160;S GOBAIN BRASILIT;61064838014193;PLANALTINA;GO;QUÍMICOS;SUDESTE;01/01/2017;15;CELG;0.33;58.252461;0.0;58.252461
202412;86562;BOM LIXO;BOMLIXO INDUSTRIA E COMERCIO LTDA;932933;BOMLIXO DO NIQUEL;05324532000289;GOIÂNIA;GO;SANEAMENTO;SUDESTE;01/12/2019;15;CELG;0.3;78.244851;0.0;78.244851
202412;46498;ILHAS DO LAGO CL 514;ILHAS DO LAGO ECO RESORT;932978;ILHAS DO LAGO;30512573000165;CALDAS NOVAS;GO;SERVIÇOS;SUDESTE;01/12/2019;15;CELG;0.55;249.876273;0.0;249.876273
202412;46776;ELBA CL 514;ELBA CALCARIO LTDA;933586;MONTIVIDIU ELBA;02173151000177;MONTIVIDIU;GO;MINERAIS NÃO-METÁLICOS;SUDESTE;01/01/2020;15;CELG;0.69;10.554519;0.0;10.554519
202412;89866;CARAMURU ARMAZENS GO;CARAMURU ALIMENTOS  S/A;933908;CARAMURU ARMAZENS RI;00080671003559;RIO VERDE;GO;SERVIÇOS;SUDESTE;01/02/2020;15;CELG;0.361;38.115388;0.0;38.115388
202412;82846;RIACHUELO LT 1 SE/CO;LOJAS RIACHUELO SA;933964;RCHLO LOJA 39;33200056012902;GOIÂNIA;GO;COMÉRCIO;SUDESTE;01/02/2020;15;CELG;0.15;34.168081;0.0;34.168081
202412;88208;SUPERVI;SUPERVI DISTRIBUIDOR DE ALIMENTOS LTDA;933966;LOJA 6 - PQ RESIDENC;07503617000683;ANÁPOLIS;GO;COMÉRCIO;SUDESTE;01/02/2020;15;CELG;0.08;35.150161;0.0;35.150161
202412;1477;ASSAI ATACADISTA;SENDAS DISTRIBUIDORA S/A;934731;SENDAS SE/CO - 117 (;06057223032375;VALPARAÍSO DE GOIÁS;GO;COMÉRCIO;SUDESTE;01/03/2020;15;CELG;0.63;328.635388;0.0;328.635388
202412;43644;ESTACIO CL;SOCIEDADE DE ENSINO SUPERIOR ESTACIO DE SA LTDA;935507;ESTÁCIO GOIAS;34075739014053;GOIÂNIA;GO;SERVIÇOS;SUDESTE;01/04/2020;15;CELG;0.6;13.626599;0.0;13.626599
202412;96969;SJC BIOENERGIA CL 2;SJC BIOENERGIA LTDA;936784;SJC BIOENERGIA CONSU;10249419000216;QUIRINÓPOLIS;GO;ALIMENTÍCIOS;SUDESTE;01/06/2020;15;CELG;3.0;31.861741;0.0;31.861741
202412;92091;LOPES VIANDELLI;LOPES VIANDELLI PRODUTOS ALIMENTICIOS LTDA;936981;LOPES V. LOJA 2;26910752000183;GOIANÉSIA;GO;COMÉRCIO;SUDESTE;01/06/2020;15;CELG;0.105;53.966019;0.0;53.966019
202412;92091;LOPES VIANDELLI;LOPES VIANDELLI PRODUTOS ALIMENTICIOS LTDA;937072;LOPES V. LOJA 3;26910752000507;GOIANÉSIA;GO;COMÉRCIO;SUDESTE;01/06/2020;15;CELG;0.2;82.996131;0.0;82.996131
202412;48781;MONTIVIDIUSANTATEREZACL514;CALCARIO SANTA TEREZA LTDA;937755;MONTIVIDIU SANTA TER;01059930000183;FORMOSO;GO;MINERAIS NÃO-METÁLICOS;SUDESTE;01/07/2020;15;CELG;0.5;26.029955;0.0;26.029955
202412;86666;COMERCIAL REIS;COMERCIAL REIS LTDA;937752;Loja 14;03044201001584;CALDAS NOVAS;GO;COMÉRCIO;SUDESTE;01/07/2020;15;CELG;0.14;74.121525;0.0;74.121525
202412;86666;COMERCIAL REIS;COMERCIAL REIS LTDA;937774;Loja Reis 13;03044201001401;ITUMBIARA;GO;COMÉRCIO;SUDESTE;01/07/2020;15;CELG;0.135;70.398337;0.0;70.398337
202412;86666;COMERCIAL REIS;COMERCIAL REIS LTDA;937741;Loja 09;03044201000421;ITUMBIARA;GO;COMÉRCIO;SUDESTE;01/07/2020;15;CELG;0.14;83.366369;0.0;83.366369
202412;156778;JAGUAFRANGOS GO CL;JAGUAFRANGOS INDUSTRIA E COMERCIO DE ALIMENTOS LTDA;938177;JAGUAFRANGOS RAÇAO G;85090033003067;PALMEIRAS DE GOIÁS;GO;ALIMENTÍCIOS;SUDESTE;01/08/2020;15;CELG;1.55;241.827269;0.0;241.827269
202412;98955;CROWN RIO VERDE;CROWN EMBALAGENS METALICAS DA AMAZONIA S/A;939930;CROWN RIO VERDE;33174335001319;RIO VERDE;GO;METALURGIA E PRODUTOS DE METAL;SUDESTE;01/11/2020;15;CELG;4.4;2768.634157;0.0;2768.634157
202412;47665;BRMILL CL 514;BRMILL ALIMENTOS LTDA;941388;BRMILL ALIMENTOS LTD;08469992000102;SILVÂNIA;GO;ALIMENTÍCIOS;SUDESTE;01/01/2021;15;CELG;0.7;231.757897;0.0;231.757897
202412;95859;SUPERMERCADO PRO BRASIL;SUPERMERCADO PRO BRASIL LTDA;941286;SUPERM PRO BR JD AMR;37629995000326;GOIÂNIA;GO;COMÉRCIO;SUDESTE;01/01/2021;15;CELG;0.19;90.073825;0.0;90.073825
202412;99081;COMIVA;COOPERATIVA MISTA AGROPECUARIA DO VALE DO ARAGUAIA;941901;COMIVA PORTELANDIA;01167501001010;PORTELÂNDIA;GO;SERVIÇOS;SUDESTE;01/01/2021;15;CELG;0.36;1.881696;0.0;1.881696
202412;89866;CARAMURU ARMAZENS GO;CARAMURU ALIMENTOS  S/A;942170;CARAMURU ARMAZENS NO;00080671000371;SÃO SIMÃO;GO;ALIMENTÍCIOS;SUDESTE;01/02/2021;15;CELG;0.13;12.073479;0.0;12.073479
202412;47797;QUALITY ALIMENTOS CL 514;QUALITY INDUSTRIA DE ALIMENTOS LTDA;942363;QUALITY ALIMENTOS;08906799000191;ANÁPOLIS;GO;ALIMENTÍCIOS;SUDESTE;01/02/2021;15;CELG;0.5;226.960695;0.0;226.960695
202412;95026;REMMACK;REMMACK FILMS INDUSTRIA E COMERCIO LTDA;942361;EMBALO EMBALAGENS;07163516000104;ANÁPOLIS;GO;MANUFATURADOS DIVERSOS;SUDESTE;01/02/2021;15;CELG;0.45;75.075012;0.0;75.075012
202412;25500;SJC BIOENERGIA CL3;SJC BIOENERGIA LTDA;942431;CACHOEIRA DOUR CONSU;10249419000305;CACHOEIRA DOURADA;GO;ALIMENTÍCIOS;SUDESTE;01/02/2021;15;CELG;3.0;102.493387;0.0;102.493387
202412;31456;BRITACAL CL 514;BRITACAL IND E COM DE BRITA E CALCARIO BRASILIA LTDA;942978;BRITACAL - PLANALTIN;26970103000259;PLANALTINA;GO;MINERAIS NÃO-METÁLICOS;SUDESTE;01/03/2021;15;CELG;0.943;13.323771;0.0;13.323771
202412;98260;BAUMINAS QUIMICA;BAUMINAS QUIMICA LTDA.;943245;BAUMINAS LUZIANIA;19525278001000;LUZIÂNIA;GO;QUÍMICOS;SUDESTE;01/03/2021;15;CELG;0.2;15.947902;0.0;15.947902
202412;66054;VILLEFORT;CEMA CENTRAL MINEIRA ATACADISTA LTDA;943636;VILLEFORT JATAI;03083231003381;JATAÍ;GO;COMÉRCIO;SUDESTE;01/04/2021;15;CELG;0.3;178.080417;0.0;178.080417
202412;83042;CARGILL PGA SE;CARGILL AGRICOLA S A;944230;Cargill Piracanjuba;60498706037581;SANTA CRUZ DE GOIÁS;GO;ALIMENTÍCIOS;SUDESTE;01/05/2021;15;CELG;0.41;10.129035;0.0;10.129035
202412;100386;NUTRON ITPCL 514 23;CARGILL ALIMENTOS LTDA;945007;Cargill Goianira;01961898001441;GOIÂNIA;GO;ALIMENTÍCIOS;SUDESTE;01/06/2021;15;CELG;0.8;112.913195;0.0;112.913195
202412;25101;ADUBOS ARAGUAIA;ARAGUAIA S.A.;945308;ADUBOS DAIA - UC 210;03306578001211;ANÁPOLIS;GO;QUÍMICOS;SUDESTE;01/06/2021;15;CELG;0.245;130.154606;0.0;130.154606
202412;98167;ABL ENERGIA;FMC ENERGIA LTDA;945492;PMC SHOPPING;35585168000190;VALPARAÍSO DE GOIÁS;GO;SERVIÇOS;SUDESTE;01/07/2021;15;CELG;0.3;136.227841;0.0;136.227841
202412;64343;C CE COCARI;COCARI - COOPERATIVA AGROPECUARIA E INDUSTRIAL;946974;COCARI UC 1060106878;78956968000183;CRISTALINA;GO;COMÉRCIO;SUDESTE;01/09/2021;15;CELG;0.3;5.407977;0.0;5.407977
202412;84391;MARISA SE I5;MARISA LOJAS S.A.;947580;MLJ934_URIAS MAGALHA;61189288052570;GOIÂNIA;GO;COMÉRCIO;SUDESTE;01/10/2021;15;CELG;0.15;28.197315;0.0;28.197315
202412;63677;RENNER MATRIZ SUDESTE;LOJAS RENNER S.A.;948668;RNR128_Shop Goiânia;92754738014201;GOIÂNIA;GO;COMÉRCIO;SUDESTE;01/12/2021;15;CELG;0.221;50.22225;0.0;50.22225
202412;63677;RENNER MATRIZ SUDESTE;LOJAS RENNER S.A.;948571;RNR056 - Flamboyant;92754738006870;GOIÂNIA;GO;COMÉRCIO;SUDESTE;01/12/2021;15;CELG;0.09;41.005152;0.0;41.005152
202412;4574;BRASIL TELE SE;OI S.A. - EM RECUPERACAO JUDICIAL;948797;UC 120026995 - LUZIA;76535764032851;LUZIÂNIA;GO;TELECOMUNICAÇÕES;SUDESTE;01/12/2021;15;CELG;0.06;30.177614;0.0;30.177614
202412;4574;BRASIL TELE SE;OI S.A. - EM RECUPERACAO JUDICIAL;948827;UC 20661836 - JLK -;76535764032851;ANÁPOLIS;GO;TELECOMUNICAÇÕES;SUDESTE;01/12/2021;15;CELG;0.058;17.225792;0.0;17.225792
202412;93109;COSTA MULTICANAL;COSTA MULTICANAL S/A;950847;COSTA ANEL VIARI;27289076000569;GOIÂNIA;GO;COMÉRCIO;SUDESTE;01/03/2022;15;CELG;0.3;143.125103;0.0;143.125103
202412;26907;CEREAL OURO;CEREAL OURO SEMENTES LTDA;951195;CEREAL OURO AGRICOLA;04712017000122;RIO VERDE;GO;ALIMENTÍCIOS;SUDESTE;01/04/2022;15;CELG;0.5;27.256213;0.0;27.256213
202412;93905;COMIGO-MATRIZ ESPECIAL;COOPERATIVA AGROINDUSTRIAL DOS PRODUTORES RURAIS DO SUDOESTE GOIANO;951436;COM-PARAÚNA;02077618002200;PARAÚNA;GO;SERVIÇOS;SUDESTE;01/04/2022;15;CELG;0.45;33.590829;0.0;33.590829
202412;44493;CALCARIO RIO VERDE CL 514;CALCARIO RIO VERDE MINERACAO E AGROPECUARIA LTDA;951633;CALCARIO RIO VERDE;02056554000136;CAIAPÔNIA;GO;MINERAIS NÃO-METÁLICOS;SUDESTE;01/04/2022;15;CELG;0.5;6.47048;0.0;6.47048
202412;38048;BRF 1117 CD AP GOIANIA CE;BRF S.A.;954288;BRF - CD AP DE GOIAN;01838723030891;APARECIDA DE GOIÂNIA;GO;COMÉRCIO;SUDESTE;01/09/2022;15;CELG;0.43;247.112782;0.0;247.112782
202412;60443;VIAVAREJO;GRUPO CASAS BAHIA S.A.;954329;Filial 1308 - UC: 10;33041260109336;NOVO GAMA;GO;COMÉRCIO;SUDESTE;01/08/2022;15;CELG;0.09;13.748637;0.0;13.748637
202412;60443;VIAVAREJO;GRUPO CASAS BAHIA S.A.;954335;Filial 1654 - PORTAL;33041260109174;GOIÂNIA;GO;COMÉRCIO;SUDESTE;01/08/2022;15;CELG;0.06;15.654475;0.0;15.654475
202412;84590;LOCALIZA;LOCALIZA RENT A CAR SA;954948;LOCALIZA CDGYN1;16670085000155;APARECIDA DE GOIÂNIA;GO;SERVIÇOS;SUDESTE;01/09/2022;15;CELG;0.06;20.629629;0.0;20.629629
202412;38275;NUTRIEN CRISTALINA;NUTRIEN SOLUCOES AGRICOLAS LTDA;955311;NUTRIEN CRISTALINA;88305859000150;CRISTALINA;GO;SERVIÇOS;SUDESTE;01/09/2022;15;CELG;0.1;2.998461;0.0;2.998461
202412;60443;VIAVAREJO;GRUPO CASAS BAHIA S.A.;955715;Filial 1627 - ÁGUAS;33041260109760;;GO;COMÉRCIO;SUDESTE;01/10/2022;15;CELG;0.1;11.544251;0.0;11.544251
202412;53957;BONABOCA CL 514;BONABOCA INDUSTRIA E COMERCIO DE ALIMENTOS LTDA;956534;Bonaboca Filial;09593374000302;GOIÂNIA;GO;ALIMENTÍCIOS;SUDESTE;01/11/2022;15;CELG;0.5;162.937295;0.0;162.937295
202412;71101;BURGER KING SE I1;ZAMP S.A.;956895;BK - SHOPPING FLAMBO;13574594084861;GOIÂNIA;GO;ALIMENTÍCIOS;SUDESTE;01/12/2022;15;CELG;0.048;18.974262;0.0;18.974262
202412;57038;BRF 570 SAO THOMAS CL;BRF S.A.;957241;BRF - 63035198 - GRA;01838723017445;RIO VERDE;GO;ALIMENTÍCIOS;SUDESTE;01/12/2022;15;CELG;0.585;170.850662;0.0;170.850662
202412;41162;JAEPEL ESPECIAL;JAEPEL PAPEIS E EMBALAGENS S.A;958533;JAEPEL ETE;06142539000161;SENADOR CANEDO;GO;MADEIRA, PAPEL E CELULOSE;SUDESTE;01/02/2023;15;CELG;0.75;428.286473;0.0;428.286473
202412;50978;ATACADAO CL2;ATACADAO S.A.;959359;ATACADAO LJ 231;75315333023150;ITUMBIARA;GO;COMÉRCIO;SUDESTE;01/03/2023;15;CELG;0.6;249.910049;0.0;249.910049
202412;48657;SANEAGO LIVRE;SANEAMENTO DE GOIAS S/A;959410;SANEAGO - EEAB Meia;01616929000102;GOIÂNIA;GO;SANEAMENTO;SUDESTE;01/03/2023;15;CELG;1.15;720.058618;0.0;720.058618
202412;93109;COSTA MULTICANAL;COSTA MULTICANAL S/A;959452;COSTA RIO VERDE;27289076000720;RIO VERDE;GO;COMÉRCIO;SUDESTE;01/03/2023;15;CELG;0.25;115.912204;0.0;115.912204
202412;84391;MARISA SE I5;MARISA LOJAS S.A.;959556;MLJ178_BURITI SHOPPI;61189288018711;APARECIDA DE GOIÂNIA;GO;COMÉRCIO;SUDESTE;01/03/2023;15;CELG;0.17;40.966677;0.0;40.966677
202412;3999;C&A MODAS;C&A MODAS S.A.;960770;C&A SCE;45242914046350;GOIÂNIA;GO;COMÉRCIO;SUDESTE;01/05/2023;15;CELG;0.145;46.236652;0.0;46.236652
202412;57253;ATACADAO DIA A DIA 007;ATACADAO DIA A DIA S.A;960901;DIA A DIA - PLANALTI;17457404001426;PLANALTINA;GO;COMÉRCIO;SUDESTE;01/05/2023;15;CELG;0.3;145.51329;0.0;145.51329
202412;49676;AGROVALE;COOPERATIVA MISTA DOS PRODUTORES RURAIS DO VALE DO PARANAIBA LTDA;961188;AGROVALE - 80043495;02233732000157;QUIRINÓPOLIS;GO;ALIMENTÍCIOS;SUDESTE;01/05/2023;15;CELG;0.33;53.35565;0.0;53.35565
202412;49676;AGROVALE;COOPERATIVA MISTA DOS PRODUTORES RURAIS DO VALE DO PARANAIBA LTDA;961255;AGROVALE - 80067890;02233732000157;QUIRINÓPOLIS;GO;ALIMENTÍCIOS;SUDESTE;01/05/2023;15;CELG;0.06;14.797724;0.0;14.797724
202412;42450;CERAMICA ESTRELA;CERAMICA ESTRELA INDUSTRIAL LTDA;961232;IRMAOS ROSA;10220913000177;ESTRELA DO NORTE;GO;MINERAIS NÃO-METÁLICOS;SUDESTE;01/05/2023;15;CELG;0.4;121.841698;0.0;121.841698
202412;51694;C CE LATICINIOS FORMOSA;INDUSTRIA E COMERCIO DE LATICINIOS FORMOSA LTDA;961220;LAT FORMOSA - ITAUCU;04779723000191;ITAUÇU;GO;ALIMENTÍCIOS;SUDESTE;01/05/2023;15;CELG;0.3;160.692544;0.0;160.692544
202412;103140;SERRANOPOLIS CONSUMO;ENERGETICA SERRANOPOLIS LTDA;961177;ENE SERRANOPO 961177;05643160000172;SERRANÓPOLIS;GO;MINERAIS NÃO-METÁLICOS;SUDESTE;01/05/2023;15;CELG;0.55;42.291819;0.0;42.291819
202412;105942;PEROLA ESPECIAL;PEROLA DISTRIBUICAO E LOGISTICA S/A;961986;AV COMERCIAL;06204131001653;ANÁPOLIS;GO;COMÉRCIO;SUDESTE;01/07/2023;15;CELG;0.22;31.564578;0.0;31.564578
202412;105942;PEROLA ESPECIAL;PEROLA DISTRIBUICAO E LOGISTICA S/A;962046;LUZIANIA 2;06204131001220;ANÁPOLIS;GO;COMÉRCIO;SUDESTE;01/07/2023;15;CELG;0.14;28.103281;0.0;28.103281
202412;52403;REDE LUCAS;REDE LUCAS DE SUPERMERCADOS LTDA;962155;Loja 12 - UC  100276;06894782001299;QUIRINÓPOLIS;GO;COMÉRCIO;SUDESTE;01/06/2023;15;CELG;0.1;50.289907;0.0;50.289907
202412;102523;VMF LIVRE;VMF MINERACAO E CALCARIO LTDA;962540;VMF;37208486000168;ANICUNS;GO;MINERAIS NÃO-METÁLICOS;SUDESTE;01/07/2023;15;CELG;0.525;38.756933;0.0;38.756933
202412;100962;ITAU AMR I5 SE;ITAU UNIBANCO S.A.;962529;1004_CATALAO-GO (UC;60701190120690;CATALÃO;GO;SERVIÇOS;SUDESTE;01/07/2023;15;CELG;0.057;11.33144;0.0;11.33144
202412;104186;AGRISTAR;AGRISTAR DO BRASIL LTDA;962931;AGRISTAR GO;33345950000298;ORIZONA;GO;ALIMENTÍCIOS;SUDESTE;01/07/2023;15;CELG;0.15;44.130671;0.0;44.130671
202412;25518;B2W CE;AMERICANAS S.A - EM RECUPERACAO JUDICIAL;964887;AMER 1331;00776574017040;ITUMBIARA;GO;COMÉRCIO;SUDESTE;01/09/2023;15;CELG;0.08;18.924545;0.0;18.924545
202412;25518;B2W CE;AMERICANAS S.A - EM RECUPERACAO JUDICIAL;964820;AMER 251;00776574009293;ANÁPOLIS;GO;COMÉRCIO;SUDESTE;01/09/2023;15;CELG;0.155;20.32683;0.0;20.32683
202412;101281;BARAO SUPERMERCADOS;BARAO ESPECIALIDADES & DISTRIBUIDORA DE ALIMENTOS SA;965094;Barao Superme 965094;28790260000127;INHUMAS;GO;COMÉRCIO;SUDESTE;01/09/2023;15;CELG;0.103;51.266002;0.0;51.266002
202412;101281;BARAO SUPERMERCADOS;BARAO ESPECIALIDADES & DISTRIBUIDORA DE ALIMENTOS SA;965167;Barao Superme 965167;28790260000127;GOIÂNIA;GO;COMÉRCIO;SUDESTE;01/09/2023;15;CELG;0.114;45.903227;0.0;45.903227
202412;101281;BARAO SUPERMERCADOS;BARAO ESPECIALIDADES & DISTRIBUIDORA DE ALIMENTOS SA;965191;Barao Superme 965191;28790260000127;GOIANIRA;GO;COMÉRCIO;SUDESTE;01/09/2023;15;CELG;0.18;74.617862;0.0;74.617862
202412;101281;BARAO SUPERMERCADOS;BARAO ESPECIALIDADES & DISTRIBUIDORA DE ALIMENTOS SA;965083;Barao Superme 965083;28790260000127;GOIÂNIA;GO;COMÉRCIO;SUDESTE;01/09/2023;15;CELG;0.121;52.489167;0.0;52.489167
202412;101281;BARAO SUPERMERCADOS;BARAO ESPECIALIDADES & DISTRIBUIDORA DE ALIMENTOS SA;965988;Barao Supermerc L10;28790260000127;GOIÂNIA;GO;COMÉRCIO;SUDESTE;01/10/2023;15;CELG;0.158;77.66477;0.0;77.66477
202412;101281;BARAO SUPERMERCADOS;BARAO ESPECIALIDADES & DISTRIBUIDORA DE ALIMENTOS SA;966024;Barao Supermerc LJ7;28790260000127;GOIÂNIA;GO;COMÉRCIO;SUDESTE;01/10/2023;15;CELG;0.147;60.090447;0.0;60.090447
202412;3846;BRASIL TELECOM;OI S.A. - EM RECUPERACAO JUDICIAL;966003;ID UC 19785 - UC 290;76535764032851;NOVO GAMA;GO;TELECOMUNICAÇÕES;SUDESTE;01/11/2023;15;CELG;0.06;25.005972;0.0;25.005972
202412;60443;VIAVAREJO;GRUPO CASAS BAHIA S.A.;966478;Filial 1319 - CALDAS;33041260108445;CALDAS NOVAS;GO;COMÉRCIO;SUDESTE;01/11/2023;15;CELG;0.08;10.551329;0.0;10.551329
202412;60443;VIAVAREJO;GRUPO CASAS BAHIA S.A.;966440;Filial 1783 - UC: 10;33041260149206;GOIANÉSIA;GO;COMÉRCIO;SUDESTE;01/11/2023;15;CELG;0.07;6.947943;0.0;6.947943
202412;163300;SLC AGRICOLA ELE;SLC AGRICOLA S.A.;966634;SLC PAMPLONA SED I;89096457001127;CRISTALINA;GO;ALIMENTÍCIOS;SUDESTE;01/11/2023;15;CELG;0.11;48.13191;0.0;48.13191
202412;4574;BRASIL TELE SE;OI S.A. - EM RECUPERACAO JUDICIAL;966633;ID UC 19860 - UC 335;76535764032851;VALPARAÍSO DE GOIÁS;GO;TELECOMUNICAÇÕES;SUDESTE;01/11/2023;15;CELG;0.05;19.781862;0.0;19.781862
202412;100962;ITAU AMR I5 SE;ITAU UNIBANCO S.A.;966723;4336_GOIANIA-PERIMET;60701190195940;GOIÂNIA;GO;SERVIÇOS;SUDESTE;01/11/2023;15;CELG;0.07;8.597079;0.0;8.597079
202412;37878;BRK GO;BRK AMBIENTAL - GOIAS S.A.;966779;BRK GO- ETE T PROMET;18123402000149;APARECIDA DE GOIÂNIA;GO;SANEAMENTO;SUDESTE;01/11/2023;15;CELG;0.225;8.591578;0.0;8.591578
202412;105446;SEMPRE SEMENTES;SEMPRE AGTECH LTDA;966842;SEMPRE AGTECH LTDA;09536120000263;SANTA HELENA DE GOIÁS;GO;ALIMENTÍCIOS;SUDESTE;01/11/2023;15;CELG;0.8;427.632097;0.0;427.632097
202412;113622;CAÇU;CACU COMERCIO E INDUSTRIA DE ACUCAR E ALCOOL LTDA;967771;CACU COMERCIO;07996345000196;VICENTINÓPOLIS;GO;ALIMENTÍCIOS;SUDESTE;01/12/2023;15;CELG;1.0;73.046109;0.0;73.046109
202412;112347;VR LABEL;VR LABEL INDUSTRIA GRAFICA LTDA;969676;VR Label;97523216000173;APARECIDA DE GOIÂNIA;GO;SERVIÇOS;SUDESTE;01/01/2024;15;CELG;0.5;69.36114;0.0;69.36114
202412;100962;ITAU AMR I5 SE;ITAU UNIBANCO S.A.;971415;3935_PERSONNALITE-GO;60701190169940;GOIÂNIA;GO;SERVIÇOS;SUDESTE;01/02/2024;15;CELG;0.062;8.181626;0.0;8.181626
202412;118105;FRIGO SUINOS;FRIGO SUINOS SOL NASCENTE LTDA;972280;Frigo Suínos Sol Nas;03801328000103;GOIÂNIA;GO;ALIMENTÍCIOS;SUDESTE;01/02/2024;15;CELG;0.95;391.052947;0.0;391.052947
202412;125310;IRRIGACAO URC;ATVOS BIOENERGIA RIO CLARO S.A;973295;Rio Claro Agroindust;08598391000108;CAÇU;GO;MINERAIS NÃO-METÁLICOS;SUDESTE;01/03/2024;15;CELG;2.6;10.530247;0.0;10.530247
202412;105683;CENCOSUD BRASIL 126 SE;CENCOSUD BRASIL COMERCIAL S.A.;975599;CENCOSUD LOJA 645;39346861025822;ANÁPOLIS;GO;COMÉRCIO;SUDESTE;01/04/2024;15;CELG;0.288;88.247624;0.0;88.247624
202412;48657;SANEAGO LIVRE;SANEAMENTO DE GOIAS S/A;977437;SANEAGO - UC 1107207;01616929000102;GOIÂNIA;GO;SANEAMENTO;SUDESTE;01/05/2024;15;CELG;1.191;561.451587;0.0;561.451587
202412;30493;SANEAGO;SANEAMENTO DE GOIAS S/A;977828;SANEAGO - UC 2960119;01616929000102;PLANALTINA;GO;SANEAMENTO;SUDESTE;01/05/2024;15;CELG;0.166;87.402519;0.0;87.402519
202412;30493;SANEAGO;SANEAMENTO DE GOIAS S/A;977779;SANEAGO - UC 1237435;01616929000102;GOIÂNIA;GO;SANEAMENTO;SUDESTE;01/05/2024;15;CELG;0.5;77.579085;0.0;77.579085
202412;101281;BARAO SUPERMERCADOS;BARAO ESPECIALIDADES & DISTRIBUIDORA DE ALIMENTOS SA;978494;BaraoSupermercados2;28790260000984;TRINDADE;GO;COMÉRCIO;SUDESTE;01/05/2024;15;CELG;0.087;26.912864;0.0;26.912864
202412;93706;UNIMED GO;UNIMED GOIANIA COOPERATIVA DE TRABALHO MEDICO;982876;SAU PEDIATRICO (UC 1;02476067001951;GOIÂNIA;GO;SERVIÇOS;SUDESTE;01/07/2024;15;CELG;0.06;22.1395;0.0;22.1395
202412;30493;SANEAGO;SANEAMENTO DE GOIAS S/A;983046;SANEAGO - UC 2901118;01616929000102;JATAÍ;GO;SANEAMENTO;SUDESTE;01/07/2024;15;CELG;0.112;70.902003;0.0;70.902003
202412;151407;BAUTEK BARRO ALTO;BAUTEK MINERAIS INDUSTRIAIS LTDA.;984570;BAUTEK BARRO ALTO;21229511000230;BARRO ALTO;GO;EXTRAÇÃO DE MINERAIS METÁLICOS;SUDESTE;01/08/2024;15;CELG;0.5;353.603271;0.0;353.603271
202412;3309;MARTINS;MARTINS COMERCIO E SERVICOS DE DISTRIBUICAO S/A;985387;MARTINS 10037613136;43214055004013;HIDROLÂNDIA;GO;COMÉRCIO;SUDESTE;01/08/2024;15;CELG;0.15;161.789791;0.0;161.789791
202412;149190;KRONA NORDESTE FILIAL;KRONA TUBOS E CONEXOES DO NORDESTE LTDA;985202;KRONA NORDESTE - FIL;11907140000245;APARECIDA DE GOIÂNIA;GO;MANUFATURADOS DIVERSOS;SUDESTE;01/08/2024;15;CELG;0.85;176.016002;0.0;176.016002
202412;129969;LUZTOL;LUZTOL INDUSTRIA QUIMICA LTDA;989007;LUZTOL IND QUIMICA L;00464374000168;APARECIDA DE GOIÂNIA;GO;QUÍMICOS;SUDESTE;01/09/2024;15;CELG;0.8;67.761467;0.0;67.761467
202412;85898;BRADESCO ESPECIAL SECO;BANCO BRADESCO S.A.;990624;10005326123 - 0250-J;60746948012552;RIO VERDE;GO;SERVIÇOS;SUDESTE;01/10/2024;15;CELG;0.07;12.273029;0.0;12.273029
202412;83743;COBASI;COBASI COMERCIO DE PRODUTOS BASICOS E INDUSTRIALIZADOS S.A.;992862;COBASI - GOIANIA T63;53153938017264;GOIÂNIA;GO;COMÉRCIO;SUDESTE;01/11/2024;15;CELG;0.15;14.666046;0.0;14.666046
202412;72077;RESIPLASTIC;RESIPLASTIC INDUSTRIA E COMERCIO LTDA;993527;RESIPLASTIC CATALÃO;57159923000531;CATALÃO;GO;MANUFATURADOS DIVERSOS;SUDESTE;01/12/2024;15;CELG;0.12;1.943985;0.0;1.943985
202412;146552;N&L INDUSTRIA;N & L INDUSTRIA E COMERCIO LTDA;994457;N&L INDUSTRIA (UC 10;08117082000160;TRINDADE;GO;QUÍMICOS;SUDESTE;01/11/2024;15;CELG;1.0;155.984431;0.0;155.984431
202412;119718;FRIG VALENCIO JATAI;FRIGORIFICO VALENCIO LTDA;997835;Frigorifico Valencio;08915713000359;JATAÍ;GO;ALIMENTÍCIOS;SUDESTE;01/12/2024;15;CELG;0.75;276.978388;0.0;276.978388
202412;150431;DOIS MARCOS SEMENTES;DOIS MARCOS SEMENTES LTDA;997896;DOIS MARCOS SEMENTES;00291633000104;CRISTALINA;GO;ALIMENTÍCIOS;SUDESTE;01/12/2024;15;CELG;2.5;345.907198;0.0;345.907198
202412;15;CELG;EQUATORIAL GOIAS DISTRIBUIDORA DE ENERGIA S/A;16;CELG;01543032000104;GOIÂNIA;GO;;SUDESTE;01/08/2000;;;2010.513;1041763.487373;0.0;1041763.487373
202412;24136;JBS FRIBOI CL 18;JBS S/A;7850;JBS - MOZARLANDIA;02916265008306;MOZARLÂNDIA;GO;ALIMENTÍCIOS;SUDESTE;01/05/2005;15;CELG;7.0;4150.502946;0.0;4150.502946
202412;84226;MORRO VERMELHO CL;ATVOS BIOENERGIA BRENCO S.A.;889196;MORRO VERMELHO - CON;08070566000100;MINEIROS;GO;SERVIÇOS;SUDESTE;01/01/2013;4078;TER;5.0;775.630581;0.0;775.630581
202412;84224;AGUA EMENDADA CL;ATVOS BIOENERGIA BRENCO S.A.;889195;AGUA EMENDADA - CONS;08070566000100;PEROLÂNDIA;GO;SERVIÇOS;SUDESTE;01/01/2013;4078;TER;5.0;269.289472;0.0;269.289472
202412;85293;BRF 245 MINEIROS CL;BRF S.A.;902710;BRF RACAO MINEIROS;01838723018921;MINEIROS;GO;ALIMENTÍCIOS;SUDESTE;01/08/2016;15;CELG;2.7;711.635191;0.0;711.635191
202412;31353;OLVEGO CL 514;OLVEGO OLEOS VEGETAIS DE GOIAS LTDA;903160;OLVEGO;02136380000111;PIRES DO RIO;GO;ALIMENTÍCIOS;SUDESTE;01/08/2016;15;CELG;1.35;202.746899;0.0;202.746899
202412;88069;RIO QUENTE RESORT CL 514;COMPANHIA THERMAS DO RIO QUENTE;899937;RIO QUENTE RESORT;01540533000129;RIO QUENTE;GO;SERVIÇOS;SUDESTE;01/06/2016;15;CELG;2.8;1413.916362;0.0;1413.916362
202412;3999;C&A MODAS;C&A MODAS S.A.;900379;C&A MODAS GYN710;45242914001683;GOIÂNIA;GO;COMÉRCIO;SUDESTE;01/07/2016;15;CELG;0.25;64.167497;0.0;64.167497
202412;61211;JAEPEL;JAEPEL PAPEIS E EMBALAGENS S.A;901060;JAEPEL PAPEIS;06142539000161;SENADOR CANEDO;GO;MADEIRA, PAPEL E CELULOSE;SUDESTE;01/07/2016;15;CELG;7.5;5353.470189;0.0;5353.470189
202412;32633;JARDIM GOIAS CL 514 2022;JARDIM GOIAS EMPREENDIMENTOS LTDA;908470;JARDIM GOIAS;02103836000147;GOIÂNIA;GO;SERVIÇOS;SUDESTE;01/04/2017;15;CELG;1.503;538.400589;0.0;538.400589
202412;32051;OURO BRANCO NESP;CALCARIO OURO BRANCO LTDA;909313;OURO BRANCO;37883097000219;INDIARA;GO;MINERAIS NÃO-METÁLICOS;SUDESTE;01/06/2017;15;CELG;1.2;10.561658;0.0;10.561658
202412;1442;CBD;COMPANHIA BRASILEIRA DE DISTRIBUICAO;910358;CBD PA GOIANIA 1018;47508411160196;GOIÂNIA;GO;COMÉRCIO;SUDESTE;01/09/2017;15;CELG;0.31;139.890444;0.0;139.890444
202412;87813;BELOCAL PLANALTINA;MINERACAO BELOCAL LTDA;907171;MINERAÇÃO BELOCAL;06730693000820;PLANALTINA;GO;MINERAIS NÃO-METÁLICOS;SUDESTE;01/01/2017;15;CELG;2.0;625.057943;0.0;625.057943
202412;99122;GEM ALIMENTOS CL 514;GEM AGROINDUSTRIAL E COMERCIAL LTDA;921178;GEM AGROINDUSTRIAL;25006271000185;ACREÚNA;GO;ALIMENTÍCIOS;SUDESTE;01/01/2019;15;CELG;1.7;580.306673;0.0;580.306673
202412;82846;RIACHUELO LT 1 SE/CO;LOJAS RIACHUELO SA;898050;RIACHUELO LJ 154;33200056032423;GOIÂNIA;GO;COMÉRCIO;SUDESTE;01/02/2016;15;CELG;0.225;86.468299;0.0;86.468299
202412;88106;SHOPPING SUL CL 514;CONDOMINIO DO SHOPPING SUL;906599;SHOP SUL VALPARAISO;74155474000149;VALPARAÍSO DE GOIÁS;GO;SERVIÇOS;SUDESTE;01/12/2016;15;CELG;2.3;877.209993;0.0;877.209993
202412;46180;THERMAS BOULEVARD CL 514;CONDOMINIO THERMAS BOULEVARD SUITE HOTEL;922562;CONDOMINIO THERMAS B;12781891000140;CALDAS NOVAS;GO;SERVIÇOS;SUDESTE;01/02/2019;15;CELG;0.5;146.601997;0.0;146.601997
202412;65991;BREJEIRO;PRODUTOS ALIMENTICIOS ORLANDIA S A COMERCIO E INDUSTRIA;922772;BREJEIRO ANÁPOLIS;53309845000200;ANÁPOLIS;GO;ALIMENTÍCIOS;SUDESTE;01/03/2019;15;CELG;2.0;1103.822529;0.0;1103.822529
202412;45498;NUTRATTA CL 514;NUTRATTA NUTRICAO ANIMAL S.A;922895;NUTRATTA UC 10015188;17316559000128;ITUMBIARA;GO;ALIMENTÍCIOS;SUDESTE;01/03/2019;15;CELG;0.95;121.761231;0.0;121.761231
202412;51241;SHG SEMENTES GRANEL CL 514;SHG SEMENTES E SERVICOS LTDA;906325;MONSANTO SHG2;37302618000116;SANTA HELENA DE GOIÁS;GO;ALIMENTÍCIOS;SUDESTE;01/12/2016;15;CELG;0.5;152.192047;0.0;152.192047
202412;84857;CENCOSUD BRASIL 018;CENCOSUD BRASIL COMERCIAL S.A.;923377;Loja 527;39346861022483;GOIÂNIA;GO;COMÉRCIO;SUDESTE;01/04/2019;15;CELG;0.384;138.266785;0.0;138.266785
202412;99485;LIMAGRAIN BRASIL S/A CL 514;LIMAGRAIN BRASIL S.A.;908189;LIMAGRAIN GOIANESIA;12770927000270;GOIANÉSIA;GO;ALIMENTÍCIOS;SUDESTE;01/03/2017;15;CELG;2.0;645.296727;0.0;645.296727
202412;53172;CMP ANAPOLIS;CMP METALGRAPHICA PAULISTA LTDA;917957;COMPANHIA METALGRAPH;61161139000454;ANÁPOLIS;GO;METALURGIA E PRODUTOS DE METAL;SUDESTE;01/09/2018;15;CELG;0.5;65.599877;0.0;65.599877
202412;45924;FRIVAM CL 514;FRIVAM ALIMENTOS LTDA;917971;FRIVAM;15756574000161;HIDROLÂNDIA;GO;ALIMENTÍCIOS;SUDESTE;01/09/2018;15;CELG;0.8;109.366612;0.0;109.366612
202412;99704;ROAN ALIMENTOS CL 514;ROAN ALIMENTOS LTDA;908212;ROAN ALIMENTOS LTDA;01687284000107;ANÁPOLIS;GO;ALIMENTÍCIOS;SUDESTE;01/03/2017;15;CELG;1.9;691.214586;0.0;691.214586
202412;31754;CEPALGO CL 514;CEPALGO EMBALAGENS FLEXIVEIS LTDA.;905824;CEPALGO;00122473000161;APARECIDA DE GOIÂNIA;GO;MANUFATURADOS DIVERSOS;SUDESTE;01/11/2016;15;CELG;1.22;447.300872;0.0;447.300872
202412;46468;CEREALISTA MEDEIROS CL 514;CEREALISTA MEDEIROS LTDA;925001;CEREALISTA MEDEIROS;02481364000247;GOIÂNIA;GO;ALIMENTÍCIOS;SUDESTE;01/07/2019;15;CELG;0.93;105.092851;0.0;105.092851
202412;100018;BRASIL TELECOMCL 514 23;OI S.A. - EM RECUPERACAO JUDICIAL;926424;CTO - Goiânia - 1250;76535764032851;GOIÂNIA;GO;TELECOMUNICAÇÕES;SUDESTE;01/09/2019;15;CELG;0.53;374.203435;0.0;374.203435
202412;46831;ECOPLAX CL 514;VASAP INDUSTRIA COMERCIO E DISTRIBUICAO LTDA;931724;Ecoplax Ind. e Com.;06271056000167;APARECIDA DE GOIÂNIA;GO;MANUFATURADOS DIVERSOS;SUDESTE;01/11/2019;15;CELG;0.59;122.902192;0.0;122.902192
202412;100507;WMS SUPERCL 514 23;WMS SUPERMERCADOS DO BRASIL LTDA.;907761;WMS SUPER - LJ 922;93209765055957;RIO VERDE;GO;COMÉRCIO;SUDESTE;01/02/2017;15;CELG;0.64;298.148545;0.0;298.148545
202412;46516;ALTA VISTA RESORT CL 514;ALTA VISTA THERMAS RESORT;932956;ALTA VISTA RESORT;16586005000188;CALDAS NOVAS;GO;SERVIÇOS;SUDESTE;01/12/2019;15;CELG;0.5;134.392046;0.0;134.392046
202412;65791;SAVOY INDUSTRIA;SAVOY INDUSTRIA DE COSMETICOS S.A.;933466;SAVOY COSMETICOS UC;15392876000360;SENADOR CANEDO;GO;QUÍMICOS;SUDESTE;01/01/2020;15;CELG;9.0;4356.058564;0.0;4356.058564
202412;87014;C CE TFLEX;TFLEX INDUSTRIA E COMERCIO DE TUBOS LTDA;933630;TFLEX UC 10014524668;17496722000181;IPAMERI;GO;MANUFATURADOS DIVERSOS;SUDESTE;01/01/2020;15;CELG;0.5;94.817408;0.0;94.817408
202412;88208;SUPERVI;SUPERVI DISTRIBUIDOR DE ALIMENTOS LTDA;933948;LJ 7 JARDIM AMERICA;07503617000764;ANÁPOLIS;GO;COMÉRCIO;SUDESTE;01/02/2020;15;CELG;0.08;34.889705;0.0;34.889705
202412;88208;SUPERVI;SUPERVI DISTRIBUIDOR DE ALIMENTOS LTDA;933965;LOJA 5 - VL STA MARI;07503617000500;ANÁPOLIS;GO;COMÉRCIO;SUDESTE;01/02/2020;15;CELG;0.07;21.135819;0.0;21.135819
202412;88208;SUPERVI;SUPERVI DISTRIBUIDOR DE ALIMENTOS LTDA;933967;LOJA 3 - VILA JAIARA;07503617000330;ANÁPOLIS;GO;COMÉRCIO;SUDESTE;01/02/2020;15;CELG;0.112;60.494894;0.0;60.494894
202412;46939;MOINHO MATOS CL 514;MATOS E RIBEIRO INDUSTRIA E COMERCIO DE FARINACEOS LTDA;934316;MOINHO MATOS;08624640000184;NERÓPOLIS;GO;ALIMENTÍCIOS;SUDESTE;01/02/2020;15;CELG;0.75;211.529088;0.0;211.529088
202412;46702;RA GARRAFAS CL 514;RA GARRAFAS INDUSTRIA E COMERCIO DE EMBALAGENS LTDA;934503;RA GARRAFAS;18801488000111;GOIÂNIA;GO;MANUFATURADOS DIVERSOS;SUDESTE;01/02/2020;15;CELG;0.5;88.046458;0.0;88.046458
202412;90628;GOEMIL;GOEMIL S/A INDUSTRIA DE PRODUTOS ALIMENTICIOS;936392;GOEMIL S/A;07657789000105;;GO;ALIMENTÍCIOS;SUDESTE;01/05/2020;15;CELG;2.2;960.320943;0.0;960.320943
202412;93939;CARGILL ANAPOLIS;CARGILL NOVOS HORIZONTES LTDA;936427;CARGILL NOVOS HORIZO;50290329002660;ANÁPOLIS;GO;ALIMENTÍCIOS;SUDESTE;01/05/2020;15;CELG;8.0;2366.921294;0.0;2366.921294
202412;92091;LOPES VIANDELLI;LOPES VIANDELLI PRODUTOS ALIMENTICIOS LTDA;937106;LOPES V. LOJA 4;26910752000345;APARECIDA DE GOIÂNIA;GO;COMÉRCIO;SUDESTE;01/06/2020;15;CELG;0.12;74.594263;0.0;74.594263
202412;96278;LDC BRASIL CHAPADAO DO CEU;LOUIS DREYFUS COMPANY BRASIL S.A.;937490;LDC BRASIL - ARM CHA;47067525005924;CHAPADÃO DO CÉU;GO;ALIMENTÍCIOS;SUDESTE;01/07/2020;15;CELG;0.32;15.474233;0.0;15.474233
202412;86666;COMERCIAL REIS;COMERCIAL REIS LTDA;937739;Loja 04;03044201000260;RIO VERDE;GO;COMÉRCIO;SUDESTE;01/07/2020;15;CELG;0.12;59.805691;0.0;59.805691
202412;86666;COMERCIAL REIS;COMERCIAL REIS LTDA;937744;Loja 05;03044201000774;GOIATUBA;GO;COMÉRCIO;SUDESTE;01/07/2020;15;CELG;0.149;72.064322;0.0;72.064322
202412;90524;C CE SUPERMERCADOS CAMPEAO;CABRAL E MAIA LTDA;938153;CAMPEÃO LJ 01;37630118000103;RIO VERDE;GO;COMÉRCIO;SUDESTE;01/08/2020;15;CELG;0.264;146.885663;0.0;146.885663
202412;30828;CLARO NXT;CLARO NXT TELECOMUNICACOES S/A;940665;CLARO NXT - CELG-D -;66970229001996;GOIÂNIA;GO;TELECOMUNICAÇÕES;SUDESTE;01/12/2020;15;CELG;0.27;176.87945;0.0;176.87945
202412;95859;SUPERMERCADO PRO BRASIL;SUPERMERCADO PRO BRASIL LTDA;941378;PRO BRASIL PARQUE AM;37629995000679;GOIÂNIA;GO;COMÉRCIO;SUDESTE;01/01/2021;15;CELG;0.085;36.387596;0.0;36.387596
202412;23006;MOINHO JMG;INDUSTRIA DE ALIMENTOS JMG LTDA;941704;MOINHO JMG;33522163000274;GOIÂNIA;GO;ALIMENTÍCIOS;SUDESTE;01/01/2021;15;CELG;2.6;966.099137;0.0;966.099137
202412;31948;RAIADROGASIL LIVRE SECO I50;RAIA DROGASIL S/A;942308;AP GOIANIA;61585865046305;APARECIDA DE GOIÂNIA;GO;COMÉRCIO;SUDESTE;01/02/2021;15;CELG;0.72;273.184313;0.0;273.184313
202412;47825;MORRO ESCURO CL;MINERACAO MORRO ESCURO LTDA;942345;MORRO ESCURO;06251971000190;ITAPACI;GO;MINERAIS NÃO-METÁLICOS;SUDESTE;01/02/2021;15;CELG;0.5;1.904314;0.0;1.904314
202412;86702;METALFORTE;METALFORTE INDUSTRIA METALURGICA LTDA;942676;METALFORTE MATRIZ;02109049000102;APARECIDA DE GOIÂNIA;GO;METALURGIA E PRODUTOS DE METAL;SUDESTE;01/03/2021;15;CELG;0.14;35.34618;0.0;35.34618
202412;64343;C CE COCARI;COCARI - COOPERATIVA AGROPECUARIA E INDUSTRIAL;944372;COCARI UC 1001289203;78956968000183;CATALÃO;GO;COMÉRCIO;SUDESTE;01/05/2021;15;CELG;0.5;17.513002;0.0;17.513002
202412;95859;SUPERMERCADO PRO BRASIL;SUPERMERCADO PRO BRASIL LTDA;944243;PRO BRASIL JD. ATLAN;37629995000750;GOIÂNIA;GO;COMÉRCIO;SUDESTE;01/05/2021;15;CELG;0.115;56.829307;0.0;56.829307
202412;1442;CBD;COMPANHIA BRASILEIRA DE DISTRIBUICAO;944716;CBD -  Vaca Brava -;47508411176351;GOIÂNIA;GO;COMÉRCIO;SUDESTE;01/06/2021;15;CELG;0.35;90.209311;0.0;90.209311
202412;64343;C CE COCARI;COCARI - COOPERATIVA AGROPECUARIA E INDUSTRIAL;944987;COCARI UC 1160007000;78956968001902;CAMPO ALEGRE DE GOIÁS;GO;COMÉRCIO;SUDESTE;01/06/2021;15;CELG;0.4;16.577992;0.0;16.577992
202412;84694;UNA BOM DESPACHO;FACEB EDUCACAO LTDA;945013;ANIMA FACEB JATAI;03099921000575;JATAÍ;GO;SERVIÇOS;SUDESTE;01/06/2021;15;CELG;0.2;4.760655;0.0;4.760655
202412;99292;COMIGO-MATRIZ LIVRE;COOPERATIVA AGROINDUSTRIAL DOS PRODUTORES RURAIS DO SUDOESTE GOIANO;946289;COM - ARM. PALMEIRAS;02077618005306;PALMEIRAS DE GOIÁS;GO;SERVIÇOS;SUDESTE;01/08/2021;15;CELG;2.0;18.870146;0.0;18.870146
202412;32251;TEM VIDROS CL 514;TEM VIDROS INDUSTRIA E COMERCIO DE VIDROS LTDA;947147;TEM VIDROS;13243573000198;APARECIDA DE GOIÂNIA;GO;MINERAIS NÃO-METÁLICOS;SUDESTE;01/09/2021;15;CELG;1.4;262.239394;0.0;262.239394
202412;48351;CONDOMINIO LOZANDES CL 514;CONDOMINIO LOZANDEZ CORPORATE DESIGN;947254;CONDOMÍNIO LOZANDES;28955163000147;GOIÂNIA;GO;SERVIÇOS;SUDESTE;01/09/2021;15;CELG;0.825;268.122483;0.0;268.122483
202412;27374;ALGAR IUB CENTRO;ALGAR TELECOM S/A;948813;IUB CENTRO;71208516010307;ITUMBIARA;GO;TELECOMUNICAÇÕES;SUDESTE;01/12/2021;15;CELG;0.11;20.307067;0.0;20.307067
202412;26879;ICO METAIS;EDSON LUCCA LTDA;949028;ICO METAIS UC 402235;14094415000186;TRINDADE;GO;MANUFATURADOS DIVERSOS;SUDESTE;01/12/2021;15;CELG;0.355;55.5842;0.0;55.5842
202412;24882;ATACADAO DIA A DIA 002;ATACADAO DIA A DIA S.A;949598;DIA A DIA - ÁGUAS LI;17457404001000;;GO;COMÉRCIO;SUDESTE;01/01/2022;15;CELG;0.235;162.102954;0.0;162.102954
202412;64031;ABEC;ASSOCIACAO BRASILEIRA DE EDUCACAO E CULTURA -ABEC;949632;ABEC GOIANIA;60982352005938;GOIÂNIA;GO;SERVIÇOS;SUDESTE;01/01/2022;15;CELG;0.22;31.634093;0.0;31.634093
202412;48430;CITALE CL 514;CITALE BRASIL LTDA;950378;Citale;04336414000147;ITABERAÍ;GO;ALIMENTÍCIOS;SUDESTE;01/02/2022;15;CELG;0.5;77.266986;0.0;77.266986
202412;64434;IGUASPORT;IGUASPORT LTDA;951469;IGUASPORT GOIÂNIA BR;02314041005309;GOIÂNIA;GO;COMÉRCIO;SUDESTE;01/04/2022;15;CELG;0.13;43.590665;0.0;43.590665
202412;49590;PRAIAS DO LAGO CL 514;PRAIAS DO LAGO ECO RESORT;954468;PRAIAS DO LAGO ECO R;39761100000176;CALDAS NOVAS;GO;SERVIÇOS;SUDESTE;01/08/2022;15;CELG;0.8;295.505445;0.0;295.505445
202412;39176;CENCOSUD BRASIL 104 SE;CENCOSUD BRASIL COMERCIAL S.A.;955733;CENCOSUD LOJA 644;39346861024508;APARECIDA DE GOIÂNIA;GO;COMÉRCIO;SUDESTE;01/10/2022;15;CELG;0.3;99.905818;0.0;99.905818
202412;60443;VIAVAREJO;GRUPO CASAS BAHIA S.A.;955708;1301 - GARAVELO 1;33041260048442;APARECIDA DE GOIÂNIA;GO;COMÉRCIO;SUDESTE;01/10/2022;15;CELG;0.1;12.776586;0.0;12.776586
202412;146417;MADERO ESP SE;MADERO INDUSTRIA E COMERCIO S.A.;955801;MADERO - T4 (1003601;13783221000478;GOIÂNIA;GO;ALIMENTÍCIOS;SUDESTE;01/10/2022;15;CELG;0.12;15.216561;0.0;15.216561
202412;38274;NUTRIEN MORRINHOS;NUTRIEN SOLUCOES AGRICOLAS LTDA;956980;NUTRIEN MORRINHOS;88305859000150;MORRINHOS;GO;COMÉRCIO;SUDESTE;01/03/2023;15;CELG;0.276;6.567452;0.0;6.567452
202412;60443;VIAVAREJO;GRUPO CASAS BAHIA S.A.;957692;Filial 1700 - LUZIÂN;33041260136732;LUZIÂNIA;GO;COMÉRCIO;SUDESTE;01/01/2023;15;CELG;0.065;13.889326;0.0;13.889326
202412;92484;MAGAZINE LUIZA - I5;MAGAZINE LUIZA S/A;958536;MGL1091_GOIÂNIA;47960950112191;GOIÂNIA;GO;COMÉRCIO;SUDESTE;01/02/2023;15;CELG;0.085;10.249636;0.0;10.249636
202412;48657;SANEAGO LIVRE;SANEAMENTO DE GOIAS S/A;959440;SANEAGO - EEAB Mauro;01616929000102;GOIÂNIA;GO;SANEAMENTO;SUDESTE;01/03/2023;15;CELG;1.895;33.88287;0.0;33.88287
202412;39176;CENCOSUD BRASIL 104 SE;CENCOSUD BRASIL COMERCIAL S.A.;959971;CENCOSUD LOJA 632;39346861025237;CALDAS NOVAS;GO;COMÉRCIO;SUDESTE;01/04/2023;15;CELG;0.328;99.74291;0.0;99.74291
202412;103781;SOLUTI CL 514;SOLUTI - SOLUCOES EM NEGOCIOS INTELIGENTES S/A;960505;SOLUTI;09461647000195;GOIÂNIA;GO;SERVIÇOS;SUDESTE;01/04/2023;15;CELG;0.5;81.110052;0.0;81.110052
202412;92163;C CE BRASPRESS;BRASPRESS TRANSPORTES URGENTES LTDA;960786;BRASPRESS - ITUMBIAR;48740351015197;ITUMBIARA;GO;TRANSPORTE;SUDESTE;01/05/2023;15;CELG;0.03;4.412659;0.0;4.412659
202412;56211;LINEA ALIMENTOS;LINEA ALIMENTOS INDUSTRIA E COMERCIO S/A;961300;LINEA ALIMENTOS INDU;05207076000297;ANÁPOLIS;GO;ALIMENTÍCIOS;SUDESTE;01/05/2023;15;CELG;0.5;108.173848;0.0;108.173848
202412;54933;ALFLEX;ALFLEX EMBALAGENS LTDA;961283;ALFLEX;27461277000178;GOIÂNIA;GO;MANUFATURADOS DIVERSOS;SUDESTE;01/05/2023;15;CELG;0.22;65.897426;0.0;65.897426
202412;54452;SOCIEDADE ANHANGUERA DE ENSINO;SOCIEDADE ANHANGUERA DE ENSINO LTDA;960757;Sociedade Anhanguera;01088830000185;GOIÂNIA;GO;SERVIÇOS;SUDESTE;01/05/2023;15;CELG;0.75;69.862887;0.0;69.862887
202412;101399;LE JARDIN CL;HPO ADMINISTRACAO DE CLUBES E HOTEIS LTDA;961563;LE JARDIN - CALDAS N;33324195000184;CALDAS NOVAS;GO;SERVIÇOS;SUDESTE;01/06/2023;15;CELG;0.5;166.497428;0.0;166.497428
202412;52403;REDE LUCAS;REDE LUCAS DE SUPERMERCADOS LTDA;962069;REDE LUCAS LJ 14 (UC;06894782001450;ITUMBIARA;GO;COMÉRCIO;SUDESTE;01/06/2023;15;CELG;0.1;35.752243;0.0;35.752243
202412;92484;MAGAZINE LUIZA - I5;MAGAZINE LUIZA S/A;962319;MGL1035_GOIÂNIA - UC;47960950105810;APARECIDA DE GOIÂNIA;GO;COMÉRCIO;SUDESTE;01/07/2023;15;CELG;0.09;10.453055;0.0;10.453055
202412;107948;ULTRABOX GO;OTIMA COMERCIO DE ALIMENTOS S/A;962627;AGUAS LINDAS GO 1003;13197254000606;;GO;COMÉRCIO;SUDESTE;01/07/2023;15;CELG;0.21;150.123192;0.0;150.123192
202412;84590;LOCALIZA;LOCALIZA RENT A CAR SA;962673;LOCALIZA - LJGOI;16670085000155;GOIÂNIA;GO;SERVIÇOS;SUDESTE;01/07/2023;15;CELG;0.05;8.094263;0.0;8.094263
202412;86666;COMERCIAL REIS;COMERCIAL REIS LTDA;963906;Loja 17;03044201002122;JATAÍ;GO;COMÉRCIO;SUDESTE;01/09/2023;15;CELG;0.1;62.220278;0.0;62.220278
202412;25518;B2W CE;AMERICANAS S.A - EM RECUPERACAO JUDICIAL;964428;AMER 492;00776574130521;GOIÂNIA;GO;COMÉRCIO;SUDESTE;01/09/2023;15;CELG;0.082;14.50488;0.0;14.50488
202412;25518;B2W CE;AMERICANAS S.A - EM RECUPERACAO JUDICIAL;964774;AMER 1286;00776574159694;INHUMAS;GO;COMÉRCIO;SUDESTE;01/09/2023;15;CELG;0.08;12.021565;0.0;12.021565
202412;36873;BLAU CL 514;BLAU FARMACEUTICA S.A.;964848;BLAU ANÁPOLIS;58430828001565;ANÁPOLIS;GO;MANUFATURADOS DIVERSOS;SUDESTE;01/09/2023;15;CELG;0.5;288.66915;0.0;288.66915
202412;25518;B2W CE;AMERICANAS S.A - EM RECUPERACAO JUDICIAL;964888;AMER 488;00776574159856;JATAÍ;GO;COMÉRCIO;SUDESTE;01/09/2023;15;CELG;0.08;9.529533;0.0;9.529533
202412;25518;B2W CE;AMERICANAS S.A - EM RECUPERACAO JUDICIAL;964834;AMER 1428;00776574130793;VALPARAÍSO DE GOIÁS;GO;COMÉRCIO;SUDESTE;01/09/2023;15;CELG;0.09;7.80758;0.0;7.80758
202412;60443;VIAVAREJO;GRUPO CASAS BAHIA S.A.;966443;Filial 1463 - JATAÍ;33041260109255;JATAÍ;GO;COMÉRCIO;SUDESTE;01/11/2023;15;CELG;0.075;12.470441;0.0;12.470441
202412;86666;COMERCIAL REIS;COMERCIAL REIS LTDA;966692;Loja 21 - UC 1000554;03044201002718;RIO VERDE;GO;ALIMENTÍCIOS;SUDESTE;01/11/2023;15;CELG;0.115;54.206191;0.0;54.206191
202412;86666;COMERCIAL REIS;COMERCIAL REIS LTDA;966803;Loja 22 - UC 1001255;03044201002807;RIO VERDE;GO;ALIMENTÍCIOS;SUDESTE;01/11/2023;15;CELG;0.147;67.839476;0.0;67.839476
202412;3729;PERNAMBUCANAS;ARTHUR LUNDGREN TECIDOS S A CASAS PERNAMBUCANAS;966714;Pernambucanas 966714;61099834038678;APARECIDA DE GOIÂNIA;GO;COMÉRCIO;SUDESTE;01/11/2023;15;CELG;0.095;21.225097;0.0;21.225097
202412;86666;COMERCIAL REIS;COMERCIAL REIS LTDA;967405;Loja 16;03044201002203;;GO;COMÉRCIO;SUDESTE;01/12/2023;15;CELG;0.12;66.409494;0.0;66.409494
202412;93706;UNIMED GO;UNIMED GOIANIA COOPERATIVA DE TRABALHO MEDICO;967451;UNIMED GO - SAU ADUL;02476067000203;GOIÂNIA;GO;SERVIÇOS;SUDESTE;01/12/2023;15;CELG;0.08;28.305057;0.0;28.305057
202412;106393;BASF EI SE;BASF SA;967448;BASF TRINDADE - UC 1;48539407010938;TRINDADE;GO;COMÉRCIO;SUDESTE;01/12/2023;15;CELG;0.26;133.984398;0.0;133.984398
202412;106017;SERRA VERDE;SERRA VERDE PESQUISA E MINERACAO LTDA;967695;Mineracao Serra Verd;08842895000385;MINAÇU;GO;EXTRAÇÃO DE MINERAIS METÁLICOS;SUDESTE;01/12/2023;15;CELG;12.0;861.600186;0.0;861.600186
202412;7657;AIR LIQUIDE EI;AIR LIQUIDE BRASIL LTDA;968245;AIR LIQUIDE - APAREC;00331788003649;APARECIDA DE GOIÂNIA;GO;QUÍMICOS;SUDESTE;01/01/2024;15;CELG;0.065;10.607042;0.0;10.607042
202412;96268;DEZ ALIMENTOS;DEZ ALIMENTOS LTDA;969530;DEZ ALIMENTOS 100273;04945225000171;MORRINHOS;GO;ALIMENTÍCIOS;SUDESTE;01/01/2024;15;CELG;0.258;1.84655;0.0;1.84655
202412;93706;UNIMED GO;UNIMED GOIANIA COOPERATIVA DE TRABALHO MEDICO;969472;UNIMED GO - SINTA SE;02476067001528;GOIÂNIA;GO;SERVIÇOS;SUDESTE;01/01/2024;15;CELG;0.097;23.474071;0.0;23.474071
202412;4574;BRASIL TELE SE;OI S.A. - EM RECUPERACAO JUDICIAL;970333;ID UC 18943 - UC 105;76535764032851;GOIÂNIA;GO;TELECOMUNICAÇÕES;SUDESTE;01/01/2024;15;CELG;0.042;13.87777;0.0;13.87777
202412;115055;ALUCENTRO VIDROS;ALUCENTRO VIDROS LTDA;970757;ALUCENTRO VIDROS LTD;07721211000162;APARECIDA DE GOIÂNIA;GO;MINERAIS NÃO-METÁLICOS;SUDESTE;01/01/2024;15;CELG;0.5;43.912182;0.0;43.912182
202412;37878;BRK GO;BRK AMBIENTAL - GOIAS S.A.;972077;BRK GO - SEDE OPERAC;18123402000149;APARECIDA DE GOIÂNIA;GO;SANEAMENTO;SUDESTE;01/02/2024;15;CELG;0.1;12.819933;0.0;12.819933
202412;123276;AGROMEN ASA;AGROMEN SEMENTES AGRICOLAS LTDA;974382;Agromen Campo Alegre;50899293001050;CAMPO ALEGRE DE GOIÁS;GO;ALIMENTÍCIOS;SUDESTE;01/03/2024;15;CELG;0.75;75.053202;0.0;75.053202
202412;101529;SMART FIT - SUDESTE;SMARTFIT ESCOLA DE GINASTICA E DANCA S.A;975550;GOCSER1 - UC 1003316;07594978040803;GOIÂNIA;GO;SERVIÇOS;SUDESTE;01/04/2024;15;CELG;0.225;30.089096;0.0;30.089096
202412;105683;CENCOSUD BRASIL 126 SE;CENCOSUD BRASIL COMERCIAL S.A.;975640;CENCOSUD LOJA 631;39346861025156;APARECIDA DE GOIÂNIA;GO;COMÉRCIO;SUDESTE;01/04/2024;15;CELG;0.245;100.795349;0.0;100.795349
202412;105683;CENCOSUD BRASIL 126 SE;CENCOSUD BRASIL COMERCIAL S.A.;975720;CENCOSUD LOJA 656;39346861024184;GOIÂNIA;GO;COMÉRCIO;SUDESTE;01/04/2024;15;CELG;0.371;86.296762;0.0;86.296762
202412;48657;SANEAGO LIVRE;SANEAMENTO DE GOIAS S/A;977436;SANEAGO - UC 1107196;01616929000102;GOIÂNIA;GO;SANEAMENTO;SUDESTE;01/05/2024;15;CELG;0.85;393.523649;0.0;393.523649
202412;67038;NACIONAL GAS;NACIONAL GAS BUTANO DISTRIBUIDORA LTDA;977985;NGD - GOIANIA- UC 19;06980064009562;SENADOR CANEDO;GO;COMÉRCIO;SUDESTE;01/05/2024;15;CELG;0.16;64.52961;0.0;64.52961
202412;45529;ISOESTE CL 514;KINGSPAN - ISOESTE CONSTRUTIVOS ISOTERMICOS S/A;978863;ISOESTE ANAPOLIS II;00289348000140;ANÁPOLIS;GO;METALURGIA E PRODUTOS DE METAL;SUDESTE;01/06/2024;15;CELG;0.567;210.558603;0.0;210.558603
202412;93905;COMIGO-MATRIZ ESPECIAL;COOPERATIVA AGROINDUSTRIAL DOS PRODUTORES RURAIS DO SUDOESTE GOIANO;978918;COMIGO LOJA CAIAPÔNI;02077618004504;CAIAPÔNIA;GO;COMÉRCIO;SUDESTE;01/06/2024;15;CELG;0.05;15.855414;0.0;15.855414
202412;64298;BURGER KING;ZAMP S.A.;979660;BK PLK BURITI SHOP 1;13574594127692;APARECIDA DE GOIÂNIA;GO;ALIMENTÍCIOS;SUDESTE;01/06/2024;15;CELG;0.075;15.072367;0.0;15.072367
202412;74006;ANHANGUERA ESP;ANHANGUERA EDUCACIONAL PARTICIPACOES S/A;981249;1062 - Valparaiso Go;04310392002602;VALPARAÍSO DE GOIÁS;GO;SERVIÇOS;SUDESTE;01/07/2024;15;CELG;0.12;6.51776;0.0;6.51776
202412;30087;RENNER SE;LOJAS RENNER S.A.;983188;RNR593_SH LUZIANIA (;92754738054092;LUZIÂNIA;GO;COMÉRCIO;SUDESTE;01/07/2024;15;CELG;0.13;23.863297;0.0;23.863297
202412;30493;SANEAGO;SANEAMENTO DE GOIAS S/A;986860;SANEAGO - UC 2460011;01616929000102;NOVO GAMA;GO;SANEAMENTO;SUDESTE;01/09/2024;15;CELG;0.199;111.59261;0.0;111.59261
202412;142582;AGRICOLA WEHRMANN;AGRICOLA WEHRMANN LTDA;991654;AGRICOLA WEHRMANN SA;35563152000187;CRISTALINA;GO;ALIMENTÍCIOS;SUDESTE;01/11/2024;15;CELG;1.219;831.391287;0.0;831.391287
202412;159741;JOSIDITH ESPECIAL;AJL - AGRONEGOCIO JOSIDITH LTDA;994836;AJL - AGRONEGOCIO JO;19321410000758;APARECIDA DE GOIÂNIA;GO;ALIMENTÍCIOS;SUDESTE;01/12/2024;15;CELG;0.1;16.049868;0.0;16.049868
202412;96268;DEZ ALIMENTOS;DEZ ALIMENTOS LTDA;997832;DEZ ALIMENTOS - UC 1;04945225000171;MORRINHOS;GO;ALIMENTÍCIOS;SUDESTE;01/12/2024;15;CELG;0.265;1.358615;0.0;1.358615
202412;96268;DEZ ALIMENTOS;DEZ ALIMENTOS LTDA;997829;DEZ ALIMENTOS 997829;04945225000171;MORRINHOS;GO;ALIMENTÍCIOS;SUDESTE;01/12/2024;15;CELG;0.099;3.283955;0.0;3.283955
202411;116398;MOSAIC PEK CATALAO;MOSAIC FERTILIZANTES P&K LTDA.;7080;MOSAIC FERTILIZANTES;33931486001021;CATALÃO;GO;MINERAIS NÃO-METÁLICOS;SUDESTE;01/11/2003;15;CELG;20.5;12058.571619;0.0;12058.571619
202411;31307;COG-CPLEMGO INDUSTRIA;COOPERATIVA MISTA DOS PRODUTORES DE LEITE DE MORRINHOS;71766;COMPLEM-MORRINHOS;02667442001436;MORRINHOS;GO;COMÉRCIO;SUDESTE;01/01/2012;15;CELG;1.075;434.528172;0.0;434.528172
202411;70822;CRISTALINA CL;CRISTALINA ALIMENTOS LTDA;902661;CRISTALINA ALIMENTOS;10666522000180;CRISTALINA;GO;ALIMENTÍCIOS;SUDESTE;01/08/2016;15;CELG;5.0;1064.834082;0.0;1064.834082
202411;44803;TRD-CIFARMAGO LIVRE;CIFARMA CIENTIFICA FARMACEUTICA LTDA EM RECUPERACAO JUDICIAL;903116;CIFARMA CIENTIFICA;17562075000169;GOIÂNIA;GO;MANUFATURADOS DIVERSOS;SUDESTE;01/08/2016;15;CELG;1.05;468.432909;0.0;468.432909
202411;85644;HEINZ CL 514;HEINZ BRASIL S.A.;900937;HEINZ NG Nova Goiás;50955707001100;NERÓPOLIS;GO;ALIMENTÍCIOS;SUDESTE;01/07/2016;15;CELG;2.5;1322.024532;0.0;1322.024532
202411;71995;CARAMURU S SIMAO;CARAMURU ALIMENTOS  S/A;901092;CARAMURU SAO SIMAO;00080671000371;SÃO SIMÃO;GO;ALIMENTÍCIOS;SUDESTE;01/07/2016;15;CELG;3.7;2534.145023;0.0;2534.145023
202411;86633;SYNGENTA S;SYNGENTA SEEDS LTDA;897687;SYNGENTA FORMOSA;28403532003295;FORMOSA;GO;ALIMENTÍCIOS;SUDESTE;01/01/2016;15;CELG;2.65;1579.271205;0.0;1579.271205
202411;45355;CICOPAL CL 514;CICOPAL INDUSTRIA E COMERCIO DE PRODUTOS ALIMENTICIOS E HIGIENE PESSOAL LTDA;908469;CICOPAL;01121175000110;SENADOR CANEDO;GO;ALIMENTÍCIOS;SUDESTE;01/04/2017;15;CELG;0.8;327.926204;0.0;327.926204
202411;99125;SHOPPING BRV CL 514;BURITI SHOPPING RIO VERDE;905023;SHOP BURITI RIO VERD;24130714000182;RIO VERDE;GO;SERVIÇOS;SUDESTE;01/10/2016;15;CELG;1.61;555.041265;0.0;555.041265
202411;45640;SHOPPING AGUAS LINDAS CL 514;AGUAS LINDAS SHOPPING;905806;SHOP AGUAS LINDAS;24157581000138;ÁGUA LINDAS DE GOIÁS;GO;SERVIÇOS;SUDESTE;01/11/2016;15;CELG;0.7;227.398053;0.0;227.398053
202411;27128;LATICINIOS CENTRO OESTE CL;LACTOSUL INDUSTRIA DE LATICINIOS -LTDA;907767;LACTOSUL;05915146000261;PIRANHAS;GO;ALIMENTÍCIOS;SUDESTE;01/02/2017;15;CELG;1.6;839.121769;0.0;839.121769
202411;71012;CEREAL COM;CEREAL COMERCIO EXPORTACAO E REPRESENTACAO AGROPECUARIA SA;905825;Cereal Com. Exp e Re;00012377000160;RIO VERDE;GO;ALIMENTÍCIOS;SUDESTE;01/11/2016;15;CELG;5.6;3995.325566;0.0;3995.325566
202411;32617;GENIX CL 514 2022;GENIX - INDUSTRIA FARMACEUTICA LTDA;909713;GENIX;04376121000193;ANÁPOLIS;GO;MANUFATURADOS DIVERSOS;SUDESTE;01/07/2017;15;CELG;1.45;989.677172;0.0;989.677172
202411;116340;MOSAIC - CATALAO;MOSAIC FERTILIZANTES DO BRASIL LTDA.;909696;MOSAIC CATALAO;61156501011352;CATALÃO;GO;QUÍMICOS;SUDESTE;01/07/2017;15;CELG;0.26;39.557046;0.0;39.557046
202411;99611;DAUS CL 514;DAUS INDUSTRIA DE ALIMENTOS S.A.;909739;OUROLAC;04865228000103;RIO VERDE;GO;ALIMENTÍCIOS;SUDESTE;01/07/2017;15;CELG;1.5;957.20349;0.0;957.20349
202411;71996;CARAMURU IPAMERI;CARAMURU ALIMENTOS  S/A;908058;CARAMURU IPAMERI;00080671002153;IPAMERI;GO;MINERAIS NÃO-METÁLICOS;SUDESTE;01/03/2017;15;CELG;3.7;2432.994779;0.0;2432.994779
202411;66541;MEGA MODA;SPE MEGA MODA SHOPPING LTDA;907176;LOJA;14366423000134;GOIÂNIA;GO;SERVIÇOS;SUDESTE;01/01/2017;15;CELG;0.47;111.760487;0.0;111.760487
202411;64434;IGUASPORT;IGUASPORT LTDA;907174;IGUASPORT GOIANIA;02314041002393;GOIÂNIA;GO;COMÉRCIO;SUDESTE;01/01/2017;15;CELG;0.255;114.588824;0.0;114.588824
202411;82846;RIACHUELO LT 1 SE/CO;LOJAS RIACHUELO SA;898037;RIACHUELO LJ 42;33200056005450;GOIÂNIA;GO;COMÉRCIO;SUDESTE;01/02/2016;15;CELG;0.23;43.183331;0.0;43.183331
202411;31630;BELMA MATRIZ CL 514;BELMA INDUSTRIAL DE GENEROS ALIMENTICIOS LTDA;922544;Belma Industrial;08039334000180;APARECIDA DE GOIÂNIA;GO;ALIMENTÍCIOS;SUDESTE;01/02/2019;15;CELG;1.0;477.915259;0.0;477.915259
202411;48517;TREVO ALIMENTOS EIRELI CL 514;TREVO ALIMENTOS LTDA;919181;FRIGONEVES INDUSTRIA;16613803000151;ITAUÇU;GO;ALIMENTÍCIOS;SUDESTE;01/11/2018;15;CELG;0.65;205.483172;0.0;205.483172
202411;31436;SHOPPING BOUGAINVILLE CL;CONDOMINIO SHOPPING BOUGAINVILLE;915105;Shopping Bougainvill;09332238000199;GOIÂNIA;GO;SERVIÇOS;SUDESTE;01/07/2018;15;CELG;1.07;299.595389;0.0;299.595389
202411;4496;COG-CPLEMGO;COOPERATIVA MISTA DOS PRODUTORES DE LEITE DE MORRINHOS;923194;COMPLEM-GRANE;02667442002670;MORRINHOS;GO;SERVIÇOS;SUDESTE;01/04/2019;15;CELG;0.25;12.962519;0.0;12.962519
202411;4496;COG-CPLEMGO;COOPERATIVA MISTA DOS PRODUTORES DE LEITE DE MORRINHOS;923193;COMPLEM-SUPERM;02667442000111;MORRINHOS;GO;COMÉRCIO;SUDESTE;01/04/2019;15;CELG;0.25;84.406414;0.0;84.406414
202411;77043;CAN PACK;CAN-PACK BRASIL INDUSTRIA DE EMBALAGENS LTDA.;917431;CAN-PACK - Itumbiara;14855630000233;ITUMBIARA;GO;METALURGIA E PRODUTOS DE METAL;SUDESTE;01/08/2018;15;CELG;5.0;3157.213835;0.0;3157.213835
202411;63049;DURO PVC;DURO PVC LTDA;904091;DURO PVC JD ELDORADO;00426978000110;APARECIDA DE GOIÂNIA;GO;MANUFATURADOS DIVERSOS;SUDESTE;01/09/2016;15;CELG;1.431;221.980544;0.0;221.980544
202411;74641;COMIGO;COOPERATIVA AGROINDUSTRIAL DOS PRODUTORES RURAIS DO SUDOESTE GOIANO;915533;COMIGO - RIO VERDE;02077618000266;RIO VERDE;GO;ALIMENTÍCIOS;SUDESTE;01/08/2018;15;CELG;18.0;5970.806737;0.0;5970.806737
202411;88153;YPE QUIMICA GOIANIA;QUIMICA AMPARO LTDA;917959;QUÍMICA YPÊ GOIÂNIA;43461789001677;GOIÂNIA;GO;METALURGIA E PRODUTOS DE METAL;SUDESTE;01/09/2018;15;CELG;1.54;332.280794;0.0;332.280794
202411;100248;HIPER MOREIRACL 514 23;SUPERMERCADO MOREIRA LTDA;917958;Supermercado Moreira;00148007000155;GOIÂNIA;GO;COMÉRCIO;SUDESTE;01/09/2018;15;CELG;0.95;324.260729;0.0;324.260729
202411;31867;GSA GAMA CL 514;GSA GAMA SUCOS E ALIMENTOS LTDA.;907832;GSA;00774265000147;APARECIDA DE GOIÂNIA;GO;BEBIDAS;SUDESTE;01/03/2017;15;CELG;1.0;310.952449;0.0;310.952449
202411;35515;SGB WEBER ANAPOLIS EI;SAINT-GOBAIN DO BRASIL PRODUTOS INDUSTRIAIS E PARA CONSTRUCAO LTDA;896206;SGBRAS ANÁPOLIS I;61064838002420;ANÁPOLIS;GO;MINERAIS NÃO-METÁLICOS;SUDESTE;01/08/2015;15;CELG;0.485;133.239267;0.0;133.239267
202411;85296;JBS FRIBOI CL7;JBS S/A;904684;JBS SEN CANEDO;02916265020004;SENADOR CANEDO;GO;ALIMENTÍCIOS;SUDESTE;01/10/2016;15;CELG;4.8;1764.987515;0.0;1764.987515
202411;67083;LDC BRASIL JATAI CL SE;LOUIS DREYFUS COMPANY BRASIL S.A.;904704;LDC BRASIL JATAI;47067525007625;JATAÍ;GO;ALIMENTÍCIOS;SUDESTE;01/10/2016;15;CELG;5.55;3396.112251;0.0;3396.112251
202411;85675;KLABIN RIOVERDE CL;KLABIN S.A.;907763;KLABIN RIO VERDE;89637490017200;RIO VERDE;GO;MADEIRA, PAPEL E CELULOSE;SUDESTE;01/02/2017;15;CELG;1.1;564.554382;0.0;564.554382
202411;100507;WMS SUPERCL 514 23;WMS SUPERMERCADOS DO BRASIL LTDA.;907787;WMS SUPER - LJ 929;93209765057658;GOIÂNIA;GO;COMÉRCIO;SUDESTE;01/03/2017;15;CELG;0.79;308.66823;0.0;308.66823
202411;62592;LF PLASTICOS ESP;LF PLASTICOS LTDA;904219;LF PLASTICOS;06947499000125;APARECIDA DE GOIÂNIA;GO;MANUFATURADOS DIVERSOS;SUDESTE;01/09/2016;15;CELG;0.78;317.368258;0.0;317.368258
202411;82846;RIACHUELO LT 1 SE/CO;LOJAS RIACHUELO SA;926024;RCHLO LOJA 40;33200056013470;ANÁPOLIS;GO;COMÉRCIO;SUDESTE;01/09/2019;15;CELG;0.227;36.894648;0.0;36.894648
202411;3999;C&A MODAS;C&A MODAS S.A.;926323;C&A MODAS - GOI715;45242914009587;GOIÂNIA;GO;COMÉRCIO;SUDESTE;01/09/2019;15;CELG;0.19;42.843759;0.0;42.843759
202411;86578;TATICO SETOR CENTRO OESTE;CENTRO OESTE COMERCIAL DE ALIMENTOS LTDA;928903;TATICO JARDIM BELA M;24447350000240;APARECIDA DE GOIÂNIA;GO;COMÉRCIO;SUDESTE;01/10/2019;15;CELG;0.34;172.280129;0.0;172.280129
202411;31456;BRITACAL CL 514;BRITACAL IND E COM DE BRITA E CALCARIO BRASILIA LTDA;930844;BRITACAL DIVINOPOLIS;26970103001069;DIVINÓPOLIS DE GOIÁS;GO;MINERAIS NÃO-METÁLICOS;SUDESTE;01/11/2019;15;CELG;1.495;325.319573;0.0;325.319573
202411;24540;SHG SEMENTES CL;SHG SEMENTES E SERVICOS LTDA;905803;MONSANTO SHG;37302618000116;SANTA HELENA DE GOIÁS;GO;ALIMENTÍCIOS;SUDESTE;01/12/2016;15;CELG;2.1;240.956531;0.0;240.956531
202411;44979;BISNAGO CL;BISNAGO INDUSTRIA DE EMBALAGENS LTDA;905826;BISNAGO IND DE EMBAL;10268112000181;ANÁPOLIS;GO;METALURGIA E PRODUTOS DE METAL;SUDESTE;01/11/2016;15;CELG;0.8;610.065065;0.0;610.065065
202411;46782;ABATEDOURO VEREDA CL 514;VEREDA ALIMENTOS LTDA;932932;ABATEDOURO VEREDA;04454667000115;GOIANÉSIA;GO;ALIMENTÍCIOS;SUDESTE;01/12/2019;15;CELG;0.65;118.049833;0.0;118.049833
202411;86562;BOM LIXO;BOMLIXO INDUSTRIA E COMERCIO LTDA;932957;BOMLIXO DO ACUCAR;05324532000106;GOIÂNIA;GO;MANUFATURADOS DIVERSOS;SUDESTE;01/12/2019;15;CELG;0.42;216.622892;0.0;216.622892
202411;46856;CALCARIO URUACU CL;CALCARIO URUACU LTDA;932977;Calcário Uruaçu;06220490000118;NIQUELÂNDIA;GO;MINERAIS NÃO-METÁLICOS;SUDESTE;01/12/2019;15;CELG;0.5;21.78285;0.0;21.78285
202411;46775;MGPARK CL 514;PARK EMPREENDIMENTOS COMERCIAIS S/A;934346;PARK EMPREENDIMENTOS;29641242000146;GOIÂNIA;GO;SERVIÇOS;SUDESTE;01/02/2020;15;CELG;0.6;160.235465;0.0;160.235465
202411;31962;GOIASCAL CL;GOIASCAL MINERACAO E CALCARIO LTDA;934314;GOIASCAL MINERACAO C;01413855000700;INDIARA;GO;MINERAIS NÃO-METÁLICOS;SUDESTE;01/02/2020;15;CELG;1.6;215.413721;0.0;215.413721
202411;31249;GOIASFILLER CL;GOIASFILLER MINERACAO LTDA;934543;GOIASFILLER MINERACA;07475736000165;INDIARA;GO;MINERAIS NÃO-METÁLICOS;SUDESTE;01/02/2020;15;CELG;1.245;390.784944;0.0;390.784944
202411;101185;CIPLAN GUAPO;CIPLAN CIMENTO PLANALTO SA;934692;CIPLAN - GUAPO;00057240000122;GUAPO;GO;MINERAIS NÃO-METÁLICOS;SUDESTE;01/03/2020;15;CELG;0.8;236.496115;0.0;236.496115
202411;47071;SOL BEBIDAS CL 514;SOL INDUSTRIA E COMERCIO DE BEBIDAS LTDA;935857;SOL BEBIDAS;05105162000108;SENADOR CANEDO;GO;BEBIDAS;SUDESTE;01/04/2020;15;CELG;0.5;103.404523;0.0;103.404523
202411;1442;CBD;COMPANHIA BRASILEIRA DE DISTRIBUICAO;936112;CBD - T63 - 2378;47508411034301;GOIÂNIA;GO;COMÉRCIO;SUDESTE;01/05/2020;15;CELG;0.35;132.332289;0.0;132.332289
202411;86666;COMERCIAL REIS;COMERCIAL REIS LTDA;937751;Loja 08;03044201001070;CATALÃO;GO;COMÉRCIO;SUDESTE;01/07/2020;15;CELG;0.11;48.339645;0.0;48.339645
202411;86666;COMERCIAL REIS;COMERCIAL REIS LTDA;937738;Loja 03;03044201000340;ITUMBIARA;GO;COMÉRCIO;SUDESTE;01/07/2020;15;CELG;0.105;48.543775;0.0;48.543775
202411;46877;MONTIVIDIU CAIAPONIA CL 514;MINERACAO DE CALCARIO MONTIVIDIU LTDA;937787;MONTIVIDIU CAIAPONIA;02174951000374;CAIAPÔNIA;GO;MINERAIS NÃO-METÁLICOS;SUDESTE;01/07/2020;15;CELG;0.69;3.225724;0.0;3.225724
202411;47264;COSTA MULTICANAL CL 514;COSTA MULTICANAL S/A;937788;COSTA MULTICANAL 1;27289076000305;GOIÂNIA;GO;COMÉRCIO;SUDESTE;01/07/2020;15;CELG;0.5;194.02937;0.0;194.02937
202411;47248;JC DISTRIBUICAO CL 514;JC DISTRIBUICAO LOGISTICA IMPORTACAO E EXPORTACAO DE PRODUTOS INDUSTRIALIZADOS S/A;937776;JC DISTRIBUICAO;06314327000203;APARECIDA DE GOIÂNIA;GO;COMÉRCIO;SUDESTE;01/07/2020;15;CELG;0.5;154.944087;0.0;154.944087
202411;25518;B2W CE;AMERICANAS S.A - EM RECUPERACAO JUDICIAL;938087;LASA Loja 285;00776574168413;GOIÂNIA;GO;COMÉRCIO;SUDESTE;01/08/2020;15;CELG;0.109;17.508765;0.0;17.508765
202411;96164;CENTRO OESTE OLEO QUIMICA;CENTRO OESTE OLEO QUIMICA LTDA;938155;PRODUTOS OESTE;08251405000104;LEOPOLDO DE BULHÕES;GO;QUÍMICOS;SUDESTE;01/08/2020;15;CELG;0.5;143.507805;0.0;143.507805
202411;90524;C CE SUPERMERCADOS CAMPEAO;CABRAL E MAIA LTDA;938152;CAMPEÃO LJ 03;37630118000103;RIO VERDE;GO;COMÉRCIO;SUDESTE;01/08/2020;15;CELG;0.07;28.451203;0.0;28.451203
202411;85941;CINEMARK SE;CINEMARK BRASIL S.A.;938178;CINEMARK PASSEIO AGU;00779721006859;GOIÂNIA;GO;SERVIÇOS;SUDESTE;01/08/2020;15;CELG;0.24;51.860234;0.0;51.860234
202411;87729;IURD SP BRAS MATRIZ;IGREJA UNIVERSAL DO REINO DE DEUS;938820;IURD GO GOIÂNIA;29744778052073;GOIÂNIA;GO;SERVIÇOS;SUDESTE;01/09/2020;15;CELG;0.5;84.397966;0.0;84.397966
202411;96052;TRANSZILLI;TRANSPORTES E ARMAZENAGEM ZILLI LTDA;939116;TRANSZILLI ARAGUAIA;81804684000267;APARECIDA DE GOIÂNIA;GO;TRANSPORTE;SUDESTE;01/09/2020;15;CELG;0.408;153.203407;0.0;153.203407
202411;93706;UNIMED GO;UNIMED GOIANIA COOPERATIVA DE TRABALHO MEDICO;939625;ST BUENO;02476067000122;GOIÂNIA;GO;SERVIÇOS;SUDESTE;01/10/2020;15;CELG;0.6;194.822098;0.0;194.822098
202411;72262;RIACHUELO LT 2 SE/CO;LOJAS RIACHUELO SA;939628;RCHLO - APARECIDA DE;33200056044510;APARECIDA DE GOIÂNIA;GO;COMÉRCIO;SUDESTE;01/10/2020;15;CELG;0.16;40.630663;0.0;40.630663
202411;47620;GOIAS PACK CL 514;GOIASPACK INDUSTRIA E COMERCIO LTDA;939730;GOIAS PACK;05604243000152;ANÁPOLIS;GO;MANUFATURADOS DIVERSOS;SUDESTE;01/10/2020;15;CELG;0.5;84.290411;0.0;84.290411
202411;99292;COMIGO-MATRIZ LIVRE;COOPERATIVA AGROINDUSTRIAL DOS PRODUTORES RURAIS DO SUDOESTE GOIANO;940398;COM- MONTES CLAROS;02077618004253;MONTES CLAROS DE GOIÁS;GO;SERVIÇOS;SUDESTE;01/12/2020;15;CELG;1.2;44.487247;0.0;44.487247
202411;95859;SUPERMERCADO PRO BRASIL;SUPERMERCADO PRO BRASIL LTDA;941375;SUPERMERCADO PRO BRA;37629995000164;GOIÂNIA;GO;COMÉRCIO;SUDESTE;01/01/2021;15;CELG;0.165;80.520998;0.0;80.520998
202411;89866;CARAMURU ARMAZENS GO;CARAMURU ALIMENTOS  S/A;941362;CARAMURU ARMAZENS PO;00080671004105;PORTELÂNDIA;GO;SERVIÇOS;SUDESTE;01/01/2021;15;CELG;0.38;28.012557;0.0;28.012557
202411;99081;COMIVA;COOPERATIVA MISTA AGROPECUARIA DO VALE DO ARAGUAIA;941900;COMIVA MINEIROS;01167501000715;MINEIROS;GO;SERVIÇOS;SUDESTE;01/01/2021;15;CELG;0.26;11.958316;0.0;11.958316
202411;99234;COAPIL;COOPERATIVA AGROPECUARIA MISTA DE PIRACANJUBA - COAPIL;942365;COAPIL;02447928000144;PIRACANJUBA;GO;COMÉRCIO;SUDESTE;01/02/2021;15;CELG;0.8;31.468126;0.0;31.468126
202411;23471;CORUMBA III UC;CONSORCIO EMPREENDEDOR CORUMBA III;945120;CORUMBA III UC;08466520000104;LUZIÂNIA;GO;SERVIÇOS;SUDESTE;01/06/2021;15;CELG;0.5;12.263;0.0;12.263
202411;99239;MILHAO LIVRE;MILHAO INDUSTRIA E COMERCIO DE INGREDIENTES E CEREAIS S.A.;945294;MILHAO 34,5;08647384000140;GOIÂNIA;GO;ALIMENTÍCIOS;SUDESTE;01/07/2021;15;CELG;3.5;1612.414288;0.0;1612.414288
202411;3124;SANTANDER EI;BANCO SANTANDER (BRASIL) S.A.;945484;001-3348 - GOIANIA-A;90400888000142;GOIÂNIA;GO;SERVIÇOS;SUDESTE;01/07/2021;15;CELG;0.081;18.395377;0.0;18.395377
202411;3124;SANTANDER EI;BANCO SANTANDER (BRASIL) S.A.;946270;001-1223 - SET BELA;90400888000142;GOIÂNIA;GO;SERVIÇOS;SUDESTE;01/08/2021;15;CELG;0.062;8.682446;0.0;8.682446
202411;84391;MARISA SE I5;MARISA LOJAS S.A.;947579;MLJ680_CAPUAVA;61189288032544;GOIÂNIA;GO;COMÉRCIO;SUDESTE;01/10/2021;15;CELG;0.18;22.78371;0.0;22.78371
202411;98167;ABL ENERGIA;FMC ENERGIA LTDA;948046;BUENA VISTA;35585168000190;GOIÂNIA;GO;SERVIÇOS;SUDESTE;01/11/2021;15;CELG;0.3;78.968128;0.0;78.968128
202411;72861;HERING EI SE;CIA. HERING;948148;HERING GOIANÉSIA;78876950005483;GOIANÉSIA;GO;TÊXTEIS;SUDESTE;01/11/2021;15;CELG;0.33;78.513494;0.0;78.513494
202411;48322;AGROMASS CL 514;AGROMASS BRASIL - IMPORTACAO E EXPORTACAO LTDA;948383;AGROMASS;06274095000207;CATALÃO;GO;ALIMENTÍCIOS;SUDESTE;01/11/2021;15;CELG;0.5;144.880571;0.0;144.880571
202411;68098;FACULDADES ALFA;CENTRO EDUCACIONAL ALVES FARIA LTDA.;948732;FACULDADES ALFA - BU;02850990000344;GOIÂNIA;GO;SERVIÇOS;SUDESTE;01/12/2021;15;CELG;0.14;18.725669;0.0;18.725669
202411;90524;C CE SUPERMERCADOS CAMPEAO;CABRAL E MAIA LTDA;948716;CAMPEÃO LJ 05 - UC 1;37630118000103;RIO VERDE;GO;COMÉRCIO;SUDESTE;01/12/2021;15;CELG;0.03;35.560331;0.0;35.560331
202411;26879;ICO METAIS;EDSON LUCCA LTDA;948966;ICO METAIS UC 401800;14094415000186;TRINDADE;GO;MANUFATURADOS DIVERSOS;SUDESTE;01/12/2021;15;CELG;0.2;31.582096;0.0;31.582096
202411;4574;BRASIL TELE SE;OI S.A. - EM RECUPERACAO JUDICIAL;950252;UC 500027006 - SÃO L;76535764032851;SÃO LUÍS DE MONTES BELOS;GO;TELECOMUNICAÇÕES;SUDESTE;01/02/2022;15;CELG;0.057;30.237429;0.0;30.237429
202411;48657;SANEAGO LIVRE;SANEAMENTO DE GOIAS S/A;951019;EEAB ETA e EEAT - Ja;01616929000102;JATAÍ;GO;SANEAMENTO;SUDESTE;01/03/2022;15;CELG;0.693;472.855279;0.0;472.855279
202411;93905;COMIGO-MATRIZ ESPECIAL;COOPERATIVA AGROINDUSTRIAL DOS PRODUTORES RURAIS DO SUDOESTE GOIANO;951473;COMIGO LOJA JATAI;02077618002390;JATAÍ;GO;COMÉRCIO;SUDESTE;01/04/2022;15;CELG;0.115;25.811809;0.0;25.811809
202411;38106;PEVE FOODS;PEVE FOODS LTDA;952632;PEVE FOODS;20500092000429;MINEIROS;GO;COMÉRCIO;SUDESTE;01/06/2022;15;CELG;0.5;159.808567;0.0;159.808567
202411;37878;BRK GO;BRK AMBIENTAL - GOIAS S.A.;954608;BRK GO - EEE ALMEIDA;18123402000149;APARECIDA DE GOIÂNIA;GO;SANEAMENTO;SUDESTE;01/08/2022;15;CELG;0.14;39.229908;0.0;39.229908
202411;37878;BRK GO;BRK AMBIENTAL - GOIAS S.A.;954532;BRK GO - ETE CHAPADI;18123402000300;RIO VERDE;GO;SANEAMENTO;SUDESTE;01/08/2022;15;CELG;0.112;107.592147;0.0;107.592147
202411;31407;ATACADAO CL;ATACADAO S.A.;954894;ATACADAO LJ 214;75315333021459;GOIÂNIA;GO;COMÉRCIO;SUDESTE;01/09/2022;15;CELG;0.65;229.596536;0.0;229.596536
202411;24882;ATACADAO DIA A DIA 002;ATACADAO DIA A DIA S.A;955649;DIA A DIA - NOVO GA;17457404001507;NOVO GAMA;GO;COMÉRCIO;SUDESTE;01/10/2022;15;CELG;0.3;145.340025;0.0;145.340025
202411;71101;BURGER KING SE I1;ZAMP S.A.;955828;BK - SHOPPING CERRA;13574594064160;GOIÂNIA;GO;ALIMENTÍCIOS;SUDESTE;01/10/2022;15;CELG;0.056;12.406092;0.0;12.406092
202411;95859;SUPERMERCADO PRO BRASIL;SUPERMERCADO PRO BRASIL LTDA;955798;SUPERMERCADO CELINA;37629995000164;GOIÂNIA;GO;COMÉRCIO;SUDESTE;01/10/2022;15;CELG;0.1;51.829618;0.0;51.829618
202411;39756;SANTA CRUZ;DISTRIBUIDORA DE MEDICAMENTOS SANTA CRUZ LTDA;956720;Santa GO;61940292005287;ANÁPOLIS;GO;COMÉRCIO;SUDESTE;01/11/2022;15;CELG;0.17;76.556944;0.0;76.556944
202411;60443;VIAVAREJO;GRUPO CASAS BAHIA S.A.;957732;Filial 1698 - INHUMA;33041260135922;INHUMAS;GO;COMÉRCIO;SUDESTE;01/01/2023;15;CELG;0.03;7.054083;0.0;7.054083
202411;42300;TAC GOIANIA - LIVRE;TAC LOGISTICA LTDA;958438;TAC GOIANIA - UC 100;01456021000340;APARECIDA DE GOIÂNIA;GO;TRANSPORTE;SUDESTE;01/01/2023;15;CELG;0.5;138.300318;0.0;138.300318
202411;48657;SANEAGO LIVRE;SANEAMENTO DE GOIAS S/A;959437;SANEAGO - EEAT Ipira;01616929000102;GOIÂNIA;GO;SANEAMENTO;SUDESTE;01/03/2023;15;CELG;0.585;181.106368;0.0;181.106368
202411;48657;SANEAGO LIVRE;SANEAMENTO DE GOIAS S/A;959429;SANEAGO - EEAT Vila;01616929000102;GOIÂNIA;GO;SANEAMENTO;SUDESTE;01/03/2023;15;CELG;1.105;512.002171;0.0;512.002171
202411;76968;ACCORINVEST;HOTELARIA ACCORINVEST BRASIL S.A;959504;H3670 - HOTEL IBIS G;02419765002482;GOIÂNIA;GO;SERVIÇOS;SUDESTE;01/03/2023;15;CELG;0.12;45.751077;0.0;45.751077
202411;30493;SANEAGO;SANEAMENTO DE GOIAS S/A;959506;SANEAGO - ETE - Água;01616929000102;;GO;SANEAMENTO;SUDESTE;01/03/2023;15;CELG;0.37;224.092301;0.0;224.092301
202411;39176;CENCOSUD BRASIL 104 SE;CENCOSUD BRASIL COMERCIAL S.A.;959934;CENCOSUD LOJA 545;39346861022998;GOIÂNIA;GO;COMÉRCIO;SUDESTE;01/04/2023;15;CELG;0.2;90.210201;0.0;90.210201
202411;39176;CENCOSUD BRASIL 104 SE;CENCOSUD BRASIL COMERCIAL S.A.;959969;CENCOSUD LOJA 619;39346861024931;GOIÂNIA;GO;COMÉRCIO;SUDESTE;01/04/2023;15;CELG;0.221;95.812436;0.0;95.812436
202411;39176;CENCOSUD BRASIL 104 SE;CENCOSUD BRASIL COMERCIAL S.A.;959973;CENCOSUD LOJA 662;39346861037405;SENADOR CANEDO;GO;COMÉRCIO;SUDESTE;01/04/2023;15;CELG;0.261;90.076404;0.0;90.076404
202411;26570;BR SE;VIBRA ENERGIA S.A;960851;BEGON - UC 11550144;34274233030605;GOIÂNIA;GO;COMÉRCIO;SUDESTE;01/05/2023;15;CELG;0.3;94.342865;0.0;94.342865
202411;100962;ITAU AMR I5 SE;ITAU UNIBANCO S.A.;961159;656_GOIANIA-SETOR OE;60701190000104;GOIÂNIA;GO;SERVIÇOS;SUDESTE;01/05/2023;15;CELG;0.1;17.343352;0.0;17.343352
202411;49676;AGROVALE;COOPERATIVA MISTA DOS PRODUTORES RURAIS DO VALE DO PARANAIBA LTDA;961250;AGROVALE - 80149200;02233732000157;QUIRINÓPOLIS;GO;ALIMENTÍCIOS;SUDESTE;01/05/2023;15;CELG;0.125;91.158936;0.0;91.158936
202411;56280;AHL PULP;AHL PULP INDUSTRIA DE ALIMENTOS S.A.;961393;AHL PULP;36935354000175;VIANÓPOLIS;GO;ALIMENTÍCIOS;SUDESTE;01/05/2023;15;CELG;1.5;31.632948;0.0;31.632948
202411;104619;CRD DIAGNOSTICOS CL 514;CRD - CENTRO DE RECURSOS DIAGNOSTICOS LTDA;961079;CRD - 10006114820;01586380000150;GOIÂNIA;GO;SERVIÇOS;SUDESTE;01/05/2023;15;CELG;0.3;85.415481;0.0;85.415481
202411;43512;CCR AEROPORTOS CENTRAL;CONCESSIONARIA DO BLOCO CENTRAL S.A.;961692;Goiânia I;42206269000179;GOIÂNIA;GO;SERVIÇOS;SUDESTE;01/06/2023;15;CELG;1.4;588.716485;0.0;588.716485
202411;52403;REDE LUCAS;REDE LUCAS DE SUPERMERCADOS LTDA;962092;REDE LUCAS LOJA 10 (;06894782001027;ITUMBIARA;GO;COMÉRCIO;SUDESTE;01/06/2023;15;CELG;0.058;36.075921;0.0;36.075921
202411;105942;PEROLA ESPECIAL;PEROLA DISTRIBUICAO E LOGISTICA S/A;962017;AV BRASIL;06204131000177;ANÁPOLIS;GO;COMÉRCIO;SUDESTE;01/07/2023;15;CELG;0.3;9.926671;0.0;9.926671
202411;105942;PEROLA ESPECIAL;PEROLA DISTRIBUICAO E LOGISTICA S/A;962163;BR 060;06204131000177;ANÁPOLIS;GO;COMÉRCIO;SUDESTE;01/07/2023;15;CELG;0.3;31.173587;0.0;31.173587
202411;100962;ITAU AMR I5 SE;ITAU UNIBANCO S.A.;962203;4378 -GOIANIA PC DO;60701190204109;GOIÂNIA;GO;SERVIÇOS;SUDESTE;01/07/2023;15;CELG;0.06;0.010881;0.0;0.010881
202411;1477;ASSAI ATACADISTA;SENDAS DISTRIBUIDORA S/A;962456;ASSAI - SE/CO - 105;06057223000171;GOIÂNIA;GO;COMÉRCIO;SUDESTE;01/07/2023;15;CELG;0.62;264.392238;0.0;264.392238
202411;25518;B2W CE;AMERICANAS S.A - EM RECUPERACAO JUDICIAL;964469;AMER 217;00776574168332;GOIÂNIA;GO;COMÉRCIO;SUDESTE;01/09/2023;15;CELG;0.082;14.432662;0.0;14.432662
202411;25518;B2W CE;AMERICANAS S.A - EM RECUPERACAO JUDICIAL;964448;AMER 1085;00776574168766;GOIÂNIA;GO;COMÉRCIO;SUDESTE;01/09/2023;15;CELG;0.065;12.415596;0.0;12.415596
202411;4574;BRASIL TELE SE;OI S.A. - EM RECUPERACAO JUDICIAL;964794;ID UC 19050 - UC 133;76535764032851;APARECIDA DE GOIÂNIA;GO;TELECOMUNICAÇÕES;SUDESTE;01/09/2023;15;CELG;0.064;23.455062;0.0;23.455062
202411;25518;B2W CE;AMERICANAS S.A - EM RECUPERACAO JUDICIAL;964870;AMER 451;00776574169304;LUZIÂNIA;GO;COMÉRCIO;SUDESTE;01/09/2023;15;CELG;0.09;11.809972;0.0;11.809972
202411;25518;B2W CE;AMERICANAS S.A - EM RECUPERACAO JUDICIAL;964822;AMER 1359;00776574017121;JATAÍ;GO;COMÉRCIO;SUDESTE;01/09/2023;15;CELG;0.06;8.621472;0.0;8.621472
202411;25518;B2W CE;AMERICANAS S.A - EM RECUPERACAO JUDICIAL;964875;AMER 1192;00776574157802;SENADOR CANEDO;GO;COMÉRCIO;SUDESTE;01/09/2023;15;CELG;0.095;21.452361;0.0;21.452361
202411;3846;BRASIL TELECOM;OI S.A. - EM RECUPERACAO JUDICIAL;965860;ID UC 19580 - UC 199;76535764032851;CATALÃO;GO;TELECOMUNICAÇÕES;SUDESTE;01/10/2023;15;CELG;0.069;35.069714;0.0;35.069714
202411;101281;BARAO SUPERMERCADOS;BARAO ESPECIALIDADES & DISTRIBUIDORA DE ALIMENTOS SA;965894;Barao Supermerc LJ15;28790260000127;GOIÂNIA;GO;COMÉRCIO;SUDESTE;01/10/2023;15;CELG;0.16;60.510752;0.0;60.510752
202411;113077;VETOQUINOL 260;VETOQUINOL SAUDE ANIMAL LTDA.;966069;VETOQUINOL UC 260;60528742000388;APARECIDA DE GOIÂNIA;GO;MANUFATURADOS DIVERSOS;SUDESTE;01/10/2023;15;CELG;0.44;120.795736;0.0;120.795736
202411;60443;VIAVAREJO;GRUPO CASAS BAHIA S.A.;966441;1313 - VALPARAÍSO DE;33041260109689;VALPARAÍSO DE GOIÁS;GO;COMÉRCIO;SUDESTE;01/11/2023;15;CELG;0.075;11.045621;0.0;11.045621
202411;104619;CRD DIAGNOSTICOS CL 514;CRD - CENTRO DE RECURSOS DIAGNOSTICOS LTDA;966471;RD SOLUCOES LTDA,;22504519000140;GOIÂNIA;GO;SERVIÇOS;SUDESTE;01/11/2023;15;CELG;0.07;56.278612;0.0;56.278612
202411;60443;VIAVAREJO;GRUPO CASAS BAHIA S.A.;966462;Filial 1805 - SENADO;33041260151375;SENADOR CANEDO;GO;COMÉRCIO;SUDESTE;01/11/2023;15;CELG;0.065;11.218908;0.0;11.218908
202411;100962;ITAU AMR I5 SE;ITAU UNIBANCO S.A.;966664;4347_PORANGATU-GO (U;60701190199342;PORANGATU;GO;SERVIÇOS;SUDESTE;01/11/2023;15;CELG;0.075;11.954932;0.0;11.954932
202411;96268;DEZ ALIMENTOS;DEZ ALIMENTOS LTDA;966696;Dez Alimentos 100009;04945225000171;MORRINHOS;GO;ALIMENTÍCIOS;SUDESTE;01/11/2023;15;CELG;0.105;19.490638;0.0;19.490638
202411;96268;DEZ ALIMENTOS;DEZ ALIMENTOS LTDA;967479;DEZ ALIMENTOS 100140;04945225000171;MORRINHOS;GO;ALIMENTÍCIOS;SUDESTE;01/12/2023;15;CELG;0.295;6.069677;0.0;6.069677
202411;62677;SLC AGRICOLA;SLC AGRICOLA S.A.;967409;SLC PAMPLONA UBS SED;89096457000155;LUZIÂNIA;GO;ALIMENTÍCIOS;SUDESTE;01/12/2023;15;CELG;0.2;1.622157;0.0;1.622157
202411;112544;CM DE OLIVEIRA ESPECIAL;CM DE OLIVEIRA LTDA;970051;Master Agroindustria;13263292000105;GOIÂNIA;GO;ALIMENTÍCIOS;SUDESTE;01/01/2024;15;CELG;0.3;117.125741;0.0;117.125741
202411;114772;DB DIAGNOSTICOS GOIANIA;DB GOIANIA - DIAGNOSTICOS E ANALISES CLINICAS LTDA;970192;DB DIAGNOSTICOS GO -;43272843000150;APARECIDA DE GOIÂNIA;GO;SERVIÇOS;SUDESTE;01/01/2024;15;CELG;0.5;131.050567;0.0;131.050567
202411;112799;RUMO SAO SIMAO;TERMINAL SAO SIMAO S.A;970743;Terminal São Simão -;37227676000122;SÃO SIMÃO;GO;SERVIÇOS;SUDESTE;01/01/2024;15;CELG;1.107;102.835615;0.0;102.835615
202411;99292;COMIGO-MATRIZ LIVRE;COOPERATIVA AGROINDUSTRIAL DOS PRODUTORES RURAIS DO SUDOESTE GOIANO;971350;Comigo Mineiros;02077618006540;MINEIROS;GO;COMÉRCIO;SUDESTE;01/02/2024;15;CELG;1.2;38.667551;0.0;38.667551
202411;100962;ITAU AMR I5 SE;ITAU UNIBANCO S.A.;973846;869_GOIANIA-AV INDEP;60701190067608;GOIÂNIA;GO;SERVIÇOS;SUDESTE;01/03/2024;15;CELG;0.06;9.371172;0.0;9.371172
202411;101529;SMART FIT - SUDESTE;SMARTFIT ESCOLA DE GINASTICA E DANCA S.A;975038;GOCSTS1 - 1003278891;07594978040471;GOIÂNIA;GO;SERVIÇOS;SUDESTE;01/04/2024;15;CELG;0.03;23.351029;0.0;23.351029
202411;30493;SANEAGO;SANEAMENTO DE GOIAS S/A;977460;SANEAGO - UC 6400135;01616929000102;URUAÇU;GO;SANEAMENTO;SUDESTE;01/05/2024;15;CELG;0.295;154.574095;0.0;154.574095
202411;30493;SANEAGO;SANEAMENTO DE GOIAS S/A;977812;SANEAGO - UC 2960089;01616929000102;PLANALTINA;GO;SANEAMENTO;SUDESTE;01/05/2024;15;CELG;0.546;356.48733;0.0;356.48733
202411;30493;SANEAGO;SANEAMENTO DE GOIAS S/A;978183;SANEAGO - UC 2040332;01616929000102;ANÁPOLIS;GO;SANEAMENTO;SUDESTE;01/05/2024;15;CELG;0.3;76.31207;0.0;76.31207
202411;30493;SANEAGO;SANEAMENTO DE GOIAS S/A;979197;SANEAGO - UC 3002477;01616929000102;INHUMAS;GO;SANEAMENTO;SUDESTE;01/06/2024;15;CELG;0.224;106.77548;0.0;106.77548
202411;30493;SANEAGO;SANEAMENTO DE GOIAS S/A;981368;SANEAGO - UC 1060003;01616929000102;CRISTALINA;GO;SANEAMENTO;SUDESTE;01/07/2024;15;CELG;0.177;131.978708;0.0;131.978708
202411;64298;BURGER KING;ZAMP S.A.;989965;BK FS VALPARAISO DE;13574594135954;VALPARAÍSO DE GOIÁS;GO;ALIMENTÍCIOS;SUDESTE;01/10/2024;15;CELG;0.09;21.521287;0.0;21.521287
202411;93905;COMIGO-MATRIZ ESPECIAL;COOPERATIVA AGROINDUSTRIAL DOS PRODUTORES RURAIS DO SUDOESTE GOIANO;990027;COMIGO INS. RIO VERD;02077618005578;RIO VERDE;GO;COMÉRCIO;SUDESTE;01/10/2024;15;CELG;0.03;4.056569;0.0;4.056569
202411;93905;COMIGO-MATRIZ ESPECIAL;COOPERATIVA AGROINDUSTRIAL DOS PRODUTORES RURAIS DO SUDOESTE GOIANO;990441;COMIGO FIRMINOPOLIS;02077618000185;FIRMINÓPOLIS;GO;COMÉRCIO;SUDESTE;01/10/2024;15;CELG;0.06;16.76177;0.0;16.76177
202411;1124;CARAMURU;CARAMURU ALIMENTOS  S/A;7503;CARAMURU-ITUMBIARA;00080671000100;ITUMBIARA;GO;ALIMENTÍCIOS;SUDESTE;01/01/2005;15;CELG;8.0;3863.916462;0.0;3863.916462
202411;60820;ANGLO NIQUEL MINAS;ANGLO AMERICAN NIQUEL BRASIL LTDA;7098;ANGLO AMERICAN (CODE;42184226001705;NIQUELÂNDIA;GO;METALURGIA E PRODUTOS DE METAL;SUDESTE;01/01/2004;145323;ELETROBRAS FURNAS;50.0;24697.294438;0.0;24697.294438
202411;15;CELG;EQUATORIAL GOIAS DISTRIBUIDORA DE ENERGIA S/A;70695;CELG DITC CEMAT-CELG;01543032000104;GOIÂNIA;GO;;SUDESTE;01/04/2009;;;354.0;10800.80765;0.0;10800.80765
202411;57735;SOFTYS - ANAPOLIS CL;SOFTYS BRASIL LTDA.;899648;CARTA GOIAS ANAPOLIS;44145845003409;ANÁPOLIS;GO;MADEIRA, PAPEL E CELULOSE;SUDESTE;01/06/2016;15;CELG;11.7;6165.156902;0.0;6165.156902
202411;51696;BRF 1117 APARECIDA GOIANIA CL;BRF S.A.;900518;BRF APARECIDA GOIANI;01838723030891;APARECIDA DE GOIÂNIA;GO;COMÉRCIO;SUDESTE;01/07/2016;15;CELG;0.9;393.398627;0.0;393.398627
202411;98422;VIDEPLAST INDUSTRIA CL 514;VIDEPLAST INDUSTRIA DE EMBALAGENS LTDA;901277;VIDEPLAST RIO VERDE;79687588000587;RIO VERDE;GO;MANUFATURADOS DIVERSOS;SUDESTE;01/07/2016;15;CELG;1.5;749.281717;0.0;749.281717
202411;99631;CREME MEL CL;SORVETERIA CREME MEL S.A - EM RECUPERACAO JUDICIAL;901514;SORVETERIA CREME MEL;03857539000150;GOIÂNIA;GO;ALIMENTÍCIOS;SUDESTE;01/07/2016;15;CELG;0.5;13.597837;0.0;13.597837
202411;64000;TV ANHANGUERA;TELEVISAO ANHANGUERA S/A;908190;TV ANHANGUERA SERRIN;01534510000101;GOIÂNIA;GO;TELECOMUNICAÇÕES;SUDESTE;01/03/2017;15;CELG;0.65;184.891753;0.0;184.891753
202411;32633;JARDIM GOIAS CL 514 2022;JARDIM GOIAS EMPREENDIMENTOS LTDA;908500;JARDIM GO FLAMBOYANT;02103836000147;GOIÂNIA;GO;SERVIÇOS;SUDESTE;01/04/2017;15;CELG;0.66;302.257693;0.0;302.257693
202411;66348;CHESP DIST;COMPANHIA HIDROELETRICA SAO PATRICIO - CHESP;909900;CHESP;01377555000110;CERES;GO;;SUDESTE;01/08/2017;;;24.396;10652.358123;0.0;10652.358123
202411;32180;ACOFERGO CL 514;ACOFERGO TUBOS E PERFILADOS LTDA;909111;ACOFERGO;06881776000144;ITUMBIARA;GO;METALURGIA E PRODUTOS DE METAL;SUDESTE;01/06/2017;15;CELG;1.3;131.441139;0.0;131.441139
202411;24153;JBS FRIBOI CL 24;JBS S/A;910847;JBS - GOIANIA - GO;02916265000593;GOIÂNIA;GO;ALIMENTÍCIOS;SUDESTE;01/11/2017;15;CELG;4.0;1681.078648;0.0;1681.078648
202411;1477;ASSAI ATACADISTA;SENDAS DISTRIBUIDORA S/A;910631;CBD EX GOIANIA-1354;06057223054344;GOIÂNIA;GO;COMÉRCIO;SUDESTE;01/10/2017;15;CELG;1.15;404.222277;0.0;404.222277
202411;46134;GOIAS CAIXAS CL 514;GOIAS CAIXAS E EMBALAGENS LTDA;921891;Goiás Caixas e Embal;10436296000141;SENADOR CANEDO;GO;MANUFATURADOS DIVERSOS;SUDESTE;01/01/2019;15;CELG;0.5;125.916109;0.0;125.916109
202411;84706;TIM SA EI SE CO;TIM S A;912862;TIM GIOANIA;02421421023910;APARECIDA DE GOIÂNIA;GO;TELECOMUNICAÇÕES;SUDESTE;01/03/2018;15;CELG;0.25;212.526725;0.0;212.526725
202411;84857;CENCOSUD BRASIL 018;CENCOSUD BRASIL COMERCIAL S.A.;923391;Loja 655;39346861024001;MINEIROS;GO;COMÉRCIO;SUDESTE;01/04/2019;15;CELG;0.223;61.778055;0.0;61.778055
202411;84857;CENCOSUD BRASIL 018;CENCOSUD BRASIL COMERCIAL S.A.;923390;Loja 634;39346861025407;JATAÍ;GO;COMÉRCIO;SUDESTE;01/04/2019;15;CELG;0.283;76.56765;0.0;76.56765
202411;84856;CENCOSUD BRASIL 016;CENCOSUD BRASIL COMERCIAL S.A.;923376;Loja 524;39346861022300;RIO VERDE;GO;COMÉRCIO;SUDESTE;01/04/2019;15;CELG;0.33;108.63347;0.0;108.63347
202411;44889;ALL NUTRI CL 514;ALL NUTRI ALIMENTOS LTDA;904104;ALL NUTRI ALIMENTOS;05965693000170;APARECIDA DE GOIÂNIA;GO;ALIMENTÍCIOS;SUDESTE;01/09/2016;15;CELG;1.1;127.519294;0.0;127.519294
202411;103188;HOLCIM - COCALZINHO (ACOY);CSN CIMENTOS BRASIL S.A.;914952;HOLCIM ( LAFARGE );60869336022781;COCALZINHO DE GOIÁS;GO;MINERAIS NÃO-METÁLICOS;SUDESTE;01/07/2018;15;CELG;3.0;1343.033163;0.0;1343.033163
202411;44398;UTE CEM M SE CL;CENTRAL ENERGETICA MORRINHOS SA;915106;CEM MORRINHOS;07130855000186;MORRINHOS;GO;MINERAIS NÃO-METÁLICOS;SUDESTE;01/07/2018;15;CELG;0.6;64.282907;0.0;64.282907
202411;45925;PLENA GO CL 514;PLENA ALIMENTOS S/A;917411;PLENA ALIMENTOS LTDA;10198974000851;PORANGATU;GO;ALIMENTÍCIOS;SUDESTE;01/08/2018;15;CELG;0.7;323.238661;0.0;323.238661
202411;60788;UTEPORTODAGUAS CL;CERRADINHO BIOENERGIA S.A.;897886;PORTO AGUAS CONSUMO;08322396000103;CHAPADÃO DO CÉU;GO;MINERAIS NÃO-METÁLICOS;SUDESTE;01/02/2016;4144;LTI;8.0;21.711654;0.0;21.711654
202411;3999;C&A MODAS;C&A MODAS S.A.;906409;C&A MODAS GBU705;45242914013266;APARECIDA DE GOIÂNIA;GO;COMÉRCIO;SUDESTE;01/12/2016;15;CELG;0.202;50.771348;0.0;50.771348
202411;50978;ATACADAO CL2;ATACADAO S.A.;907766;ATACADAO LOJA 161;75315333016102;ANÁPOLIS;GO;COMÉRCIO;SUDESTE;01/02/2017;15;CELG;0.63;229.501247;0.0;229.501247
202411;99347;OUTLET BRASILIA CL 514;CONDOMINIO CIVIL VOLUNTARIO OUTLET PREMIUM BRASILIA;904826;OUTLET BRASILIA;16418101000117;ALEXÂNIA;GO;SERVIÇOS;SUDESTE;01/10/2016;15;CELG;1.9;613.781594;0.0;613.781594
202411;82846;RIACHUELO LT 1 SE/CO;LOJAS RIACHUELO SA;926043;RCHLO LOJA 226;33200056022975;GOIÂNIA;GO;COMÉRCIO;SUDESTE;01/09/2019;15;CELG;0.26;54.963;0.0;54.963
202411;87052;CRISTAL ALIMENTOS CL;CRISTAL ALIMENTOS LTDA;929963;CRISTAL ALIMENTOS;02709992000156;APARECIDA DE GOIÂNIA;GO;ALIMENTÍCIOS;SUDESTE;01/10/2019;15;CELG;4.7;1593.603497;0.0;1593.603497
202411;86702;METALFORTE;METALFORTE INDUSTRIA METALURGICA LTDA;931718;METALFORTE FILIAL;02109049000617;APARECIDA DE GOIÂNIA;GO;METALURGIA E PRODUTOS DE METAL;SUDESTE;01/11/2019;15;CELG;0.58;97.055281;0.0;97.055281
202411;82602;STORE;SAS COMERCIO DE SECOS E MOLHADOS LTDA;932345;STORE NAPOLI - UC 16;12279637000148;GOIÂNIA;GO;COMÉRCIO;SUDESTE;01/12/2019;15;CELG;0.285;75.379386;0.0;75.379386
202411;98922;CARREFOUR SE2 CL;CARREFOUR COMERCIO E INDUSTRIA LTDA;904718;CARREFOUR GSD;45543915027896;GOIÂNIA;GO;COMÉRCIO;SUDESTE;01/10/2016;15;CELG;0.85;317.610498;0.0;317.610498
202411;88208;SUPERVI;SUPERVI DISTRIBUIDOR DE ALIMENTOS LTDA;933952;LOJA 12 - JK NOVA CA;07503617001221;ANÁPOLIS;GO;COMÉRCIO;SUDESTE;01/02/2020;15;CELG;0.075;30.369699;0.0;30.369699
202411;88208;SUPERVI;SUPERVI DISTRIBUIDOR DE ALIMENTOS LTDA;933953;LOJA 14 - SENADOR CA;07503617001493;SENADOR CANEDO;GO;COMÉRCIO;SUDESTE;01/02/2020;15;CELG;0.1;30.994089;0.0;30.994089
202411;82846;RIACHUELO LT 1 SE/CO;LOJAS RIACHUELO SA;933993;RCHLO LOJA 260;33200056037069;RIO VERDE;GO;COMÉRCIO;SUDESTE;01/02/2020;15;CELG;0.13;27.966023;0.0;27.966023
202411;31148;KERRY BRASIL CL 514;KERRY DO BRASIL LTDA;935455;KERRY (RIALMA);02332686001468;RIALMA;GO;ALIMENTÍCIOS;SUDESTE;01/04/2020;66348;CHESP DIST;0.7;378.017311;0.0;378.017311
202411;31562;OLFAR MATRIZ CL;OLFAR S/A - ALIMENTO E ENERGIA;935889;OLFAR PORANGATU - UC;91830836006452;PORANGATU;GO;MINERAIS NÃO-METÁLICOS;SUDESTE;01/04/2020;15;CELG;1.2;1473.543362;0.0;1473.543362
202411;89130;KTH;KTH INDUSTRIA E COMERCIO LTDA;936307;KTH INDUSTRIA E COME;06234050000110;APARECIDA DE GOIÂNIA;GO;MANUFATURADOS DIVERSOS;SUDESTE;01/05/2020;15;CELG;0.12;17.586096;0.0;17.586096
202411;89130;KTH;KTH INDUSTRIA E COMERCIO LTDA;936329;KTH INDUSTRIA E COME;06234050000110;APARECIDA DE GOIÂNIA;GO;MANUFATURADOS DIVERSOS;SUDESTE;01/05/2020;15;CELG;0.381;48.938941;0.0;48.938941
202411;32135;PIRECAL PIRENOPOLIS CL 514;PIRECAL PIRENOPOLIS CALCARIO LTDA;936425;PIRECAL GUARANI DE G;02787125000210;GUARANI DE GOÍAS;GO;MINERAIS NÃO-METÁLICOS;SUDESTE;01/05/2020;15;CELG;0.795;365.115798;0.0;365.115798
202411;46961;MIBASA CL 514;MIBASA MINERADORA BARRO ALTO LTDA;936426;MIBASA;02840072000504;VILA PROPÍCIO;GO;MINERAIS NÃO-METÁLICOS;SUDESTE;01/05/2020;15;CELG;0.8;177.261543;0.0;177.261543
202411;46713;ANIMA CATALANA CL 514;SOCIEDADE CATALANA DE EDUCACAO LTDA;937043;ANIMA CATALANA;05373130000193;CATALÃO;GO;SERVIÇOS;SUDESTE;01/06/2020;15;CELG;0.5;23.90297;0.0;23.90297
202411;46917;PEDREIRA IZAIRA CL 514;PEDREIRA IZAIRA INDUSTRIA E COMERCIO LTDA;936980;PEDREIRA IZAIRA INDU;01551829000145;APARECIDA DE GOIÂNIA;GO;MINERAIS NÃO-METÁLICOS;SUDESTE;01/06/2020;15;CELG;0.65;113.525293;0.0;113.525293
202411;86666;COMERCIAL REIS;COMERCIAL REIS LTDA;937773;Loja 10;03044201000502;CATALÃO;GO;COMÉRCIO;SUDESTE;01/07/2020;15;CELG;0.16;82.643601;0.0;82.643601
202411;86666;COMERCIAL REIS;COMERCIAL REIS LTDA;937743;Loja 02;03044201000855;GOIATUBA;GO;COMÉRCIO;SUDESTE;01/07/2020;15;CELG;0.09;56.052573;0.0;56.052573
202411;86666;COMERCIAL REIS;COMERCIAL REIS LTDA;937742;COMERCIAL REIS LTDA;03044201000189;ITUMBIARA;GO;COMÉRCIO;SUDESTE;01/07/2020;15;CELG;0.255;147.463319;0.0;147.463319
202411;25518;B2W CE;AMERICANAS S.A - EM RECUPERACAO JUDICIAL;938089;LASA Loja 346;00776574119200;VALPARAÍSO DE GOIÁS;GO;COMÉRCIO;SUDESTE;01/08/2020;15;CELG;0.111;22.212495;0.0;22.212495
202411;90524;C CE SUPERMERCADOS CAMPEAO;CABRAL E MAIA LTDA;938154;CAMPEÃO LJ 04;37630118000103;RIO VERDE;GO;COMÉRCIO;SUDESTE;01/08/2020;15;CELG;0.075;35.498894;0.0;35.498894
202411;31270;PIFPAFMATRIZ CL 514;RIO BRANCO ALIMENTOS S/A;938821;PIF PAF - FAZ QUEBRA;05017780002816;PARAÚNA;GO;ALIMENTÍCIOS;SUDESTE;01/09/2020;15;CELG;0.68;88.4942;0.0;88.4942
202411;95026;REMMACK;REMMACK FILMS INDUSTRIA E COMERCIO LTDA;939120;REMMACK;07163516000104;ANÁPOLIS;GO;MANUFATURADOS DIVERSOS;SUDESTE;01/09/2020;15;CELG;0.85;382.123683;0.0;382.123683
202411;69297;LDC BRASIL ITUMBIARA CE SE;LOUIS DREYFUS COMPANY BRASIL S.A.;939630;LDC BRASIL - ARM ITU;47067525018406;ITUMBIARA;GO;ALIMENTÍCIOS;SUDESTE;01/10/2020;15;CELG;0.25;28.743383;0.0;28.743383
202411;96268;DEZ ALIMENTOS;DEZ ALIMENTOS LTDA;939717;DEZ ALIMENTOS LTDA;04945225000171;MORRINHOS;GO;ALIMENTÍCIOS;SUDESTE;01/10/2020;15;CELG;1.245;242.885379;0.0;242.885379
202411;99292;COMIGO-MATRIZ LIVRE;COOPERATIVA AGROINDUSTRIAL DOS PRODUTORES RURAIS DO SUDOESTE GOIANO;939707;COM-MONTIVIDIU;02077618001742;MONTIVIDIU;GO;SERVIÇOS;SUDESTE;01/10/2020;15;CELG;1.7;73.480037;0.0;73.480037
202411;4574;BRASIL TELE SE;OI S.A. - EM RECUPERACAO JUDICIAL;940559;UC 630022045 - Rio V;76535764032851;RIO VERDE;GO;TELECOMUNICAÇÕES;SUDESTE;01/12/2020;15;CELG;0.146;69.722991;0.0;69.722991
202411;93982;SSA NOVA VENEZA L;SAO SALVADOR ALIMENTOS S/A;941332;SSA NOVA VENEZA;03387396002022;NOVA VENEZA;GO;ALIMENTÍCIOS;SUDESTE;01/01/2021;15;CELG;4.0;2321.852757;0.0;2321.852757
202411;89866;CARAMURU ARMAZENS GO;CARAMURU ALIMENTOS  S/A;942150;CARAMURU ARMAZ P V;00080671004016;JATAÍ;GO;SERVIÇOS;SUDESTE;01/02/2021;15;CELG;0.6;23.23752;0.0;23.23752
202411;97332;AGROQUIMA;AGROQUIMA PRODUTOS AGROPECUARIOS LTDA;942344;AGROQUIMA APARECIDA;01626951002420;APARECIDA DE GOIÂNIA;GO;ALIMENTÍCIOS;SUDESTE;01/02/2021;15;CELG;0.38;46.000913;0.0;46.000913
202411;48834;CEREALISTARIOVERMELHOCL514;ALIMENTOS LIDERANCA LTDA;942366;CEREALISTA RIO VERME;02756351000152;GOIÂNIA;GO;ALIMENTÍCIOS;SUDESTE;01/02/2021;15;CELG;0.5;70.719397;0.0;70.719397
202411;92484;MAGAZINE LUIZA - I5;MAGAZINE LUIZA S/A;943013;MAGAZINE L - LJ 295;47960950046890;ITUMBIARA;GO;COMÉRCIO;SUDESTE;01/03/2021;15;CELG;0.065;13.350551;0.0;13.350551
202411;92484;MAGAZINE LUIZA - I5;MAGAZINE LUIZA S/A;943001;MAGAZINE L - LJ 215;47960950022443;RIO VERDE;GO;COMÉRCIO;SUDESTE;01/03/2021;15;CELG;0.07;13.322387;0.0;13.322387
202411;97953;DROGARIA SAO PAULO MATRIZ;DROGARIA SAO PAULO S.A.;943000;DROGARIA SP GOIAS;61412110095350;HIDROLÂNDIA;GO;COMÉRCIO;SUDESTE;01/03/2021;15;CELG;0.32;119.170693;0.0;119.170693
202411;24882;ATACADAO DIA A DIA 002;ATACADAO DIA A DIA S.A;942977;DIA A DIA - CESAR LA;17457404001698;GOIÂNIA;GO;COMÉRCIO;SUDESTE;01/03/2021;15;CELG;0.25;179.203234;0.0;179.203234
202411;99239;MILHAO LIVRE;MILHAO INDUSTRIA E COMERCIO DE INGREDIENTES E CEREAIS S.A.;943012;MILHAO PARQUE MARACA;08647384000140;GOIÂNIA;GO;ALIMENTÍCIOS;SUDESTE;01/03/2021;15;CELG;0.5;63.286139;0.0;63.286139
202411;51354;SEMENTES GOIAS FAZ LAGE CL;SEMENTES GOIAS LTDA;943974;SEMENTES G FAZENDA L;03482332000148;RIO VERDE;GO;ALIMENTÍCIOS;SUDESTE;01/04/2021;15;CELG;0.6;68.997082;0.0;68.997082
202411;1477;ASSAI ATACADISTA;SENDAS DISTRIBUIDORA S/A;944294;SENDAS SE/CO - 916(B;06057223000171;GOIÂNIA;GO;COMÉRCIO;SUDESTE;01/05/2021;15;CELG;0.04;11.302009;0.0;11.302009
202411;99292;COMIGO-MATRIZ LIVRE;COOPERATIVA AGROINDUSTRIAL DOS PRODUTORES RURAIS DO SUDOESTE GOIANO;945475;COM-JATAÍ ARM.;02077618001238;JATAÍ;GO;SERVIÇOS;SUDESTE;01/07/2021;15;CELG;2.0;72.577738;0.0;72.577738
202411;1477;ASSAI ATACADISTA;SENDAS DISTRIBUIDORA S/A;945542;SENDAS SE/CO - 194 (;06057223039205;ANÁPOLIS;GO;COMÉRCIO;SUDESTE;01/07/2021;15;CELG;0.6;226.76557;0.0;226.76557
202411;92091;LOPES VIANDELLI;LOPES VIANDELLI PRODUTOS ALIMENTICIOS LTDA;946251;LOPES V. LOJA 5;26910752000779;NIQUELÂNDIA;GO;COMÉRCIO;SUDESTE;01/08/2021;15;CELG;0.1;35.915361;0.0;35.915361
202411;1477;ASSAI ATACADISTA;SENDAS DISTRIBUIDORA S/A;946247;SENDAS SE/CO - 111 R;06057223037253;RIO VERDE;GO;COMÉRCIO;SUDESTE;01/08/2021;15;CELG;0.62;194.351876;0.0;194.351876
202411;25278;CONSTRUTORA RIOMAX;CONSTRUTORA RIOMAX INDUSTRIA E COMERCIO LTDA;946437;CONSTRUTORA RIOMAX;03543136000136;ANÁPOLIS;GO;SERVIÇOS;SUDESTE;01/08/2021;15;CELG;0.5;65.754674;0.0;65.754674
202411;25105;C CE SUPERMERCADOS CONQUISTA;CENTRO COMERCIAL CONQUISTA LTDA;946482;CONQUISTA SUPER - LJ;02003591000186;RIO VERDE;GO;COMÉRCIO;SUDESTE;01/08/2021;15;CELG;0.1;39.385325;0.0;39.385325
202411;25105;C CE SUPERMERCADOS CONQUISTA;CENTRO COMERCIAL CONQUISTA LTDA;946425;CONQUISTA SUPER  LJ4;02003591000348;RIO VERDE;GO;COMÉRCIO;SUDESTE;01/08/2021;15;CELG;0.15;56.421014;0.0;56.421014
202411;63677;RENNER MATRIZ SUDESTE;LOJAS RENNER S.A.;948162;RNR334_Shop Cerrado;92754738030665;GOIÂNIA;GO;COMÉRCIO;SUDESTE;01/11/2021;15;CELG;0.19;39.470301;0.0;39.470301
202411;48050;OURO VERDE ARMAZENS CL 514;OURO VERDE ARMAZENS GERAIS LTDA;948378;Ouro Verde Armazéns;02064301000104;MONTIVIDIU;GO;SERVIÇOS;SUDESTE;01/11/2021;15;CELG;0.5;11.483843;0.0;11.483843
202411;4574;BRASIL TELE SE;OI S.A. - EM RECUPERACAO JUDICIAL;948786;UC 12347826 - NOVO H;76535764032851;GOIÂNIA;GO;TELECOMUNICAÇÕES;SUDESTE;01/12/2021;15;CELG;0.06;21.524813;0.0;21.524813
202411;34654;ORION BUSINESS CL;ORION BUSINESS & HEALTH COMPLEX;948964;ORION - GOIANIA;29952980000104;GOIÂNIA;GO;SERVIÇOS;SUDESTE;01/12/2021;15;CELG;1.9;884.177135;0.0;884.177135
202411;88208;SUPERVI;SUPERVI DISTRIBUIDOR DE ALIMENTOS LTDA;949693;SUPERVI LOJA 9 - VL;07503617000926;ANÁPOLIS;GO;COMÉRCIO;SUDESTE;01/01/2022;15;CELG;0.065;28.897216;0.0;28.897216
202411;48586;FBM INDUSTRIA CL 514;F.B.M. INDUSTRIA FARMACEUTICA LTDA;950026;FBM INDUSTRIA;02060549000105;ANÁPOLIS;GO;MANUFATURADOS DIVERSOS;SUDESTE;01/01/2022;15;CELG;0.6;33.542236;0.0;33.542236
202411;91024;PETZ;PET CENTER COMERCIO E PARTICIPACOES S.A.;950256;PETZ - FLAMBOYANT -;18328118003477;GOIÂNIA;GO;COMÉRCIO;SUDESTE;01/02/2022;15;CELG;0.12;17.247278;0.0;17.247278
202411;93905;COMIGO-MATRIZ ESPECIAL;COOPERATIVA AGROINDUSTRIAL DOS PRODUTORES RURAIS DO SUDOESTE GOIANO;951437;COM- SAL E LOJA MONT;02077618004415;MONTES CLAROS DE GOIÁS;GO;SERVIÇOS;SUDESTE;01/04/2022;15;CELG;0.276;27.958388;0.0;27.958388
202411;49654;NEWPORT CL 514;NEWPORT LOGISTICA FUNDO DE INVESTIMENTO IMOBILIARIO;954668;UC 10014580550;32527626000147;GOIÂNIA;GO;SERVIÇOS;SUDESTE;01/08/2022;15;CELG;0.76;277.827004;0.0;277.827004
202411;39176;CENCOSUD BRASIL 104 SE;CENCOSUD BRASIL COMERCIAL S.A.;955719;CENCOSUD LOJA 538;39346861022726;GOIÂNIA;GO;COMÉRCIO;SUDESTE;01/10/2022;15;CELG;0.31;38.956744;0.0;38.956744
202411;53490;JBS FRIBOI EI SE 20;JBS S/A;957203;JBS - PORANGATU - UC;02916265007504;PORANGATU;GO;MANUFATURADOS DIVERSOS;SUDESTE;01/12/2022;15;CELG;0.4;149.139652;0.0;149.139652
202411;98461;STORE SERRINHA;G S COMERCIO DE PRODUTOS ALIMENTICIOS LTDA;957276;STORE RIO VERDE;27895447000122;RIO VERDE;GO;COMÉRCIO;SUDESTE;01/12/2022;15;CELG;0.25;105.27331;0.0;105.27331
202411;55052;BONDUELLE CL;BONDUELLE DO BRASIL PRODUTOS ALIMENTICIOS LTDA.;957519;BONDUELLE DO BRASIL;74299660000909;CRISTALINA;GO;ALIMENTÍCIOS;SUDESTE;01/12/2022;15;CELG;0.8;165.598022;0.0;165.598022
202411;51995;GOIAS VERDE CL;GOIAS VERDE ALIMENTOS LTDA;957617;GOIAS VERDE ALIMENTO;24866741000118;LUZIÂNIA;GO;ALIMENTÍCIOS;SUDESTE;01/12/2022;15;CELG;1.7;730.25879;0.0;730.25879
202411;60443;VIAVAREJO;GRUPO CASAS BAHIA S.A.;957693;Filial 1503 - TRINDA;33041260109506;TRINDADE;GO;COMÉRCIO;SUDESTE;01/01/2023;15;CELG;0.09;8.05681;0.0;8.05681
202411;92484;MAGAZINE LUIZA - I5;MAGAZINE LUIZA S/A;958553;MGL1102_GOIÂNIA;47960950114135;GOIÂNIA;GO;COMÉRCIO;SUDESTE;01/02/2023;15;CELG;0.12;19.171903;0.0;19.171903
202411;92484;MAGAZINE LUIZA - I5;MAGAZINE LUIZA S/A;958519;MGL1046_GOIÂNIA;47960950111705;GOIÂNIA;GO;COMÉRCIO;SUDESTE;01/02/2023;15;CELG;0.072;0.779617;0.0;0.779617
202411;48657;SANEAGO LIVRE;SANEAMENTO DE GOIAS S/A;959438;SANEAGO - Captação/E;01616929000102;RIO VERDE;GO;SANEAMENTO;SUDESTE;01/03/2023;15;CELG;0.622;425.804262;0.0;425.804262
202411;30493;SANEAGO;SANEAMENTO DE GOIAS S/A;959516;SANEAGO - EEAB/ETA/E;01616929000102;TRINDADE;GO;SANEAMENTO;SUDESTE;01/03/2023;15;CELG;0.47;202.411502;0.0;202.411502
202411;60806;GEOLAB;GEOLAB INDUSTRIA FARMACEUTICA S/A;960604;GEOLAB P&D - UC 1001;03485572000104;ANÁPOLIS;GO;MANUFATURADOS DIVERSOS;SUDESTE;01/05/2023;15;CELG;0.15;60.268641;0.0;60.268641
202411;39176;CENCOSUD BRASIL 104 SE;CENCOSUD BRASIL COMERCIAL S.A.;960669;CENCOSUD LOJA 575;39346861043138;;GO;COMÉRCIO;SUDESTE;01/05/2023;15;CELG;0.309;67.561542;0.0;67.561542
202411;71101;BURGER KING SE I1;ZAMP S.A.;960925;BK - PORTAL SHOPPING;13574594073150;GOIÂNIA;GO;ALIMENTÍCIOS;SUDESTE;01/05/2023;15;CELG;0.045;15.782748;0.0;15.782748
202411;54933;ALFLEX;ALFLEX EMBALAGENS LTDA;961282;ALFLEX - PLASTICO AS;27461277000178;GOIÂNIA;GO;MANUFATURADOS DIVERSOS;SUDESTE;01/05/2023;15;CELG;0.32;124.186714;0.0;124.186714
202411;97248;CENTAURO I5 SE;SBF COMERCIO DE PRODUTOS ESPORTIVOS S.A.;961674;CE273_GOIANIA - UC 1;06347409034736;GOIÂNIA;GO;COMÉRCIO;SUDESTE;01/06/2023;15;CELG;0.105;24.803133;0.0;24.803133
202411;91024;PETZ;PET CENTER COMERCIO E PARTICIPACOES S.A.;961652;PETZ - BUENO - UC 10;18328118007545;GOIÂNIA;GO;COMÉRCIO;SUDESTE;01/06/2023;15;CELG;0.1;32.497893;0.0;32.497893
202411;106393;BASF EI SE;BASF SA;961818;BASF RIO VERDE - UC;48539407010776;RIO VERDE;GO;ALIMENTÍCIOS;SUDESTE;01/06/2023;15;CELG;0.09;26.590516;0.0;26.590516
202411;144720;COND LOG GOIANIA II;LOG GOIANIA II;961745;LOG HIDROLANDIA;47365763000108;HIDROLÂNDIA;GO;SERVIÇOS;SUDESTE;01/06/2023;15;CELG;0.6;63.400665;0.0;63.400665
202411;92484;MAGAZINE LUIZA - I5;MAGAZINE LUIZA S/A;961926;MGL1092_GOIÂNIA UC 1;47960950112000;APARECIDA DE GOIÂNIA;GO;COMÉRCIO;SUDESTE;01/06/2023;15;CELG;0.07;8.901215;0.0;8.901215
202411;101529;SMART FIT - SUDESTE;SMARTFIT ESCOLA DE GINASTICA E DANCA S.A;962361;GOIAGO1 - UC 1002350;07594978016171;APARECIDA DE GOIÂNIA;GO;SERVIÇOS;SUDESTE;01/07/2023;15;CELG;0.065;19.154863;0.0;19.154863
202411;101529;SMART FIT - SUDESTE;SMARTFIT ESCOLA DE GINASTICA E DANCA S.A;962345;GOCSBU2 - UC 1383026;07594978009981;GOIÂNIA;GO;SERVIÇOS;SUDESTE;01/07/2023;15;CELG;0.16;42.557072;0.0;42.557072
202411;100962;ITAU AMR I5 SE;ITAU UNIBANCO S.A.;962631;4372_GOIANIA-PIO XII;60701190195517;GOIÂNIA;GO;SERVIÇOS;SUDESTE;01/07/2023;15;CELG;0.07;15.623306;0.0;15.623306
202411;100962;ITAU AMR I5 SE;ITAU UNIBANCO S.A.;962634;322_RIO VERDE DE GOI;60701190067195;RIO VERDE;GO;SERVIÇOS;SUDESTE;01/07/2023;15;CELG;0.066;20.659464;0.0;20.659464
202411;100962;ITAU AMR I5 SE;ITAU UNIBANCO S.A.;962621;208_9664 VINC ANAPOL;60701190035404;ANÁPOLIS;GO;SERVIÇOS;SUDESTE;01/07/2023;15;CELG;0.095;17.55133;0.0;17.55133
202411;101680;MINERACÃO ANTONELLI;MINERACAO ANTONELLI LTDA;962869;Mineração Antonelli;13342485000143;ABADIÂNIA;GO;MINERAIS NÃO-METÁLICOS;SUDESTE;01/07/2023;15;CELG;0.5;38.233393;0.0;38.233393
202411;78601;VALE DO MOGI;DISTRIBUIDORA DE CARNES VALE DO MOGI IMPORTACAO E EXPORTACAO LTDA.;963559;DISTRIBUIDORA DE CAR;57622466000499;BURITI ALEGRE;GO;ALIMENTÍCIOS;SUDESTE;01/08/2023;15;CELG;0.5;165.408025;0.0;165.408025
202411;25518;B2W CE;AMERICANAS S.A - EM RECUPERACAO JUDICIAL;964209;AMER 382;00776574119390;ANÁPOLIS;GO;COMÉRCIO;SUDESTE;01/09/2023;15;CELG;0.05;13.369889;0.0;13.369889
202411;25518;B2W CE;AMERICANAS S.A - EM RECUPERACAO JUDICIAL;964226;AMER 33;00776574054400;GOIÂNIA;GO;COMÉRCIO;SUDESTE;01/09/2023;15;CELG;0.153;15.426481;0.0;15.426481
202411;25518;B2W CE;AMERICANAS S.A - EM RECUPERACAO JUDICIAL;964227;AMER 405;00776574119471;GOIÂNIA;GO;COMÉRCIO;SUDESTE;01/09/2023;15;CELG;0.094;19.068121;0.0;19.068121
202411;25518;B2W CE;AMERICANAS S.A - EM RECUPERACAO JUDICIAL;964773;AMER 952;00776574017202;LUZIÂNIA;GO;COMÉRCIO;SUDESTE;01/09/2023;15;CELG;0.059;6.542266;0.0;6.542266
202411;25518;B2W CE;AMERICANAS S.A - EM RECUPERACAO JUDICIAL;964869;AMER 128;00776574130440;GOIÂNIA;GO;COMÉRCIO;SUDESTE;01/09/2023;15;CELG;0.051;14.463144;0.0;14.463144
202411;25518;B2W CE;AMERICANAS S.A - EM RECUPERACAO JUDICIAL;964876;AMER 212;00776574049597;PLANALTINA;GO;COMÉRCIO;SUDESTE;01/09/2023;15;CELG;0.071;7.98946;0.0;7.98946
202411;25518;B2W CE;AMERICANAS S.A - EM RECUPERACAO JUDICIAL;964859;AMER 1437;00776574167956;SANTA HELENA DE GOIÁS;GO;COMÉRCIO;SUDESTE;01/09/2023;15;CELG;0.15;11.632812;0.0;11.632812
202411;113238;ITALAC ETE EI;GOIASMINAS INDUSTRIA DE LATICINIOS LTDA;964950;ITALAC ETE - UC 1003;01257995000133;CORUMBAÍBA;GO;ALIMENTÍCIOS;SUDESTE;01/09/2023;15;CELG;0.45;70.171779;0.0;70.171779
202411;101281;BARAO SUPERMERCADOS;BARAO ESPECIALIDADES & DISTRIBUIDORA DE ALIMENTOS SA;965713;Barao Supermerc LJ13;28790260000127;APARECIDA DE GOIÂNIA;GO;COMÉRCIO;SUDESTE;01/10/2023;15;CELG;0.13;65.413586;0.0;65.413586
202411;101281;BARAO SUPERMERCADOS;BARAO ESPECIALIDADES & DISTRIBUIDORA DE ALIMENTOS SA;966025;Barao Supermerc LJ5;28790260000127;GOIÂNIA;GO;COMÉRCIO;SUDESTE;01/10/2023;15;CELG;0.099;36.788047;0.0;36.788047
202411;112066;VETOQUINOL;VETOQUINOL SAUDE ANIMAL LTDA.;966141;VETOQUINOL UC 185;60528742000388;APARECIDA DE GOIÂNIA;GO;MANUFATURADOS DIVERSOS;SUDESTE;01/10/2023;15;CELG;0.06;12.413645;0.0;12.413645
202411;25518;B2W CE;AMERICANAS S.A - EM RECUPERACAO JUDICIAL;966201;AMER 1529;00776574180626;CERES;GO;COMÉRCIO;SUDESTE;01/12/2023;66348;CHESP DIST;0.087;11.200933;0.0;11.200933
202411;60443;VIAVAREJO;GRUPO CASAS BAHIA S.A.;966444;Filial 1320 - CATALÃ;33041260108526;CATALÃO;GO;COMÉRCIO;SUDESTE;01/11/2023;15;CELG;0.105;9.55788;0.0;9.55788
202411;62344;DASA;DIAGNOSTICOS DA AMERICA S.A .;966531;D364 - AT BUENO (UC;61486650032468;GOIÂNIA;GO;SERVIÇOS;SUDESTE;01/11/2023;15;CELG;0.03;5.394239;0.0;5.394239
202411;4574;BRASIL TELE SE;OI S.A. - EM RECUPERACAO JUDICIAL;966720;ID UC 20009 - UC 483;76535764032851;;GO;TELECOMUNICAÇÕES;SUDESTE;01/11/2023;15;CELG;0.045;21.297195;0.0;21.297195
202411;100962;ITAU AMR I5 SE;ITAU UNIBANCO S.A.;966667;4316_URUACU-GO (UC 6;60701190200618;URUAÇU;GO;SERVIÇOS;SUDESTE;01/11/2023;15;CELG;0.034;7.409668;0.0;7.409668
202411;119535;STOCK TECH ITUMBIARA;STOCK TECH S.A. ARMAZENS GERAIS;967273;STOCK TECH ITUMBIARA;01306014003701;ITUMBIARA;GO;SERVIÇOS;SUDESTE;01/12/2023;15;CELG;0.4;216.639968;0.0;216.639968
202411;57253;ATACADAO DIA A DIA 007;ATACADAO DIA A DIA S.A;967497;DIA A DIA - GOIANESI;17457404002660;GOIANÉSIA;GO;COMÉRCIO;SUDESTE;01/12/2023;15;CELG;0.25;144.03948;0.0;144.03948
202411;25518;B2W CE;AMERICANAS S.A - EM RECUPERACAO JUDICIAL;968542;AMER 1406;00776574167794;PORANGATU;GO;COMÉRCIO;SUDESTE;01/01/2024;15;CELG;0.09;11.519459;0.0;11.519459
202411;64343;C CE COCARI;COCARI - COOPERATIVA AGROPECUARIA E INDUSTRIAL;970489;COCARI - CAMPO ALEGR;78956968000183;CAMPO ALEGRE DE GOIÁS;GO;COMÉRCIO;SUDESTE;01/01/2024;15;CELG;0.26;21.904752;0.0;21.904752
202411;119391;TRANSPORTES FITEBALDI;TRANSPORTES FITEBALDI LTDA;970726;Transportes Fitebald;02382105000188;APARECIDA DE GOIÂNIA;GO;TRANSPORTE;SUDESTE;01/01/2024;15;CELG;0.665;124.482029;0.0;124.482029
202411;107781;PAGUE MENOS LIVRE I100;EMPREENDIMENTOS PAGUE MENOS S/A;970500;PAGUE MENOS CD GOIAS;06626253000151;HIDROLÂNDIA;GO;COMÉRCIO;SUDESTE;01/01/2024;15;CELG;0.5;107.016797;0.0;107.016797
202411;37878;BRK GO;BRK AMBIENTAL - GOIAS S.A.;974952;GOC - ETE SAPO - 100;18123402000300;RIO VERDE;GO;SANEAMENTO;SUDESTE;01/04/2024;15;CELG;0.5;48.663415;0.0;48.663415
202411;105683;CENCOSUD BRASIL 126 SE;CENCOSUD BRASIL COMERCIAL S.A.;975633;CENCOSUD LOJA 651;39346861023617;GOIÂNIA;GO;COMÉRCIO;SUDESTE;01/04/2024;15;CELG;0.273;74.319156;0.0;74.319156
202411;105683;CENCOSUD BRASIL 126 SE;CENCOSUD BRASIL COMERCIAL S.A.;975672;CENCOSUD LOJA 658;39346861024346;GOIÂNIA;GO;COMÉRCIO;SUDESTE;01/04/2024;15;CELG;0.285;79.306063;0.0;79.306063
202411;95048;ARROZ VASCONCELOS;VASCONCELOS INDUSTRIA, COMERCIO, IMPORTACAO E EXPORTACAO LTDA.;976131;ARROZ VASCONCELOS CA;03647755000685;CATALÃO;GO;ALIMENTÍCIOS;SUDESTE;01/04/2024;15;CELG;0.345;63.966304;0.0;63.966304
202411;30493;SANEAGO;SANEAMENTO DE GOIAS S/A;977778;SANEAGO - UC 3009218;01616929000102;INHUMAS;GO;SANEAMENTO;SUDESTE;01/05/2024;15;CELG;0.11;38.697383;0.0;38.697383
202411;139083;AGROPECUARIA BOA VISTA CL;AGROPECUARIA BOA VISTA DO RIO CLARO LTDA;978652;AGROPECUARIA BOA VIS;33131684000110;JATAÍ;GO;ALIMENTÍCIOS;SUDESTE;01/05/2024;15;CELG;1.8;7.8243;0.0;7.8243
202411;128049;FRIGOIAS;FRIGOIAS INDUSTRIA & COMERCIO DE CARNE LTDA;983598;FRIGOIAS 20469524;07779699000189;ANÁPOLIS;GO;ALIMENTÍCIOS;SUDESTE;01/07/2024;15;CELG;0.28;146.574589;0.0;146.574589
202411;151114;BIG BOX - BRASILINHA;SAO CRISTOVAO INVESTIMENTOS E PARTICIPACOES S/A;986042;ULTRABOX BRASILINHA;08492764000153;PLANALTINA;GO;SERVIÇOS;SUDESTE;01/08/2024;15;CELG;0.15;103.136885;0.0;103.136885
202411;144853;TAMBASA GO;TECIDOS E ARMARINHOS MIGUEL BARTOLOMEU S/A;989230;TAMBASA VALPARAISO D;17359233002636;VALPARAÍSO DE GOIÁS;GO;COMÉRCIO;SUDESTE;01/10/2024;15;CELG;0.08;71.728449;0.0;71.728449
202411;30493;SANEAGO;SANEAMENTO DE GOIAS S/A;989981;SANEAGO - UC 2004779;01616929000102;APARECIDA DE GOIÂNIA;GO;SANEAMENTO;SUDESTE;01/10/2024;15;CELG;0.134;66.877938;0.0;66.877938
202411;85898;BRADESCO ESPECIAL SECO;BANCO BRADESCO S.A.;990414;10009577902 - 6014-A;60746948000112;RIO VERDE;GO;SERVIÇOS;SUDESTE;01/10/2024;15;CELG;0.062;17.0681;0.0;17.0681
202411;1131;SERRA GRANDE;MINERACAO SERRA GRANDE S A;7587;MSG MIN. SERRA GRAND;42445403000194;CRIXAS;GO;EXTRAÇÃO DE MINERAIS METÁLICOS;SUDESTE;01/02/2005;15;CELG;19.0;10231.776899;0.0;10231.776899
202411;85393;UTE CODORA CL;ALBIOMA CODORA ENERGIA S.A;902254;ALBIOMA CODORA C;07966116000129;GOIANÉSIA;GO;SERVIÇOS;SUDESTE;01/08/2016;15;CELG;2.5;169.888354;0.0;169.888354
202411;66343;BRF 335 MINEIROS CL;BRF S.A.;902954;BRF MINEIROS GO;01838723018255;MINEIROS;GO;ALIMENTÍCIOS;SUDESTE;01/08/2016;15;CELG;10.0;4508.243134;0.0;4508.243134
202411;99698;ARAGUAIA SHOPPING CL;MAIA E BORBA S/A;899832;ARAGUAIA SHOPPING;01850114000193;GOIÂNIA;GO;SERVIÇOS;SUDESTE;01/06/2016;15;CELG;1.65;751.564437;0.0;751.564437
202411;87928;GOIANIA SHOPPING CL 514;CONDOMINIO DE ADMINISTRACAO DO GOIANIA SHOPPING;901049;GOIANIA SHOPPING;00902073000179;GOIÂNIA;GO;SERVIÇOS;SUDESTE;01/07/2016;15;CELG;2.16;942.611325;0.0;942.611325
202411;98716;CONSERVAS OLE CL 514;ANGELO AURICCHIO COMPANHIA LTDA;901438;CONSERVAS OLE MORRIN;62598586000861;MORRINHOS;GO;ALIMENTÍCIOS;SUDESTE;01/08/2016;15;CELG;1.55;593.367983;0.0;593.367983
202411;39249;LACTALIS ITUMBIARA EI SE;LACTALIS DO BRASIL - COMERCIO, IMPORTACAO E EXPORTACAO DE LATICINIOS LTDA.;906366;ELEBAT ITUMBIARA;14049467002265;ITUMBIARA;GO;ALIMENTÍCIOS;SUDESTE;01/12/2016;15;CELG;0.08;14.919892;0.0;14.919892
202411;50978;ATACADAO CL2;ATACADAO S.A.;908381;MAKRO LOJA 56;75315333029948;APARECIDA DE GOIÂNIA;GO;COMÉRCIO;SUDESTE;01/04/2017;15;CELG;0.5;235.026957;0.0;235.026957
202411;45736;RIVIERA PARK CL 514;RIVIERA PARK THERMAS FLAT SERVICE;909331;WT CONST RIVER PARK;18256799000147;CALDAS NOVAS;GO;SERVIÇOS;SUDESTE;01/06/2017;15;CELG;0.72;250.713711;0.0;250.713711
202411;68162;PIFPAFFPGO;RIO BRANCO ALIMENTOS S/A;909467;RIO BRANCO ALIM;05017780001844;PALMEIRAS DE GOIÁS;GO;ALIMENTÍCIOS;SUDESTE;01/07/2017;15;CELG;4.69;1735.273738;0.0;1735.273738
202411;67428;TEUTOUNI2;LABORATORIO TEUTO BRASILEIRO S/A;906940;LABORATORIO TEUTO BR;17159229000176;ANÁPOLIS;GO;MANUFATURADOS DIVERSOS;SUDESTE;01/01/2017;15;CELG;4.55;3019.14751;0.0;3019.14751
202411;30087;RENNER SE;LOJAS RENNER S.A.;909785;RENNER LOJA 129;92754738013655;ANÁPOLIS;GO;COMÉRCIO;SUDESTE;01/07/2017;15;CELG;0.245;44.543759;0.0;44.543759
202411;68098;FACULDADES ALFA;CENTRO EDUCACIONAL ALVES FARIA LTDA.;908852;FAC ALFA JOAO VAZ;02850990000182;GOIÂNIA;GO;SERVIÇOS;SUDESTE;01/05/2017;15;CELG;0.85;126.699708;0.0;126.699708
202411;99718;REBIC CL 514;REBIC EMBALAGENS INDUSTRIA E COMERCIO LTDA;908827;REBIC IND EMBALAGENS;01370480000145;TRINDADE;GO;MANUFATURADOS DIVERSOS;SUDESTE;01/05/2017;15;CELG;1.65;717.548989;0.0;717.548989
202411;30087;RENNER SE;LOJAS RENNER S.A.;911226;RENNER LOJA 127;92754738013302;APARECIDA DE GOIÂNIA;GO;COMÉRCIO;SUDESTE;01/12/2017;15;CELG;0.22;58.019302;0.0;58.019302
202411;31223;WALMART BRASIL CL 514;WMB SUPERMERCADOS DO BRASIL LTDA.;910579;WALMART 1008 SUPERCE;00063960004783;GOIÂNIA;GO;COMÉRCIO;SUDESTE;01/10/2017;15;CELG;1.225;449.880455;0.0;449.880455
202411;99704;ROAN ALIMENTOS CL 514;ROAN ALIMENTOS LTDA;920911;ROAN ALIMENTOS - FIL;01687284000441;LEOPOLDO DE BULHÕES;GO;ALIMENTÍCIOS;SUDESTE;01/01/2019;15;CELG;0.5;6.317567;0.0;6.317567
202411;72861;HERING EI SE;CIA. HERING;912440;HERING CD;78876950011025;ANÁPOLIS;GO;COMÉRCIO;SUDESTE;01/02/2018;15;CELG;0.512;245.056382;0.0;245.056382
202411;46065;COSPLASTIC CL 514;EVOLUM INDUSTRIA E COMERCIO DE EMBALAGENS LTDA;922395;COSPLASTIC - APARECI;37305471000118;APARECIDA DE GOIÂNIA;GO;MANUFATURADOS DIVERSOS;SUDESTE;01/02/2019;15;CELG;0.65;208.580496;0.0;208.580496
202411;65991;BREJEIRO;PRODUTOS ALIMENTICIOS ORLANDIA S A COMERCIO E INDUSTRIA;922793;BREJ ANÁPOLIS RECEBI;53309845000200;ANÁPOLIS;GO;ALIMENTÍCIOS;SUDESTE;01/03/2019;15;CELG;0.5;122.345574;0.0;122.345574
202411;79161;JBS COUROS CL SE;JBS S/A;918263;JBS COUROS - ITUMBIA;02916265009892;ITUMBIARA;GO;MANUFATURADOS DIVERSOS;SUDESTE;01/10/2018;2226;CELG GERATRANS;4.3;1656.643161;0.0;1656.643161
202411;99644;SARKIS CL 514;SARKIS MINERACAO LTDA;922886;SARKIS;03163210000431;PADRE BERNARDO;GO;MINERAIS NÃO-METÁLICOS;SUDESTE;01/03/2019;15;CELG;1.7;282.638065;0.0;282.638065
202411;46245;PEDRA BRITADA CL 514;PEDRA BRITADA INDUSTRIA E COMERCIO LIMITADA;923733;Pedra Britada Matriz;03991800000100;GOIANÁPOLIS;GO;MINERAIS NÃO-METÁLICOS;SUDESTE;01/05/2019;15;CELG;0.9;69.665403;0.0;69.665403
202411;54169;HERING SLMB;CIA. HERING;923983;HERING SLMB;78876950012340;SÃO LUÍS DE MONTES BELOS;GO;TÊXTEIS;SUDESTE;01/06/2019;15;CELG;0.82;205.220615;0.0;205.220615
202411;88128;TERMOPOT CL 514;TERMOPOT INDUSTRIA LTDA EM RECUPERACAO JUDICIAL;912441;TERMOPOT;03569492000129;GOIÂNIA;GO;MANUFATURADOS DIVERSOS;SUDESTE;01/02/2018;15;CELG;2.0;440.999219;0.0;440.999219
202411;45682;ASOEC CL 514;ASSOCIACAO SALGADO DE OLIVEIRA DE EDUCACAO E CULTURA;912473;ASOEC GO;28638393000425;GOIÂNIA;GO;SERVIÇOS;SUDESTE;01/02/2018;15;CELG;0.55;69.768195;0.0;69.768195
202411;45895;GOLDEN DOLPHIN RESORT CL 514;CONDOMINIO GOLDEN DOLPHIN RESORT;915555;GOLDEN DOLPHIN;08638257000185;CALDAS NOVAS;GO;SERVIÇOS;SUDESTE;01/08/2018;15;CELG;0.5;166.553109;0.0;166.553109
202411;23655;YPE QUIMICA ANAPOLIS CL 514;QUIMICA AMPARO LTDA;917939;QUIMICA YPE ANAPOLIS;43461789000786;ANÁPOLIS;GO;QUÍMICOS;SUDESTE;01/09/2018;15;CELG;1.675;630.293489;0.0;630.293489
202411;31548;POLIGYN CL 514;POLI-GYN EMBALAGENS LTDA.;918721;POLIGYN EMBALAGENS;00072331000137;GOIÂNIA;GO;MANUFATURADOS DIVERSOS;SUDESTE;01/10/2018;15;CELG;1.135;503.323076;0.0;503.323076
202411;71814;CINEPOLIS;CINEPOLIS OPERADORA DE CINEMAS DO BRASIL LTDA.;918739;CINEPOLIS - GOIANIA;09652820004715;GOIÂNIA;GO;SERVIÇOS;SUDESTE;01/10/2018;15;CELG;0.3;53.211057;0.0;53.211057
202411;46580;OURO VERDE CL 514;OURO VERDE ALIMENTOS LTDA;924936;Ouro Verde Alimentos;03724291000159;MONTIVIDIU;GO;ALIMENTÍCIOS;SUDESTE;01/07/2019;15;CELG;0.62;230.231891;0.0;230.231891
202411;46467;CURTUME CO CL 514;CURTUME CENTRO OESTE LTDA;927607;Curtume Centro Oeste;26685958000157;SENADOR CANEDO;GO;MANUFATURADOS DIVERSOS;SUDESTE;01/09/2019;15;CELG;0.72;269.358665;0.0;269.358665
202411;31605;ITAMBEALIMEN CL 514;ITAMBE ALIMENTOS LTDA.;898069;ITAMBE GOIANIA I;16849231001690;GOIÂNIA;GO;ALIMENTÍCIOS;SUDESTE;01/02/2016;15;CELG;1.25;124.976678;0.0;124.976678
202411;95026;REMMACK;REMMACK FILMS INDUSTRIA E COMERCIO LTDA;919311;PLASTFORM CAIAPO		;07163516000104;GOIÂNIA;GO;MANUFATURADOS DIVERSOS;SUDESTE;01/12/2018;15;CELG;0.03;1.441366;0.0;1.441366
202411;99256;GOIAS RENDERING CL 514;GOIAS RENDERING S/A;932958;GOIAS RENDERING;19357388000100;TRINDADE;GO;ALIMENTÍCIOS;SUDESTE;01/12/2019;15;CELG;1.5;431.866394;0.0;431.866394
202411;62592;LF PLASTICOS ESP;LF PLASTICOS LTDA;933168;LF PLÁSTICOS;06947499000206;APARECIDA DE GOIÂNIA;GO;MANUFATURADOS DIVERSOS;SUDESTE;01/01/2020;15;CELG;0.42;1.402258;0.0;1.402258
202411;88208;SUPERVI;SUPERVI DISTRIBUIDOR DE ALIMENTOS LTDA;933950;LOJA 4 - CENTRO;07503617000411;ANÁPOLIS;GO;COMÉRCIO;SUDESTE;01/02/2020;15;CELG;0.09;37.262196;0.0;37.262196
202411;100018;BRASIL TELECOMCL 514 23;OI S.A. - EM RECUPERACAO JUDICIAL;933946;UC 16812920 - CAEL;76535764032851;GOIÂNIA;GO;TELECOMUNICAÇÕES;SUDESTE;01/02/2020;15;CELG;0.958;317.073635;0.0;317.073635
202411;88208;SUPERVI;SUPERVI DISTRIBUIDOR DE ALIMENTOS LTDA;933947;LOJA 2 - JARDIM GOIA;07503617000250;ANÁPOLIS;GO;COMÉRCIO;SUDESTE;01/02/2020;15;CELG;0.16;80.837475;0.0;80.837475
202411;32060;MARAJOARA CL 514;MARAJOARA INDUSTRIA DE LATICINIOS LTDA;936145;MARAJOARA LEITE COND;24849580000154;HIDROLÂNDIA;GO;ALIMENTÍCIOS;SUDESTE;01/05/2020;15;CELG;0.5;251.01768;0.0;251.01768
202411;46944;CALCILANDIA CL;CALCILANDIA MINERACAO LTDA;936390;CALCILANDIA UC 28300;05291545000118;GOIÁS;GO;MINERAIS NÃO-METÁLICOS;SUDESTE;01/05/2020;15;CELG;0.812;273.038377;0.0;273.038377
202411;86666;COMERCIAL REIS;COMERCIAL REIS LTDA;937789;Loja Reis 15;03044201000774;RIO VERDE;GO;COMÉRCIO;SUDESTE;01/07/2020;15;CELG;0.12;72.904306;0.0;72.904306
202411;25518;B2W CE;AMERICANAS S.A - EM RECUPERACAO JUDICIAL;938088;LASA Loja 306;00776574130289;RIO VERDE;GO;COMÉRCIO;SUDESTE;01/08/2020;15;CELG;0.119;21.052585;0.0;21.052585
202411;90524;C CE SUPERMERCADOS CAMPEAO;CABRAL E MAIA LTDA;938180;CAMPEÃO LJ2-63058622;37630118000103;RIO VERDE;GO;COMÉRCIO;SUDESTE;01/08/2020;15;CELG;0.104;46.067563;0.0;46.067563
202411;47517;MINERACAO BOM JESUS CL 514;MINERACAO BOM JESUS LTDA;938475;LUZIANIA;07245544000162;LUZIÂNIA;GO;BEBIDAS;SUDESTE;01/08/2020;15;CELG;0.71;279.421839;0.0;279.421839
202411;47152;ARTE TRIGO CL 514;ARTE TRIGO INDUSTRIAL LTDA;939130;ARTE TRIGO;16366878000185;CAMPO LIMPO DE GOIÁS;GO;ALIMENTÍCIOS;SUDESTE;01/09/2020;15;CELG;1.0;793.65151;0.0;793.65151
202411;95945;BEAPLAST;BEAPLAST INDUSTRIA E COMERCIO LTDA;939131;Beaplast 01;33667336000161;FORMOSA;GO;COMÉRCIO;SUDESTE;01/09/2020;15;CELG;0.2;34.387593;0.0;34.387593
202411;86578;TATICO SETOR CENTRO OESTE;CENTRO OESTE COMERCIAL DE ALIMENTOS LTDA;939624;TATICO PORTAL SHOPPI;24447350000320;GOIÂNIA;GO;COMÉRCIO;SUDESTE;01/10/2020;15;CELG;0.26;143.589518;0.0;143.589518
202411;99292;COMIGO-MATRIZ LIVRE;COOPERATIVA AGROINDUSTRIAL DOS PRODUTORES RURAIS DO SUDOESTE GOIANO;939715;COM-BOM JARDIM;02077618004849;JATAÍ;GO;SERVIÇOS;SUDESTE;01/10/2020;15;CELG;0.6;42.037341;0.0;42.037341
202411;93905;COMIGO-MATRIZ ESPECIAL;COOPERATIVA AGROINDUSTRIAL DOS PRODUTORES RURAIS DO SUDOESTE GOIANO;939716;COM-INDIARA;02077618002471;INDIARA;GO;SERVIÇOS;SUDESTE;01/10/2020;15;CELG;0.24;29.960121;0.0;29.960121
202411;100287;JL LATICINIOSCL 514 23;LATICINIOS J L LTDA;940667;Laticinios JL Ltda;16005431000180;ORIZONA;GO;ALIMENTÍCIOS;SUDESTE;01/12/2020;15;CELG;0.65;350.935984;0.0;350.935984
202411;62298;BRASIL CENTER;BRASILCENTER COMUNICACOES LTDA;940666;BRASIL C - CELG-D A;02917443000258;GOIÂNIA;GO;SERVIÇOS;SUDESTE;01/12/2020;15;CELG;0.36;104.333852;0.0;104.333852
202411;4574;BRASIL TELE SE;OI S.A. - EM RECUPERACAO JUDICIAL;940694;UC 20243492 - ANAPOL;76535764032851;ANÁPOLIS;GO;TELECOMUNICAÇÕES;SUDESTE;01/12/2020;15;CELG;0.123;66.773574;0.0;66.773574
202411;89866;CARAMURU ARMAZENS GO;CARAMURU ALIMENTOS  S/A;940835;CARAMURU ARMAZ VRD 2;00080671004440;RIO VERDE;GO;SERVIÇOS;SUDESTE;01/12/2020;15;CELG;0.25;21.41554;0.0;21.41554
202411;48767;MINERACAONOVAESPERANCACL514;MINERACAO NOVA ESPERANCA LTDA;941392;MINERAÇÃO NOV A ESPE;12021400000162;PROFESSOR JAMIL;GO;MINERAIS NÃO-METÁLICOS;SUDESTE;01/01/2021;15;CELG;0.5;119.912952;0.0;119.912952
202411;95859;SUPERMERCADO PRO BRASIL;SUPERMERCADO PRO BRASIL LTDA;941285;SUPERMERCADO PRO BRA;37629995000245;GOIÂNIA;GO;COMÉRCIO;SUDESTE;01/01/2021;15;CELG;0.15;65.816814;0.0;65.816814
202411;4574;BRASIL TELE SE;OI S.A. - EM RECUPERACAO JUDICIAL;941354;UC 12217268 - ALVRDA;76535764032851;GOIÂNIA;GO;TELECOMUNICAÇÕES;SUDESTE;01/01/2021;15;CELG;0.098;39.401624;0.0;39.401624
202411;95859;SUPERMERCADO PRO BRASIL;SUPERMERCADO PRO BRASIL LTDA;941344;PRO BRASIL BALNEARIO;37629995000598;GOIÂNIA;GO;COMÉRCIO;SUDESTE;01/01/2021;15;CELG;0.14;55.976183;0.0;55.976183
202411;47694;BEEF MASTER CL 514;PCH COMERCIO DE CARNES LTDA;942362;BEEF MASTER;09429354000120;;GO;ALIMENTÍCIOS;SUDESTE;01/02/2021;15;CELG;0.5;187.462517;0.0;187.462517
202411;92484;MAGAZINE LUIZA - I5;MAGAZINE LUIZA S/A;943002;MAGAZINE L -  LJ 479;47960950048400;CALDAS NOVAS;GO;COMÉRCIO;SUDESTE;01/03/2021;15;CELG;0.054;9.179034;0.0;9.179034
202411;88264;ATACADAO DIA A DIA;ATACADAO DIA A DIA S.A;943568;LUZIÂNIA;17457404000705;LUZIÂNIA;GO;COMÉRCIO;SUDESTE;01/04/2021;15;CELG;0.2;161.768982;0.0;161.768982
202411;47940;SEMENTES GOIAS 174 CL;SEMENTES GOIAS LTDA;943835;SEMENTES GOIAS 174 -;03482332000148;RIO VERDE;GO;METALURGIA E PRODUTOS DE METAL;SUDESTE;01/04/2021;15;CELG;0.99;180.611522;0.0;180.611522
202411;47776;CALCARIO NORTE SUL CL;CALCARIO NORTE-SUL LTDA;944616;CALCARIO NORTE SUL;17439238000110;CAMPINORTE;GO;MINERAIS NÃO-METÁLICOS;SUDESTE;01/05/2021;15;CELG;0.5;9.57768;0.0;9.57768
202411;72262;RIACHUELO LT 2 SE/CO;LOJAS RIACHUELO SA;944858;RCHLO - GOIANIA - LO;33200056042143;GOIÂNIA;GO;COMÉRCIO;SUDESTE;01/06/2021;15;CELG;0.125;37.903689;0.0;37.903689
202411;31523;CALBRAX GO CL 514;CALBRAX CALCARIO AGRICOLA LTDA;944954;CALBRAX GO;07638538000175;;GO;MINERAIS NÃO-METÁLICOS;SUDESTE;01/06/2021;15;CELG;1.0;459.94243;0.0;459.94243
202411;88264;ATACADAO DIA A DIA;ATACADAO DIA A DIA S.A;945010;DIA A DIA - SANTO AN;17457404000888;SANTO ANTÔNIO DO DESCOBERTO;GO;COMÉRCIO;SUDESTE;01/06/2021;15;CELG;0.15;115.50751;0.0;115.50751
202411;71708;DU PONT CL;CORTEVA AGRISCIENCE DO BRASIL LTDA.;945004;DU PONT - ITUMBIARA;61064929003275;ITUMBIARA;GO;ALIMENTÍCIOS;SUDESTE;01/06/2021;15;CELG;1.3;330.422065;0.0;330.422065
202411;25101;ADUBOS ARAGUAIA;ARAGUAIA S.A.;945333;ADUBOS CATALAO - UC;03306578001130;CATALÃO;GO;QUÍMICOS;SUDESTE;01/06/2021;15;CELG;0.196;53.287596;0.0;53.287596
202411;48072;WINDOR CL 514;WINDOR - INDUSTRIA E COMERCIO DE METAIS LTDA;945474;JARDIM ELDORADO;27800666000261;APARECIDA DE GOIÂNIA;GO;METALURGIA E PRODUTOS DE METAL;SUDESTE;01/07/2021;15;CELG;0.89;200.051283;0.0;200.051283
202411;3124;SANTANDER EI;BANCO SANTANDER (BRASIL) S.A.;945491;001-0966 - B JUNDIAI;90400888000142;ANÁPOLIS;GO;SERVIÇOS;SUDESTE;01/07/2021;15;CELG;0.034;9.573596;0.0;9.573596
202411;99292;COMIGO-MATRIZ LIVRE;COOPERATIVA AGROINDUSTRIAL DOS PRODUTORES RURAIS DO SUDOESTE GOIANO;946223;COM-CAIAPÔNIA;02077618004687;CAIAPÔNIA;GO;SERVIÇOS;SUDESTE;01/08/2021;15;CELG;0.85;24.037793;0.0;24.037793
202411;96164;CENTRO OESTE OLEO QUIMICA;CENTRO OESTE OLEO QUIMICA LTDA;946269;ETERBINO;08251405000104;ANÁPOLIS;GO;QUÍMICOS;SUDESTE;01/08/2021;15;CELG;0.22;111.104372;0.0;111.104372
202411;3124;SANTANDER EI;BANCO SANTANDER (BRASIL) S.A.;947488;001-3444 - GOIANIA-C;90400888000142;GOIÂNIA;GO;SERVIÇOS;SUDESTE;01/10/2021;15;CELG;0.088;15.663368;0.0;15.663368
202411;63301;ATACADAO 2;ATACADAO S.A.;947493;ATACADAO LJ 232;75315333023230;APARECIDA DE GOIÂNIA;GO;COMÉRCIO;SUDESTE;01/10/2021;15;CELG;0.135;29.283958;0.0;29.283958
202411;3124;SANTANDER EI;BANCO SANTANDER (BRASIL) S.A.;947548;001-3015 - PCA DO AV;90400888000142;ANÁPOLIS;GO;SERVIÇOS;SUDESTE;01/10/2021;15;CELG;0.09;12.268308;0.0;12.268308
202411;48279;NUTRIEX CL 514;NUTRIEX INDUSTRIA DE NUTRACEUTICOS LTDA;947520;NUTRIEX INDUSTRIA DE;22966065000129;GOIÂNIA;GO;ALIMENTÍCIOS;SUDESTE;01/10/2021;15;CELG;0.9;268.502354;0.0;268.502354
202411;97248;CENTAURO I5 SE;SBF COMERCIO DE PRODUTOS ESPORTIVOS S.A.;948711;CE266 - PASSEIO DAS;06347409033179;GOIÂNIA;GO;COMÉRCIO;SUDESTE;01/12/2021;15;CELG;0.1;28.656498;0.0;28.656498
202411;63677;RENNER MATRIZ SUDESTE;LOJAS RENNER S.A.;948816;RNR454_Jatahy Shoppi;92754738039883;JATAÍ;GO;COMÉRCIO;SUDESTE;01/12/2021;15;CELG;0.16;33.444018;0.0;33.444018
202411;4574;BRASIL TELE SE;OI S.A. - EM RECUPERACAO JUDICIAL;948794;UC 2860030354 - VALP;76535764032851;VALPARAÍSO DE GOIÁS;GO;TELECOMUNICAÇÕES;SUDESTE;01/12/2021;15;CELG;0.09;50.904878;0.0;50.904878
202411;48577;SHOPPING CATALAO CL 514;ASSOCIACAO CATALAO SHOPPING;949212;SHOPPING CATALAO - U;38025518000152;CATALÃO;GO;SERVIÇOS;SUDESTE;01/12/2021;15;CELG;0.65;214.813673;0.0;214.813673
202411;30383;AVESUI NESP;AGROINDUSTRIA DE ALIMENTOS AVESUI LTDA;949268;AVESUI - UC 10035238;22940015000172;MORRINHOS;GO;ALIMENTÍCIOS;SUDESTE;01/12/2021;15;CELG;4.0;1284.790787;0.0;1284.790787
202411;97248;CENTAURO I5 SE;SBF COMERCIO DE PRODUTOS ESPORTIVOS S.A.;949310;CE94 - APARECIDA DE;06347409011523;APARECIDA DE GOIÂNIA;GO;COMÉRCIO;SUDESTE;01/01/2022;15;CELG;0.048;12.403913;0.0;12.403913
202411;83042;CARGILL PGA SE;CARGILL AGRICOLA S A;949775;Cargill Catalão;60498706040884;CATALÃO;GO;ALIMENTÍCIOS;SUDESTE;01/01/2022;15;CELG;0.39;5.744918;0.0;5.744918
202411;48413;TREVO AGROINDUSTRIAL CL 514;TREVO AGROINDUSTRIAL LTDA;949852;Trevo Agroindustrial;03872306000126;INHUMAS;GO;ALIMENTÍCIOS;SUDESTE;01/01/2022;15;CELG;0.5;143.40569;0.0;143.40569
202411;93109;COSTA MULTICANAL;COSTA MULTICANAL S/A;950211;COSTA MULTICANAL INH;27289076000640;GOIÂNIA;GO;COMÉRCIO;SUDESTE;01/02/2022;15;CELG;0.42;162.088797;0.0;162.088797
202411;48657;SANEAGO LIVRE;SANEAMENTO DE GOIAS S/A;951022;EEAT Cascalho - Goiâ;01616929000102;GOIÂNIA;GO;SANEAMENTO;SUDESTE;01/03/2022;15;CELG;0.963;531.266144;0.0;531.266144
202411;48575;TETRAPET CL 514;TETRAPET COMERCIO DE EMBALAGENS LTDA;951011;TETRAPET INDUSTRIA;11635146000120;ANÁPOLIS;GO;MANUFATURADOS DIVERSOS;SUDESTE;01/03/2022;15;CELG;0.5;125.721732;0.0;125.721732
202411;26907;CEREAL OURO;CEREAL OURO SEMENTES LTDA;951180;CEREAL OURO A 951180;04712017000122;RIO VERDE;GO;ALIMENTÍCIOS;SUDESTE;01/04/2022;15;CELG;0.39;115.740448;0.0;115.740448
202411;37946;BRF 482 JATAI CE;BRF S.A.;952152;BRF - GRAOS JATAI;01838723017607;JATAÍ;GO;COMÉRCIO;SUDESTE;01/05/2022;15;CELG;0.299;6.358579;0.0;6.358579
202411;38077;GENNIUS GOIANIA EI SE;GRUPO GENNIUS BRASIL PRODUCAO E COMERCIALIZACAO DE ALIMENTOS S.A;952223;HABIBS GOIANIA - UC;27665906001587;APARECIDA DE GOIÂNIA;GO;ALIMENTÍCIOS;SUDESTE;01/05/2022;15;CELG;0.123;19.510466;0.0;19.510466
202411;38272;CONDUTTI;CONDUTTI INDUSTRIA DE FIOS E CABOS ESPECIAIS LTDA;953834;CONDUTTI;09041432000115;ANÁPOLIS;GO;MANUFATURADOS DIVERSOS;SUDESTE;01/07/2022;15;CELG;0.5;140.43182;0.0;140.43182
202411;40329;LDC BRASIL JATAI KM 71;LOUIS DREYFUS COMPANY BRASIL S.A.;954314;LDC BR - JATAI - UC;47067525012033;JATAÍ;GO;ALIMENTÍCIOS;SUDESTE;01/08/2022;15;CELG;0.11;4.074532;0.0;4.074532
202411;44198;JOFEGE AUTOPRODUTOR;JOFEGE MINERACAO LTDA;954619;JOFEGE;86924701000132;VILA PROPÍCIO;GO;MINERAIS NÃO-METÁLICOS;SUDESTE;01/08/2022;15;CELG;1.5;172.01978;0.0;172.01978
202411;52766;LDC BRASIL PLANALTO;LOUIS DREYFUS COMPANY BRASIL S.A.;957234;LDC BR - PLANALTO -;47067525015806;MONTIVIDIU;GO;ALIMENTÍCIOS;SUDESTE;01/12/2022;15;CELG;0.1;6.392894;0.0;6.392894
202411;30672;AGREX - GOIATUBA ADM;AGREX DO BRASIL LTDA.;957181;AGREX - Goiatuba ADM;10515785000350;GOIATUBA;GO;ALIMENTÍCIOS;SUDESTE;01/12/2022;15;CELG;0.35;122.819622;0.0;122.819622
202411;44206;ODERICH ALIMENTOS CL;ODERICH ALIMENTOS LTDA;957576;ODERICH ALIMENTOS LT;14855352000133;LUZIÂNIA;GO;ALIMENTÍCIOS;SUDESTE;01/12/2022;15;CELG;1.2;235.885501;0.0;235.885501
202411;60443;VIAVAREJO;GRUPO CASAS BAHIA S.A.;958482;FILIAL 1333 - SERRIN;33041260109093;GOIÂNIA;GO;COMÉRCIO;SUDESTE;01/02/2023;15;CELG;0.08;13.739226;0.0;13.739226
202411;43498;RUMO RIO VERDE;RUMO MALHA CENTRAL S.A.;959624;TERMINAL RIO VERDE;33572408000197;RIO VERDE;GO;TRANSPORTE;SUDESTE;01/03/2023;15;CELG;3.5;1179.873106;0.0;1179.873106
202411;52103;CAVA;CAVA- COMERCIAL ATACADISTA E VAREJISTA DE ALIMENTOS LTDA;959697;CAVA - CATALAO;36770574000277;CATALÃO;GO;COMÉRCIO;SUDESTE;01/03/2023;15;CELG;0.25;130.167031;0.0;130.167031
202411;57733;RACOES BEM BOM LIVRE;COMERCIO RACOES BEM BOM LTDA;959753;RACOES BEM BOM;41324359000100;GOIANÉSIA;GO;ALIMENTÍCIOS;SUDESTE;01/03/2023;15;CELG;1.0;389.239817;0.0;389.239817
202411;51062;NARDINI AGROINDUSTRIAL;NARDINI AGROINDUSTRIAL LTDA;959807;NARDINI CONSUMO;48708267001560;APORÉ;GO;MINERAIS NÃO-METÁLICOS;SUDESTE;01/04/2023;4144;LTI;2.0;194.564258;0.0;194.564258
202411;39176;CENCOSUD BRASIL 104 SE;CENCOSUD BRASIL COMERCIAL S.A.;959972;CENCOSUD LOJA 552;39346861023102;GOIÂNIA;GO;COMÉRCIO;SUDESTE;01/04/2023;15;CELG;0.185;121.055476;0.0;121.055476
202411;39176;CENCOSUD BRASIL 104 SE;CENCOSUD BRASIL COMERCIAL S.A.;959970;CENCOSUD LOJA 648;39346861025903;APARECIDA DE GOIÂNIA;GO;COMÉRCIO;SUDESTE;01/04/2023;15;CELG;0.276;76.623985;0.0;76.623985
202411;39176;CENCOSUD BRASIL 104 SE;CENCOSUD BRASIL COMERCIAL S.A.;960691;CENCOSUD LOJA 551;39346861023021;GOIÂNIA;GO;COMÉRCIO;SUDESTE;01/05/2023;15;CELG;0.252;62.261088;0.0;62.261088
202411;39176;CENCOSUD BRASIL 104 SE;CENCOSUD BRASIL COMERCIAL S.A.;960671;CENCOSUD LOJA 640;39346861025660;FORMOSA;GO;COMÉRCIO;SUDESTE;01/05/2023;15;CELG;0.29;78.14196;0.0;78.14196
202411;104619;CRD DIAGNOSTICOS CL 514;CRD - CENTRO DE RECURSOS DIAGNOSTICOS LTDA;961065;ACIDENTADOS - UC 144;01269430000176;GOIÂNIA;GO;SERVIÇOS;SUDESTE;01/05/2023;15;CELG;0.2;67.717124;0.0;67.717124
202411;100962;ITAU AMR I5 SE;ITAU UNIBANCO S.A.;961829;4340_GOIANIA-CAMPINA;60701190198370;GOIÂNIA;GO;SERVIÇOS;SUDESTE;01/06/2023;15;CELG;0.068;24.65963;0.0;24.65963
202411;52403;REDE LUCAS;REDE LUCAS DE SUPERMERCADOS LTDA;962074;Loja 04 UC 690356833;06894782000489;ITUMBIARA;GO;COMÉRCIO;SUDESTE;01/06/2023;15;CELG;0.17;112.048068;0.0;112.048068
202411;25518;B2W CE;AMERICANAS S.A - EM RECUPERACAO JUDICIAL;964427;AMER 1244;00776574167522;GOIANÉSIA;GO;COMÉRCIO;SUDESTE;01/09/2023;15;CELG;0.076;11.721413;0.0;11.721413
202411;25518;B2W CE;AMERICANAS S.A - EM RECUPERACAO JUDICIAL;964754;AMER 112;00776574119714;CALDAS NOVAS;GO;COMÉRCIO;SUDESTE;01/09/2023;15;CELG;0.075;17.901208;0.0;17.901208
202411;25518;B2W CE;AMERICANAS S.A - EM RECUPERACAO JUDICIAL;964835;AMER 1067;00776574016745;FORMOSA;GO;COMÉRCIO;SUDESTE;01/09/2023;15;CELG;0.09;6.932858;0.0;6.932858
202411;25518;B2W CE;AMERICANAS S.A - EM RECUPERACAO JUDICIAL;964891;AMER 1260;00776574167603;MINEIROS;GO;COMÉRCIO;SUDESTE;01/09/2023;15;CELG;0.09;17.281141;0.0;17.281141
202411;25518;B2W CE;AMERICANAS S.A - EM RECUPERACAO JUDICIAL;964913;AMER 1049;00776574009374;;GO;COMÉRCIO;SUDESTE;01/09/2023;15;CELG;0.09;10.267381;0.0;10.267381
202411;101281;BARAO SUPERMERCADOS;BARAO ESPECIALIDADES & DISTRIBUIDORA DE ALIMENTOS SA;965026;Barao Superme 965026;28790260000127;APARECIDA DE GOIÂNIA;GO;COMÉRCIO;SUDESTE;01/09/2023;15;CELG;0.157;65.759171;0.0;65.759171
202411;102529;UNIDOCKS;UNIDOCK'S ASSESSORIA E LOGISTICA DE MATERIAIS LTDA;965781;Aparecida de Goiânia;00233065005650;APARECIDA DE GOIÂNIA;GO;SERVIÇOS;SUDESTE;01/10/2023;15;CELG;0.6;213.008966;0.0;213.008966
202411;105965;SGB BRASILIT ABADIANIA CL;SAINT-GOBAIN DO BRASIL PRODUTOS INDUSTRIAIS E PARA CONSTRUCAO LTDA;965864;SGB BRASILIT ABADIAN;61064838016994;ABADIÂNIA;GO;MINERAIS NÃO-METÁLICOS;SUDESTE;01/10/2023;15;CELG;1.2;365.554422;0.0;365.554422
202411;3846;BRASIL TELECOM;OI S.A. - EM RECUPERACAO JUDICIAL;965913;ID UC 19064 - UC 137;76535764032851;GOIÂNIA;GO;TELECOMUNICAÇÕES;SUDESTE;01/10/2023;15;CELG;0.046;19.641344;0.0;19.641344
202411;99292;COMIGO-MATRIZ LIVRE;COOPERATIVA AGROINDUSTRIAL DOS PRODUTORES RURAIS DO SUDOESTE GOIANO;965967;COMIGO IPORÁ;02077618004334;;GO;COMÉRCIO;SUDESTE;01/10/2023;15;CELG;1.0;43.629296;0.0;43.629296
202411;60443;VIAVAREJO;GRUPO CASAS BAHIA S.A.;966424;1895 - CD HIDROLÂNDI;33041260160447;HIDROLÂNDIA;GO;COMÉRCIO;SUDESTE;01/11/2023;15;CELG;0.2;60.229587;0.0;60.229587
202411;60443;VIAVAREJO;GRUPO CASAS BAHIA S.A.;966479;Filial 1699 - ITUMBI;33041260136066;ITUMBIARA;GO;COMÉRCIO;SUDESTE;01/11/2023;15;CELG;0.095;11.751288;0.0;11.751288
202411;66054;VILLEFORT;CEMA CENTRAL MINEIRA ATACADISTA LTDA;966780;VILLEFORT RECANTO;03083231004272;GOIÂNIA;GO;COMÉRCIO;SUDESTE;01/11/2023;15;CELG;0.225;152.987462;0.0;152.987462
202411;102785;BRITAGRAN;BRITAGRAN BRITAS E GRANITOS MINERADORA LTDA;966900;BRITAGRAN;08528222000193;NOVA VENEZA;GO;MINERAIS NÃO-METÁLICOS;SUDESTE;01/11/2023;15;CELG;0.58;48.074665;0.0;48.074665
202411;117662;TF EMBALAGENS GO;TF EMBALAGENS LTDA;970194;TF Embalagens Ltda;41413565000188;APARECIDA DE GOIÂNIA;GO;MANUFATURADOS DIVERSOS;SUDESTE;01/01/2024;15;CELG;0.5;183.280514;0.0;183.280514
202411;83937;DE HEUS;DE HEUS INDUSTRIA E COMERCIO DE NUTRICAO ANIMAL LTDA;970543;DE HEUS ITABERAI - U;02513991001022;ITABERAÍ;GO;ALIMENTÍCIOS;SUDESTE;01/02/2024;15;CELG;0.12;43.791073;0.0;43.791073
202411;60788;UTEPORTODAGUAS CL;CERRADINHO BIOENERGIA S.A.;971840;PORTO AGUAS II CARGA;08322396000103;CHAPADÃO DO CÉU;GO;MINERAIS NÃO-METÁLICOS;SUDESTE;01/02/2024;4144;LTI;7.0;104.260341;0.0;104.260341
202411;109491;HOSPITAL SÃO FRANCISCO;HOSPITAL SAO FRANCISCO DE ASSIS LTDA;972578;Hospital São Francis;01625151000106;GOIÂNIA;GO;SERVIÇOS;SUDESTE;01/02/2024;15;CELG;0.5;111.389476;0.0;111.389476
202411;93905;COMIGO-MATRIZ ESPECIAL;COOPERATIVA AGROINDUSTRIAL DOS PRODUTORES RURAIS DO SUDOESTE GOIANO;972918;COMIGO IMPLEMENTOS;02077618004172;RIO VERDE;GO;COMÉRCIO;SUDESTE;01/03/2024;15;CELG;0.06;10.536868;0.0;10.536868
202411;128202;URUACU;RUBIATABA INDUSTRIAL S.A.;974062;RUBIATABA INDUSTRIAL;03347747000370;URUAÇU;GO;MINERAIS NÃO-METÁLICOS;SUDESTE;01/03/2024;15;CELG;0.5;111.179903;0.0;111.179903
202411;93905;COMIGO-MATRIZ ESPECIAL;COOPERATIVA AGROINDUSTRIAL DOS PRODUTORES RURAIS DO SUDOESTE GOIANO;974967;COMIGO PARAÚNA 2;02077618002129;PARAÚNA;GO;COMÉRCIO;SUDESTE;01/04/2024;15;CELG;0.06;14.863212;0.0;14.863212
202411;105683;CENCOSUD BRASIL 126 SE;CENCOSUD BRASIL COMERCIAL S.A.;975595;CENCOSUD LOJA 541;39346861022807;GOIÂNIA;GO;COMÉRCIO;SUDESTE;01/04/2024;15;CELG;0.252;78.017064;0.0;78.017064
202411;105683;CENCOSUD BRASIL 126 SE;CENCOSUD BRASIL COMERCIAL S.A.;975678;CENCOSUD LOJA 615;39346861024850;GOIÂNIA;GO;COMÉRCIO;SUDESTE;01/04/2024;15;CELG;0.352;135.261335;0.0;135.261335
202411;3729;PERNAMBUCANAS;ARTHUR LUNDGREN TECIDOS S A CASAS PERNAMBUCANAS;976257;Pernam - Itumbiara;61099834030340;ITUMBIARA;GO;COMÉRCIO;SUDESTE;01/04/2024;15;CELG;0.075;11.899698;0.0;11.899698
202411;126380;GOIANESIA CALCARIO;GOIANESIA CALCARIO DOLOMITICO LTDA;976597;GOIANESIA CALCARIO -;13867739000228;VILA PROPÍCIO;GO;MINERAIS NÃO-METÁLICOS;SUDESTE;01/04/2024;15;CELG;1.2;15.291923;0.0;15.291923
202411;118422;CRV GO;CRV INDUSTRIAL LTDA;977390;CRV GO;03937452000192;CARMO DO RIO VERDE;GO;ALIMENTÍCIOS;SUDESTE;01/05/2024;66348;CHESP DIST;0.95;238.201192;0.0;238.201192
202411;30493;SANEAGO;SANEAMENTO DE GOIAS S/A;977808;SANEAGO - UC 2960007;01616929000102;PLANALTINA;GO;SANEAMENTO;SUDESTE;01/05/2024;15;CELG;0.27;137.277524;0.0;137.277524
202411;30493;SANEAGO;SANEAMENTO DE GOIAS S/A;979245;SANEAGO - UC 1500253;01616929000102;MORRINHOS;GO;SANEAMENTO;SUDESTE;01/06/2024;15;CELG;0.243;130.575914;0.0;130.575914
202411;30493;SANEAGO;SANEAMENTO DE GOIAS S/A;981369;SANEAGO - UC 2000448;01616929000102;APARECIDA DE GOIÂNIA;GO;SANEAMENTO;SUDESTE;01/07/2024;15;CELG;0.3;153.371749;0.0;153.371749
202411;128049;FRIGOIAS;FRIGOIAS INDUSTRIA & COMERCIO DE CARNE LTDA;983562;FRIGOIAS 10009266877;07779699000189;ANÁPOLIS;GO;ALIMENTÍCIOS;SUDESTE;01/07/2024;15;CELG;0.22;33.011045;0.0;33.011045
202411;93905;COMIGO-MATRIZ ESPECIAL;COOPERATIVA AGROINDUSTRIAL DOS PRODUTORES RURAIS DO SUDOESTE GOIANO;986822;COMIGO LOJA PALMEIRA;02077618004920;PALMEIRAS DE GOIÁS;GO;COMÉRCIO;SUDESTE;01/09/2024;15;CELG;0.045;12.317373;0.0;12.317373
202411;86666;COMERCIAL REIS;COMERCIAL REIS LTDA;987049;Loja 24;03044201002556;ITUMBIARA;GO;COMÉRCIO;SUDESTE;01/09/2024;15;CELG;0.12;76.662866;0.0;76.662866
202411;37972;FTO EUROCHEM;FERTILIZANTES TOCANTINS  S.A;987978;FTO Catalão;05571228000902;CATALÃO;GO;QUÍMICOS;SUDESTE;01/09/2024;15;CELG;0.3;35.699303;0.0;35.699303
202411;99037;GRANJA MANTIQUEIRA CL 514;MANTIQUEIRA ALIMENTOS LTDA.;988658;MANTIQUEIRA AL988658;04747794001850;CABECEIRAS;GO;ALIMENTÍCIOS;SUDESTE;01/09/2024;15;CELG;0.59;173.776894;0.0;173.776894
202411;30493;SANEAGO;SANEAMENTO DE GOIAS S/A;989982;SANEAGO - UC 1000558;01616929000102;GOIÂNIA;GO;SANEAMENTO;SUDESTE;01/10/2024;15;CELG;0.184;61.920864;0.0;61.920864
202411;85898;BRADESCO ESPECIAL SECO;BANCO BRADESCO S.A.;990415;10000359660 - 1395-C;60746948369205;CATALÃO;GO;SERVIÇOS;SUDESTE;01/10/2024;15;CELG;0.06;11.598045;0.0;11.598045
202411;2993;EMBRASATEC;EMBRASATEC INDUSTRIA E COMERCIO DE EMBALAGENS LTDA;992176;EMBRASATEC CATALÃO;05989100000297;CATALÃO;GO;TÊXTEIS;SUDESTE;01/11/2024;15;CELG;0.07;16.055742;0.0;16.055742
202411;30493;SANEAGO;SANEAMENTO DE GOIAS S/A;993458;UC 2210144365 - CAP/;01616929000102;SANTO ANTÔNIO DO DESCOBERTO;GO;SANEAMENTO;SUDESTE;01/11/2024;15;CELG;0.255;162.59665;0.0;162.59665
202411;100962;ITAU AMR I5 SE;ITAU UNIBANCO S.A.;993481;9338_GOIANIA REPUBLI;60701190377976;GOIÂNIA;GO;SERVIÇOS;SUDESTE;01/11/2024;15;CELG;0.056;14.208988;0.0;14.208988
202411;99718;REBIC CL 514;REBIC EMBALAGENS INDUSTRIA E COMERCIO LTDA;993725;REMBAL N&L (UC 10037;01370480000226;TRINDADE;GO;MANUFATURADOS DIVERSOS;SUDESTE;01/11/2024;15;CELG;1.5;115.806371;0.0;115.806371
202411;11732;SJC BIOENERGIA CL;SJC BIOENERGIA LTDA;71543;QUIRINOPOLIS CONSUMO;10249419000135;QUIRINÓPOLIS;GO;SERVIÇOS;SUDESTE;01/07/2011;4078;TER;6.0;284.726385;0.0;284.726385
202411;132544;CMOC FOSFATO OUVIDOR CATALAO;CMOC BRASIL MINERACAO, INDUSTRIA E PARTICIPACOES LTDA.;7498;COPEBRAS OUVIDOR;26108898000533;OUVIDOR;GO;MINERAIS NÃO-METÁLICOS;SUDESTE;01/12/2004;15;CELG;28.5;15482.66518;0.0;15482.66518
202411;1851;MARACA;MINERACAO MARACA INDUSTRIA E COMERCIO S/A;70232;MARACA MINERACAO;86902053000113;ALTO HORIZONTE;GO;EXTRAÇÃO DE MINERAIS METÁLICOS;SUDESTE;01/09/2006;2226;CELG GERATRANS;45.4;28164.541515;0.0;28164.541515
202411;106402;MINERACAO MACEDO;MINERACAO MACEDO LTDA;7148;MINERAÇÃO MACEDO;48656146000116;GOIÁS;GO;EXTRAÇÃO DE MINERAIS METÁLICOS;SUDESTE;01/01/2006;145323;ELETROBRAS FURNAS;2.7;432.792796;0.0;432.792796
202411;1374;SAMA;SAMA S.A. - MINERACOES ASSOCIADAS EM RECUPERACAO JUDICIAL;7465;SAMA-MINACU-GO;15104599000180;MINAÇU;GO;MINERAIS NÃO-METÁLICOS;SUDESTE;01/11/2004;15;CELG;10.7;4834.580181;0.0;4834.580181
202411;58827;BIO JATAI CL;BIOENERGIA JATAI LTDA.;889679;JATAI - CONSUMO;18686104000167;JATAÍ;GO;MINERAIS NÃO-METÁLICOS;SUDESTE;01/04/2013;4078;TER;6.0;88.403046;0.0;88.403046
202411;51592;JBS COUROS CL SE 5;JBS S/A;903713;JBS COUROS MONTES BE;02916265007849;SÃO LUÍS DE MONTES BELOS;GO;MANUFATURADOS DIVERSOS;SUDESTE;01/09/2016;15;CELG;0.85;437.447984;0.0;437.447984
202411;157920;GELNEX NAZARIO CE;GELNEX INDUSTRIA E COMERCIO LTDA;902744;GELNEX NAZARIO -GO;02001597000203;NAZÁRIO;GO;ALIMENTÍCIOS;SUDESTE;01/08/2016;15;CELG;4.05;2281.482884;0.0;2281.482884
202411;60806;GEOLAB;GEOLAB INDUSTRIA FARMACEUTICA S/A;900896;GEOLAB;03485572000104;ANÁPOLIS;GO;MANUFATURADOS DIVERSOS;SUDESTE;01/07/2016;15;CELG;2.25;1479.712397;0.0;1479.712397
202411;62541;PIRACANJUBA GO;LATICINIOS BELA VISTA S.A.;901046;LATICINIOS BELA VIST;02089969000530;BELA VISTA DE GOIÁS;GO;ALIMENTÍCIOS;SUDESTE;01/07/2016;15;CELG;7.62;4945.042905;0.0;4945.042905
202411;30963;NESTLE GOIANIA CL;NESTLE NORDESTE ALIMENTOS E BEBIDAS LTDA.;901553;DPAM GOIANIA;08334818000829;GOIÂNIA;GO;ALIMENTÍCIOS;SUDESTE;01/07/2016;15;CELG;2.0;829.223369;0.0;829.223369
202411;82644;BRF 349 JATAI CL;BRF S.A.;909309;BRF - FRIG AVES JATA;01838723018840;JATAÍ;GO;ALIMENTÍCIOS;SUDESTE;01/06/2017;15;CELG;3.025;1086.758925;0.0;1086.758925
202411;116357;MOSAIC - RIO VERDE;MOSAIC FERTILIZANTES DO BRASIL LTDA.;909697;MOSAIC RIO VERDE;61156501020777;RIO VERDE;GO;QUÍMICOS;SUDESTE;01/07/2017;15;CELG;0.35;35.295114;0.0;35.295114
202411;113237;ITALAC EI;GOIASMINAS INDUSTRIA DE LATICINIOS LTDA;908211;ITALAC CORUMBAIBA;01257995000133;CORUMBAÍBA;GO;ALIMENTÍCIOS;SUDESTE;01/03/2017;15;CELG;6.5;4039.109561;0.0;4039.109561
202411;66602;HERINGER;FERTILIZANTES HERINGER S.A.;910848;CATALAO;22266175004094;CATALÃO;GO;QUÍMICOS;SUDESTE;01/11/2017;15;CELG;0.28;12.469436;0.0;12.469436
202411;32242;MIN PIRINESPUS NESP;MINERACAO PIRINEUS LTDA;907178;MINERACAO PIRINEUS;37588415000308;COCALZINHO DE GOIÁS;GO;MINERAIS NÃO-METÁLICOS;SUDESTE;01/01/2017;15;CELG;1.325;5.637064;0.0;5.637064
202411;27493;PIRACANJUBA QJO2 GO;LATICINIOS BELA VISTA S.A.;911299;PIRACANJUBA QJO2;02089969001692;BELA VISTA DE GOIÁS;GO;SERVIÇOS;SUDESTE;01/12/2017;15;CELG;0.2;85.078929;0.0;85.078929
202411;85889;REFRESCOS BAND IND CL 514;REFRESCOS BANDEIRANTES INDUSTRIA E COMERCIO LTDA;911287;Refrescos Bandeirant;03380763001507;TRINDADE;GO;BEBIDAS;SUDESTE;01/12/2017;15;CELG;2.8;1557.638436;0.0;1557.638436
202411;76906;BRF 331 RIO VERDE CL;BRF S.A.;907020;BRF RIO VERDE;01838723017283;RIO VERDE;GO;ALIMENTÍCIOS;SUDESTE;01/01/2017;15;CELG;32.256;16032.937352;0.0;16032.937352
202411;71708;DU PONT CL;CORTEVA AGRISCIENCE DO BRASIL LTDA.;910524;DU PONT-FORMOSA-GO;61064929003780;FORMOSA;GO;ALIMENTÍCIOS;SUDESTE;01/10/2017;15;CELG;5.27;593.082607;0.0;593.082607
202411;7322;HAVAN SE;HAVAN S.A;904048;HAVAN 74 - VALPARAIS;79379491007781;VALPARAÍSO DE GOIÁS;GO;COMÉRCIO;SUDESTE;01/09/2016;15;CELG;0.39;85.275955;0.0;85.275955
202411;85509;BRASIL TELECOM LIVRE SE/CO;OI S.A. - EM RECUPERACAO JUDICIAL;919555;BR 153;76535764032851;GOIÂNIA;GO;TELECOMUNICAÇÕES;SUDESTE;01/12/2018;15;CELG;1.822;223.570804;0.0;223.570804
202411;27492;PIRACANJUBA JATAI GO;LATICINIOS BELA VISTA S.A.;904059;PIRACANJUBA JATAI;02089969002826;JATAÍ;GO;ALIMENTÍCIOS;SUDESTE;01/09/2016;15;CELG;0.39;64.227594;0.0;64.227594
202411;140003;MILHAO RIO VERDE;MILHAO INDUSTRIA E COMERCIO DE INGREDIENTES E CEREAIS S.A.;904698;LDC BRASIL RIO VERDE;08647384000655;RIO VERDE;GO;ALIMENTÍCIOS;SUDESTE;01/10/2016;15;CELG;4.6;102.522458;0.0;102.522458
202411;16502;BPBUNGE TRP CL;TROPICAL BIOENERGIA S.A.;891502;TROPICAL CONSUMO;08195806000194;EDEIA;GO;MINERAIS NÃO-METÁLICOS;SUDESTE;01/01/2014;4078;TER;4.0;274.077471;0.0;274.077471
202411;143784;FORTUNCERES;FORTUNCERES S.A.;922371;MINEIROS;52168923000584;MINEIROS;GO;ALIMENTÍCIOS;SUDESTE;01/02/2019;15;CELG;4.2;1323.139121;0.0;1323.139121
202411;29965;GERRESHEIMER MATRIZ;''GERRESHEIMER PLASTICOS SAO PAULO LTDA.'';912861;GERRESHEIMER GPP;04797661000493;ANÁPOLIS;GO;MANUFATURADOS DIVERSOS;SUDESTE;01/03/2018;15;CELG;5.0;3373.481651;0.0;3373.481651
202411;46146;GOVIDROS CL 514;GOVIDROS COMERCIAL GOIANIA DE VIDROS LTDA;922545;Govidros Com. Goiâni;02104503000302;APARECIDA DE GOIÂNIA;GO;COMÉRCIO;SUDESTE;01/02/2019;15;CELG;0.755;80.816476;0.0;80.816476
202411;99682;SERRA BRANCA CL 514;MINERACAO DE CALCARIO MONTIVIDIU LTDA;922519;MONTIVDIU - SERRA BR;02174951000536;INDIARA;GO;MINERAIS NÃO-METÁLICOS;SUDESTE;01/02/2019;15;CELG;1.75;257.558332;0.0;257.558332
202411;3999;C&A MODAS;C&A MODAS S.A.;923723;C&A MODAS LTDA. - RV;45242914035669;RIO VERDE;GO;COMÉRCIO;SUDESTE;01/05/2019;15;CELG;0.18;31.276253;0.0;31.276253
202411;46210;BRITENG CL 514;BRITENG BRITAGEM E CONSTRUCOES LTDA;923738;Briteng Ap Go;37878162000137;APARECIDA DE GOIÂNIA;GO;MINERAIS NÃO-METÁLICOS;SUDESTE;01/05/2019;15;CELG;0.73;78.941418;0.0;78.941418
202411;32500;DISTRIB ARAGUAIA ANAPOLIS CL;CDA ALIMENTOS S.A. EM RECUPERACAO JUDICIAL;904844;DIST ARAGUAIA ANAPOL;26651646000122;ANÁPOLIS;GO;SERVIÇOS;SUDESTE;01/10/2016;15;CELG;1.28;105.064718;0.0;105.064718
202411;98333;ALISUL ANAPOLIS CL;ALISUL ALIMENTOS SA;906616;ALISUL ANAPOLIS;89548523001403;ANÁPOLIS;GO;ALIMENTÍCIOS;SUDESTE;01/12/2016;15;CELG;1.69;492.67972;0.0;492.67972
202411;68095;OPEN MALL;J&L REAL ESTATE LTDA;913594;STREET MALL;09531384000143;GOIÂNIA;GO;SERVIÇOS;SUDESTE;01/04/2018;15;CELG;0.25;65.295853;0.0;65.295853
202411;72381;CATUPIRY;LATICINIOS CATUPIRY LTDA;918741;CATUPIRY DOVERLÂNDIA;61087367001908;DOVERLÂNDIA;GO;ALIMENTÍCIOS;SUDESTE;01/10/2018;15;CELG;0.17;111.931991;0.0;111.931991
202411;99713;HALEX ISTAR CL 514;HALEX ISTAR INDUSTRIA FARMACEUTICA SA;904185;HALEX ISTAR;01571702000198;GOIÂNIA;GO;MANUFATURADOS DIVERSOS;SUDESTE;01/09/2016;15;CELG;1.7;1112.837862;0.0;1112.837862
202411;111754;CARGILL ITB CL514;CARGILL AGRICOLA S A;906365;CARGILL AGRÍCOLA;60498706013054;ITUMBIARA;GO;ALIMENTÍCIOS;SUDESTE;01/12/2016;15;CELG;1.55;867.000555;0.0;867.000555
202411;31874;BONASA GO CL 514;BONASA ALIMENTOS LTDA EM;907173;BONASA GO;03573324002584;NOVA VENEZA;GO;ALIMENTÍCIOS;SUDESTE;01/01/2017;15;CELG;1.15;0.0;0.0;0.0
202411;85498;BEBIDAS IMPERIAL CL 514;INDUSTRIA E COMERCIO DE BEBIDAS IMPERIAL SA -;904825;BEBIDAS IMPERIAL;00552646000181;TRINDADE;GO;BEBIDAS;SUDESTE;01/10/2016;15;CELG;2.85;1282.047024;0.0;1282.047024
202411;46475;DANTAS MINERIOS CL 514;DANTAS MINERIOS LTDA;924935;Dantas Minérios Ltda;17833812000110;GUAPO;GO;MINERAIS NÃO-METÁLICOS;SUDESTE;01/07/2019;15;CELG;0.775;88.014906;0.0;88.014906
202411;51289;PIFPAFMATRIZ FAZ SAO JOSE CL;RIO BRANCO ALIMENTOS S/A;926324;PIF PAF-I FAZ S José;05017780002905;PARAÚNA;GO;ALIMENTÍCIOS;SUDESTE;01/09/2019;15;CELG;0.515;146.299837;0.0;146.299837
202411;92484;MAGAZINE LUIZA - I5;MAGAZINE LUIZA S/A;929200;MAGALU - LOJ274;47960950043602;CATALÃO;GO;COMÉRCIO;SUDESTE;01/11/2019;15;CELG;0.056;12.763903;0.0;12.763903
202411;64004;VCSA EDEALINA;VOTORANTIM CIMENTOS S.A.;905808;VCSA EDEALINA;01637895019232;EDEALINA;GO;MINERAIS NÃO-METÁLICOS;SUDESTE;01/11/2016;15;CELG;20.0;8524.913733;0.0;8524.913733
202411;88208;SUPERVI;SUPERVI DISTRIBUIDOR DE ALIMENTOS LTDA;933983;LOJA 8 - CENTRO;07503617000845;ANÁPOLIS;GO;COMÉRCIO;SUDESTE;01/02/2020;15;CELG;0.065;32.150672;0.0;32.150672
202411;82846;RIACHUELO LT 1 SE/CO;LOJAS RIACHUELO SA;933945;RCHLO LOJA 38;33200056006341;APARECIDA DE GOIÂNIA;GO;COMÉRCIO;SUDESTE;01/02/2020;15;CELG;0.28;68.255143;0.0;68.255143
202411;1477;ASSAI ATACADISTA;SENDAS DISTRIBUIDORA S/A;934743;SENDAS SE/CO - 140 (;06057223022906;GOIÂNIA;GO;COMÉRCIO;SUDESTE;01/03/2020;15;CELG;0.75;288.507264;0.0;288.507264
202411;48806;MONTIVIDIUPIRANHASPCL514;MINERACAO DE CALCARIO MONTIVIDIU LTDA;934998;MONTIVIDIU PIRANHAS;02174951000293;PIRANHAS;GO;COMÉRCIO;SUDESTE;01/03/2020;15;CELG;0.5;0.905577;0.0;0.905577
202411;84077;ACHE LABORATORIOS;ACHE LABORATORIOS FARMACEUTICOS SA;934996;MELCON;60659463003298;ANÁPOLIS;GO;COMÉRCIO;SUDESTE;01/03/2020;15;CELG;1.06;453.80501;0.0;453.80501
202411;82528;L MERLIN 2 SE;LEROY MERLIN COMPANHIA BRASILEIRA DE BRICOLAGEM;935467;Leroy Merlin Goiânia;01438784001926;GOIÂNIA;GO;COMÉRCIO;SUDESTE;01/04/2020;15;CELG;0.54;222.032817;0.0;222.032817
202411;90988;MPL INDUSTRIA;MPL INDUSTRIA E COMERCIO DE ROUPAS LTDA;935836;MPL 10006310450;08007677000163;APARECIDA DE GOIÂNIA;GO;TÊXTEIS;SUDESTE;01/04/2020;15;CELG;0.205;14.199399;0.0;14.199399
202411;46781;CVL TEMPERA CL 514;CVL TEMPERA DE VIDROS LTDA;936009;CVL;13498295000110;APARECIDA DE GOIÂNIA;GO;MINERAIS NÃO-METÁLICOS;SUDESTE;01/04/2020;15;CELG;0.5;105.619287;0.0;105.619287
202411;87014;C CE TFLEX;TFLEX INDUSTRIA E COMERCIO DE TUBOS LTDA;936146;TFLEX UC 10011497066;17496722000181;IPAMERI;GO;MANUFATURADOS DIVERSOS;SUDESTE;01/05/2020;15;CELG;0.25;160.239862;0.0;160.239862
202411;49033;C CL CENTROESTE PLASTICOS;CENTROESTE COMERCIO DE PLASTICOS LTDA;936391;CENTROESTE - UC 1000;10544065000151;GOIÂNIA;GO;SANEAMENTO;SUDESTE;01/05/2020;15;CELG;0.5;181.529384;0.0;181.529384
202411;92091;LOPES VIANDELLI;LOPES VIANDELLI PRODUTOS ALIMENTICIOS LTDA;937130;LOPES V. LOJA 1;26910752000426;GOIANÉSIA;GO;COMÉRCIO;SUDESTE;01/06/2020;15;CELG;0.18;82.334984;0.0;82.334984
202411;92070;ITUMBIARA TEXTIL;ITUMBIARA INDUSTRIA TEXTIL LTDA;937203;Itumbiara Indústria;11457217000141;ITUMBIARA;GO;TÊXTEIS;SUDESTE;01/06/2020;15;CELG;0.5;247.810446;0.0;247.810446
202411;1477;ASSAI ATACADISTA;SENDAS DISTRIBUIDORA S/A;937464;SENDAS SE/CO - 84 (G;06057223034319;GOIÂNIA;GO;COMÉRCIO;SUDESTE;01/07/2020;15;CELG;0.53;175.417049;0.0;175.417049
202411;86668;VD FABRICA DE VIDROS;VD FABRICA DE VIDROS TEMPERADOS LTDA;937775;VD Fabrica de Vidros;17385003000193;APARECIDA DE GOIÂNIA;GO;MINERAIS NÃO-METÁLICOS;SUDESTE;01/07/2020;15;CELG;0.5;74.011974;0.0;74.011974
202411;48788;C CL MILLENIUM PLASTICOS;MILLENIUM PLASTICOS LTDA;937790;MILLENIUM - MATRIZ -;09620902000103;GOIÂNIA;GO;MANUFATURADOS DIVERSOS;SUDESTE;01/07/2020;15;CELG;0.65;102.101644;0.0;102.101644
202411;86666;COMERCIAL REIS;COMERCIAL REIS LTDA;937746;Loja 11;03044201001312;CATALÃO;GO;COMÉRCIO;SUDESTE;01/07/2020;15;CELG;0.149;52.957818;0.0;52.957818
202411;95945;BEAPLAST;BEAPLAST INDUSTRIA E COMERCIO LTDA;939119;BEAPLAST IND E COMER;33667336000161;FORMOSA;GO;COMÉRCIO;SUDESTE;01/09/2020;15;CELG;0.3;70.588901;0.0;70.588901
202411;99292;COMIGO-MATRIZ LIVRE;COOPERATIVA AGROINDUSTRIAL DOS PRODUTORES RURAIS DO SUDOESTE GOIANO;939729;COM-PONTE DE PEDRA;02077618003443;RIO VERDE;GO;SERVIÇOS;SUDESTE;01/10/2020;15;CELG;1.225;74.954028;0.0;74.954028
202411;4574;BRASIL TELE SE;OI S.A. - EM RECUPERACAO JUDICIAL;940696;UC 11071072 - CAM G;76535764032851;GOIÂNIA;GO;TELECOMUNICAÇÕES;SUDESTE;01/12/2020;15;CELG;0.16;64.806396;0.0;64.806396
202411;47398;LUZIANIA RENDERING CL 514;LUZIANIA RENDERING LTDA;940867;LUZIANIA RENDERING;24000570000140;LUZIÂNIA;GO;ALIMENTÍCIOS;SUDESTE;01/12/2020;15;CELG;0.5;115.121024;0.0;115.121024
202411;32243;FRIGORIFICO BEAUVALLET CL 514;BEAUVALLET GOIAS ALIMENTOS LTDA;940932;FRIGORIFICO BEAUVALL;35156596000106;INHUMAS;GO;ALIMENTÍCIOS;SUDESTE;01/12/2020;15;CELG;1.4;916.628901;0.0;916.628901
202411;4574;BRASIL TELE SE;OI S.A. - EM RECUPERACAO JUDICIAL;941358;UC 11071114 GOIANIA;76535764032851;GOIÂNIA;GO;TELECOMUNICAÇÕES;SUDESTE;01/01/2021;15;CELG;0.19;67.174021;0.0;67.174021
202411;89866;CARAMURU ARMAZENS GO;CARAMURU ALIMENTOS  S/A;942084;CARAMURU ARMAZENS JA;00080671004601;JATAÍ;GO;SERVIÇOS;SUDESTE;01/02/2021;15;CELG;0.3;17.016088;0.0;17.016088
202411;46083;MINERADORA AMERICAL CL 514;MINERADORA AMERICAL LTDA;943240;MINERACAO AMERICAL;04317119000143;POSSE;GO;MINERAIS NÃO-METÁLICOS;SUDESTE;01/03/2021;15;CELG;0.5;226.296604;0.0;226.296604
202411;98167;ABL ENERGIA;FMC ENERGIA LTDA;943813;FMC - PLAZA DORO SHO;35585168000190;GOIÂNIA;GO;SERVIÇOS;SUDESTE;01/04/2021;15;CELG;0.5;106.745523;0.0;106.745523
202411;28565;EKOPLASTIC;EKOPLASTIC INDUSTRIA DE EMBALAGENS LTDA;947648;EKOPLASTIC;09491921000179;APARECIDA DE GOIÂNIA;GO;MANUFATURADOS DIVERSOS;SUDESTE;01/10/2021;15;CELG;0.5;105.523059;0.0;105.523059
202411;63677;RENNER MATRIZ SUDESTE;LOJAS RENNER S.A.;948219;RNR097_SHOPPING BOUG;92754738010630;GOIÂNIA;GO;COMÉRCIO;SUDESTE;01/11/2021;15;CELG;0.055;10.19529;0.0;10.19529
202411;47986;CAFE RANCHEIRO CL 514;CAFE RANCHEIRO AGRO INDUSTRIAL LTDA;948413;Café Rancheiro Agro;02924249000119;ANÁPOLIS;GO;ALIMENTÍCIOS;SUDESTE;01/11/2021;15;CELG;0.9;619.587971;0.0;619.587971
202411;24882;ATACADAO DIA A DIA 002;ATACADAO DIA A DIA S.A;948781;DIA A DIA - CALDAS N;17457404001183;CALDAS NOVAS;GO;COMÉRCIO;SUDESTE;01/12/2021;15;CELG;0.24;190.859024;0.0;190.859024
202411;105241;C CL INTERFAST GOIAS;INTERFAST GOIAS SERVICOS E ARMAZENAMENTO DE GRAOS LTDA;948937;INTERFAST - VIANÓPOL;48759688000203;VIANÓPOLIS;GO;SERVIÇOS;SUDESTE;01/12/2021;15;CELG;0.65;12.597058;0.0;12.597058
202411;26879;ICO METAIS;EDSON LUCCA LTDA;948990;ICO METAIS UC 401891;14094415000186;TRINDADE;GO;MANUFATURADOS DIVERSOS;SUDESTE;01/12/2021;15;CELG;0.29;70.602082;0.0;70.602082
202411;33493;ZARA BRASIL SE;INDITEX BRASIL LTDA.;949974;ZR7059_FLAMBOYANT SH;02952485003164;GOIÂNIA;GO;COMÉRCIO;SUDESTE;01/01/2022;15;CELG;0.22;58.270844;0.0;58.270844
202411;96052;TRANSZILLI;TRANSPORTES E ARMAZENAGEM ZILLI LTDA;950813;TRANSZILLI  TRANZILO;81804684001824;APARECIDA DE GOIÂNIA;GO;TRANSPORTE;SUDESTE;01/03/2022;15;CELG;0.885;399.781989;0.0;399.781989
202411;93905;COMIGO-MATRIZ ESPECIAL;COOPERATIVA AGROINDUSTRIAL DOS PRODUTORES RURAIS DO SUDOESTE GOIANO;951472;COMIGO ARM. SERRANOP;02077618003796;SERRANÓPOLIS;GO;SERVIÇOS;SUDESTE;01/04/2022;15;CELG;0.25;5.544538;0.0;5.544538
202411;38045;BRF 488 ESTRELA DALVA CE;BRF S.A.;951445;BRF - GRAOS ESTRELA;01838723018174;JATAÍ;GO;COMÉRCIO;SUDESTE;01/04/2022;15;CELG;0.3;56.106039;0.0;56.106039
202411;86578;TATICO SETOR CENTRO OESTE;CENTRO OESTE COMERCIAL DE ALIMENTOS LTDA;952992;TATICO AGUAS L;24447350001300;;GO;COMÉRCIO;SUDESTE;01/06/2022;15;CELG;0.149;105.942682;0.0;105.942682
202411;60443;VIAVAREJO;GRUPO CASAS BAHIA S.A.;954125;Filial 527 - UC: 100;33041260053870;APARECIDA DE GOIÂNIA;GO;COMÉRCIO;SUDESTE;01/08/2022;15;CELG;0.05;8.044652;0.0;8.044652
202411;28120;NUTRISAL ESP;AGRO-TAURUS BRASIL, INDUSTRIA, COMERCIO, DISTRIBUICAO, AGROPECUARIA E TRANSPORTES LTDA;954617;NUTRISAL - UC 100073;26739698000155;RIO VERDE;GO;ALIMENTÍCIOS;SUDESTE;01/08/2022;15;CELG;0.25;40.107173;0.0;40.107173
202411;37878;BRK GO;BRK AMBIENTAL - GOIAS S.A.;954545;BRK GO - ETE EEE RIO;18123402000491;JATAÍ;GO;SANEAMENTO;SUDESTE;01/08/2022;15;CELG;0.1;135.522332;0.0;135.522332
202411;28120;NUTRISAL ESP;AGRO-TAURUS BRASIL, INDUSTRIA, COMERCIO, DISTRIBUICAO, AGROPECUARIA E TRANSPORTES LTDA;954587;2F ARMAZENS - UC 100;50147588000189;RIO VERDE;GO;SERVIÇOS;SUDESTE;01/08/2022;15;CELG;0.28;8.482577;0.0;8.482577
202411;101161;SM EMPREENDIMENTOS APE SOLAR;SM EMPREENDIMENTOS FARMACEUTICOS LTDA;954591;FAGRON - FSBR I;44015477000620;ANÁPOLIS;GO;MANUFATURADOS DIVERSOS;SUDESTE;01/08/2022;15;CELG;0.8;333.293047;0.0;333.293047
202411;37878;BRK GO;BRK AMBIENTAL - GOIAS S.A.;954592;BRK GO - EEE MIRANDA;18123402000220;TRINDADE;GO;SANEAMENTO;SUDESTE;01/08/2022;15;CELG;0.065;9.929819;0.0;9.929819
202411;39276;SAO SALVADOR AL;SAO SALVADOR ALIMENTOS S/A;954750;S SALVADOR AL 954750;03387396001484;SÃO FRANCISCO DE GOIÁS;GO;ALIMENTÍCIOS;SUDESTE;01/09/2022;15;CELG;0.93;345.516613;0.0;345.516613
202411;52787;LDC BRASIL MONTIVIDIU;LOUIS DREYFUS COMPANY BRASIL S.A.;957180;LDC BR - MONTIVIDIU;47067525007200;MONTIVIDIU;GO;ALIMENTÍCIOS;SUDESTE;01/12/2022;15;CELG;0.11;3.735966;0.0;3.735966
202411;30671;AGREX - GOIATUBA ARMAZEM;AGREX DO BRASIL LTDA.;957209;AGREX - Goiatuba Arm;10515785000350;GOIATUBA;GO;ALIMENTÍCIOS;SUDESTE;01/12/2022;15;CELG;0.16;8.978857;0.0;8.978857
202411;52729;LDC BR MINEIROS;LOUIS DREYFUS COMPANY BRASIL S.A.;957261;LDC BR - MINEIROS -;47067525014915;MINEIROS;GO;ALIMENTÍCIOS;SUDESTE;01/12/2022;15;CELG;0.14;8.803482;0.0;8.803482
202411;60443;VIAVAREJO;GRUPO CASAS BAHIA S.A.;957694;Filial 1331 - ST. CA;33041260108950;GOIÂNIA;GO;COMÉRCIO;SUDESTE;01/01/2023;15;CELG;0.17;24.863519;0.0;24.863519
202411;44864;LF PLASTICOS NESP;LF PLASTICOS LTDA;957869;LF PLÁSTICOS - FILIA;06947499000206;APARECIDA DE GOIÂNIA;GO;MANUFATURADOS DIVERSOS;SUDESTE;01/01/2023;15;CELG;1.0;230.407161;0.0;230.407161
202411;41165;EVOLVE;EVOLVE PARTICIPACOES EM SOCIEDADES S.A.;958232;EVOLVE - GOIÂNIA;34324641000113;GOIÂNIA;GO;SERVIÇOS;SUDESTE;01/01/2023;15;CELG;0.15;20.878782;0.0;20.878782
202411;41165;EVOLVE;EVOLVE PARTICIPACOES EM SOCIEDADES S.A.;958345;EVOLVE - FORMOSA;34324641000113;FORMOSA;GO;SERVIÇOS;SUDESTE;01/01/2023;15;CELG;0.1;27.889675;0.0;27.889675
202411;54810;NAUTICO LIVRE;NAUTICO HOTEIS E PARQUES LTDA;958392;NAUTICO;05513549000101;CALDAS NOVAS;GO;ALIMENTÍCIOS;SUDESTE;01/01/2023;15;CELG;0.5;105.872081;0.0;105.872081
202411;60443;VIAVAREJO;GRUPO CASAS BAHIA S.A.;958480;Filial 1324 - ANÁPOL;33041260108100;ANÁPOLIS;GO;COMÉRCIO;SUDESTE;01/02/2023;15;CELG;0.2;12.347672;0.0;12.347672
202411;62344;DASA;DIAGNOSTICOS DA AMERICA S.A .;958559;D650_AT VILA BRASILI;61486650028940;APARECIDA DE GOIÂNIA;GO;SERVIÇOS;SUDESTE;01/02/2023;15;CELG;0.14;70.452546;0.0;70.452546
202411;62761;TRA-FORTLEV-ES;FORTLEV INDUSTRIA E COMERCIO DE PLASTICOS LTDA;959435;FORTLEV GOIAS;10921911001004;ANÁPOLIS;GO;MANUFATURADOS DIVERSOS;SUDESTE;01/03/2023;15;CELG;0.3;240.079708;0.0;240.079708
202411;112544;CM DE OLIVEIRA ESPECIAL;CM DE OLIVEIRA LTDA;959569;Frigorifico CM Olive;35577404000127;INHUMAS;GO;ALIMENTÍCIOS;SUDESTE;01/03/2023;15;CELG;1.0;311.101755;0.0;311.101755
202411;52103;CAVA;CAVA- COMERCIAL ATACADISTA E VAREJISTA DE ALIMENTOS LTDA;959696;CAVA - MARACANA;36770574000196;ANÁPOLIS;GO;COMÉRCIO;SUDESTE;01/03/2023;15;CELG;0.25;117.919461;0.0;117.919461
202411;101481;WATER PARK LIVRE;ELDORADO WATER PARK LTDA;959720;WATER PARK;07329036000162;CALDAS NOVAS;GO;SERVIÇOS;SUDESTE;01/03/2023;15;CELG;0.5;60.781701;0.0;60.781701
202411;52102;SUPERMERCADO BRJ;SUPERMERCADO BRJ LTDA;959756;JARDIM GOIAS 959756;17350225000170;GOIÂNIA;GO;COMÉRCIO;SUDESTE;01/03/2023;15;CELG;0.25;108.070669;0.0;108.070669
202411;62344;DASA;DIAGNOSTICOS DA AMERICA S.A .;959886;D375 - AT CATEDRAL (;61486650031810;GOIÂNIA;GO;SERVIÇOS;SUDESTE;01/03/2023;15;CELG;0.03;3.72882;0.0;3.72882
202411;60806;GEOLAB;GEOLAB INDUSTRIA FARMACEUTICA S/A;960460;GEOLAB SITE II - UC;03485572000600;ANÁPOLIS;GO;MANUFATURADOS DIVERSOS;SUDESTE;01/05/2023;15;CELG;1.3;814.91682;0.0;814.91682
202411;39176;CENCOSUD BRASIL 104 SE;CENCOSUD BRASIL COMERCIAL S.A.;960710;CENCOSUD LOJA 554;39346861023536;CATALÃO;GO;COMÉRCIO;SUDESTE;01/05/2023;15;CELG;0.304;112.470247;0.0;112.470247
202411;122519;URBANO FORMOSA;URBANO AGROINDUSTRIAL LTDA;961332;NOBRE ALIMENTOS LTDA;84432111002100;FORMOSA;GO;ALIMENTÍCIOS;SUDESTE;01/05/2023;15;CELG;0.5;100.883092;0.0;100.883092
202411;38740;SUPERMERCADO FLORESTA;F G COMERCIAL DE ALIMENTOS LTDA;961284;SUPER FLOREST 961284;14200272000301;ANÁPOLIS;GO;COMÉRCIO;SUDESTE;01/05/2023;15;CELG;0.242;75.384126;0.0;75.384126
202411;146417;MADERO ESP SE;MADERO INDUSTRIA E COMERCIO S.A.;961917;MAD_072_MD_STH_FLAMB;13783221000478;GOIÂNIA;GO;ALIMENTÍCIOS;SUDESTE;01/06/2023;15;CELG;0.12;32.146976;0.0;32.146976
202411;52403;REDE LUCAS;REDE LUCAS DE SUPERMERCADOS LTDA;962112;REDE LUCAS LJ 11 (UC;06894782001108;RIO VERDE;GO;COMÉRCIO;SUDESTE;01/06/2023;15;CELG;0.095;50.250909;0.0;50.250909
202411;4574;BRASIL TELE SE;OI S.A. - EM RECUPERACAO JUDICIAL;962639;ID UC 18988 - UC 115;76535764032851;APARECIDA DE GOIÂNIA;GO;TELECOMUNICAÇÕES;SUDESTE;01/07/2023;15;CELG;0.093;45.615132;0.0;45.615132
202411;93706;UNIMED GO;UNIMED GOIANIA COOPERATIVA DE TRABALHO MEDICO;963281;JARDIM AMERICA (UC 1;02476067001285;GOIÂNIA;GO;SERVIÇOS;SUDESTE;01/08/2023;15;CELG;0.054;10.303444;0.0;10.303444
202411;93706;UNIMED GO;UNIMED GOIANIA COOPERATIVA DE TRABALHO MEDICO;963262;CENTRO ESPECIALIDADE;02476067000394;GOIÂNIA;GO;SERVIÇOS;SUDESTE;01/08/2023;15;CELG;0.133;30.66016;0.0;30.66016
202411;106005;P&G ALIMENTOS;P&G IND. DE ALIMENTOS LTDA;963519;P&G IND. DE ALIMENTO;36397139000168;BELA VISTA DE GOIÁS;GO;ALIMENTÍCIOS;SUDESTE;01/08/2023;15;CELG;0.5;199.185284;0.0;199.185284
202411;25518;B2W CE;AMERICANAS S.A - EM RECUPERACAO JUDICIAL;964247;AMER 190;00776574150395;APARECIDA DE GOIÂNIA;GO;COMÉRCIO;SUDESTE;01/09/2023;15;CELG;0.129;23.552474;0.0;23.552474
202411;93905;COMIGO-MATRIZ ESPECIAL;COOPERATIVA AGROINDUSTRIAL DOS PRODUTORES RURAIS DO SUDOESTE GOIANO;964477;COMIGO ADUTORA;02077618000266;RIO VERDE;GO;COMÉRCIO;SUDESTE;01/09/2023;15;CELG;0.09;31.835476;0.0;31.835476
202411;52403;REDE LUCAS;REDE LUCAS DE SUPERMERCADOS LTDA;964895;Loja 06  - UC 800269;06894782000640;QUIRINÓPOLIS;GO;COMÉRCIO;SUDESTE;01/09/2023;15;CELG;0.175;93.554533;0.0;93.554533
202411;25518;B2W CE;AMERICANAS S.A - EM RECUPERACAO JUDICIAL;964821;AMER 409;00776574119986;NOVO GAMA;GO;COMÉRCIO;SUDESTE;01/09/2023;15;CELG;0.075;7.956936;0.0;7.956936
202411;25518;B2W CE;AMERICANAS S.A - EM RECUPERACAO JUDICIAL;964898;AMER 1135;00776574130360;RIO VERDE;GO;COMÉRCIO;SUDESTE;01/09/2023;15;CELG;0.082;10.135429;0.0;10.135429
202411;101281;BARAO SUPERMERCADOS;BARAO ESPECIALIDADES & DISTRIBUIDORA DE ALIMENTOS SA;965009;Barao Superme 965009;28790260000127;GOIÂNIA;GO;COMÉRCIO;SUDESTE;01/09/2023;15;CELG;0.109;42.281904;0.0;42.281904
202411;101281;BARAO SUPERMERCADOS;BARAO ESPECIALIDADES & DISTRIBUIDORA DE ALIMENTOS SA;965025;Barao Superme 965025;28790260000127;GOIÂNIA;GO;COMÉRCIO;SUDESTE;01/09/2023;15;CELG;0.117;54.173963;0.0;54.173963
202411;86666;COMERCIAL REIS;COMERCIAL REIS LTDA;965917;Loja 18;03044201002041;QUIRINÓPOLIS;GO;COMÉRCIO;SUDESTE;01/10/2023;15;CELG;0.15;69.235689;0.0;69.235689
202411;3846;BRASIL TELECOM;OI S.A. - EM RECUPERACAO JUDICIAL;965960;ID UC 20011 - UC 483;76535764032851;;GO;TELECOMUNICAÇÕES;SUDESTE;01/10/2023;15;CELG;0.03;3.547673;0.0;3.547673
202411;3846;BRASIL TELECOM;OI S.A. - EM RECUPERACAO JUDICIAL;965986;ID UC 19068 - UC 139;76535764032851;MINEIROS;GO;TELECOMUNICAÇÕES;SUDESTE;01/10/2023;15;CELG;0.064;27.2763;0.0;27.2763
202411;60443;VIAVAREJO;GRUPO CASAS BAHIA S.A.;966425;Filial 1553 - RIO VE;33041260109417;RIO VERDE;GO;COMÉRCIO;SUDESTE;01/11/2023;15;CELG;0.1;22.497379;0.0;22.497379
202411;60443;VIAVAREJO;GRUPO CASAS BAHIA S.A.;966442;Filial 425 - ANÁPOLI;33041260000245;ANÁPOLIS;GO;COMÉRCIO;SUDESTE;01/11/2023;15;CELG;0.08;9.343832;0.0;9.343832
202411;98335;SLC AGRICOLA CL 514;SLC AGRICOLA S.A.;966651;SLC PAMPLONA ARM ALG;89096457001127;CRISTALINA;GO;ALIMENTÍCIOS;SUDESTE;01/11/2023;15;CELG;1.08;416.015513;0.0;416.015513
202411;100962;ITAU AMR I5 SE;ITAU UNIBANCO S.A.;966614;209_JATAI-GO (UC 290;60701190070064;JATAÍ;GO;SERVIÇOS;SUDESTE;01/11/2023;15;CELG;0.051;9.403682;0.0;9.403682
202411;4574;BRASIL TELE SE;OI S.A. - EM RECUPERACAO JUDICIAL;966612;ID UC 19003 - UC 120;76535764032851;LUZIÂNIA;GO;TELECOMUNICAÇÕES;SUDESTE;01/11/2023;15;CELG;0.055;37.699289;0.0;37.699289
202411;3729;PERNAMBUCANAS;ARTHUR LUNDGREN TECIDOS S A CASAS PERNAMBUCANAS;971417;Pernambucanas - Anap;61099834041466;ANÁPOLIS;GO;COMÉRCIO;SUDESTE;01/02/2024;15;CELG;0.14;14.901247;0.0;14.901247
202411;100962;ITAU AMR I5 SE;ITAU UNIBANCO S.A.;973787;875_GOIANIA-DERGO (U;60701190096705;GOIÂNIA;GO;SERVIÇOS;SUDESTE;01/03/2024;15;CELG;0.044;8.80303;0.0;8.80303
202411;86578;TATICO SETOR CENTRO OESTE;CENTRO OESTE COMERCIAL DE ALIMENTOS LTDA;974070;TATICO - LUZIANIA;24447350001645;LUZIÂNIA;GO;COMÉRCIO;SUDESTE;01/04/2024;15;CELG;0.25;148.973093;0.0;148.973093
202411;93109;COSTA MULTICANAL;COSTA MULTICANAL S/A;975091;COSTA LUZIANIA;27289076000135;LUZIÂNIA;GO;COMÉRCIO;SUDESTE;01/04/2024;15;CELG;0.3;132.269631;0.0;132.269631
202411;67874;ISOESTE;KINGSPAN - ISOESTE CONSTRUTIVOS ISOTERMICOS S/A;975147;ISOESTE ANAPOLIS I (;00289348000140;ANÁPOLIS;GO;METALURGIA E PRODUTOS DE METAL;SUDESTE;01/04/2024;15;CELG;0.4;109.005103;0.0;109.005103
202411;116157;GOIANESIA;USINA GOIANESIA S/A;975259;GOIANESIA;02460988000105;GOIANÉSIA;GO;ALIMENTÍCIOS;SUDESTE;01/04/2024;15;CELG;1.0;160.025489;0.0;160.025489
202411;30493;SANEAGO;SANEAMENTO DE GOIAS S/A;977475;SANEAGO - UC 1131312;01616929000102;GOIÂNIA;GO;SANEAMENTO;SUDESTE;01/05/2024;15;CELG;0.273;116.306334;0.0;116.306334
202411;93706;UNIMED GO;UNIMED GOIANIA COOPERATIVA DE TRABALHO MEDICO;979869;BEM TE VI (UC 148474;02476067002257;GOIÂNIA;GO;SERVIÇOS;SUDESTE;01/06/2024;15;CELG;0.097;12.614376;0.0;12.614376
202411;86666;COMERCIAL REIS;COMERCIAL REIS LTDA;982530;Loja 20;03044201002475;APARECIDA DE GOIÂNIA;GO;COMÉRCIO;SUDESTE;01/07/2024;15;CELG;0.136;89.214479;0.0;89.214479
202411;141721;SAKURA NAKAYA ALIMENTOS;SAKURA NAKAYA ALIMENTOS LTDA;987274;SAKURA - GOAIS;61070694000713;OUVIDOR;GO;ALIMENTÍCIOS;SUDESTE;01/09/2024;15;CELG;0.35;132.575534;0.0;132.575534
202411;93905;COMIGO-MATRIZ ESPECIAL;COOPERATIVA AGROINDUSTRIAL DOS PRODUTORES RURAIS DO SUDOESTE GOIANO;990242;COMIGO LOJA CAÇU (UC;02077618005144;CAÇU;GO;COMÉRCIO;SUDESTE;01/10/2024;15;CELG;0.05;13.11585;0.0;13.11585
202411;157344;GELNEX CAPTACAO CE;GELNEX INDUSTRIA E COMERCIO LTDA;993392;GELNEX - CAPTAÇÃO UC;02001597000203;NAZÁRIO;GO;ALIMENTÍCIOS;SUDESTE;01/11/2024;15;CELG;0.091;55.014568;0.0;55.014568
202411;111757;CARGILL RVE CL514;CARGILL AGRICOLA S A;70409;CARGILL RVE R VERDE;60498706006600;RIO VERDE;GO;ALIMENTÍCIOS;SUDESTE;01/04/2007;15;CELG;5.717;2960.231704;0.0;2960.231704
202411;87004;ANGLO BARRO ALTO;ANGLO AMERICAN NIQUEL BRASIL LTDA;71155;ANGLO AMERICAN BARRO;42184226001101;BARRO ALTO;GO;METALURGIA E PRODUTOS DE METAL;SUDESTE;01/07/2010;145323;ELETROBRAS FURNAS;210.0;119411.436759;0.0;119411.436759
202411;3949;LASA;LASA LAGO AZUL SA;70621;LAGO AZUL AP;02678100000105;IPAMERI;GO;MINERAIS NÃO-METÁLICOS;SUDESTE;01/07/2008;15;CELG;1.7;667.311792;0.0;667.311792
202411;87851;COG-SPFRANGO CL 514;SAO SALVADOR ALIMENTOS S/A;72034;S FRANGO RAC ITABERI;03387396000240;ITABERAÍ;GO;ALIMENTÍCIOS;SUDESTE;01/05/2012;15;CELG;3.0;1104.36012;0.0;1104.36012
202411;47797;QUALITY ALIMENTOS CL 514;QUALITY INDUSTRIA DE ALIMENTOS LTDA;903575;QUALITY II - UC 2100;08906799000191;ANÁPOLIS;GO;COMÉRCIO;SUDESTE;01/09/2016;15;CELG;0.8;0.0;0.0;0.0
202411;57057;NEOVIA INHUMAS CL;NEOVIA NUTRICAO E SAUDE ANIMAL LTDA.;899143;NEOVIA - INHUMAS;18631739000167;INHUMAS;GO;ALIMENTÍCIOS;SUDESTE;01/05/2016;15;CELG;0.9;143.514134;0.0;143.514134
202411;85644;HEINZ CL 514;HEINZ BRASIL S.A.;900979;HEINZ BRASIL FABRICA;50955707000472;NERÓPOLIS;GO;ALIMENTÍCIOS;SUDESTE;01/07/2016;15;CELG;6.7;2432.315099;0.0;2432.315099
202411;44789;SEBO HIDROLANDIA CL 514;SEBO HIDROLANDIA INDUSTRIA E COMERCIO DE PRODUTOS ANIMAIS LTDA;904154;SEBO HIROLANDIA;08596902000144;HIDROLÂNDIA;GO;ALIMENTÍCIOS;SUDESTE;01/09/2016;15;CELG;1.0;279.751067;0.0;279.751067
202411;63301;ATACADAO 2;ATACADAO S.A.;908380;MAKRO LOJA 13;75315333030792;GOIÂNIA;GO;COMÉRCIO;SUDESTE;01/04/2017;15;CELG;0.27;168.966054;0.0;168.966054
202411;50914;FUGA COUROS HIDROLANDIA GO CL;FUGA S/A;904051;FUGA COUROS HIDRO;91302349001377;HIDROLÂNDIA;GO;MANUFATURADOS DIVERSOS;SUDESTE;01/09/2016;15;CELG;0.65;210.72558;0.0;210.72558
202411;45628;REBICA CL 514;REBICA INDUSTRIA E COMERCIO LTDA;908828;REBICA ANAPOLIS;00969944000252;ANÁPOLIS;GO;BEBIDAS;SUDESTE;01/05/2017;15;CELG;0.6;341.833407;0.0;341.833407
202411;100507;WMS SUPERCL 514 23;WMS SUPERMERCADOS DO BRASIL LTDA.;910560;WALMART NORTE;93209765049205;GOIÂNIA;GO;COMÉRCIO;SUDESTE;01/10/2017;15;CELG;0.685;267.854247;0.0;267.854247
202411;100260;HAVANCL 514 23;HAVAN S.A;904049;HAVAN 77 - RIO VERDE;79379491007943;RIO VERDE;GO;COMÉRCIO;SUDESTE;01/09/2016;15;CELG;0.5;118.762131;0.0;118.762131
202411;85107;LDC BRASIL ITUMBIARA CL SE;LOUIS DREYFUS COMPANY BRASIL S.A.;908057;LDC ITUMBIARA;47067525018406;ITUMBIARA;GO;ALIMENTÍCIOS;SUDESTE;01/03/2017;15;CELG;3.1;1855.06381;0.0;1855.06381
202411;66473;CARREFOUR EI3;CARREFOUR COMERCIO E INDUSTRIA LTDA;906410;CARREFOUR GOP;45543915034914;ANÁPOLIS;GO;COMÉRCIO;SUDESTE;01/12/2016;15;CELG;0.405;169.523037;0.0;169.523037
202411;32179;CONSERVAS ODERICH CL;CONSERVAS ODERICH SA;907158;ODERICH ORIZONA;97191902001085;ORIZONA;GO;ALIMENTÍCIOS;SUDESTE;01/01/2017;15;CELG;1.0;312.372806;0.0;312.372806
202411;31414;CALBRAS CL 514;MINERACAO DE CALCARIO MONTIVIDIU LTDA;922518;MINERACAO DE CALCARI;02174951000455;INDIARA;GO;MINERAIS NÃO-METÁLICOS;SUDESTE;01/02/2019;15;CELG;1.38;43.080504;0.0;43.080504
202411;29342;BIO BOA VISTA CL;BIOENERGETICA BOA VISTA S.A.;918131;USINA BOA VISTA - SE;24222394000190;QUIRINÓPOLIS;GO;MINERAIS NÃO-METÁLICOS;SUDESTE;01/04/2017;4078;TER;12.0;0.000242;0.0;0.000242
202411;84856;CENCOSUD BRASIL 016;CENCOSUD BRASIL COMERCIAL S.A.;923375;Loja 525;39346861034066;GOIÂNIA;GO;COMÉRCIO;SUDESTE;01/04/2019;15;CELG;0.159;72.79578;0.0;72.79578
202411;139812;LAC LELO TRINDADE CL;LATICINIOS SAO JOAO S/A;923763;LATIC OSCAR SALGADO;78269545002139;TRINDADE;GO;ALIMENTÍCIOS;SUDESTE;01/05/2019;15;CELG;0.525;197.251001;0.0;197.251001
202411;19475;AMBEV SA;AMBEV S.A.;914031;AMBEV S.A. - CEBRASA;07526557001009;ANÁPOLIS;GO;BEBIDAS;SUDESTE;01/06/2018;15;CELG;7.8;4910.666157;0.0;4910.666157
202411;65414;NUTRIZA;NUTRIZA AGROINDUSTRIAL DE ALIMENTOS S/A;907018;NUTRIZA GO;37020260000139;PIRES DO RIO;GO;ALIMENTÍCIOS;SUDESTE;01/01/2017;15;CELG;11.5;9941.77192;0.0;9941.77192
202411;97329;BRASILATA RVERDE SE EI;BRASILATA S A EMBALAGENS METALICAS;907069;BRASILATA RV;61160438000806;RIO VERDE;GO;METALURGIA E PRODUTOS DE METAL;SUDESTE;01/01/2017;15;CELG;0.47;87.158861;0.0;87.158861
202411;31231;SHOPPING CERRADO CL;CONDOMINIO SHOPPING CENTER CERRADO;908205;SHOPPING CERRADO;24357174000174;GOIÂNIA;GO;SERVIÇOS;SUDESTE;01/03/2017;15;CELG;1.2;330.295449;0.0;330.295449
202411;32419;FVO BRASILIA CL 514 2022;FVO BRASILIA INDUSTRIA E COMERCIO DE ALIMENTOS S.A.;924505;FVO RIALMA;08471163001306;RIALMA;GO;ALIMENTÍCIOS;SUDESTE;01/06/2019;66348;CHESP DIST;1.4;353.79699;0.0;353.79699
202411;46122;PROEZA CL 514;PETROPOLIS INDUSTRIAL PRODUTOS DE LIMPEZA LTDA;924544;PETROPOLIS IND PRODU;02312244000135;BRAZABRANTES;GO;QUÍMICOS;SUDESTE;01/06/2019;15;CELG;0.5;142.283867;0.0;142.283867
202411;45408;HOTEL MEGA MODA CL 514;MEGA MODA HOTEL LTDA;907177;HOTEL MEGA MODA;17329575000155;GOIÂNIA;GO;SERVIÇOS;SUDESTE;01/01/2017;15;CELG;0.5;108.833638;0.0;108.833638
202411;66541;MEGA MODA;SPE MEGA MODA SHOPPING LTDA;907175;SPE MEGA MODA UND1;14366423000134;GOIÂNIA;GO;SERVIÇOS;SUDESTE;01/01/2017;15;CELG;0.455;119.966725;0.0;119.966725
202411;31456;BRITACAL CL 514;BRITACAL IND E COM DE BRITA E CALCARIO BRASILIA LTDA;926838;BRITACAL CABECEIRAS;26970103000330;CABECEIRAS;GO;MINERAIS NÃO-METÁLICOS;SUDESTE;01/09/2019;15;CELG;1.0;154.572539;0.0;154.572539
202411;85941;CINEMARK SE;CINEMARK BRASIL S.A.;930883;CINEMARK - Goiania -;00779721008800;APARECIDA DE GOIÂNIA;GO;SERVIÇOS;SUDESTE;01/11/2019;15;CELG;0.14;34.889167;0.0;34.889167
202411;82602;STORE;SAS COMERCIO DE SECOS E MOLHADOS LTDA;932346;STORE RIO VERDE - UC;12279637000300;GOIÂNIA;GO;COMÉRCIO;SUDESTE;01/12/2019;15;CELG;0.215;73.829937;0.0;73.829937
202411;89866;CARAMURU ARMAZENS GO;CARAMURU ALIMENTOS  S/A;932769;CARAMURU ARMAZENS CA;00080671005330;CATALÃO;GO;SERVIÇOS;SUDESTE;01/12/2019;15;CELG;0.34;6.343505;0.0;6.343505
202411;89866;CARAMURU ARMAZENS GO;CARAMURU ALIMENTOS  S/A;932731;CARAMURU ARMAZENS MO;00080671004369;MONTIVIDIU;GO;SERVIÇOS;SUDESTE;01/12/2019;15;CELG;0.48;16.320555;0.0;16.320555
202411;46309;CASTRO HOTEIS CL 514;CASTRO HOTEIS E TURISMO LTDA;906364;CASTRO HOTÉIS;02839603000107;GOIÂNIA;GO;SERVIÇOS;SUDESTE;01/12/2016;15;CELG;0.5;218.603266;0.0;218.603266
202411;93724;FILLERCAL NESP;FILLERCAL MINERACAO E COMERCIO LTDA;904823;FILLERCAL;00420347000274;INDIARA;GO;MINERAIS NÃO-METÁLICOS;SUDESTE;01/10/2016;15;CELG;2.4;673.42908;0.0;673.42908
202411;46588;MOINHO JM CL 514;MOINHO DE TRIGO JM - LTDA;932979;MOINHO DE TRIGO JM;01636335000163;LUZIÂNIA;GO;ALIMENTÍCIOS;SUDESTE;01/12/2019;15;CELG;0.5;247.322598;0.0;247.322598
202411;82846;RIACHUELO LT 1 SE/CO;LOJAS RIACHUELO SA;934003;RCHLO LOJA 189;33200056014956;GOIÂNIA;GO;COMÉRCIO;SUDESTE;01/02/2020;15;CELG;0.205;46.015376;0.0;46.015376
202411;90988;MPL INDUSTRIA;MPL INDUSTRIA E COMERCIO DE ROUPAS LTDA;935887;MPL 200596500;08007677000163;APARECIDA DE GOIÂNIA;GO;TÊXTEIS;SUDESTE;01/04/2020;15;CELG;0.295;38.75842;0.0;38.75842
202411;31844;NORTEVIDROS CL 514;NORTEVIDROS COMERCIO DE VIDROS ALUMINIOS E FERRAGENS LTDA;937754;NORTEVIDROS;10867501000123;URUAÇU;GO;MINERAIS NÃO-METÁLICOS;SUDESTE;01/07/2020;15;CELG;1.25;239.326535;0.0;239.326535
202411;86578;TATICO SETOR CENTRO OESTE;CENTRO OESTE COMERCIAL DE ALIMENTOS LTDA;938822;TATICO GARAVELO;24447350000401;APARECIDA DE GOIÂNIA;GO;COMÉRCIO;SUDESTE;01/09/2020;15;CELG;0.35;139.322107;0.0;139.322107
202411;96052;TRANSZILLI;TRANSPORTES E ARMAZENAGEM ZILLI LTDA;939129;TRANSZILLI - BRAVO;81804684000186;APARECIDA DE GOIÂNIA;GO;TRANSPORTE;SUDESTE;01/09/2020;15;CELG;0.85;440.571714;0.0;440.571714
202411;86578;TATICO SETOR CENTRO OESTE;CENTRO OESTE COMERCIAL DE ALIMENTOS LTDA;939582;TATICO AGUAS LINDAS;24447350000754;;GO;COMÉRCIO;SUDESTE;01/10/2020;15;CELG;0.165;73.186576;0.0;73.186576
202411;86578;TATICO SETOR CENTRO OESTE;CENTRO OESTE COMERCIAL DE ALIMENTOS LTDA;939629;TATICO AMERICA;24447350000592;GOIÂNIA;GO;COMÉRCIO;SUDESTE;01/10/2020;15;CELG;0.27;127.864428;0.0;127.864428
202411;93905;COMIGO-MATRIZ ESPECIAL;COOPERATIVA AGROINDUSTRIAL DOS PRODUTORES RURAIS DO SUDOESTE GOIANO;939704;COM-SEDE RIO VERDE;02077618000185;RIO VERDE;GO;COMÉRCIO;SUDESTE;01/10/2020;15;CELG;0.46;85.939364;0.0;85.939364
202411;99292;COMIGO-MATRIZ LIVRE;COOPERATIVA AGROINDUSTRIAL DOS PRODUTORES RURAIS DO SUDOESTE GOIANO;939714;COM-PARAÍSO;02077618003605;JATAÍ;GO;SERVIÇOS;SUDESTE;01/10/2020;15;CELG;0.8;19.473488;0.0;19.473488
202411;4574;BRASIL TELE SE;OI S.A. - EM RECUPERACAO JUDICIAL;940695;UC 11067329 - St S G;76535764032851;GOIÂNIA;GO;TELECOMUNICAÇÕES;SUDESTE;01/12/2020;15;CELG;0.258;93.46111;0.0;93.46111
202411;5716;TELEFONICA SE;TELEFONICA BRASIL S.A.;940689;TELEFONICA (15516430;02558157002297;GOIÂNIA;GO;TELECOMUNICAÇÕES;SUDESTE;01/12/2020;15;CELG;0.07;34.559737;0.0;34.559737
202411;93109;COSTA MULTICANAL;COSTA MULTICANAL S/A;941091;COSTA MULTICANAL 3;27289076000135;GOIÂNIA;GO;COMÉRCIO;SUDESTE;01/01/2021;15;CELG;0.35;177.009979;0.0;177.009979
202411;93109;COSTA MULTICANAL;COSTA MULTICANAL S/A;941074;COSTA MULTICANAL 2;27289076000216;VALPARAÍSO DE GOIÁS;GO;COMÉRCIO;SUDESTE;01/01/2021;15;CELG;0.27;166.389486;0.0;166.389486
202411;47770;PORTO SECO CL 514;PORTO SECO CENTRO OESTE S/A;941390;PORTO SECO CENTRO OE;02680379000153;ANÁPOLIS;GO;SERVIÇOS;SUDESTE;01/01/2021;15;CELG;0.5;103.556;0.0;103.556
202411;116345;GO-GNA-LES;V.TAL - REDE NEUTRA DE TELECOMUNICACOES S.A.;942153;UC 11072027 -SET L G;02041460001084;GOIÂNIA;GO;TELECOMUNICAÇÕES;SUDESTE;01/02/2021;15;CELG;0.237;125.713534;0.0;125.713534
202411;98461;STORE SERRINHA;G S COMERCIO DE PRODUTOS ALIMENTICIOS LTDA;942573;STORE SERRINHA;27895447000122;GOIÂNIA;GO;COMÉRCIO;SUDESTE;01/03/2021;15;CELG;0.35;135.19521;0.0;135.19521
202411;99027;FUNDACAO BRADESCO SECO;FUNDACAO BRADESCO;943014;FB APARECIDA GOIANIA;60701521008697;APARECIDA DE GOIÂNIA;GO;SERVIÇOS;SUDESTE;01/03/2021;15;CELG;0.1;25.365814;0.0;25.365814
202411;48775;EMFOLMINERACAOFORMOSACL514;EMFOL EMPRESA DE MINERACAO FORMOSA LTDA;943234;EMFOL MINERAÇÃO;00803791000198;FORMOSA;GO;MINERAIS NÃO-METÁLICOS;SUDESTE;01/03/2021;15;CELG;0.59;37.382407;0.0;37.382407
202411;97960;ACCOR SE/CO;HOTELARIA ACCOR BRASIL S/A;943507;H9331 - IBIS STYLES;09967852020667;GOIÂNIA;GO;SERVIÇOS;SUDESTE;01/04/2021;15;CELG;0.2;141.138552;0.0;141.138552
202411;31245;TAUA HOTEL ALEXANIA CL 514;TAUA HOTEL E CONVENTION ALEXANIA LTDA;944562;Taua Hotel Alexania;25135981000105;ALEXÂNIA;GO;SERVIÇOS;SUDESTE;01/05/2021;15;CELG;1.0;668.66017;0.0;668.66017
202411;47811;NUTREMA CL 514;NUTREMA NUTRICAO ANIMAL LTDA;944632;NUTREMA;11024784000104;BRAZABRANTES;GO;ALIMENTÍCIOS;SUDESTE;01/05/2021;15;CELG;0.5;38.541516;0.0;38.541516
202411;48057;PLANALTO MALLS CL 514;PLANALTO MALLS LTDA;944749;PLANALTO MALLS LTDA;29880078000120;GOIÂNIA;GO;SERVIÇOS;SUDESTE;01/05/2021;15;CELG;0.9;171.753805;0.0;171.753805
202411;26112;ULTRAGAZ - SENADOR CANEDO;COMPANHIA ULTRAGAZ S A;944796;ULTRAGAZ - SENADOR C;61602199027746;SENADOR CANEDO;GO;COMÉRCIO;SUDESTE;01/06/2021;15;CELG;0.3;63.613778;0.0;63.613778
202411;101192;LDC BRASIL SAO SIMAO CL SE;LOUIS DREYFUS COMPANY BRASIL S.A.;944746;LDC BRASIL - ARM SÃO;47067525014672;SÃO SIMÃO;GO;TRANSPORTE;SUDESTE;01/06/2021;15;CELG;0.78;104.333895;0.0;104.333895
202411;66355;ANIMA UNA;BRASIL EDUCACAO S/A;945438;ANIMA BRASIL ITUMBIA;05648257003436;ITUMBIARA;GO;SERVIÇOS;SUDESTE;01/06/2021;15;CELG;0.1;5.987922;0.0;5.987922
202411;4574;BRASIL TELE SE;OI S.A. - EM RECUPERACAO JUDICIAL;946069;UC 12183003 - SETOR;76535764032851;GOIÂNIA;GO;TELECOMUNICAÇÕES;SUDESTE;01/07/2021;15;CELG;0.096;38.297071;0.0;38.297071
202411;25105;C CE SUPERMERCADOS CONQUISTA;CENTRO COMERCIAL CONQUISTA LTDA;946490;CONQUISTA SUPER  -;02003591000348;RIO VERDE;GO;COMÉRCIO;SUDESTE;01/08/2021;15;CELG;0.25;108.492362;0.0;108.492362
202411;30515;PRIMA FOODS SANTA FE CL;PRIMA FOODS S.A.;946924;PRIMA FOODS SANTA FE;16820052001540;SANTA FÉ DE GOIÁS;GO;SERVIÇOS;SUDESTE;01/09/2021;15;CELG;1.5;904.848106;0.0;904.848106
202411;98043;CBL SBC;CBL COMERCIO E RECICLAGEM DE BORRACHAS LTDA;947492;CBL ABADIA;58865114001075;ABADIA DE GOIÁS;GO;SANEAMENTO;SUDESTE;01/10/2021;15;CELG;0.295;19.942379;0.0;19.942379
202411;84391;MARISA SE I5;MARISA LOJAS S.A.;947509;MLJ617_GOIANIA SETOR;61189288026811;GOIÂNIA;GO;COMÉRCIO;SUDESTE;01/10/2021;15;CELG;0.153;25.366483;0.0;25.366483
202411;4574;BRASIL TELE SE;OI S.A. - EM RECUPERACAO JUDICIAL;948754;UC 290054023 - JATAÍ;76535764032851;JATAÍ;GO;TELECOMUNICAÇÕES;SUDESTE;01/12/2021;15;CELG;0.098;51.44059;0.0;51.44059
202411;63677;RENNER MATRIZ SUDESTE;LOJAS RENNER S.A.;948776;RNR306_Buriti - Rio;92754738029306;RIO VERDE;GO;COMÉRCIO;SUDESTE;01/12/2021;15;CELG;0.2;51.438302;0.0;51.438302
202411;82602;STORE;SAS COMERCIO DE SECOS E MOLHADOS LTDA;948721;STORE FAMA;12279637000490;GOIÂNIA;GO;COMÉRCIO;SUDESTE;01/12/2021;15;CELG;0.3;86.116334;0.0;86.116334
202411;88208;SUPERVI;SUPERVI DISTRIBUIDOR DE ALIMENTOS LTDA;949672;SUPERVI LOJA 15 -CID;07503617001574;GOIÂNIA;GO;COMÉRCIO;SUDESTE;01/01/2022;15;CELG;0.093;52.505183;0.0;52.505183
202411;28087;LIDERTEX;LIDERTEX INDUSTRIA E COMERCIO DE TINTAS E REVESTIMENTOS LTDA;949779;LIDERTEX;13711686000170;ANÁPOLIS;GO;QUÍMICOS;SUDESTE;01/01/2022;15;CELG;0.5;43.495133;0.0;43.495133
202411;146417;MADERO ESP SE;MADERO INDUSTRIA E COMERCIO S.A.;950780;MADERO IND. - FLAMBO;13783221004899;GOIÂNIA;GO;ALIMENTÍCIOS;SUDESTE;01/03/2022;15;CELG;0.05;22.375944;0.0;22.375944
202411;38082;BRF 499 7 MILHAS CE;BRF S.A.;952313;BRF - GRAOS 7 MILHAS;01838723033130;MINEIROS;GO;COMÉRCIO;SUDESTE;01/05/2022;15;CELG;0.25;16.33735;0.0;16.33735
202411;37754;ELDORADO EMPREENDIMENTOS;WAM PRIVE ADMINISTRACAO HOTELEIRA LTDA;952459;CLUBE PRIVE;02757474000531;CALDAS NOVAS;GO;ALIMENTÍCIOS;SUDESTE;01/05/2022;15;CELG;0.2;24.491263;0.0;24.491263
202411;37754;ELDORADO EMPREENDIMENTOS;WAM PRIVE ADMINISTRACAO HOTELEIRA LTDA;952493;HOTEL PRIVE;02757474000531;CALDAS NOVAS;GO;ALIMENTÍCIOS;SUDESTE;01/05/2022;15;CELG;0.3;113.745764;0.0;113.745764
202411;38814;BIO INSTINTO;BIO INSTINTO INDUSTRIA E COMERCIO DE COSMETICOS LTDA;953109;BIO INSTINTO IND E C;07882964000150;ANÁPOLIS;GO;QUÍMICOS;SUDESTE;01/06/2022;15;CELG;0.5;188.152955;0.0;188.152955
202411;37878;BRK GO;BRK AMBIENTAL - GOIAS S.A.;954642;BRK GO - EEE CHAPADI;18123402000300;RIO VERDE;GO;SANEAMENTO;SUDESTE;01/08/2022;15;CELG;0.112;11.313468;0.0;11.313468
202411;37878;BRK GO;BRK AMBIENTAL - GOIAS S.A.;954604;BRK GO - EEE BRUACAS;18123402000149;TRINDADE;GO;SANEAMENTO;SUDESTE;01/08/2022;15;CELG;0.065;47.457263;0.0;47.457263
202411;37878;BRK GO;BRK AMBIENTAL - GOIAS S.A.;954542;BRK GO - ETE ST ANTO;18123402000149;APARECIDA DE GOIÂNIA;GO;SANEAMENTO;SUDESTE;01/08/2022;15;CELG;0.1;22.684593;0.0;22.684593
202411;50798;UNIPHAR - JRD FARMACEUT CL 514;J.R.D. INDUSTRIA FARMACEUTICA LTDA;955304;UNIPHAR - JRD FARMAC;03869526000281;ANÁPOLIS;GO;QUÍMICOS;SUDESTE;01/09/2022;15;CELG;0.5;73.223352;0.0;73.223352
202411;41979;CAMBUI ENERGETICA CL;ENERGETICA CAMBUI LTDA;955976;UTE CAMBUI CL;39610160000198;SANTA HELENA DE GOIÁS;GO;SERVIÇOS;SUDESTE;01/10/2022;15;CELG;1.8;329.831803;0.0;329.831803
202411;53718;LATICINIOS SAN MARINO CL 514;LATICINIOS SAN MARINO LTDA;955993;Laticínios San Marin;02971865000120;RIO VERDE;GO;ALIMENTÍCIOS;SUDESTE;01/10/2022;15;CELG;0.5;230.678145;0.0;230.678145
202411;146417;MADERO ESP SE;MADERO INDUSTRIA E COMERCIO S.A.;955853;MADERO - T10 (100360;13783221000478;GOIÂNIA;GO;ALIMENTÍCIOS;SUDESTE;01/10/2022;15;CELG;0.27;41.822425;0.0;41.822425
202411;64298;BURGER KING;ZAMP S.A.;956393;BK - DRIVE AV 136;13574594084438;GOIÂNIA;GO;ALIMENTÍCIOS;SUDESTE;01/11/2022;15;CELG;0.06;25.622847;0.0;25.622847
202411;64298;BURGER KING;ZAMP S.A.;956392;BK - DRIVE AV 85;13574594084357;GOIÂNIA;GO;ALIMENTÍCIOS;SUDESTE;01/11/2022;15;CELG;0.082;40.789632;0.0;40.789632
202411;64298;BURGER KING;ZAMP S.A.;956440;BK - SHOPPING BOUGAI;13574594083628;GOIÂNIA;GO;ALIMENTÍCIOS;SUDESTE;01/11/2022;15;CELG;0.04;12.154803;0.0;12.154803
202411;55065;NOTAVEL INDUSTRIA CL;NOTAVEL INDUSTRIA E COMERCIO DE PAPEL LTDA;957533;NOTAVEL INDUSTRIA;11548000000147;POSSE;GO;MADEIRA, PAPEL E CELULOSE;SUDESTE;01/12/2022;15;CELG;0.795;589.642941;0.0;589.642941
202411;82602;STORE;SAS COMERCIO DE SECOS E MOLHADOS LTDA;957715;AMERICA;12279637000148;GOIÂNIA;GO;COMÉRCIO;SUDESTE;01/01/2023;15;CELG;0.17;76.597725;0.0;76.597725
202411;92484;MAGAZINE LUIZA - I5;MAGAZINE LUIZA S/A;958532;MGL1090_GOIÂNIA;47960950111977;GOIÂNIA;GO;COMÉRCIO;SUDESTE;01/02/2023;15;CELG;0.12;16.112563;0.0;16.112563
202411;62344;DASA;DIAGNOSTICOS DA AMERICA S.A .;958558;D370_AT SETOR MARIST;61486650032891;GOIÂNIA;GO;SERVIÇOS;SUDESTE;01/02/2023;15;CELG;0.03;6.664238;0.0;6.664238
202411;57333;CABECAL CL;CABECAL - CALCARIO DE CABECEIRAS MINERACAO LTDA;958928;Cabecal Calcário de;03279056000115;CABECEIRAS;GO;MINERAIS NÃO-METÁLICOS;SUDESTE;01/02/2023;15;CELG;0.59;38.095921;0.0;38.095921
202411;48657;SANEAGO LIVRE;SANEAMENTO DE GOIAS S/A;959425;SANEAGO - EEAT/Reser;01616929000102;GOIÂNIA;GO;SANEAMENTO;SUDESTE;01/03/2023;15;CELG;0.597;337.347563;0.0;337.347563
202411;48657;SANEAGO LIVRE;SANEAMENTO DE GOIAS S/A;959365;SANEAGO - EEAT João;01616929000102;GOIÂNIA;GO;SANEAMENTO;SUDESTE;01/03/2023;15;CELG;3.993;2701.159223;0.0;2701.159223
202411;48657;SANEAGO LIVRE;SANEAMENTO DE GOIAS S/A;959513;SANEAGO - ETA/EEAT M;01616929000102;GOIÂNIA;GO;SANEAMENTO;SUDESTE;01/03/2023;15;CELG;4.02;2424.827712;0.0;2424.827712
202411;52102;SUPERMERCADO BRJ;SUPERMERCADO BRJ LTDA;959757;MARISTA;17350225000251;GOIÂNIA;GO;COMÉRCIO;SUDESTE;01/03/2023;15;CELG;0.25;118.943847;0.0;118.943847
202411;49676;AGROVALE;COOPERATIVA MISTA DOS PRODUTORES RURAIS DO VALE DO PARANAIBA LTDA;961215;AGROVALE - 100275826;02233732000157;QUIRINÓPOLIS;GO;ALIMENTÍCIOS;SUDESTE;01/05/2023;15;CELG;0.06;35.531237;0.0;35.531237
202411;57316;PLASMON;PLASMON SERVICOS LTDA;961266;PLASMON;36090042000108;APARECIDA DE GOIÂNIA;GO;SANEAMENTO;SUDESTE;01/05/2023;15;CELG;0.5;98.767493;0.0;98.767493
202411;64000;TV ANHANGUERA;TELEVISAO ANHANGUERA S/A;960857;MEDANHA (UC 10073188;01534510000101;GOIÂNIA;GO;TELECOMUNICAÇÕES;SUDESTE;01/05/2023;15;CELG;0.115;59.191083;0.0;59.191083
202411;38740;SUPERMERCADO FLORESTA;F G COMERCIAL DE ALIMENTOS LTDA;961243;SUPER FLOREST 961243;14200272000220;ANÁPOLIS;GO;COMÉRCIO;SUDESTE;01/05/2023;15;CELG;0.108;30.954845;0.0;30.954845
202411;92484;MAGAZINE LUIZA - I5;MAGAZINE LUIZA S/A;961693;MGL1030_GOIÂNIA - UC;47960950106620;GOIÂNIA;GO;COMÉRCIO;SUDESTE;01/06/2023;15;CELG;0.071;6.404402;0.0;6.404402
202411;105942;PEROLA ESPECIAL;PEROLA DISTRIBUICAO E LOGISTICA S/A;962210;COMPRE FACIL;06204131000258;ANÁPOLIS;GO;COMÉRCIO;SUDESTE;01/07/2023;15;CELG;0.095;53.292429;0.0;53.292429
202411;99820;UNIP;ASSUPERO ENSINO SUPERIOR LTDA.;962390;UNIP - Goiânia - UC;06099229007386;GOIÂNIA;GO;SERVIÇOS;SUDESTE;01/07/2023;15;CELG;1.39;231.521382;0.0;231.521382
202411;4574;BRASIL TELE SE;OI S.A. - EM RECUPERACAO JUDICIAL;963621;ID UC 18928 - UC 100;76535764032851;PORTELÂNDIA;GO;TELECOMUNICAÇÕES;SUDESTE;01/08/2023;15;CELG;0.03;25.855824;0.0;25.855824
202411;101740;UTE - COOPER RUBI CL;RUBIATABA INDUSTRIAL S.A.;963639;COOPER RUBI (CARGA);03347747000109;RUBIATABA;GO;MINERAIS NÃO-METÁLICOS;SUDESTE;01/08/2023;15;CELG;1.2;259.267111;0.0;259.267111
202411;25518;B2W CE;AMERICANAS S.A - EM RECUPERACAO JUDICIAL;964486;AMER 697;00776574157721;GOIÂNIA;GO;COMÉRCIO;SUDESTE;01/09/2023;15;CELG;0.05;11.934909;0.0;11.934909
202411;101281;BARAO SUPERMERCADOS;BARAO ESPECIALIDADES & DISTRIBUIDORA DE ALIMENTOS SA;964958;Barao Supermercados;28790260000127;GOIÂNIA;GO;COMÉRCIO;SUDESTE;01/09/2023;15;CELG;0.1;45.533895;0.0;45.533895
202411;101281;BARAO SUPERMERCADOS;BARAO ESPECIALIDADES & DISTRIBUIDORA DE ALIMENTOS SA;964963;Barao Superme 964963;28790260000127;JARAGUÁ;GO;COMÉRCIO;SUDESTE;01/09/2023;15;CELG;0.071;58.024785;0.0;58.024785
202411;3846;BRASIL TELECOM;OI S.A. - EM RECUPERACAO JUDICIAL;965924;ID UC 20180 - UC 760;76535764032851;CALDAS NOVAS;GO;TELECOMUNICAÇÕES;SUDESTE;01/10/2023;15;CELG;0.059;32.584671;0.0;32.584671
202411;101281;BARAO SUPERMERCADOS;BARAO ESPECIALIDADES & DISTRIBUIDORA DE ALIMENTOS SA;965865;Barao Supermerc LJ2;28790260000127;GOIÂNIA;GO;COMÉRCIO;SUDESTE;01/10/2023;15;CELG;0.164;66.305456;0.0;66.305456
202411;101281;BARAO SUPERMERCADOS;BARAO ESPECIALIDADES & DISTRIBUIDORA DE ALIMENTOS SA;965937;Barao Supermerc LJ12;28790260000127;GOIÂNIA;GO;COMÉRCIO;SUDESTE;01/10/2023;15;CELG;0.185;102.200318;0.0;102.200318
202411;60443;VIAVAREJO;GRUPO CASAS BAHIA S.A.;966480;Filial 1932 SETOR CA;33041260065290;GOIÂNIA;GO;COMÉRCIO;SUDESTE;01/11/2023;15;CELG;0.07;5.565754;0.0;5.565754
202411;60443;VIAVAREJO;GRUPO CASAS BAHIA S.A.;966423;Filial 1321 - GOIÂNI;33041260108798;GOIÂNIA;GO;COMÉRCIO;SUDESTE;01/11/2023;15;CELG;0.03;9.159639;0.0;9.159639
202411;60789;FACCHINI;FACCHINI S/A;966552;FACCHINI GO - UC 209;03509978003359;ANÁPOLIS;GO;VEÍCULOS;SUDESTE;01/11/2023;15;CELG;0.03;10.745393;0.0;10.745393
202411;112081;SORGATTO;AGROPECUARIA SORGATTO LTDA;967648;Agropecuária Sorgatt;05934769000109;CRISTALINA;GO;MADEIRA, PAPEL E CELULOSE;SUDESTE;01/12/2023;15;CELG;3.0;0.0;0.0;0.0
202411;105308;VENEZA NUTRICAO ANIMAL;VENEZA NUTRICAO ANIMAL LTDA;967614;VENEZA NUTRIÇÃO ANIM;19948046000165;NOVA VENEZA;GO;ALIMENTÍCIOS;SUDESTE;01/12/2023;15;CELG;0.5;48.361419;0.0;48.361419
202411;100962;ITAU AMR I5 SE;ITAU UNIBANCO S.A.;971386;290_GOIANIA-AV. ANHA;60701190038764;GOIÂNIA;GO;SERVIÇOS;SUDESTE;01/02/2024;15;CELG;0.047;0.956885;0.0;0.956885
202411;23030;PREMIX;MANUFATURACAO DE PRODUTOS PARA ALIMENTACAO ANIMAL PREMIX LTDA;971639;PREMIX ANAPOLIS - UC;50411321002877;ANÁPOLIS;GO;ALIMENTÍCIOS;SUDESTE;01/02/2024;15;CELG;0.306;39.789759;0.0;39.789759
202411;100962;ITAU AMR I5 SE;ITAU UNIBANCO S.A.;974096;7417_APARECIDA DE GO;60701190305207;APARECIDA DE GOIÂNIA;GO;SERVIÇOS;SUDESTE;01/03/2024;15;CELG;0.046;8.29719;0.0;8.29719
202411;105683;CENCOSUD BRASIL 126 SE;CENCOSUD BRASIL COMERCIAL S.A.;975627;CENCOSUD LOJA 633;39346861025318;GOIÂNIA;GO;COMÉRCIO;SUDESTE;01/04/2024;15;CELG;0.248;92.442987;0.0;92.442987
202411;126379;CALCARIO PIRINEUS LTDA;CALCARIO PIRINEUS LTDA;976222;CALCARIO PIRINEUS -;04475491000269;PADRE BERNARDO;GO;MINERAIS NÃO-METÁLICOS;SUDESTE;01/04/2024;15;CELG;1.2;213.156326;0.0;213.156326
202411;104915;BEEF NOBRE;NACIONAL DISTRIBUIDORA DE CARNES BEEF LTDA;980973;NACIONAL DISTRIBUIDO;16995395000220;CIDADE OCIDENTAL;GO;ALIMENTÍCIOS;SUDESTE;01/06/2024;15;CELG;0.75;331.145952;0.0;331.145952
202411;100962;ITAU AMR I5 SE;ITAU UNIBANCO S.A.;984714;4355_PC GETULIO VARG;60701190199423;CATALÃO;GO;SERVIÇOS;SUDESTE;01/08/2024;15;CELG;0.035;8.501114;0.0;8.501114
202411;30493;SANEAGO;SANEAMENTO DE GOIAS S/A;986876;SANEAGO - UC 6300424;01616929000102;RIO VERDE;GO;SANEAMENTO;SUDESTE;01/09/2024;15;CELG;0.218;102.527341;0.0;102.527341
202411;142385;COACRIS;COOPERATIVA AGRICOLA SERRA DOS CRISTAIS;987246;COOPERATIVA AG987246;00159074000175;CRISTALINA;GO;ALIMENTÍCIOS;SUDESTE;01/09/2024;15;CELG;0.52;14.745126;0.0;14.745126
202411;78841;AVIAGEN;AVIAGEN AMERICA LATINA LTDA;989912;AVIAGEN LUZIANIA;61917233001705;LUZIÂNIA;GO;ALIMENTÍCIOS;SUDESTE;01/10/2024;15;CELG;0.15;118.809357;0.0;118.809357
202411;43512;CCR AEROPORTOS CENTRAL;CONCESSIONARIA DO BLOCO CENTRAL S.A.;990965;CCR BLOCO CENTRAL CN;42206269000179;GOIÂNIA;GO;SERVIÇOS;SUDESTE;01/10/2024;15;CELG;0.45;16.312017;0.0;16.312017
202411;147900;SICMOL S/A;SICMOL S/A;991653;Sicmol S/A;33579046000166;APARECIDA DE GOIÂNIA;GO;MANUFATURADOS DIVERSOS;SUDESTE;01/10/2024;15;CELG;0.74;90.822667;0.0;90.822667
202411;67574;MINERVA PGO;MINERVA S.A.;70898;MINERVA PALMEIRAS GO;67620377000467;PALMEIRAS DE GOIÁS;GO;ALIMENTÍCIOS;SUDESTE;01/01/2010;15;CELG;6.7;4057.587333;0.0;4057.587333
202411;15;CELG;EQUATORIAL GOIAS DISTRIBUIDORA DE ENERGIA S/A;897193;CELG TER - SE EDEIA;01543032000104;GOIÂNIA;GO;;SUDESTE;01/11/2015;;;25.0;25.755379;0.0;25.755379
202411;32060;MARAJOARA CL 514;MARAJOARA INDUSTRIA DE LATICINIOS LTDA;890442;MARAJOARA LATICINIOS;24849580000154;HIDROLÂNDIA;GO;ALIMENTÍCIOS;SUDESTE;01/08/2013;15;CELG;1.17;520.725739;0.0;520.725739
202411;111712;CARGILL GOIAN CL514;CARGILL AGRICOLA S A;7298;CARGILL - GOIANIA;60498706037077;GOIÂNIA;GO;ALIMENTÍCIOS;SUDESTE;01/03/2004;15;CELG;8.52;2338.627467;0.0;2338.627467
202411;10992;BPBUNGE ITB CL;ITUMBIARA BIOENERGIA S.A.;889136;ITUMBIARA CNAA;08517600000133;ITUMBIARA;GO;ALIMENTÍCIOS;SUDESTE;01/01/2013;15;CELG;3.0;24.239849;0.0;24.239849
202411;3459;URC CL;ATVOS BIOENERGIA RIO CLARO S.A;71210;OER CACU - CARGA;08598391000108;CAÇU;GO;SERVIÇOS;SUDESTE;01/08/2010;3118;CTE T;5.0;607.803175;0.0;607.803175
202411;126968;CMOC NIOBIO;CMOC BRASIL MINERACAO, INDUSTRIA E PARTICIPACOES LTDA.;7149;CMOC BRASIL - NIOBIO;26108898000452;OUVIDOR;GO;METALURGIA E PRODUTOS DE METAL;SUDESTE;01/01/2006;15;CELG;16.45;8713.073683;0.0;8713.073683
202411;132558;CMOC TAILINGS;CMOC BRASIL MINERACAO, INDUSTRIA E PARTICIPACOES LTDA.;71137;TAILINGS;26108898000533;OUVIDOR;GO;EXTRAÇÃO DE MINERAIS METÁLICOS;SUDESTE;01/07/2010;15;CELG;2.035;1093.972752;0.0;1093.972752
202411;83112;ETERNIT GO;ETERNIT S.A;903103;ETERNIT GOIANIA;61092037000505;GOIÂNIA;GO;MINERAIS NÃO-METÁLICOS;SUDESTE;01/08/2016;15;CELG;2.9;1419.563713;0.0;1419.563713
202411;85644;HEINZ CL 514;HEINZ BRASIL S.A.;900977;HEINZ ETE GO;50955707000472;NERÓPOLIS;GO;ALIMENTÍCIOS;SUDESTE;01/07/2016;15;CELG;0.75;272.706244;0.0;272.706244
202411;32069;LABORATORIO TEUTO CL 514;LABORATORIO TEUTO BRASILEIRO S/A;905807;LAB TEUTO BRASILEIRO;17159229000176;ANÁPOLIS;GO;MANUFATURADOS DIVERSOS;SUDESTE;01/11/2016;15;CELG;1.27;647.3201;0.0;647.3201
202411;45676;ALLBOX CL 514;EMBALAGENS ALLBOX LTDA;909695;ALLBOX EMBALAGENS;07570962000125;ANÁPOLIS;GO;MADEIRA, PAPEL E CELULOSE;SUDESTE;01/07/2017;15;CELG;0.86;514.155737;0.0;514.155737
202411;31384;FRESENIUS ANAPOLIS CL 514;FRESENIUS KABI BRASIL LTDA.;908853;NOVA FARMA IND;49324221002077;ANÁPOLIS;GO;MANUFATURADOS DIVERSOS;SUDESTE;01/05/2017;15;CELG;1.4;658.973495;0.0;658.973495
202411;45352;METAL IGUACU GO CL 514;METALGRAFICA IGUACU S A;909090;METAL IGUACU;80227184001480;GOIÂNIA;GO;METALURGIA E PRODUTOS DE METAL;SUDESTE;01/06/2017;15;CELG;0.5;65.467458;0.0;65.467458
202411;85294;BRF 391 BURITI ALEGRE CL;BRF S.A.;907019;BRF BURITI ALEGRE;01838723035001;BURITI ALEGRE;GO;ALIMENTÍCIOS;SUDESTE;01/01/2017;15;CELG;2.7;1196.215664;0.0;1196.215664
202411;98922;CARREFOUR SE2 CL;CARREFOUR COMERCIO E INDUSTRIA LTDA;906438;CARREFOUR GOS;45543915002478;GOIÂNIA;GO;COMÉRCIO;SUDESTE;01/12/2016;15;CELG;1.25;482.917168;0.0;482.917168
202411;87967;JD CATALAO CL 514;JOHN DEERE BRASIL LTDA;906985;JOHN DEERE CATALAO;89674782001049;CATALÃO;GO;MANUFATURADOS DIVERSOS;SUDESTE;01/01/2017;15;CELG;2.5;1072.940199;0.0;1072.940199
202411;46075;GRAFIGEL CL 514;GRAFIGEL EMBALAGENS LTDA EM RECUPERACAO JUDICIAL;921872;Grafigel;02702496000170;GOIÂNIA;GO;MANUFATURADOS DIVERSOS;SUDESTE;01/01/2019;15;CELG;0.85;181.1484;0.0;181.1484
202411;45962;ADIMAX GO CL 514;ADIMAX - INDUSTRIA E COMERCIO DE ALIMENTOS LTDA.;919137;Adimax GO;03887324001234;GOIANÁPOLIS;GO;ALIMENTÍCIOS;SUDESTE;01/11/2018;15;CELG;1.18;449.10525;0.0;449.10525
202411;4496;COG-CPLEMGO;COOPERATIVA MISTA DOS PRODUTORES DE LEITE DE MORRINHOS;923192;COMPLEM-FABRAÇÕES;02667442001517;MORRINHOS;GO;COMÉRCIO;SUDESTE;01/04/2019;15;CELG;0.4;57.654622;0.0;57.654622
202411;45095;BRASIL PARK SHOPPING CL 514;CONDOMINIO DE ADMINISTRACAO DO BRASIL PARK SHOPPING;905340;BRASIL PARK SHOPPING;09099926000150;ANÁPOLIS;GO;SERVIÇOS;SUDESTE;01/11/2016;15;CELG;0.685;192.059296;0.0;192.059296
202411;1442;CBD;COMPANHIA BRASILEIRA DE DISTRIBUICAO;913396;CBD2379 - PCA TAMAND;47508411117932;GOIÂNIA;GO;COMÉRCIO;SUDESTE;01/04/2018;15;CELG;0.32;132.833901;0.0;132.833901
202411;46355;BONANZA CL 514;BONANZA AGROINDUSTRIAL LTDA;918740;BONANZA AGROINDUSTRI;08746379000195;GOIANIRA;GO;ALIMENTÍCIOS;SUDESTE;01/10/2018;15;CELG;0.5;185.909245;0.0;185.909245
202411;50978;ATACADAO CL2;ATACADAO S.A.;907764;ATACADAO LOJA 77;75315333007707;VALPARAÍSO DE GOIÁS;GO;COMÉRCIO;SUDESTE;01/02/2017;15;CELG;0.65;231.254592;0.0;231.254592
202411;45108;BURITI SHOPPING AP GO CL 514;CONDOMINIO DO BURITI SHOPPING;907768;SHOP BURITI AP GOIAN;01003352000163;APARECIDA DE GOIÂNIA;GO;SERVIÇOS;SUDESTE;01/02/2017;15;CELG;0.77;260.383297;0.0;260.383297
202411;83190;CLARO CL 13360;CLARO S.A.;905709;CLARO GOIANIA R. 2;40432544059621;GOIÂNIA;GO;TELECOMUNICAÇÕES;SUDESTE;01/11/2016;15;CELG;0.55;310.237995;0.0;310.237995
202411;46466;PEDREIRA GOIAS CL 514;PEDREIRA GOIAS LTDA;926063;PEDREIRA GOIAS LTDA;00822452000159;ABADIÂNIA;GO;MINERAIS NÃO-METÁLICOS;SUDESTE;01/09/2019;15;CELG;0.67;85.959631;0.0;85.959631
202411;46544;MOINHO VITORIA CL 514;MOINHO VITORIA LTDA;927563;MOINHO VITÓRIA 20027;05388126000360;APARECIDA DE GOIÂNIA;GO;ALIMENTÍCIOS;SUDESTE;01/09/2019;15;CELG;0.5;440.988317;0.0;440.988317
202411;48799;BRASILMINERIOSFILIALESPCL514;BRASIL MINERIOS S/A;932348;BRASIL MINERIOS FILI;02683365000606;SÃO LUÍS DE MONTES BELOS;GO;MINERAIS NÃO-METÁLICOS;SUDESTE;01/12/2019;15;CELG;0.5;350.974603;0.0;350.974603
202411;103023;CAMIL MATRIZ AP GOIANIA EI;CAMIL ALIMENTOS S.A.;932747;CAMIL GOIÂNIA UC 100;64904295004524;APARECIDA DE GOIÂNIA;GO;COMÉRCIO;SUDESTE;01/12/2019;15;CELG;0.75;77.094038;0.0;77.094038
202411;32003;MOINHO CENTRO NORTE CL 514;MOINHO CENTRO NORTE LTDA EM RECUPERACAO JUDICIAL;932723;MOINHO VIT 16078172;34259764000118;GOIÂNIA;GO;ALIMENTÍCIOS;SUDESTE;01/12/2019;15;CELG;0.5;195.613042;0.0;195.613042
202411;44927;SHOP ESTACAO GOIANIA NESP;SHOPPING ESTACAO GOIANIA EMPREENDIMENTOS E EVENTOS S/A;905022;SHOP ESTACAO GOIANIA;06017828000139;GOIÂNIA;GO;SERVIÇOS;SUDESTE;01/10/2016;15;CELG;0.77;314.443886;0.0;314.443886
202411;88208;SUPERVI;SUPERVI DISTRIBUIDOR DE ALIMENTOS LTDA;933949;LOJA 13 - JARAGUA;07503617001302;JARAGUÁ;GO;COMÉRCIO;SUDESTE;01/02/2020;15;CELG;0.04;18.228953;0.0;18.228953
202411;88208;SUPERVI;SUPERVI DISTRIBUIDOR DE ALIMENTOS LTDA;933951;LOJA 11 - JARDIM ALE;07503617001140;ANÁPOLIS;GO;COMÉRCIO;SUDESTE;01/02/2020;15;CELG;0.105;46.088516;0.0;46.088516
202411;99043;ALBIOMA CL 514;ALBIOMA ESPLANADA ENERGIA S.A;935737;ESPLANADA CONSUMO -;29915125000123;GOIANÉSIA;GO;SERVIÇOS;SUDESTE;01/04/2020;15;CELG;1.6;52.824746;0.0;52.824746
202411;47392;MISSIATO JAMEL CL 514;INDUSTRIA MISSIATO DE BEBIDAS LTDA;935891;MISSIATO JAMEL;02295098000420;ANÁPOLIS;GO;BEBIDAS;SUDESTE;01/04/2020;15;CELG;0.66;166.268012;0.0;166.268012
202411;48803;C CL NOROESTE PLASTICOS;NOROESTE COMERCIO E INDUSTRIA DE PLASTICOS LTDA;935835;NOROESTE COM E IND D;09187595000100;GOIANIRA;GO;MANUFATURADOS DIVERSOS;SUDESTE;01/04/2020;15;CELG;0.8;263.12982;0.0;263.12982
202411;5716;TELEFONICA SE;TELEFONICA BRASIL S.A.;936789;TELEFONICA (14181289;02558157061544;GOIÂNIA;GO;TELECOMUNICAÇÕES;SUDESTE;01/06/2020;15;CELG;0.21;140.430436;0.0;140.430436
202411;1477;ASSAI ATACADISTA;SENDAS DISTRIBUIDORA S/A;937524;SENDAS SE/CO - 56 (G;06057223023031;GOIÂNIA;GO;COMÉRCIO;SUDESTE;01/07/2020;15;CELG;0.67;319.666005;0.0;319.666005
202411;86666;COMERCIAL REIS;COMERCIAL REIS LTDA;937740;Loja 07;03044201000936;PIRES DO RIO;GO;COMÉRCIO;SUDESTE;01/07/2020;15;CELG;0.11;55.553816;0.0;55.553816
202411;86666;COMERCIAL REIS;COMERCIAL REIS LTDA;937753;Loja Reis 12;03044201001231;ITUMBIARA;GO;COMÉRCIO;SUDESTE;01/07/2020;15;CELG;0.165;75.060393;0.0;75.060393
202411;86666;COMERCIAL REIS;COMERCIAL REIS LTDA;937745;Loja 06;03044201000693;MORRINHOS;GO;COMÉRCIO;SUDESTE;01/07/2020;15;CELG;0.14;71.836351;0.0;71.836351
202411;86578;TATICO SETOR CENTRO OESTE;CENTRO OESTE COMERCIAL DE ALIMENTOS LTDA;939688;TATICO CENTRAL;24447350000673;GOIÂNIA;GO;COMÉRCIO;SUDESTE;01/10/2020;15;CELG;0.32;160.196215;0.0;160.196215
202411;99292;COMIGO-MATRIZ LIVRE;COOPERATIVA AGROINDUSTRIAL DOS PRODUTORES RURAIS DO SUDOESTE GOIANO;939706;COM-CINQUENTÃO;02077618003362;SANTA HELENA DE GOIÁS;GO;SERVIÇOS;SUDESTE;01/10/2020;15;CELG;1.2;16.679307;0.0;16.679307
202411;99292;COMIGO-MATRIZ LIVRE;COOPERATIVA AGROINDUSTRIAL DOS PRODUTORES RURAIS DO SUDOESTE GOIANO;939728;COM-ESTRELA DALVA;02077618003109;JATAÍ;GO;SERVIÇOS;SUDESTE;01/10/2020;15;CELG;0.9;11.846234;0.0;11.846234
202411;99292;COMIGO-MATRIZ LIVRE;COOPERATIVA AGROINDUSTRIAL DOS PRODUTORES RURAIS DO SUDOESTE GOIANO;939705;COM-ACREÚNA;02077618001319;ACREÚNA;GO;SERVIÇOS;SUDESTE;01/10/2020;15;CELG;0.6;23.652174;0.0;23.652174
202411;117234;SHOP MEGA POLO MODA;CONDOMINIO SHOPPING MEGA POLO MODA GOIANIA;941902;MEGA POLO - GOIANIA;34275221000194;GOIÂNIA;GO;SERVIÇOS;SUDESTE;01/01/2021;15;CELG;0.5;30.046602;0.0;30.046602
202411;46863;BINATURAL CL 514;BINATURAL ENERGIAS RENOVAVEIS S.A;942376;BINATURAL INDUSTRIA;07113559000177;FORMOSA;GO;MINERAIS NÃO-METÁLICOS;SUDESTE;01/02/2021;15;CELG;0.6;434.037074;0.0;434.037074
202411;50881;ESCOLAS ALTA PERFORMANCE;SEB ESCOLAS DE ALTA PERFORMANCE S.A.;943517;SEB COLEGIO VISAO -;33268567001336;GOIÂNIA;GO;SERVIÇOS;SUDESTE;01/04/2021;15;CELG;0.17;8.560467;0.0;8.560467
202411;89866;CARAMURU ARMAZENS GO;CARAMURU ALIMENTOS  S/A;943919;CARAMURU ARMAZENS CH;00080671004288;CHAPADÃO DO CÉU;GO;SERVIÇOS;SUDESTE;01/04/2021;15;CELG;0.53;10.021198;0.0;10.021198
202411;83042;CARGILL PGA SE;CARGILL AGRICOLA S A;944106;CARGILL AGRICOLA S.A;60498706013135;CATALÃO;GO;ALIMENTÍCIOS;SUDESTE;01/05/2021;15;CELG;0.215;4.365526;0.0;4.365526
202411;32135;PIRECAL PIRENOPOLIS CL 514;PIRECAL PIRENOPOLIS CALCARIO LTDA;944395;PIRECAL VILA PROPICI;02787125000139;VILA PROPÍCIO;GO;MINERAIS NÃO-METÁLICOS;SUDESTE;01/05/2021;15;CELG;1.14;274.901112;0.0;274.901112
202411;24882;ATACADAO DIA A DIA 002;ATACADAO DIA A DIA S.A;945480;DIA A DIA - BALNEÁRI;17457404000616;GOIÂNIA;GO;COMÉRCIO;SUDESTE;01/07/2021;15;CELG;0.24;161.264157;0.0;161.264157
202411;4574;BRASIL TELE SE;OI S.A. - EM RECUPERACAO JUDICIAL;948915;UC 610024607 - FORMO;76535764032851;FORMOSA;GO;TELECOMUNICAÇÕES;SUDESTE;01/12/2021;15;CELG;0.095;39.819463;0.0;39.819463
202411;26879;ICO METAIS;EDSON LUCCA LTDA;948901;ICO METAIS UC 100127;14094415000186;TRINDADE;GO;MANUFATURADOS DIVERSOS;SUDESTE;01/12/2021;15;CELG;0.16;37.132408;0.0;37.132408
202411;35112;NOVA GALIA CL;NOVA GALIA BIOENERGIA LTDA;948734;NOVA GÁLIA UC 100227;11416268000125;PARAÚNA;GO;SERVIÇOS;SUDESTE;01/12/2021;15;CELG;2.0;260.179658;0.0;260.179658
202411;30492;UNIMED RIO VERDE;UNIMED RIO VERDE COOPERATIVA DE TRABALHO MEDICO;949189;UNIMED RIO VERDE;37275625000419;RIO VERDE;GO;SERVIÇOS;SUDESTE;01/12/2021;15;CELG;0.5;214.515648;0.0;214.515648
202411;27323;AREIA GOIAS;AREIA GOIAS MINERACAO LTDA;949848;AREIA GOIAS;11338568000133;SENADOR CANEDO;GO;MINERAIS NÃO-METÁLICOS;SUDESTE;01/01/2022;15;CELG;0.5;45.084378;0.0;45.084378
202411;64343;C CE COCARI;COCARI - COOPERATIVA AGROPECUARIA E INDUSTRIAL;950156;COCARI - SILVANIA -;78956968005576;SILVÂNIA;GO;COMÉRCIO;SUDESTE;01/02/2022;15;CELG;0.295;20.154103;0.0;20.154103
202411;84391;MARISA SE I5;MARISA LOJAS S.A.;950198;MLJ671_RIO VERDE;61189288031300;RIO VERDE;GO;COMÉRCIO;SUDESTE;01/02/2022;15;CELG;0.146;25.270494;0.0;25.270494
202411;48657;SANEAGO LIVRE;SANEAMENTO DE GOIAS S/A;950959;Booster Abóbora - Ri;01616929000102;RIO VERDE;GO;SANEAMENTO;SUDESTE;01/03/2022;15;CELG;0.637;410.868236;0.0;410.868236
202411;99292;COMIGO-MATRIZ LIVRE;COOPERATIVA AGROINDUSTRIAL DOS PRODUTORES RURAIS DO SUDOESTE GOIANO;951424;COMIGO SANTA HELENA;02077618000509;SANTA HELENA DE GOIÁS;GO;SERVIÇOS;SUDESTE;01/04/2022;15;CELG;1.55;44.941777;0.0;44.941777
202411;37532;ALPES GO;ALPES INDUSTRIA E COMERCIO DE PLASTICOS LTDA;952101;ALPES GO;02877500000212;APARECIDA DE GOIÂNIA;GO;MANUFATURADOS DIVERSOS;SUDESTE;01/05/2022;15;CELG;0.285;154.346172;0.0;154.346172
202411;39241;ENTRE RIOS CL;ENERGETICA ENTRE RIOS LTDA;952278;ENTRE RIOS CARGA CL;38239725000100;TURVELÂNDIA;GO;SERVIÇOS;SUDESTE;01/05/2022;15;CELG;2.5;197.281471;0.0;197.281471
202411;40328;LDC BRASIL CAIAPONIA;LOUIS DREYFUS COMPANY BRASIL S.A.;954352;LDC BR - CAJAPONIA -;47067525020133;CAIAPÔNIA;GO;ALIMENTÍCIOS;SUDESTE;01/08/2022;15;CELG;0.13;9.538297;0.0;9.538297
202411;37878;BRK GO;BRK AMBIENTAL - GOIAS S.A.;954546;BRK GO - EEE BARRO P;18123402000149;TRINDADE;GO;SANEAMENTO;SUDESTE;01/08/2022;15;CELG;0.15;51.92535;0.0;51.92535
202411;39276;SAO SALVADOR AL;SAO SALVADOR ALIMENTOS S/A;954679;SÃO SALVADOR ALIMENT;03387396001301;;GO;ALIMENTÍCIOS;SUDESTE;01/11/2022;15;CELG;0.66;133.944557;0.0;133.944557
202411;38106;PEVE FOODS;PEVE FOODS LTDA;954929;PEVE FOODS F2;20500092000348;MINEIROS;GO;COMÉRCIO;SUDESTE;01/09/2022;15;CELG;0.07;35.73493;0.0;35.73493
202411;60443;VIAVAREJO;GRUPO CASAS BAHIA S.A.;955710;Filial 1733 - PASSEI;33041260144409;GOIÂNIA;GO;COMÉRCIO;SUDESTE;01/10/2022;15;CELG;0.115;8.612482;0.0;8.612482
202411;71101;BURGER KING SE I1;ZAMP S.A.;956412;BK -  DRIVE AV T-63;13574594098226;GOIÂNIA;GO;ALIMENTÍCIOS;SUDESTE;01/11/2022;15;CELG;0.09;25.63392;0.0;25.63392
202411;71101;BURGER KING SE I1;ZAMP S.A.;956395;BK - AV SÃO FRANCISC;13574594084276;ANÁPOLIS;GO;ALIMENTÍCIOS;SUDESTE;01/11/2022;15;CELG;0.035;10.096928;0.0;10.096928
202411;71101;BURGER KING SE I1;ZAMP S.A.;956476;BK - BURITI SHOPPING;13574594083890;APARECIDA DE GOIÂNIA;GO;ALIMENTÍCIOS;SUDESTE;01/11/2022;15;CELG;0.055;16.630078;0.0;16.630078
202411;60443;VIAVAREJO;GRUPO CASAS BAHIA S.A.;958481;Filial 1322 - GOIÂNI;33041260065290;GOIÂNIA;GO;COMÉRCIO;SUDESTE;01/02/2023;15;CELG;0.045;5.836713;0.0;5.836713
202411;41162;JAEPEL ESPECIAL;JAEPEL PAPEIS E EMBALAGENS S.A;958572;JAEPEL CAPTAÇÃO;06142539000161;SENADOR CANEDO;GO;MADEIRA, PAPEL E CELULOSE;SUDESTE;01/02/2023;15;CELG;0.075;38.867036;0.0;38.867036
202411;38814;BIO INSTINTO;BIO INSTINTO INDUSTRIA E COMERCIO DE COSMETICOS LTDA;959586;BIO INSTINTO FILIAL;07882964000311;ANÁPOLIS;GO;SERVIÇOS;SUDESTE;01/04/2023;15;CELG;0.24;126.00258;0.0;126.00258
202411;101931;TOP TELAS CL;TOP TELAS LTDA;959800;TOP TELAS;34014479000137;SENADOR CANEDO;GO;METALURGIA E PRODUTOS DE METAL;SUDESTE;01/03/2023;15;CELG;0.5;118.341782;0.0;118.341782
202411;39176;CENCOSUD BRASIL 104 SE;CENCOSUD BRASIL COMERCIAL S.A.;959968;CENCOSUD LOJA 635;39346861025580;ITUMBIARA;GO;COMÉRCIO;SUDESTE;01/04/2023;15;CELG;0.303;70.502331;0.0;70.502331
202411;42450;CERAMICA ESTRELA;CERAMICA ESTRELA INDUSTRIAL LTDA;961355;CERAMICA PIMENTA;10220913000177;MUTUNÓPOLIS;GO;MINERAIS NÃO-METÁLICOS;SUDESTE;01/05/2023;15;CELG;0.2;0.0;0.0;0.0
202411;38740;SUPERMERCADO FLORESTA;F G COMERCIAL DE ALIMENTOS LTDA;961271;SUPERMERCADO FLOREST;14200272000140;ANÁPOLIS;GO;COMÉRCIO;SUDESTE;01/05/2023;15;CELG;0.15;51.590229;0.0;51.590229
202411;1477;ASSAI ATACADISTA;SENDAS DISTRIBUIDORA S/A;961910;ASSAI - SE/CO - 214;06057223044110;CALDAS NOVAS;GO;COMÉRCIO;SUDESTE;01/06/2023;15;CELG;0.6;251.131989;0.0;251.131989
202411;104951;FETZ;FETZ MINERADORA LTDA.;962120;FETZ - UC 1003127605;30323122000180;RIO VERDE;GO;MINERAIS NÃO-METÁLICOS;SUDESTE;01/06/2023;15;CELG;1.1;107.668521;0.0;107.668521
202411;43512;CCR AEROPORTOS CENTRAL;CONCESSIONARIA DO BLOCO CENTRAL S.A.;962500;Goiânia II;42206269000179;GOIÂNIA;GO;SERVIÇOS;SUDESTE;01/07/2023;15;CELG;0.17;55.035545;0.0;55.035545
202411;101529;SMART FIT - SUDESTE;SMARTFIT ESCOLA DE GINASTICA E DANCA S.A;962378;GOCSBU1 - UC 1001569;07594978000178;GOIÂNIA;GO;SERVIÇOS;SUDESTE;01/07/2023;15;CELG;0.078;20.774897;0.0;20.774897
202411;106859;JOSIDITH APE;AJL - AGRONEGOCIO JOSIDITH LTDA;963456;JOSIDITH CONSUMO;19321410000162;LEOPOLDO DE BULHÕES;GO;ALIMENTÍCIOS;SUDESTE;01/08/2023;15;CELG;0.75;158.036476;0.0;158.036476
202411;25518;B2W CE;AMERICANAS S.A - EM RECUPERACAO JUDICIAL;964208;AMER 312;00776574119129;ANÁPOLIS;GO;COMÉRCIO;SUDESTE;01/09/2023;15;CELG;0.109;15.620201;0.0;15.620201
202411;79624;BRAINFARMA;BRAINFARMA INDUSTRIA QUIMICA E FARMACEUTICA S.A.;964358;BRAINFARMA - ANS;05161069000544;ANÁPOLIS;GO;MANUFATURADOS DIVERSOS;SUDESTE;01/09/2023;15;CELG;11.0;7373.850053;0.0;7373.850053
202411;25518;B2W CE;AMERICANAS S.A - EM RECUPERACAO JUDICIAL;964468;AMER 1254;00776574168847;GOIÂNIA;GO;COMÉRCIO;SUDESTE;01/09/2023;15;CELG;0.065;16.787883;0.0;16.787883
202411;62321;CLARO;CLARO S.A.;964836;CLARO - CELG-D - Pru;40432544000147;ITUMBIARA;GO;TELECOMUNICAÇÕES;SUDESTE;01/09/2023;15;CELG;0.13;80.510996;0.0;80.510996
202411;25518;B2W CE;AMERICANAS S.A - EM RECUPERACAO JUDICIAL;964849;AMER 428;00776574167441;ITUMBIARA;GO;COMÉRCIO;SUDESTE;01/09/2023;15;CELG;0.125;20.67378;0.0;20.67378
202411;107239;AMARILLO;AMARILLO MINERACAO DO BRASIL LTDA;964978;Hochschild Amarillo;42799486000209;MARA ROSA;GO;EXTRAÇÃO DE MINERAIS METÁLICOS;SUDESTE;01/09/2023;15;CELG;18.0;8990.899016;0.0;8990.899016
202411;101281;BARAO SUPERMERCADOS;BARAO ESPECIALIDADES & DISTRIBUIDORA DE ALIMENTOS SA;964944;Barao Superme 964944;28790260000127;GOIÂNIA;GO;COMÉRCIO;SUDESTE;01/09/2023;15;CELG;0.085;37.887229;0.0;37.887229
202411;101281;BARAO SUPERMERCADOS;BARAO ESPECIALIDADES & DISTRIBUIDORA DE ALIMENTOS SA;965862;Barao Supermerc LJ14;28790260000127;GOIÂNIA;GO;COMÉRCIO;SUDESTE;01/10/2023;15;CELG;0.236;113.105953;0.0;113.105953
202411;101281;BARAO SUPERMERCADOS;BARAO ESPECIALIDADES & DISTRIBUIDORA DE ALIMENTOS SA;966019;Barao Supermerc LJ4;28790260000127;APARECIDA DE GOIÂNIA;GO;COMÉRCIO;SUDESTE;01/10/2023;15;CELG;0.116;47.368971;0.0;47.368971
202411;101281;BARAO SUPERMERCADOS;BARAO ESPECIALIDADES & DISTRIBUIDORA DE ALIMENTOS SA;965925;Barao Supermerc LJ26;28790260000127;SENADOR CANEDO;GO;COMÉRCIO;SUDESTE;01/10/2023;15;CELG;0.071;37.993822;0.0;37.993822
202411;3729;PERNAMBUCANAS;ARTHUR LUNDGREN TECIDOS S A CASAS PERNAMBUCANAS;966731;Pernambucanas - Gara;61099834040222;APARECIDA DE GOIÂNIA;GO;COMÉRCIO;SUDESTE;01/11/2023;15;CELG;0.065;12.902833;0.0;12.902833
202411;109449;FEBELA AGROINDUSTRIAL;FEBELA AGROINDUSTRIAL LTDA;970191;Febela Agroindustria;05874260000100;BELA VISTA DE GOIÁS;GO;ALIMENTÍCIOS;SUDESTE;01/01/2024;15;CELG;0.69;217.73615;0.0;217.73615
202411;52102;SUPERMERCADO BRJ;SUPERMERCADO BRJ LTDA;971345;SUPERMECADO BRJ - BE;17350225000170;GOIÂNIA;GO;COMÉRCIO;SUDESTE;01/02/2024;15;CELG;0.2;100.903314;0.0;100.903314
202411;109573;SAO MARCOS IJF;HOSPITAL E MATERNIDADE SAO MARCOS LTDA;972472;IJF PARTICIPACOES LT;17134934000119;GOIÂNIA;GO;SERVIÇOS;SUDESTE;01/02/2024;15;CELG;0.22;18.666817;0.0;18.666817
202411;109573;SAO MARCOS IJF;HOSPITAL E MATERNIDADE SAO MARCOS LTDA;972570;HOSPITAL E 972570;01554104000100;GOIÂNIA;GO;SERVIÇOS;SUDESTE;01/02/2024;15;CELG;0.28;83.231693;0.0;83.231693
202411;3999;C&A MODAS;C&A MODAS S.A.;973857;C&A ANP;45242914046865;ANÁPOLIS;GO;COMÉRCIO;SUDESTE;01/03/2024;15;CELG;0.15;42.13753;0.0;42.13753
202411;105683;CENCOSUD BRASIL 126 SE;CENCOSUD BRASIL COMERCIAL S.A.;975628;CENCOSUD LOJA 516;39346861034147;GOIÂNIA;GO;COMÉRCIO;SUDESTE;01/04/2024;15;CELG;0.305;125.903383;0.0;125.903383
202411;138885;PLUMA FORMOSA;PLUMA AGRO AVICOLA LTDA;976977;PLUMA FORMOSA;04656883002944;FORMOSA;GO;ALIMENTÍCIOS;SUDESTE;01/05/2024;15;CELG;0.25;32.955196;0.0;32.955196
202411;48657;SANEAGO LIVRE;SANEAMENTO DE GOIAS S/A;977849;SANEAGO - UC 2021672;01616929000102;ANÁPOLIS;GO;SANEAMENTO;SUDESTE;01/05/2024;15;CELG;2.83;1346.946741;0.0;1346.946741
202411;101281;BARAO SUPERMERCADOS;BARAO ESPECIALIDADES & DISTRIBUIDORA DE ALIMENTOS SA;978462;BaraoSupermercados3;28790260000984;GOIANIRA;GO;COMÉRCIO;SUDESTE;01/05/2024;15;CELG;0.15;38.387893;0.0;38.387893
202411;30493;SANEAGO;SANEAMENTO DE GOIAS S/A;979218;SANEAGO - UC 1700157;01616929000102;ITAPURANGA;GO;SANEAMENTO;SUDESTE;01/06/2024;15;CELG;0.108;51.191092;0.0;51.191092
202411;74006;ANHANGUERA ESP;ANHANGUERA EDUCACIONAL PARTICIPACOES S/A;981260;Valparaiso Go 981260;04310392006268;VALPARAÍSO DE GOIÁS;GO;SERVIÇOS;SUDESTE;01/07/2024;15;CELG;0.3;7.434951;0.0;7.434951
202411;50433;BRK GO CL 514;BRK AMBIENTAL - GOIAS S.A.;981406;GOC - EEE ARROZAL;18123402000220;TRINDADE;GO;SANEAMENTO;SUDESTE;01/07/2024;15;CELG;0.75;36.888692;0.0;36.888692
202411;30493;SANEAGO;SANEAMENTO DE GOIAS S/A;983114;SANEAGO -  UC 290046;01616929000102;JATAÍ;GO;SANEAMENTO;SUDESTE;01/07/2024;15;CELG;0.21;135.067216;0.0;135.067216
202411;57253;ATACADAO DIA A DIA 007;ATACADAO DIA A DIA S.A;989267;DIA A DIA - A GOIANI;17457404003046;APARECIDA DE GOIÂNIA;GO;COMÉRCIO;SUDESTE;01/10/2024;15;CELG;0.25;158.994731;0.0;158.994731
202411;85898;BRADESCO ESPECIAL SECO;BANCO BRADESCO S.A.;991074;690043405 - 3288-Itu;60746948058978;ITUMBIARA;GO;SERVIÇOS;SUDESTE;01/10/2024;15;CELG;0.062;16.158923;0.0;16.158923
202411;85898;BRADESCO ESPECIAL SECO;BANCO BRADESCO S.A.;990925;630281208 - 3290-Rio;60746948000112;RIO VERDE;GO;SERVIÇOS;SUDESTE;01/10/2024;15;CELG;0.079;11.09853;0.0;11.09853
202411;104;ICB;INTERCEMENT BRASIL S.A.;7806;ICB - CEZARINA - GO;62258884013467;CEZARINA;GO;MINERAIS NÃO-METÁLICOS;SUDESTE;01/04/2005;15;CELG;21.5;12843.961944;0.0;12843.961944
202411;8598;HEINEKEN ITU GO CO;HNK BR INDUSTRIA DE BEBIDAS LTDA.;888129;SCHINCARIOL ALEXANIA;50221019001370;ALEXÂNIA;GO;BEBIDAS;SUDESTE;01/09/2012;15;CELG;5.0;1516.777847;0.0;1516.777847
202411;7503;SSA ABATEDOURO;SAO SALVADOR ALIMENTOS S/A;903983;SAO SALVADOR ALI;03387396000160;ITABERAÍ;GO;ALIMENTÍCIOS;SUDESTE;01/09/2016;15;CELG;7.7;8063.401491;0.0;8063.401491
202411;77703;UBV CL;SAO MARTINHO S/A;908391;USINA BOA VISTA - FI;51466860006278;QUIRINÓPOLIS;GO;MINERAIS NÃO-METÁLICOS;SUDESTE;01/04/2017;15;CELG;5.0;32.946449;0.0;32.946449
202411;45546;MARIZA AGUAS CL 514;MARIZA AGUAS MINERAIS LTDA;908499;MARIZA AGUAS;07191574000133;HIDROLÂNDIA;GO;ALIMENTÍCIOS;SUDESTE;01/04/2017;15;CELG;0.72;280.366825;0.0;280.366825
202411;99635;GOIANIA CORPORATE CL;CONDOMINIO GOIANIA CORPORATE FINANCIAL CENTER;909310;GOIANIA CORPORATE;03532908000134;GOIÂNIA;GO;SERVIÇOS;SUDESTE;01/06/2017;15;CELG;1.7;362.546991;0.0;362.546991
202411;30087;RENNER SE;LOJAS RENNER S.A.;909311;RENNER LOJA 277;92754738024932;GOIÂNIA;GO;COMÉRCIO;SUDESTE;01/06/2017;15;CELG;0.205;58.207777;0.0;58.207777
202411;45728;SHOP PORTAL SUL CL 514;CONDOMINIO PORTAL SUL SHOPPING;905827;SHOP PORTAL SUL;22861051000140;GOIÂNIA;GO;SERVIÇOS;SUDESTE;01/11/2016;15;CELG;0.51;170.461235;0.0;170.461235
202411;132980;CMOC MINA;CMOC BRASIL MINERACAO, INDUSTRIA E PARTICIPACOES LTDA.;909711;NIOBIO MINA CATALAO;26108898000614;CATALÃO;GO;EXTRAÇÃO DE MINERAIS METÁLICOS;SUDESTE;01/07/2017;15;CELG;2.0;661.932052;0.0;661.932052
202411;35233;APARECIDA SHOPPING NESP;APARECIDA SHOPPING S.A;909698;APARECIDA SHOPPING;97525711000111;APARECIDA DE GOIÂNIA;GO;SERVIÇOS;SUDESTE;01/07/2017;15;CELG;1.0;335.402737;0.0;335.402737
202411;98743;COSMED GYN CL 514;COSMED INDUSTRIA DE COSMETICOS E MEDICAMENTOS S.A.;909914;COSMED GYN;61082426001289;GOIÂNIA;GO;ALIMENTÍCIOS;SUDESTE;01/08/2017;15;CELG;1.55;701.738081;0.0;701.738081
202411;6342;MEXICHEM JL SE;MEXICHEM BRASIL INDUSTRIA DE TRANSFORMACAO PLASTICA LTDA;904739;MEXICHEM ANAPOLIS;58514928004242;ANÁPOLIS;GO;MANUFATURADOS DIVERSOS;SUDESTE;01/10/2016;15;CELG;0.1;7.930837;0.0;7.930837
202411;45860;BOA VISTA ALIMENTOS CL 514;BOA VISTA - ALIMENTOS LTDA EM RECUPERACAO JUDICIAL;914514;BOA VISTA ALIMENTOS;37356854000115;GOIANIRA;GO;ALIMENTÍCIOS;SUDESTE;01/06/2018;15;CELG;0.86;309.492768;0.0;309.492768
202411;7322;HAVAN SE;HAVAN S.A;904062;HAVAN 63 - ANÁPOLIS;79379491006114;ANÁPOLIS;GO;COMÉRCIO;SUDESTE;01/09/2016;15;CELG;0.42;91.182623;0.0;91.182623
202411;84455;BAL LUZIANIA CL 13360;BUNGE ALIMENTOS S/A;907159;BUNGE LUZIANIA;84046101005748;LUZIÂNIA;GO;ALIMENTÍCIOS;SUDESTE;01/01/2017;15;CELG;4.0;2190.531499;0.0;2190.531499
202411;46677;COND LOG GOIANIA CL;CONDOMINIO LOG GOIANIA;922543;LOG GOIANIA;19565701000104;GOIÂNIA;GO;SERVIÇOS;SUDESTE;01/02/2019;15;CELG;0.65;264.44196;0.0;264.44196
202411;66433;KINOPLEX;EMPRESA CINEMAS SAO LUIZ S.A.;918027;KINOPLEX GOIANIA;33497660015453;GOIÂNIA;GO;SERVIÇOS;SUDESTE;01/09/2018;15;CELG;0.206;68.180311;0.0;68.180311
202411;50698;VITAMEDIC LIVRE;VITAMEDIC INDUSTRIA FARMACEUTICA LTDA;915556;VITAMEDIC INDUSTRIA;30222814000131;ANÁPOLIS;GO;MANUFATURADOS DIVERSOS;SUDESTE;01/08/2018;15;CELG;1.4;990.27697;0.0;990.27697
202411;29464;POLENGHI LIVRE;POLENGHI INDUSTRIAS ALIMENTICIAS LTDA;907016;POLENGHI GOIATUBA;24949232003689;GOIATUBA;GO;ALIMENTÍCIOS;SUDESTE;01/01/2017;15;CELG;1.5;723.733538;0.0;723.733538
202411;64126;FLORA CL SE;FLORA PRODUTOS DE HIGIENE E LIMPEZA S.A;904699;FLORA LUZIANIA;08505736000395;LUZIÂNIA;GO;QUÍMICOS;SUDESTE;01/10/2016;15;CELG;5.35;1922.322438;0.0;1922.322438
202411;98840;OPEN MALL P;J&L REAL ESTATE LTDA;913595;OPEN MALL;09531384000143;GOIÂNIA;GO;SERVIÇOS;SUDESTE;01/04/2018;15;CELG;0.3;55.451445;0.0;55.451445
202411;64320;PASSEIO DAS AGUAS;CONDOMINIO PASSEIO DAS AGUAS SHOPPING;905828;SHOP PASSEIO AGUAS;23282496000139;GOIÂNIA;GO;SERVIÇOS;SUDESTE;01/11/2016;15;CELG;3.95;1662.240447;0.0;1662.240447
202411;76961;CAOA CL;CAOA MONTADORA DE VEICULOS LTDA;893642;CAOA - ANAPOLIS GO;03471344000177;ANÁPOLIS;GO;VEÍCULOS;SUDESTE;01/07/2014;15;CELG;6.955;3893.995234;0.0;3893.995234
202411;46289;COMING CL 514;COMING INDUSTRIA E COMERCIO DE COUROS LTDA EM RECUPERACAO JUDICIAL;917371;COMING INDUSTRIA E C;00129569000151;TRINDADE;GO;MANUFATURADOS DIVERSOS;SUDESTE;01/08/2018;15;CELG;0.8;290.006622;0.0;290.006622
202411;41518;HPE AUTOMOTORES CL;HPE AUTOMOTORES DO BRASIL LTDA;907172;BWP CATALAO;54305743001170;CATALÃO;GO;VEÍCULOS;SUDESTE;01/01/2017;15;CELG;6.7;2065.471972;0.0;2065.471972
202411;50978;ATACADAO CL2;ATACADAO S.A.;907765;ATACADAO LOJA 131;75315333013197;APARECIDA DE GOIÂNIA;GO;COMÉRCIO;SUDESTE;01/02/2017;15;CELG;0.73;277.132608;0.0;277.132608
202411;31605;ITAMBEALIMEN CL 514;ITAMBE ALIMENTOS LTDA.;898070;ITAMBE GOIANIA II;16849231001690;GOIÂNIA;GO;ALIMENTÍCIOS;SUDESTE;01/02/2016;15;CELG;1.2;688.508357;0.0;688.508357
202411;46196;ACPA CL 514;ACPA ANODIZACAO DE CHAPAS E PERFIS DE ALUMINIO LTDA;924724;ACPA ANODIZACAO DE C;01945472000180;APARECIDA DE GOIÂNIA;GO;METALURGIA E PRODUTOS DE METAL;SUDESTE;01/07/2019;15;CELG;0.7;119.03511;0.0;119.03511
202411;35203;SOTRIGO CL 514;SOTRIGO SOCIEDADE TRITICOLA DE GOIAS LTDA;924896;SOTRIGO;04577125000130;ANÁPOLIS;GO;ALIMENTÍCIOS;SUDESTE;01/07/2019;15;CELG;1.0;495.56754;0.0;495.56754
202411;46348;BRITAGO CL 514;BRITAGO MINERACAO INDUSTRIA E COMERCIO LTDA;924934;BRITAGO;03007590000172;SANTA BÁRBARA DE GOIÁS;GO;MINERAIS NÃO-METÁLICOS;SUDESTE;01/07/2019;15;CELG;0.75;182.102808;0.0;182.102808
202411;31198;FRICO CL 514;FRICO INDUSTRIA E COMERCIO DE ALIMENTOS LTDA;924970;Fricó Ind. e Comérci;07014305000100;TRINDADE;GO;ALIMENTÍCIOS;SUDESTE;01/07/2019;15;CELG;1.24;731.822893;0.0;731.822893
202411;86578;TATICO SETOR CENTRO OESTE;CENTRO OESTE COMERCIAL DE ALIMENTOS LTDA;928883;TATICO SETOR CENTRO;24447350000169;GOIÂNIA;GO;COMÉRCIO;SUDESTE;01/10/2019;15;CELG;0.38;179.113092;0.0;179.113092
202411;85397;FRINENSE TRINDADE;FRINENSE ALIMENTOS LTDA;932347;FRINENSE TRINDADE;07042642000100;TRINDADE;GO;ALIMENTÍCIOS;SUDESTE;01/12/2019;15;CELG;0.1;1.457449;0.0;1.457449
202411;3999;C&A MODAS;C&A MODAS S.A.;904595;C&A MODAS GPA123;45242914031248;GOIÂNIA;GO;COMÉRCIO;SUDESTE;01/10/2016;15;CELG;0.25;52.087211;0.0;52.087211
202411;101208;CAMIL CL MABEL;CAMIL ALIMENTOS S.A.;891470;MABEL AP DE GOIANIA;64904295004281;APARECIDA DE GOIÂNIA;GO;ALIMENTÍCIOS;SUDESTE;01/01/2014;15;CELG;1.7;696.807183;0.0;696.807183
202411;63649;GUABI;GUABI NUTRICAO E SAUDE ANIMAL LTDA;904673;GUABI ANAPOLIS;02918654000124;ANÁPOLIS;GO;ALIMENTÍCIOS;SUDESTE;01/10/2016;15;CELG;1.545;535.319655;0.0;535.319655
202411;31313;EQUIPLEX CL 514;EQUIPLEX INDUSTRIA FARMACEUTICA LTDA -;907017;EQUIPLEX;01784792000103;APARECIDA DE GOIÂNIA;GO;MANUFATURADOS DIVERSOS;SUDESTE;01/01/2017;15;CELG;1.169;782.76677;0.0;782.76677
202411;35573;SGB WEBER PLANALTINA EI;SAINT-GOBAIN DO BRASIL PRODUTOS INDUSTRIAIS E PARA CONSTRUCAO LTDA;907160;S GOBAIN BRASILIT;61064838014193;PLANALTINA;GO;QUÍMICOS;SUDESTE;01/01/2017;15;CELG;0.33;57.808186;0.0;57.808186
202411;86562;BOM LIXO;BOMLIXO INDUSTRIA E COMERCIO LTDA;932933;BOMLIXO DO NIQUEL;05324532000289;GOIÂNIA;GO;SANEAMENTO;SUDESTE;01/12/2019;15;CELG;0.3;84.669874;0.0;84.669874
202411;46498;ILHAS DO LAGO CL 514;ILHAS DO LAGO ECO RESORT;932978;ILHAS DO LAGO;30512573000165;CALDAS NOVAS;GO;SERVIÇOS;SUDESTE;01/12/2019;15;CELG;0.55;231.307777;0.0;231.307777
202411;46776;ELBA CL 514;ELBA CALCARIO LTDA;933586;MONTIVIDIU ELBA;02173151000177;MONTIVIDIU;GO;MINERAIS NÃO-METÁLICOS;SUDESTE;01/01/2020;15;CELG;0.69;10.929892;0.0;10.929892
202411;89866;CARAMURU ARMAZENS GO;CARAMURU ALIMENTOS  S/A;933908;CARAMURU ARMAZENS RI;00080671003559;RIO VERDE;GO;SERVIÇOS;SUDESTE;01/02/2020;15;CELG;0.361;25.88917;0.0;25.88917
202411;82846;RIACHUELO LT 1 SE/CO;LOJAS RIACHUELO SA;933964;RCHLO LOJA 39;33200056012902;GOIÂNIA;GO;COMÉRCIO;SUDESTE;01/02/2020;15;CELG;0.15;29.522108;0.0;29.522108
202411;88208;SUPERVI;SUPERVI DISTRIBUIDOR DE ALIMENTOS LTDA;933966;LOJA 6 - PQ RESIDENC;07503617000683;ANÁPOLIS;GO;COMÉRCIO;SUDESTE;01/02/2020;15;CELG;0.08;34.291515;0.0;34.291515
202411;1477;ASSAI ATACADISTA;SENDAS DISTRIBUIDORA S/A;934731;SENDAS SE/CO - 117 (;06057223032375;VALPARAÍSO DE GOIÁS;GO;COMÉRCIO;SUDESTE;01/03/2020;15;CELG;0.63;309.818265;0.0;309.818265
202411;43644;ESTACIO CL;SOCIEDADE DE ENSINO SUPERIOR ESTACIO DE SA LTDA;935507;ESTÁCIO GOIAS;34075739014053;GOIÂNIA;GO;SERVIÇOS;SUDESTE;01/04/2020;15;CELG;0.6;29.081579;0.0;29.081579
202411;96969;SJC BIOENERGIA CL 2;SJC BIOENERGIA LTDA;936784;SJC BIOENERGIA CONSU;10249419000216;QUIRINÓPOLIS;GO;ALIMENTÍCIOS;SUDESTE;01/06/2020;15;CELG;3.0;55.16665;0.0;55.16665
202411;92091;LOPES VIANDELLI;LOPES VIANDELLI PRODUTOS ALIMENTICIOS LTDA;936981;LOPES V. LOJA 2;26910752000183;GOIANÉSIA;GO;COMÉRCIO;SUDESTE;01/06/2020;15;CELG;0.105;52.260853;0.0;52.260853
202411;92091;LOPES VIANDELLI;LOPES VIANDELLI PRODUTOS ALIMENTICIOS LTDA;937072;LOPES V. LOJA 3;26910752000507;GOIANÉSIA;GO;COMÉRCIO;SUDESTE;01/06/2020;15;CELG;0.2;79.370638;0.0;79.370638
202411;48781;MONTIVIDIUSANTATEREZACL514;CALCARIO SANTA TEREZA LTDA;937755;MONTIVIDIU SANTA TER;01059930000183;FORMOSO;GO;MINERAIS NÃO-METÁLICOS;SUDESTE;01/07/2020;15;CELG;0.5;34.160658;0.0;34.160658
202411;86666;COMERCIAL REIS;COMERCIAL REIS LTDA;937752;Loja 14;03044201001584;CALDAS NOVAS;GO;COMÉRCIO;SUDESTE;01/07/2020;15;CELG;0.14;72.288205;0.0;72.288205
202411;86666;COMERCIAL REIS;COMERCIAL REIS LTDA;937774;Loja Reis 13;03044201001401;ITUMBIARA;GO;COMÉRCIO;SUDESTE;01/07/2020;15;CELG;0.135;65.958988;0.0;65.958988
202411;86666;COMERCIAL REIS;COMERCIAL REIS LTDA;937741;Loja 09;03044201000421;ITUMBIARA;GO;COMÉRCIO;SUDESTE;01/07/2020;15;CELG;0.14;74.74733;0.0;74.74733
202411;31270;PIFPAFMATRIZ CL 514;RIO BRANCO ALIMENTOS S/A;938177;PIF PAF - PALM DE GO;05017780002735;PALMEIRAS DE GOIÁS;GO;ALIMENTÍCIOS;SUDESTE;01/08/2020;15;CELG;1.55;218.484125;0.0;218.484125
202411;98955;CROWN RIO VERDE;CROWN EMBALAGENS METALICAS DA AMAZONIA S/A;939930;CROWN RIO VERDE;33174335001319;RIO VERDE;GO;METALURGIA E PRODUTOS DE METAL;SUDESTE;01/11/2020;15;CELG;4.4;2143.205539;0.0;2143.205539
202411;47665;BRMILL CL 514;BRMILL ALIMENTOS LTDA;941388;BRMILL ALIMENTOS LTD;08469992000102;SILVÂNIA;GO;ALIMENTÍCIOS;SUDESTE;01/01/2021;15;CELG;0.7;258.457087;0.0;258.457087
202411;95859;SUPERMERCADO PRO BRASIL;SUPERMERCADO PRO BRASIL LTDA;941286;SUPERM PRO BR JD AMR;37629995000326;GOIÂNIA;GO;COMÉRCIO;SUDESTE;01/01/2021;15;CELG;0.19;86.275545;0.0;86.275545
202411;99081;COMIVA;COOPERATIVA MISTA AGROPECUARIA DO VALE DO ARAGUAIA;941901;COMIVA PORTELANDIA;01167501001010;PORTELÂNDIA;GO;SERVIÇOS;SUDESTE;01/01/2021;15;CELG;0.36;2.526993;0.0;2.526993
202411;89866;CARAMURU ARMAZENS GO;CARAMURU ALIMENTOS  S/A;942170;CARAMURU ARMAZENS NO;00080671000371;SÃO SIMÃO;GO;ALIMENTÍCIOS;SUDESTE;01/02/2021;15;CELG;0.13;12.001904;0.0;12.001904
202411;47797;QUALITY ALIMENTOS CL 514;QUALITY INDUSTRIA DE ALIMENTOS LTDA;942363;QUALITY ALIMENTOS;08906799000191;ANÁPOLIS;GO;ALIMENTÍCIOS;SUDESTE;01/02/2021;15;CELG;0.5;226.709603;0.0;226.709603
202411;95026;REMMACK;REMMACK FILMS INDUSTRIA E COMERCIO LTDA;942361;EMBALO EMBALAGENS;07163516000104;ANÁPOLIS;GO;MANUFATURADOS DIVERSOS;SUDESTE;01/02/2021;15;CELG;0.45;67.8081;0.0;67.8081
202411;25500;SJC BIOENERGIA CL3;SJC BIOENERGIA LTDA;942431;CACHOEIRA DOUR CONSU;10249419000305;CACHOEIRA DOURADA;GO;ALIMENTÍCIOS;SUDESTE;01/02/2021;15;CELG;3.0;81.765498;0.0;81.765498
202411;31456;BRITACAL CL 514;BRITACAL IND E COM DE BRITA E CALCARIO BRASILIA LTDA;942978;BRITACAL - PLANALTIN;26970103000259;PLANALTINA;GO;MINERAIS NÃO-METÁLICOS;SUDESTE;01/03/2021;15;CELG;0.943;21.116622;0.0;21.116622
202411;98260;BAUMINAS QUIMICA;BAUMINAS QUIMICA LTDA.;943245;BAUMINAS LUZIANIA;19525278001000;LUZIÂNIA;GO;QUÍMICOS;SUDESTE;01/03/2021;15;CELG;0.2;14.765636;0.0;14.765636
202411;66054;VILLEFORT;CEMA CENTRAL MINEIRA ATACADISTA LTDA;943636;VILLEFORT JATAI;03083231003381;JATAÍ;GO;COMÉRCIO;SUDESTE;01/04/2021;15;CELG;0.3;163.860591;0.0;163.860591
202411;83042;CARGILL PGA SE;CARGILL AGRICOLA S A;944230;Cargill Piracanjuba;60498706037581;SANTA CRUZ DE GOIÁS;GO;ALIMENTÍCIOS;SUDESTE;01/05/2021;15;CELG;0.41;8.24686;0.0;8.24686
202411;100386;NUTRON ITPCL 514 23;CARGILL ALIMENTOS LTDA;945007;Cargill Goianira;01961898001441;GOIÂNIA;GO;ALIMENTÍCIOS;SUDESTE;01/06/2021;15;CELG;0.8;121.841465;0.0;121.841465
202411;25101;ADUBOS ARAGUAIA;ARAGUAIA S.A.;945308;ADUBOS DAIA - UC 210;03306578001211;ANÁPOLIS;GO;QUÍMICOS;SUDESTE;01/06/2021;15;CELG;0.245;145.893704;0.0;145.893704
202411;98167;ABL ENERGIA;FMC ENERGIA LTDA;945492;PMC SHOPPING;35585168000190;VALPARAÍSO DE GOIÁS;GO;SERVIÇOS;SUDESTE;01/07/2021;15;CELG;0.3;129.958204;0.0;129.958204
202411;64343;C CE COCARI;COCARI - COOPERATIVA AGROPECUARIA E INDUSTRIAL;946974;COCARI UC 1060106878;78956968000183;CRISTALINA;GO;COMÉRCIO;SUDESTE;01/09/2021;15;CELG;0.3;6.247054;0.0;6.247054
202411;84391;MARISA SE I5;MARISA LOJAS S.A.;947580;MLJ934_URIAS MAGALHA;61189288052570;GOIÂNIA;GO;COMÉRCIO;SUDESTE;01/10/2021;15;CELG;0.15;28.043886;0.0;28.043886
202411;63677;RENNER MATRIZ SUDESTE;LOJAS RENNER S.A.;948668;RNR128_Shop Goiânia;92754738014201;GOIÂNIA;GO;COMÉRCIO;SUDESTE;01/12/2021;15;CELG;0.221;47.238026;0.0;47.238026
202411;63677;RENNER MATRIZ SUDESTE;LOJAS RENNER S.A.;948571;RNR056 - Flamboyant;92754738006870;GOIÂNIA;GO;COMÉRCIO;SUDESTE;01/12/2021;15;CELG;0.09;39.426292;0.0;39.426292
202411;4574;BRASIL TELE SE;OI S.A. - EM RECUPERACAO JUDICIAL;948797;UC 120026995 - LUZIA;76535764032851;LUZIÂNIA;GO;TELECOMUNICAÇÕES;SUDESTE;01/12/2021;15;CELG;0.06;28.572781;0.0;28.572781
202411;4574;BRASIL TELE SE;OI S.A. - EM RECUPERACAO JUDICIAL;948827;UC 20661836 - JLK -;76535764032851;ANÁPOLIS;GO;TELECOMUNICAÇÕES;SUDESTE;01/12/2021;15;CELG;0.058;16.26282;0.0;16.26282
202411;93109;COSTA MULTICANAL;COSTA MULTICANAL S/A;950847;COSTA ANEL VIARI;27289076000569;GOIÂNIA;GO;COMÉRCIO;SUDESTE;01/03/2022;15;CELG;0.3;138.637571;0.0;138.637571
202411;26907;CEREAL OURO;CEREAL OURO SEMENTES LTDA;951195;CEREAL OURO AGRICOLA;04712017000122;RIO VERDE;GO;ALIMENTÍCIOS;SUDESTE;01/04/2022;15;CELG;0.5;27.933315;0.0;27.933315
202411;93905;COMIGO-MATRIZ ESPECIAL;COOPERATIVA AGROINDUSTRIAL DOS PRODUTORES RURAIS DO SUDOESTE GOIANO;951436;COM-PARAÚNA;02077618002200;PARAÚNA;GO;SERVIÇOS;SUDESTE;01/04/2022;15;CELG;0.45;46.8179;0.0;46.8179
202411;44493;CALCARIO RIO VERDE CL 514;CALCARIO RIO VERDE MINERACAO E AGROPECUARIA LTDA;951633;CALCARIO RIO VERDE;02056554000136;CAIAPÔNIA;GO;MINERAIS NÃO-METÁLICOS;SUDESTE;01/04/2022;15;CELG;0.5;8.495808;0.0;8.495808
202411;38048;BRF 1117 CD AP GOIANIA CE;BRF S.A.;954288;BRF - CD AP DE GOIAN;01838723030891;APARECIDA DE GOIÂNIA;GO;COMÉRCIO;SUDESTE;01/09/2022;15;CELG;0.43;252.789773;0.0;252.789773
202411;60443;VIAVAREJO;GRUPO CASAS BAHIA S.A.;954329;Filial 1308 - UC: 10;33041260109336;NOVO GAMA;GO;COMÉRCIO;SUDESTE;01/08/2022;15;CELG;0.09;13.059596;0.0;13.059596
202411;60443;VIAVAREJO;GRUPO CASAS BAHIA S.A.;954335;Filial 1654 - PORTAL;33041260109174;GOIÂNIA;GO;COMÉRCIO;SUDESTE;01/08/2022;15;CELG;0.06;9.040593;0.0;9.040593
202411;84590;LOCALIZA;LOCALIZA RENT A CAR SA;954948;LOCALIZA CDGYN1;16670085000155;APARECIDA DE GOIÂNIA;GO;SERVIÇOS;SUDESTE;01/09/2022;15;CELG;0.06;21.529148;0.0;21.529148
202411;38275;NUTRIEN CRISTALINA;NUTRIEN SOLUCOES AGRICOLAS LTDA;955311;NUTRIEN CRISTALINA;88305859000150;CRISTALINA;GO;SERVIÇOS;SUDESTE;01/09/2022;15;CELG;0.1;3.552009;0.0;3.552009
202411;60443;VIAVAREJO;GRUPO CASAS BAHIA S.A.;955715;Filial 1627 - ÁGUAS;33041260109760;;GO;COMÉRCIO;SUDESTE;01/10/2022;15;CELG;0.1;9.523085;0.0;9.523085
202411;53957;BONABOCA CL 514;BONABOCA INDUSTRIA E COMERCIO DE ALIMENTOS LTDA;956534;Bonaboca Filial;09593374000302;GOIÂNIA;GO;ALIMENTÍCIOS;SUDESTE;01/11/2022;15;CELG;0.5;154.482412;0.0;154.482412
202411;71101;BURGER KING SE I1;ZAMP S.A.;956895;BK - SHOPPING FLAMBO;13574594084861;GOIÂNIA;GO;ALIMENTÍCIOS;SUDESTE;01/12/2022;15;CELG;0.048;17.690439;0.0;17.690439
202411;57038;BRF 570 SAO THOMAS CL;BRF S.A.;957241;BRF - 63035198 - GRA;01838723017445;RIO VERDE;GO;ALIMENTÍCIOS;SUDESTE;01/12/2022;15;CELG;0.585;168.723806;0.0;168.723806
202411;41162;JAEPEL ESPECIAL;JAEPEL PAPEIS E EMBALAGENS S.A;958533;JAEPEL ETE;06142539000161;SENADOR CANEDO;GO;MADEIRA, PAPEL E CELULOSE;SUDESTE;01/02/2023;15;CELG;0.75;356.594998;0.0;356.594998
202411;50978;ATACADAO CL2;ATACADAO S.A.;959359;ATACADAO LJ 231;75315333023150;ITUMBIARA;GO;COMÉRCIO;SUDESTE;01/03/2023;15;CELG;0.6;239.592385;0.0;239.592385
202411;48657;SANEAGO LIVRE;SANEAMENTO DE GOIAS S/A;959410;SANEAGO - EEAB Meia;01616929000102;GOIÂNIA;GO;SANEAMENTO;SUDESTE;01/03/2023;15;CELG;1.15;593.969799;0.0;593.969799
202411;93109;COSTA MULTICANAL;COSTA MULTICANAL S/A;959452;COSTA RIO VERDE;27289076000720;RIO VERDE;GO;COMÉRCIO;SUDESTE;01/03/2023;15;CELG;0.25;114.186181;0.0;114.186181
202411;84391;MARISA SE I5;MARISA LOJAS S.A.;959556;MLJ178_BURITI SHOPPI;61189288018711;APARECIDA DE GOIÂNIA;GO;COMÉRCIO;SUDESTE;01/03/2023;15;CELG;0.17;33.451961;0.0;33.451961
202411;3999;C&A MODAS;C&A MODAS S.A.;960770;C&A SCE;45242914046350;GOIÂNIA;GO;COMÉRCIO;SUDESTE;01/05/2023;15;CELG;0.145;38.801536;0.0;38.801536
202411;57253;ATACADAO DIA A DIA 007;ATACADAO DIA A DIA S.A;960901;DIA A DIA - PLANALTI;17457404001426;PLANALTINA;GO;COMÉRCIO;SUDESTE;01/05/2023;15;CELG;0.3;138.734756;0.0;138.734756
202411;49676;AGROVALE;COOPERATIVA MISTA DOS PRODUTORES RURAIS DO VALE DO PARANAIBA LTDA;961188;AGROVALE - 80043495;02233732000157;QUIRINÓPOLIS;GO;ALIMENTÍCIOS;SUDESTE;01/05/2023;15;CELG;0.33;56.040222;0.0;56.040222
202411;49676;AGROVALE;COOPERATIVA MISTA DOS PRODUTORES RURAIS DO VALE DO PARANAIBA LTDA;961255;AGROVALE - 80067890;02233732000157;QUIRINÓPOLIS;GO;ALIMENTÍCIOS;SUDESTE;01/05/2023;15;CELG;0.06;14.329146;0.0;14.329146
202411;42450;CERAMICA ESTRELA;CERAMICA ESTRELA INDUSTRIAL LTDA;961232;IRMAOS ROSA;10220913000177;ESTRELA DO NORTE;GO;MINERAIS NÃO-METÁLICOS;SUDESTE;01/05/2023;15;CELG;0.4;164.844821;0.0;164.844821
202411;51694;C CE LATICINIOS FORMOSA;INDUSTRIA E COMERCIO DE LATICINIOS FORMOSA LTDA;961220;LAT FORMOSA - ITAUCU;04779723000191;ITAUÇU;GO;ALIMENTÍCIOS;SUDESTE;01/05/2023;15;CELG;0.3;146.667353;0.0;146.667353
202411;103140;SERRANOPOLIS CONSUMO;ENERGETICA SERRANOPOLIS LTDA;961177;ENE SERRANOPO 961177;05643160000172;SERRANÓPOLIS;GO;MINERAIS NÃO-METÁLICOS;SUDESTE;01/05/2023;15;CELG;0.55;15.853119;0.0;15.853119
202411;105942;PEROLA ESPECIAL;PEROLA DISTRIBUICAO E LOGISTICA S/A;961986;AV COMERCIAL;06204131001653;ANÁPOLIS;GO;COMÉRCIO;SUDESTE;01/07/2023;15;CELG;0.22;30.12559;0.0;30.12559
202411;105942;PEROLA ESPECIAL;PEROLA DISTRIBUICAO E LOGISTICA S/A;962046;LUZIANIA 2;06204131001220;ANÁPOLIS;GO;COMÉRCIO;SUDESTE;01/07/2023;15;CELG;0.14;27.473584;0.0;27.473584
202411;52403;REDE LUCAS;REDE LUCAS DE SUPERMERCADOS LTDA;962155;Loja 12 - UC  100276;06894782001299;QUIRINÓPOLIS;GO;COMÉRCIO;SUDESTE;01/06/2023;15;CELG;0.1;48.40326;0.0;48.40326
202411;102523;VMF LIVRE;VMF MINERACAO E CALCARIO LTDA;962540;VMF;37208486000168;ANICUNS;GO;MINERAIS NÃO-METÁLICOS;SUDESTE;01/07/2023;15;CELG;0.525;31.689308;0.0;31.689308
202411;100962;ITAU AMR I5 SE;ITAU UNIBANCO S.A.;962529;1004_CATALAO-GO (UC;60701190120690;CATALÃO;GO;SERVIÇOS;SUDESTE;01/07/2023;15;CELG;0.057;10.103517;0.0;10.103517
202411;104186;AGRISTAR;AGRISTAR DO BRASIL LTDA;962931;AGRISTAR GO;33345950000298;ORIZONA;GO;ALIMENTÍCIOS;SUDESTE;01/07/2023;15;CELG;0.15;44.681855;0.0;44.681855
202411;25518;B2W CE;AMERICANAS S.A - EM RECUPERACAO JUDICIAL;964887;AMER 1331;00776574017040;ITUMBIARA;GO;COMÉRCIO;SUDESTE;01/09/2023;15;CELG;0.08;15.46372;0.0;15.46372
202411;25518;B2W CE;AMERICANAS S.A - EM RECUPERACAO JUDICIAL;964820;AMER 251;00776574009293;ANÁPOLIS;GO;COMÉRCIO;SUDESTE;01/09/2023;15;CELG;0.155;19.771259;0.0;19.771259
202411;101281;BARAO SUPERMERCADOS;BARAO ESPECIALIDADES & DISTRIBUIDORA DE ALIMENTOS SA;965094;Barao Superme 965094;28790260000127;INHUMAS;GO;COMÉRCIO;SUDESTE;01/09/2023;15;CELG;0.103;31.620058;0.0;31.620058
202411;101281;BARAO SUPERMERCADOS;BARAO ESPECIALIDADES & DISTRIBUIDORA DE ALIMENTOS SA;965167;Barao Superme 965167;28790260000127;GOIÂNIA;GO;COMÉRCIO;SUDESTE;01/09/2023;15;CELG;0.114;40.210795;0.0;40.210795
202411;101281;BARAO SUPERMERCADOS;BARAO ESPECIALIDADES & DISTRIBUIDORA DE ALIMENTOS SA;965191;Barao Superme 965191;28790260000127;GOIANIRA;GO;COMÉRCIO;SUDESTE;01/09/2023;15;CELG;0.18;69.631165;0.0;69.631165
202411;101281;BARAO SUPERMERCADOS;BARAO ESPECIALIDADES & DISTRIBUIDORA DE ALIMENTOS SA;965083;Barao Superme 965083;28790260000127;GOIÂNIA;GO;COMÉRCIO;SUDESTE;01/09/2023;15;CELG;0.121;45.245417;0.0;45.245417
202411;101281;BARAO SUPERMERCADOS;BARAO ESPECIALIDADES & DISTRIBUIDORA DE ALIMENTOS SA;965988;Barao Supermerc L10;28790260000127;GOIÂNIA;GO;COMÉRCIO;SUDESTE;01/10/2023;15;CELG;0.158;74.61811;0.0;74.61811
202411;101281;BARAO SUPERMERCADOS;BARAO ESPECIALIDADES & DISTRIBUIDORA DE ALIMENTOS SA;966024;Barao Supermerc LJ7;28790260000127;GOIÂNIA;GO;COMÉRCIO;SUDESTE;01/10/2023;15;CELG;0.147;57.42503;0.0;57.42503
202411;3846;BRASIL TELECOM;OI S.A. - EM RECUPERACAO JUDICIAL;966003;ID UC 19785 - UC 290;76535764032851;NOVO GAMA;GO;TELECOMUNICAÇÕES;SUDESTE;01/11/2023;15;CELG;0.06;23.563253;0.0;23.563253
202411;60443;VIAVAREJO;GRUPO CASAS BAHIA S.A.;966478;Filial 1319 - CALDAS;33041260108445;CALDAS NOVAS;GO;COMÉRCIO;SUDESTE;01/11/2023;15;CELG;0.08;10.104732;0.0;10.104732
202411;60443;VIAVAREJO;GRUPO CASAS BAHIA S.A.;966440;Filial 1783 - UC: 10;33041260149206;GOIANÉSIA;GO;COMÉRCIO;SUDESTE;01/11/2023;15;CELG;0.07;6.436065;0.0;6.436065
202411;62677;SLC AGRICOLA;SLC AGRICOLA S.A.;966634;SLC PAMPLONA SED I;89096457001127;CRISTALINA;GO;ALIMENTÍCIOS;SUDESTE;01/11/2023;15;CELG;0.11;50.880104;0.0;50.880104
202411;4574;BRASIL TELE SE;OI S.A. - EM RECUPERACAO JUDICIAL;966633;ID UC 19860 - UC 335;76535764032851;VALPARAÍSO DE GOIÁS;GO;TELECOMUNICAÇÕES;SUDESTE;01/11/2023;15;CELG;0.05;19.63369;0.0;19.63369
202411;100962;ITAU AMR I5 SE;ITAU UNIBANCO S.A.;966723;4336_GOIANIA-PERIMET;60701190195940;GOIÂNIA;GO;SERVIÇOS;SUDESTE;01/11/2023;15;CELG;0.07;7.35331;0.0;7.35331
202411;37878;BRK GO;BRK AMBIENTAL - GOIAS S.A.;966779;BRK GO- ETE T PROMET;18123402000149;APARECIDA DE GOIÂNIA;GO;SANEAMENTO;SUDESTE;01/11/2023;15;CELG;0.225;8.44381;0.0;8.44381
202411;105446;SEMPRE SEMENTES;SEMPRE AGTECH LTDA;966842;SEMPRE AGTECH LTDA;09536120000263;SANTA HELENA DE GOIÁS;GO;ALIMENTÍCIOS;SUDESTE;01/11/2023;15;CELG;0.8;238.381715;0.0;238.381715
202411;113622;CAÇU;CACU COMERCIO E INDUSTRIA DE ACUCAR E ALCOOL LTDA;967771;CACU COMERCIO;07996345000196;VICENTINÓPOLIS;GO;ALIMENTÍCIOS;SUDESTE;01/12/2023;15;CELG;1.0;22.605147;0.0;22.605147
202411;112347;VR LABEL;VR LABEL INDUSTRIA GRAFICA LTDA;969676;VR Label;97523216000173;APARECIDA DE GOIÂNIA;GO;SERVIÇOS;SUDESTE;01/01/2024;15;CELG;0.5;82.435756;0.0;82.435756
202411;100962;ITAU AMR I5 SE;ITAU UNIBANCO S.A.;971415;3935_PERSONNALITE-GO;60701190169940;GOIÂNIA;GO;SERVIÇOS;SUDESTE;01/02/2024;15;CELG;0.062;8.795402;0.0;8.795402
202411;118105;FRIGO SUINOS;FRIGO SUINOS SOL NASCENTE LTDA;972280;Frigo Suínos Sol Nas;03801328000103;GOIÂNIA;GO;ALIMENTÍCIOS;SUDESTE;01/02/2024;15;CELG;0.95;364.473153;0.0;364.473153
202411;125310;IRRIGACAO URC;ATVOS BIOENERGIA RIO CLARO S.A;973295;Rio Claro Agroindust;08598391000108;CAÇU;GO;MINERAIS NÃO-METÁLICOS;SUDESTE;01/03/2024;15;CELG;2.6;28.835485;0.0;28.835485
202411;105683;CENCOSUD BRASIL 126 SE;CENCOSUD BRASIL COMERCIAL S.A.;975599;CENCOSUD LOJA 645;39346861025822;ANÁPOLIS;GO;COMÉRCIO;SUDESTE;01/04/2024;15;CELG;0.288;81.652041;0.0;81.652041
202411;48657;SANEAGO LIVRE;SANEAMENTO DE GOIAS S/A;977437;SANEAGO - UC 1107207;01616929000102;GOIÂNIA;GO;SANEAMENTO;SUDESTE;01/05/2024;15;CELG;1.191;548.585276;0.0;548.585276
202411;30493;SANEAGO;SANEAMENTO DE GOIAS S/A;977828;SANEAGO - UC 2960119;01616929000102;PLANALTINA;GO;SANEAMENTO;SUDESTE;01/05/2024;15;CELG;0.166;98.30053;0.0;98.30053
202411;30493;SANEAGO;SANEAMENTO DE GOIAS S/A;977779;SANEAGO - UC 1237435;01616929000102;GOIÂNIA;GO;SANEAMENTO;SUDESTE;01/05/2024;15;CELG;0.5;72.371814;0.0;72.371814
202411;101281;BARAO SUPERMERCADOS;BARAO ESPECIALIDADES & DISTRIBUIDORA DE ALIMENTOS SA;978494;BaraoSupermercados2;28790260000984;TRINDADE;GO;COMÉRCIO;SUDESTE;01/05/2024;15;CELG;0.087;28.046253;0.0;28.046253
202411;93706;UNIMED GO;UNIMED GOIANIA COOPERATIVA DE TRABALHO MEDICO;982876;SAU PEDIATRICO (UC 1;02476067001951;GOIÂNIA;GO;SERVIÇOS;SUDESTE;01/07/2024;15;CELG;0.06;21.886287;0.0;21.886287
202411;30493;SANEAGO;SANEAMENTO DE GOIAS S/A;983046;SANEAGO - UC 2901118;01616929000102;JATAÍ;GO;SANEAMENTO;SUDESTE;01/07/2024;15;CELG;0.112;65.95088;0.0;65.95088
202411;151407;BAUTEK BARRO ALTO;BAUTEK MINERAIS INDUSTRIAIS LTDA.;984570;BAUTEK BARRO ALTO;21229511000230;BARRO ALTO;GO;EXTRAÇÃO DE MINERAIS METÁLICOS;SUDESTE;01/08/2024;15;CELG;0.5;389.976452;0.0;389.976452
202411;3309;MARTINS;MARTINS COMERCIO E SERVICOS DE DISTRIBUICAO S/A;985387;MARTINS 10037613136;43214055004013;HIDROLÂNDIA;GO;COMÉRCIO;SUDESTE;01/08/2024;15;CELG;0.15;165.7133;0.0;165.7133
202411;149190;KRONA NORDESTE FILIAL;KRONA TUBOS E CONEXOES DO NORDESTE LTDA;985202;KRONA NORDESTE - FIL;11907140000245;APARECIDA DE GOIÂNIA;GO;MANUFATURADOS DIVERSOS;SUDESTE;01/08/2024;15;CELG;0.85;232.967069;0.0;232.967069
202411;129969;LUZTOL;LUZTOL INDUSTRIA QUIMICA LTDA;989007;LUZTOL IND QUIMICA L;00464374000168;APARECIDA DE GOIÂNIA;GO;QUÍMICOS;SUDESTE;01/09/2024;15;CELG;0.8;86.922263;0.0;86.922263
202411;85898;BRADESCO ESPECIAL SECO;BANCO BRADESCO S.A.;990624;10005326123 - 0250-J;60746948012552;RIO VERDE;GO;SERVIÇOS;SUDESTE;01/10/2024;15;CELG;0.07;12.570598;0.0;12.570598
202411;83743;COBASI;COBASI COMERCIO DE PRODUTOS BASICOS E INDUSTRIALIZADOS S.A.;992862;COBASI - GOIANIA T63;53153938017264;GOIÂNIA;GO;COMÉRCIO;SUDESTE;01/11/2024;15;CELG;0.15;14.818261;0.0;14.818261
202411;146552;N&L INDUSTRIA;N & L INDUSTRIA E COMERCIO LTDA;994457;N&L INDUSTRIA (UC 10;08117082000160;TRINDADE;GO;QUÍMICOS;SUDESTE;01/11/2024;15;CELG;1.0;144.163025;0.0;144.163025
202411;15;CELG;EQUATORIAL GOIAS DISTRIBUIDORA DE ENERGIA S/A;16;CELG;01543032000104;GOIÂNIA;GO;;SUDESTE;01/08/2000;;;2010.513;1001750.283608;0.0;1001750.283608
202411;24136;JBS FRIBOI CL 18;JBS S/A;7850;JBS - MOZARLANDIA;02916265008306;MOZARLÂNDIA;GO;ALIMENTÍCIOS;SUDESTE;01/05/2005;15;CELG;7.0;4671.796408;0.0;4671.796408
202411;84226;MORRO VERMELHO CL;ATVOS BIOENERGIA BRENCO S.A.;889196;MORRO VERMELHO - CON;08070566000100;MINEIROS;GO;SERVIÇOS;SUDESTE;01/01/2013;4078;TER;5.0;490.185005;0.0;490.185005
202411;84224;AGUA EMENDADA CL;ATVOS BIOENERGIA BRENCO S.A.;889195;AGUA EMENDADA - CONS;08070566000100;PEROLÂNDIA;GO;SERVIÇOS;SUDESTE;01/01/2013;4078;TER;5.0;411.72789;0.0;411.72789
202411;85293;BRF 245 MINEIROS CL;BRF S.A.;902710;BRF RACAO MINEIROS;01838723018921;MINEIROS;GO;ALIMENTÍCIOS;SUDESTE;01/08/2016;15;CELG;2.7;736.751055;0.0;736.751055
202411;31353;OLVEGO CL 514;OLVEGO OLEOS VEGETAIS DE GOIAS LTDA;903160;OLVEGO;02136380000111;PIRES DO RIO;GO;ALIMENTÍCIOS;SUDESTE;01/08/2016;15;CELG;1.35;606.41386;0.0;606.41386
202411;88069;RIO QUENTE RESORT CL 514;COMPANHIA THERMAS DO RIO QUENTE;899937;RIO QUENTE RESORT;01540533000129;RIO QUENTE;GO;SERVIÇOS;SUDESTE;01/06/2016;15;CELG;2.8;1295.208182;0.0;1295.208182
202411;3999;C&A MODAS;C&A MODAS S.A.;900379;C&A MODAS GYN710;45242914001683;GOIÂNIA;GO;COMÉRCIO;SUDESTE;01/07/2016;15;CELG;0.25;53.489172;0.0;53.489172
202411;61211;JAEPEL;JAEPEL PAPEIS E EMBALAGENS S.A;901060;JAEPEL PAPEIS;06142539000161;SENADOR CANEDO;GO;MADEIRA, PAPEL E CELULOSE;SUDESTE;01/07/2016;15;CELG;7.5;5012.166158;0.0;5012.166158
202411;32633;JARDIM GOIAS CL 514 2022;JARDIM GOIAS EMPREENDIMENTOS LTDA;908470;JARDIM GOIAS;02103836000147;GOIÂNIA;GO;SERVIÇOS;SUDESTE;01/04/2017;15;CELG;1.503;496.699937;0.0;496.699937
202411;32051;OURO BRANCO NESP;CALCARIO OURO BRANCO LTDA;909313;OURO BRANCO;37883097000219;INDIARA;GO;MINERAIS NÃO-METÁLICOS;SUDESTE;01/06/2017;15;CELG;1.2;11.192875;0.0;11.192875
202411;1442;CBD;COMPANHIA BRASILEIRA DE DISTRIBUICAO;910358;CBD PA GOIANIA 1018;47508411160196;GOIÂNIA;GO;COMÉRCIO;SUDESTE;01/09/2017;15;CELG;0.31;130.236648;0.0;130.236648
202411;87813;BELOCAL PLANALTINA;MINERACAO BELOCAL LTDA;907171;MINERAÇÃO BELOCAL;06730693000820;PLANALTINA;GO;MINERAIS NÃO-METÁLICOS;SUDESTE;01/01/2017;15;CELG;2.0;657.37077;0.0;657.37077
202411;99122;GEM ALIMENTOS CL 514;GEM AGROINDUSTRIAL E COMERCIAL LTDA;921178;GEM AGROINDUSTRIAL;25006271000185;ACREÚNA;GO;ALIMENTÍCIOS;SUDESTE;01/01/2019;15;CELG;1.7;426.451987;0.0;426.451987
202411;82846;RIACHUELO LT 1 SE/CO;LOJAS RIACHUELO SA;898050;RIACHUELO LJ 154;33200056032423;GOIÂNIA;GO;COMÉRCIO;SUDESTE;01/02/2016;15;CELG;0.225;84.989354;0.0;84.989354
202411;88106;SHOPPING SUL CL 514;CONDOMINIO DO SHOPPING SUL;906599;SHOP SUL VALPARAISO;74155474000149;VALPARAÍSO DE GOIÁS;GO;SERVIÇOS;SUDESTE;01/12/2016;15;CELG;2.3;804.797993;0.0;804.797993
202411;46180;THERMAS BOULEVARD CL 514;CONDOMINIO THERMAS BOULEVARD SUITE HOTEL;922562;CONDOMINIO THERMAS B;12781891000140;CALDAS NOVAS;GO;SERVIÇOS;SUDESTE;01/02/2019;15;CELG;0.5;117.045135;0.0;117.045135
202411;65991;BREJEIRO;PRODUTOS ALIMENTICIOS ORLANDIA S A COMERCIO E INDUSTRIA;922772;BREJEIRO ANÁPOLIS;53309845000200;ANÁPOLIS;GO;ALIMENTÍCIOS;SUDESTE;01/03/2019;15;CELG;2.0;1250.522656;0.0;1250.522656
202411;45498;NUTRATTA CL 514;NUTRATTA NUTRICAO ANIMAL S.A;922895;NUTRATTA UC 10015188;17316559000128;ITUMBIARA;GO;ALIMENTÍCIOS;SUDESTE;01/03/2019;15;CELG;0.95;145.980595;0.0;145.980595
202411;51241;SHG SEMENTES GRANEL CL 514;SHG SEMENTES E SERVICOS LTDA;906325;MONSANTO SHG2;37302618000116;SANTA HELENA DE GOIÁS;GO;ALIMENTÍCIOS;SUDESTE;01/12/2016;15;CELG;0.5;148.612804;0.0;148.612804
202411;84857;CENCOSUD BRASIL 018;CENCOSUD BRASIL COMERCIAL S.A.;923377;Loja 527;39346861022483;GOIÂNIA;GO;COMÉRCIO;SUDESTE;01/04/2019;15;CELG;0.384;131.008683;0.0;131.008683
202411;99485;LIMAGRAIN BRASIL S/A CL 514;LIMAGRAIN BRASIL S.A.;908189;LIMAGRAIN GOIANESIA;12770927000270;GOIANÉSIA;GO;ALIMENTÍCIOS;SUDESTE;01/03/2017;15;CELG;2.0;237.563951;0.0;237.563951
202411;53172;CMP ANAPOLIS;CMP METALGRAPHICA PAULISTA LTDA;917957;COMPANHIA METALGRAPH;61161139000454;ANÁPOLIS;GO;METALURGIA E PRODUTOS DE METAL;SUDESTE;01/09/2018;15;CELG;0.5;96.313414;0.0;96.313414
202411;45924;FRIVAM CL 514;FRIVAM ALIMENTOS LTDA;917971;FRIVAM;15756574000161;HIDROLÂNDIA;GO;ALIMENTÍCIOS;SUDESTE;01/09/2018;15;CELG;0.8;18.069764;0.0;18.069764
202411;99704;ROAN ALIMENTOS CL 514;ROAN ALIMENTOS LTDA;908212;ROAN ALIMENTOS LTDA;01687284000107;ANÁPOLIS;GO;ALIMENTÍCIOS;SUDESTE;01/03/2017;15;CELG;1.9;742.788803;0.0;742.788803
202411;31754;CEPALGO CL 514;CEPALGO EMBALAGENS FLEXIVEIS LTDA.;905824;CEPALGO;00122473000161;APARECIDA DE GOIÂNIA;GO;MANUFATURADOS DIVERSOS;SUDESTE;01/11/2016;15;CELG;1.22;554.077139;0.0;554.077139
202411;46468;CEREALISTA MEDEIROS CL 514;CEREALISTA MEDEIROS LTDA;925001;CEREALISTA MEDEIROS;02481364000247;GOIÂNIA;GO;ALIMENTÍCIOS;SUDESTE;01/07/2019;15;CELG;0.93;103.154167;0.0;103.154167
202411;100018;BRASIL TELECOMCL 514 23;OI S.A. - EM RECUPERACAO JUDICIAL;926424;CTO - Goiânia - 1250;76535764032851;GOIÂNIA;GO;TELECOMUNICAÇÕES;SUDESTE;01/09/2019;15;CELG;0.53;361.250811;0.0;361.250811
202411;46831;ECOPLAX CL 514;VASAP INDUSTRIA COMERCIO E DISTRIBUICAO LTDA;931724;Ecoplax Ind. e Com.;06271056000167;APARECIDA DE GOIÂNIA;GO;MANUFATURADOS DIVERSOS;SUDESTE;01/11/2019;15;CELG;0.59;145.739932;0.0;145.739932
202411;100507;WMS SUPERCL 514 23;WMS SUPERMERCADOS DO BRASIL LTDA.;907761;WMS SUPER - LJ 922;93209765055957;RIO VERDE;GO;COMÉRCIO;SUDESTE;01/02/2017;15;CELG;0.64;283.981339;0.0;283.981339
202411;46516;ALTA VISTA RESORT CL 514;ALTA VISTA THERMAS RESORT;932956;ALTA VISTA RESORT;16586005000188;CALDAS NOVAS;GO;SERVIÇOS;SUDESTE;01/12/2019;15;CELG;0.5;101.277773;0.0;101.277773
202411;65791;SAVOY INDUSTRIA;SAVOY INDUSTRIA DE COSMETICOS S.A.;933466;SAVOY COSMETICOS UC;15392876000360;SENADOR CANEDO;GO;QUÍMICOS;SUDESTE;01/01/2020;15;CELG;9.0;4806.515173;0.0;4806.515173
202411;87014;C CE TFLEX;TFLEX INDUSTRIA E COMERCIO DE TUBOS LTDA;933630;TFLEX UC 10014524668;17496722000181;IPAMERI;GO;MANUFATURADOS DIVERSOS;SUDESTE;01/01/2020;15;CELG;0.5;208.108344;0.0;208.108344
202411;88208;SUPERVI;SUPERVI DISTRIBUIDOR DE ALIMENTOS LTDA;933948;LJ 7 JARDIM AMERICA;07503617000764;ANÁPOLIS;GO;COMÉRCIO;SUDESTE;01/02/2020;15;CELG;0.08;34.144099;0.0;34.144099
202411;88208;SUPERVI;SUPERVI DISTRIBUIDOR DE ALIMENTOS LTDA;933965;LOJA 5 - VL STA MARI;07503617000500;ANÁPOLIS;GO;COMÉRCIO;SUDESTE;01/02/2020;15;CELG;0.07;20.57764;0.0;20.57764
202411;88208;SUPERVI;SUPERVI DISTRIBUIDOR DE ALIMENTOS LTDA;933967;LOJA 3 - VILA JAIARA;07503617000330;ANÁPOLIS;GO;COMÉRCIO;SUDESTE;01/02/2020;15;CELG;0.112;57.508335;0.0;57.508335
202411;46939;MOINHO MATOS CL 514;MATOS E RIBEIRO INDUSTRIA E COMERCIO DE FARINACEOS LTDA;934316;MOINHO MATOS;08624640000184;NERÓPOLIS;GO;ALIMENTÍCIOS;SUDESTE;01/02/2020;15;CELG;0.75;201.233198;0.0;201.233198
202411;46702;RA GARRAFAS CL 514;RA GARRAFAS INDUSTRIA E COMERCIO DE EMBALAGENS LTDA;934503;RA GARRAFAS;18801488000111;GOIÂNIA;GO;MANUFATURADOS DIVERSOS;SUDESTE;01/02/2020;15;CELG;0.5;90.232056;0.0;90.232056
202411;90628;GOEMIL;GOEMIL S/A INDUSTRIA DE PRODUTOS ALIMENTICIOS;936392;GOEMIL S/A;07657789000105;;GO;ALIMENTÍCIOS;SUDESTE;01/05/2020;15;CELG;2.2;1025.526764;0.0;1025.526764
202411;93939;CARGILL ANAPOLIS;CARGILL NOVOS HORIZONTES LTDA;936427;GRANOL;50290329002660;ANÁPOLIS;GO;ALIMENTÍCIOS;SUDESTE;01/05/2020;15;CELG;7.5;1925.517312;0.0;1925.517312
202411;92091;LOPES VIANDELLI;LOPES VIANDELLI PRODUTOS ALIMENTICIOS LTDA;937106;LOPES V. LOJA 4;26910752000345;APARECIDA DE GOIÂNIA;GO;COMÉRCIO;SUDESTE;01/06/2020;15;CELG;0.12;69.789792;0.0;69.789792
202411;96278;LDC BRASIL CHAPADAO DO CEU;LOUIS DREYFUS COMPANY BRASIL S.A.;937490;LDC BRASIL - ARM CHA;47067525005924;CHAPADÃO DO CÉU;GO;ALIMENTÍCIOS;SUDESTE;01/07/2020;15;CELG;0.32;16.093684;0.0;16.093684
202411;86666;COMERCIAL REIS;COMERCIAL REIS LTDA;937739;Loja 04;03044201000260;RIO VERDE;GO;COMÉRCIO;SUDESTE;01/07/2020;15;CELG;0.12;57.237181;0.0;57.237181
202411;86666;COMERCIAL REIS;COMERCIAL REIS LTDA;937744;Loja 05;03044201000774;GOIATUBA;GO;COMÉRCIO;SUDESTE;01/07/2020;15;CELG;0.149;72.313641;0.0;72.313641
202411;90524;C CE SUPERMERCADOS CAMPEAO;CABRAL E MAIA LTDA;938153;CAMPEÃO LJ 01;37630118000103;RIO VERDE;GO;COMÉRCIO;SUDESTE;01/08/2020;15;CELG;0.264;139.892519;0.0;139.892519
202411;30828;CLARO NXT;CLARO NXT TELECOMUNICACOES S/A;940665;CLARO NXT - CELG-D -;66970229001996;GOIÂNIA;GO;TELECOMUNICAÇÕES;SUDESTE;01/12/2020;15;CELG;0.27;167.092673;0.0;167.092673
202411;95859;SUPERMERCADO PRO BRASIL;SUPERMERCADO PRO BRASIL LTDA;941378;PRO BRASIL PARQUE AM;37629995000679;GOIÂNIA;GO;COMÉRCIO;SUDESTE;01/01/2021;15;CELG;0.085;35.00155;0.0;35.00155
202411;23006;MOINHO JMG;INDUSTRIA DE ALIMENTOS JMG LTDA;941704;MOINHO JMG;33522163000274;GOIÂNIA;GO;ALIMENTÍCIOS;SUDESTE;01/01/2021;15;CELG;2.6;974.414455;0.0;974.414455
202411;31948;RAIADROGASIL LIVRE SECO I50;RAIA DROGASIL S/A;942308;AP GOIANIA;61585865046305;APARECIDA DE GOIÂNIA;GO;COMÉRCIO;SUDESTE;01/02/2021;15;CELG;0.72;250.949453;0.0;250.949453
202411;47825;MORRO ESCURO CL;MINERACAO MORRO ESCURO LTDA;942345;MORRO ESCURO;06251971000190;ITAPACI;GO;MINERAIS NÃO-METÁLICOS;SUDESTE;01/02/2021;15;CELG;0.5;2.075913;0.0;2.075913
202411;86702;METALFORTE;METALFORTE INDUSTRIA METALURGICA LTDA;942676;METALFORTE MATRIZ;02109049000102;APARECIDA DE GOIÂNIA;GO;METALURGIA E PRODUTOS DE METAL;SUDESTE;01/03/2021;15;CELG;0.14;32.430064;0.0;32.430064
202411;64343;C CE COCARI;COCARI - COOPERATIVA AGROPECUARIA E INDUSTRIAL;944372;COCARI UC 1001289203;78956968000183;CATALÃO;GO;COMÉRCIO;SUDESTE;01/05/2021;15;CELG;0.5;19.457572;0.0;19.457572
202411;95859;SUPERMERCADO PRO BRASIL;SUPERMERCADO PRO BRASIL LTDA;944243;PRO BRASIL JD. ATLAN;37629995000750;GOIÂNIA;GO;COMÉRCIO;SUDESTE;01/05/2021;15;CELG;0.115;53.475192;0.0;53.475192
202411;1442;CBD;COMPANHIA BRASILEIRA DE DISTRIBUICAO;944716;CBD -  Vaca Brava -;47508411176351;GOIÂNIA;GO;COMÉRCIO;SUDESTE;01/06/2021;15;CELG;0.35;88.732705;0.0;88.732705
202411;64343;C CE COCARI;COCARI - COOPERATIVA AGROPECUARIA E INDUSTRIAL;944987;COCARI UC 1160007000;78956968001902;CAMPO ALEGRE DE GOIÁS;GO;COMÉRCIO;SUDESTE;01/06/2021;15;CELG;0.4;27.471569;0.0;27.471569
202411;84694;UNA BOM DESPACHO;FACEB EDUCACAO LTDA;945013;ANIMA FACEB JATAI;03099921000575;JATAÍ;GO;SERVIÇOS;SUDESTE;01/06/2021;15;CELG;0.2;8.284058;0.0;8.284058
202411;99292;COMIGO-MATRIZ LIVRE;COOPERATIVA AGROINDUSTRIAL DOS PRODUTORES RURAIS DO SUDOESTE GOIANO;946289;COM - ARM. PALMEIRAS;02077618005306;PALMEIRAS DE GOIÁS;GO;SERVIÇOS;SUDESTE;01/08/2021;15;CELG;2.0;18.10207;0.0;18.10207
202411;32251;TEM VIDROS CL 514;TEM VIDROS INDUSTRIA E COMERCIO DE VIDROS LTDA;947147;TEM VIDROS;13243573000198;APARECIDA DE GOIÂNIA;GO;MINERAIS NÃO-METÁLICOS;SUDESTE;01/09/2021;15;CELG;1.4;301.972301;0.0;301.972301
202411;48351;CONDOMINIO LOZANDES CL 514;CONDOMINIO LOZANDEZ CORPORATE DESIGN;947254;CONDOMÍNIO LOZANDES;28955163000147;GOIÂNIA;GO;SERVIÇOS;SUDESTE;01/09/2021;15;CELG;0.825;258.238489;0.0;258.238489
202411;27374;ALGAR IUB CENTRO;ALGAR TELECOM S/A;948813;IUB CENTRO;71208516010307;ITUMBIARA;GO;TELECOMUNICAÇÕES;SUDESTE;01/12/2021;15;CELG;0.11;20.380586;0.0;20.380586
202411;26879;ICO METAIS;EDSON LUCCA LTDA;949028;ICO METAIS UC 402235;14094415000186;TRINDADE;GO;MANUFATURADOS DIVERSOS;SUDESTE;01/12/2021;15;CELG;0.355;94.400506;0.0;94.400506
202411;24882;ATACADAO DIA A DIA 002;ATACADAO DIA A DIA S.A;949598;DIA A DIA - ÁGUAS LI;17457404001000;;GO;COMÉRCIO;SUDESTE;01/01/2022;15;CELG;0.235;151.280702;0.0;151.280702
202411;64031;ABEC;ASSOCIACAO BRASILEIRA DE EDUCACAO E CULTURA -ABEC;949632;ABEC GOIANIA;60982352005938;GOIÂNIA;GO;SERVIÇOS;SUDESTE;01/01/2022;15;CELG;0.22;48.373792;0.0;48.373792
202411;48430;CITALE CL 514;CITALE BRASIL LTDA;950378;Citale;04336414000147;ITABERAÍ;GO;ALIMENTÍCIOS;SUDESTE;01/02/2022;15;CELG;0.5;76.635334;0.0;76.635334
202411;64434;IGUASPORT;IGUASPORT LTDA;951469;IGUASPORT GOIÂNIA BR;02314041005309;GOIÂNIA;GO;COMÉRCIO;SUDESTE;01/04/2022;15;CELG;0.13;36.750949;0.0;36.750949
202411;49590;PRAIAS DO LAGO CL 514;PRAIAS DO LAGO ECO RESORT;954468;PRAIAS DO LAGO ECO R;39761100000176;CALDAS NOVAS;GO;SERVIÇOS;SUDESTE;01/08/2022;15;CELG;0.8;251.330579;0.0;251.330579
202411;39176;CENCOSUD BRASIL 104 SE;CENCOSUD BRASIL COMERCIAL S.A.;955733;CENCOSUD LOJA 644;39346861024508;APARECIDA DE GOIÂNIA;GO;COMÉRCIO;SUDESTE;01/10/2022;15;CELG;0.3;105.22775;0.0;105.22775
202411;60443;VIAVAREJO;GRUPO CASAS BAHIA S.A.;955708;1301 - GARAVELO 1;33041260048442;APARECIDA DE GOIÂNIA;GO;COMÉRCIO;SUDESTE;01/10/2022;15;CELG;0.1;12.567556;0.0;12.567556
202411;146417;MADERO ESP SE;MADERO INDUSTRIA E COMERCIO S.A.;955801;MADERO - T4 (1003601;13783221000478;GOIÂNIA;GO;ALIMENTÍCIOS;SUDESTE;01/10/2022;15;CELG;0.12;14.697538;0.0;14.697538
202411;38274;NUTRIEN MORRINHOS;NUTRIEN SOLUCOES AGRICOLAS LTDA;956980;NUTRIEN MORRINHOS;88305859000150;MORRINHOS;GO;COMÉRCIO;SUDESTE;01/03/2023;15;CELG;0.276;6.172136;0.0;6.172136
202411;60443;VIAVAREJO;GRUPO CASAS BAHIA S.A.;957692;Filial 1700 - LUZIÂN;33041260136732;LUZIÂNIA;GO;COMÉRCIO;SUDESTE;01/01/2023;15;CELG;0.065;15.13847;0.0;15.13847
202411;92484;MAGAZINE LUIZA - I5;MAGAZINE LUIZA S/A;958536;MGL1091_GOIÂNIA;47960950112191;GOIÂNIA;GO;COMÉRCIO;SUDESTE;01/02/2023;15;CELG;0.085;9.362604;0.0;9.362604
202411;48657;SANEAGO LIVRE;SANEAMENTO DE GOIAS S/A;959440;SANEAGO - EEAB Mauro;01616929000102;GOIÂNIA;GO;SANEAMENTO;SUDESTE;01/03/2023;15;CELG;1.895;578.173503;0.0;578.173503
202411;39176;CENCOSUD BRASIL 104 SE;CENCOSUD BRASIL COMERCIAL S.A.;959971;CENCOSUD LOJA 632;39346861025237;CALDAS NOVAS;GO;COMÉRCIO;SUDESTE;01/04/2023;15;CELG;0.328;98.56579;0.0;98.56579
202411;103781;SOLUTI CL 514;SOLUTI - SOLUCOES EM NEGOCIOS INTELIGENTES S/A;960505;SOLUTI;09461647000195;GOIÂNIA;GO;SERVIÇOS;SUDESTE;01/04/2023;15;CELG;0.5;76.482944;0.0;76.482944
202411;92163;C CE BRASPRESS;BRASPRESS TRANSPORTES URGENTES LTDA;960786;BRASPRESS - ITUMBIAR;48740351015197;ITUMBIARA;GO;TRANSPORTE;SUDESTE;01/05/2023;15;CELG;0.03;3.554301;0.0;3.554301
202411;56211;LINEA ALIMENTOS;LINEA ALIMENTOS INDUSTRIA E COMERCIO S/A;961300;LINEA ALIMENTOS INDU;05207076000297;ANÁPOLIS;GO;ALIMENTÍCIOS;SUDESTE;01/05/2023;15;CELG;0.5;113.409545;0.0;113.409545
202411;54933;ALFLEX;ALFLEX EMBALAGENS LTDA;961283;ALFLEX;27461277000178;GOIÂNIA;GO;MANUFATURADOS DIVERSOS;SUDESTE;01/05/2023;15;CELG;0.22;73.209703;0.0;73.209703
202411;54452;SOCIEDADE ANHANGUERA DE ENSINO;SOCIEDADE ANHANGUERA DE ENSINO LTDA;960757;Sociedade Anhanguera;01088830000185;GOIÂNIA;GO;SERVIÇOS;SUDESTE;01/05/2023;15;CELG;0.75;112.298093;0.0;112.298093
202411;101399;LE JARDIN CL;HPO ADMINISTRACAO DE CLUBES E HOTEIS LTDA;961563;LE JARDIN - CALDAS N;33324195000184;CALDAS NOVAS;GO;SERVIÇOS;SUDESTE;01/06/2023;15;CELG;0.5;164.656526;0.0;164.656526
202411;52403;REDE LUCAS;REDE LUCAS DE SUPERMERCADOS LTDA;962069;REDE LUCAS LJ 14 (UC;06894782001450;ITUMBIARA;GO;COMÉRCIO;SUDESTE;01/06/2023;15;CELG;0.1;32.427374;0.0;32.427374
202411;92484;MAGAZINE LUIZA - I5;MAGAZINE LUIZA S/A;962319;MGL1035_GOIÂNIA - UC;47960950105810;APARECIDA DE GOIÂNIA;GO;COMÉRCIO;SUDESTE;01/07/2023;15;CELG;0.09;9.123427;0.0;9.123427
202411;107948;ULTRABOX GO;OTIMA COMERCIO DE ALIMENTOS S/A;962627;AGUAS LINDAS GO 1003;13197254000606;;GO;COMÉRCIO;SUDESTE;01/07/2023;15;CELG;0.21;143.067953;0.0;143.067953
202411;84590;LOCALIZA;LOCALIZA RENT A CAR SA;962673;LOCALIZA - LJGOI;16670085000155;GOIÂNIA;GO;SERVIÇOS;SUDESTE;01/07/2023;15;CELG;0.05;8.303716;0.0;8.303716
202411;86666;COMERCIAL REIS;COMERCIAL REIS LTDA;963906;Loja 17;03044201002122;JATAÍ;GO;COMÉRCIO;SUDESTE;01/09/2023;15;CELG;0.1;61.198623;0.0;61.198623
202411;25518;B2W CE;AMERICANAS S.A - EM RECUPERACAO JUDICIAL;964428;AMER 492;00776574130521;GOIÂNIA;GO;COMÉRCIO;SUDESTE;01/09/2023;15;CELG;0.082;14.734365;0.0;14.734365
202411;25518;B2W CE;AMERICANAS S.A - EM RECUPERACAO JUDICIAL;964774;AMER 1286;00776574159694;INHUMAS;GO;COMÉRCIO;SUDESTE;01/09/2023;15;CELG;0.08;10.295519;0.0;10.295519
202411;36873;BLAU CL 514;BLAU FARMACEUTICA S.A.;964848;BLAU ANÁPOLIS;58430828001565;ANÁPOLIS;GO;MANUFATURADOS DIVERSOS;SUDESTE;01/09/2023;15;CELG;0.5;297.596545;0.0;297.596545
202411;25518;B2W CE;AMERICANAS S.A - EM RECUPERACAO JUDICIAL;964888;AMER 488;00776574159856;JATAÍ;GO;COMÉRCIO;SUDESTE;01/09/2023;15;CELG;0.08;5.797366;0.0;5.797366
202411;25518;B2W CE;AMERICANAS S.A - EM RECUPERACAO JUDICIAL;964834;AMER 1428;00776574130793;VALPARAÍSO DE GOIÁS;GO;COMÉRCIO;SUDESTE;01/09/2023;15;CELG;0.09;6.86883;0.0;6.86883
202411;60443;VIAVAREJO;GRUPO CASAS BAHIA S.A.;966443;Filial 1463 - JATAÍ;33041260109255;JATAÍ;GO;COMÉRCIO;SUDESTE;01/11/2023;15;CELG;0.075;11.830306;0.0;11.830306
202411;3729;PERNAMBUCANAS;ARTHUR LUNDGREN TECIDOS S A CASAS PERNAMBUCANAS;966714;Pernambucanas 966714;61099834038678;APARECIDA DE GOIÂNIA;GO;COMÉRCIO;SUDESTE;01/11/2023;15;CELG;0.095;19.056156;0.0;19.056156
202411;86666;COMERCIAL REIS;COMERCIAL REIS LTDA;967405;Loja 16;03044201002203;;GO;COMÉRCIO;SUDESTE;01/12/2023;15;CELG;0.12;64.050727;0.0;64.050727
202411;93706;UNIMED GO;UNIMED GOIANIA COOPERATIVA DE TRABALHO MEDICO;967451;UNIMED GO - SAU ADUL;02476067000203;GOIÂNIA;GO;SERVIÇOS;SUDESTE;01/12/2023;15;CELG;0.08;28.150085;0.0;28.150085
202411;106393;BASF EI SE;BASF SA;967448;BASF TRINDADE - UC 1;48539407010938;TRINDADE;GO;COMÉRCIO;SUDESTE;01/12/2023;15;CELG;0.26;144.899764;0.0;144.899764
202411;106017;SERRA VERDE;SERRA VERDE PESQUISA E MINERACAO LTDA;967695;Mineracao Serra Verd;08842895000385;MINAÇU;GO;EXTRAÇÃO DE MINERAIS METÁLICOS;SUDESTE;01/12/2023;15;CELG;12.0;971.030746;0.0;971.030746
202411;7657;AIR LIQUIDE EI;AIR LIQUIDE BRASIL LTDA;968245;AIR LIQUIDE - APAREC;00331788003649;APARECIDA DE GOIÂNIA;GO;QUÍMICOS;SUDESTE;01/01/2024;15;CELG;0.065;10.840883;0.0;10.840883
202411;96268;DEZ ALIMENTOS;DEZ ALIMENTOS LTDA;969530;DEZ ALIMENTOS 100273;04945225000171;MORRINHOS;GO;ALIMENTÍCIOS;SUDESTE;01/01/2024;15;CELG;0.258;3.766926;0.0;3.766926
202411;93706;UNIMED GO;UNIMED GOIANIA COOPERATIVA DE TRABALHO MEDICO;969472;UNIMED GO - SINTA SE;02476067001528;GOIÂNIA;GO;SERVIÇOS;SUDESTE;01/01/2024;15;CELG;0.097;21.274832;0.0;21.274832
202411;4574;BRASIL TELE SE;OI S.A. - EM RECUPERACAO JUDICIAL;970333;ID UC 18943 - UC 105;76535764032851;GOIÂNIA;GO;TELECOMUNICAÇÕES;SUDESTE;01/01/2024;15;CELG;0.042;15.802185;0.0;15.802185
202411;115055;ALUCENTRO VIDROS;ALUCENTRO VIDROS LTDA;970757;ALUCENTRO VIDROS LTD;07721211000162;APARECIDA DE GOIÂNIA;GO;MINERAIS NÃO-METÁLICOS;SUDESTE;01/01/2024;15;CELG;0.5;53.3129;0.0;53.3129
202411;37878;BRK GO;BRK AMBIENTAL - GOIAS S.A.;972077;BRK GO - SEDE OPERAC;18123402000149;APARECIDA DE GOIÂNIA;GO;SANEAMENTO;SUDESTE;01/02/2024;15;CELG;0.1;12.026923;0.0;12.026923
202411;123276;AGROMEN ASA;AGROMEN SEMENTES AGRICOLAS LTDA;974382;Agromen Campo Alegre;50899293001050;CAMPO ALEGRE DE GOIÁS;GO;ALIMENTÍCIOS;SUDESTE;01/03/2024;15;CELG;0.75;58.026657;0.0;58.026657
202411;101529;SMART FIT - SUDESTE;SMARTFIT ESCOLA DE GINASTICA E DANCA S.A;975550;GOCSER1 - UC 1003316;07594978040803;GOIÂNIA;GO;SERVIÇOS;SUDESTE;01/04/2024;15;CELG;0.225;28.439179;0.0;28.439179
202411;105683;CENCOSUD BRASIL 126 SE;CENCOSUD BRASIL COMERCIAL S.A.;975640;CENCOSUD LOJA 631;39346861025156;APARECIDA DE GOIÂNIA;GO;COMÉRCIO;SUDESTE;01/04/2024;15;CELG;0.245;80.596766;0.0;80.596766
202411;105683;CENCOSUD BRASIL 126 SE;CENCOSUD BRASIL COMERCIAL S.A.;975720;CENCOSUD LOJA 656;39346861024184;GOIÂNIA;GO;COMÉRCIO;SUDESTE;01/04/2024;15;CELG;0.371;87.098264;0.0;87.098264
202411;48657;SANEAGO LIVRE;SANEAMENTO DE GOIAS S/A;977436;SANEAGO - UC 1107196;01616929000102;GOIÂNIA;GO;SANEAMENTO;SUDESTE;01/05/2024;15;CELG;0.85;431.268657;0.0;431.268657
202411;67038;NACIONAL GAS;NACIONAL GAS BUTANO DISTRIBUIDORA LTDA;977985;NGD - GOIANIA- UC 19;06980064009562;SENADOR CANEDO;GO;COMÉRCIO;SUDESTE;01/05/2024;15;CELG;0.16;58.986661;0.0;58.986661
202411;45529;ISOESTE CL 514;KINGSPAN - ISOESTE CONSTRUTIVOS ISOTERMICOS S/A;978863;ISOESTE ANAPOLIS II;00289348000140;ANÁPOLIS;GO;METALURGIA E PRODUTOS DE METAL;SUDESTE;01/06/2024;15;CELG;0.567;256.077835;0.0;256.077835
202411;93905;COMIGO-MATRIZ ESPECIAL;COOPERATIVA AGROINDUSTRIAL DOS PRODUTORES RURAIS DO SUDOESTE GOIANO;978918;COMIGO LOJA CAIAPÔNI;02077618004504;CAIAPÔNIA;GO;COMÉRCIO;SUDESTE;01/06/2024;15;CELG;0.05;14.821109;0.0;14.821109
202411;64298;BURGER KING;ZAMP S.A.;979660;BK PLK BURITI SHOP 1;13574594127692;APARECIDA DE GOIÂNIA;GO;ALIMENTÍCIOS;SUDESTE;01/06/2024;15;CELG;0.075;13.751683;0.0;13.751683
202411;74006;ANHANGUERA ESP;ANHANGUERA EDUCACIONAL PARTICIPACOES S/A;981249;1062 - Valparaiso Go;04310392002602;VALPARAÍSO DE GOIÁS;GO;SERVIÇOS;SUDESTE;01/07/2024;15;CELG;0.12;12.089215;0.0;12.089215
202411;30087;RENNER SE;LOJAS RENNER S.A.;983188;RNR593_SH LUZIANIA (;92754738054092;LUZIÂNIA;GO;COMÉRCIO;SUDESTE;01/07/2024;15;CELG;0.13;23.672151;0.0;23.672151
202411;30493;SANEAGO;SANEAMENTO DE GOIAS S/A;986860;SANEAGO - UC 2460011;01616929000102;NOVO GAMA;GO;SANEAMENTO;SUDESTE;01/09/2024;15;CELG;0.199;119.862017;0.0;119.862017
202411;142582;AGRICOLA WEHRMANN;AGRICOLA WEHRMANN LTDA;991654;AGRICOLA WEHRMANN SA;35563152000187;CRISTALINA;GO;ALIMENTÍCIOS;SUDESTE;01/11/2024;15;CELG;1.219;788.696893;0.0;788.696893
202410;116398;MOSAIC PEK CATALAO;MOSAIC FERTILIZANTES P&K LTDA.;7080;MOSAIC FERTILIZANTES;33931486001021;CATALÃO;GO;MINERAIS NÃO-METÁLICOS;SUDESTE;01/11/2003;15;CELG;20.5;12575.795514;0.0;12575.795514
202410;31307;COG-CPLEMGO INDUSTRIA;COOPERATIVA MISTA DOS PRODUTORES DE LEITE DE MORRINHOS;71766;COMPLEM-MORRINHOS;02667442001436;MORRINHOS;GO;COMÉRCIO;SUDESTE;01/01/2012;15;CELG;1.075;446.742958;0.0;446.742958
202410;70822;CRISTALINA CL;CRISTALINA ALIMENTOS LTDA;902661;CRISTALINA ALIMENTOS;10666522000180;CRISTALINA;GO;ALIMENTÍCIOS;SUDESTE;01/08/2016;15;CELG;5.0;2062.914391;0.0;2062.914391
202410;44803;TRD-CIFARMAGO LIVRE;CIFARMA CIENTIFICA FARMACEUTICA LTDA EM RECUPERACAO JUDICIAL;903116;CIFARMA CIENTIFICA;17562075000169;GOIÂNIA;GO;MANUFATURADOS DIVERSOS;SUDESTE;01/08/2016;15;CELG;1.05;503.479947;0.0;503.479947
202410;85644;HEINZ CL 514;HEINZ BRASIL S.A.;900937;HEINZ NG Nova Goiás;50955707001100;NERÓPOLIS;GO;ALIMENTÍCIOS;SUDESTE;01/07/2016;15;CELG;2.5;1372.853427;0.0;1372.853427
202410;71995;CARAMURU S SIMAO;CARAMURU ALIMENTOS  S/A;901092;CARAMURU SAO SIMAO;00080671000371;SÃO SIMÃO;GO;ALIMENTÍCIOS;SUDESTE;01/07/2016;15;CELG;3.7;2250.13706;0.0;2250.13706
202410;86633;SYNGENTA S;SYNGENTA SEEDS LTDA;897687;SYNGENTA FORMOSA;28403532003295;FORMOSA;GO;ALIMENTÍCIOS;SUDESTE;01/01/2016;15;CELG;2.65;718.78433;0.0;718.78433
202410;45355;CICOPAL CL 514;CICOPAL INDUSTRIA E COMERCIO DE PRODUTOS ALIMENTICIOS E HIGIENE PESSOAL LTDA;908469;CICOPAL;01121175000110;SENADOR CANEDO;GO;ALIMENTÍCIOS;SUDESTE;01/04/2017;15;CELG;0.8;372.882918;0.0;372.882918
202410;99125;SHOPPING BRV CL 514;BURITI SHOPPING RIO VERDE;905023;SHOP BURITI RIO VERD;24130714000182;RIO VERDE;GO;SERVIÇOS;SUDESTE;01/10/2016;15;CELG;1.61;589.202579;0.0;589.202579
202410;45640;SHOPPING AGUAS LINDAS CL 514;AGUAS LINDAS SHOPPING;905806;SHOP AGUAS LINDAS;24157581000138;ÁGUA LINDAS DE GOIÁS;GO;SERVIÇOS;SUDESTE;01/11/2016;15;CELG;0.7;256.234775;0.0;256.234775
202410;27128;LATICINIOS CENTRO OESTE CL;LACTOSUL INDUSTRIA DE LATICINIOS -LTDA;907767;LACTOSUL;05915146000261;PIRANHAS;GO;ALIMENTÍCIOS;SUDESTE;01/02/2017;15;CELG;1.6;752.973808;0.0;752.973808
202410;71012;CEREAL COM;CEREAL COMERCIO EXPORTACAO E REPRESENTACAO AGROPECUARIA SA;905825;Cereal Com. Exp e Re;00012377000160;RIO VERDE;GO;ALIMENTÍCIOS;SUDESTE;01/11/2016;15;CELG;5.6;3955.625053;0.0;3955.625053
202410;32617;GENIX CL 514 2022;GENIX - INDUSTRIA FARMACEUTICA LTDA;909713;GENIX;04376121000193;ANÁPOLIS;GO;MANUFATURADOS DIVERSOS;SUDESTE;01/07/2017;15;CELG;1.45;1011.830073;0.0;1011.830073
202410;116340;MOSAIC - CATALAO;MOSAIC FERTILIZANTES DO BRASIL LTDA.;909696;MOSAIC CATALAO;61156501011352;CATALÃO;GO;QUÍMICOS;SUDESTE;01/07/2017;15;CELG;0.26;55.079607;0.0;55.079607
202410;99611;DAUS CL 514;DAUS INDUSTRIA DE ALIMENTOS S.A.;909739;OUROLAC;04865228000103;RIO VERDE;GO;ALIMENTÍCIOS;SUDESTE;01/07/2017;15;CELG;1.5;772.950605;0.0;772.950605
202410;71996;CARAMURU IPAMERI;CARAMURU ALIMENTOS  S/A;908058;CARAMURU IPAMERI;00080671002153;IPAMERI;GO;MINERAIS NÃO-METÁLICOS;SUDESTE;01/03/2017;15;CELG;3.7;2346.2556;0.0;2346.2556
202410;66541;MEGA MODA;SPE MEGA MODA SHOPPING LTDA;907176;LOJA;14366423000134;GOIÂNIA;GO;SERVIÇOS;SUDESTE;01/01/2017;15;CELG;0.47;125.214166;0.0;125.214166
202410;64434;IGUASPORT;IGUASPORT LTDA;907174;IGUASPORT GOIANIA;02314041002393;GOIÂNIA;GO;COMÉRCIO;SUDESTE;01/01/2017;15;CELG;0.255;132.736825;0.0;132.736825
202410;82846;RIACHUELO LT 1 SE/CO;LOJAS RIACHUELO SA;898037;RIACHUELO LJ 42;33200056005450;GOIÂNIA;GO;COMÉRCIO;SUDESTE;01/02/2016;15;CELG;0.23;47.541507;0.0;47.541507
202410;31630;BELMA MATRIZ CL 514;BELMA INDUSTRIAL DE GENEROS ALIMENTICIOS LTDA;922544;Belma Industrial;08039334000180;APARECIDA DE GOIÂNIA;GO;ALIMENTÍCIOS;SUDESTE;01/02/2019;15;CELG;1.0;544.796693;0.0;544.796693
202410;48517;TREVO ALIMENTOS EIRELI CL 514;TREVO ALIMENTOS LTDA;919181;FRIGONEVES INDUSTRIA;16613803000151;ITAUÇU;GO;ALIMENTÍCIOS;SUDESTE;01/11/2018;15;CELG;0.65;229.99822;0.0;229.99822
202410;31436;SHOPPING BOUGAINVILLE CL;CONDOMINIO SHOPPING BOUGAINVILLE;915105;Shopping Bougainvill;09332238000199;GOIÂNIA;GO;SERVIÇOS;SUDESTE;01/07/2018;15;CELG;1.07;329.678794;0.0;329.678794
202410;4496;COG-CPLEMGO;COOPERATIVA MISTA DOS PRODUTORES DE LEITE DE MORRINHOS;923194;COMPLEM-GRANE;02667442002670;MORRINHOS;GO;SERVIÇOS;SUDESTE;01/04/2019;15;CELG;0.25;6.296457;0.0;6.296457
202410;4496;COG-CPLEMGO;COOPERATIVA MISTA DOS PRODUTORES DE LEITE DE MORRINHOS;923193;COMPLEM-SUPERM;02667442000111;MORRINHOS;GO;COMÉRCIO;SUDESTE;01/04/2019;15;CELG;0.25;93.988724;0.0;93.988724
202410;77043;CAN PACK;CAN-PACK BRASIL INDUSTRIA DE EMBALAGENS LTDA.;917431;CAN-PACK - Itumbiara;14855630000233;ITUMBIARA;GO;METALURGIA E PRODUTOS DE METAL;SUDESTE;01/08/2018;15;CELG;5.0;3110.548668;0.0;3110.548668
202410;63049;DURO PVC;DURO PVC LTDA;904091;DURO PVC JD ELDORADO;00426978000110;APARECIDA DE GOIÂNIA;GO;MANUFATURADOS DIVERSOS;SUDESTE;01/09/2016;15;CELG;1.431;300.190908;0.0;300.190908
202410;74641;COMIGO;COOPERATIVA AGROINDUSTRIAL DOS PRODUTORES RURAIS DO SUDOESTE GOIANO;915533;COMIGO - RIO VERDE;02077618000266;RIO VERDE;GO;ALIMENTÍCIOS;SUDESTE;01/08/2018;15;CELG;18.0;7546.427122;0.0;7546.427122
202410;88153;YPE QUIMICA GOIANIA;QUIMICA AMPARO LTDA;917959;QUÍMICA YPÊ GOIÂNIA;43461789001677;GOIÂNIA;GO;METALURGIA E PRODUTOS DE METAL;SUDESTE;01/09/2018;15;CELG;1.54;396.080078;0.0;396.080078
202410;100248;HIPER MOREIRACL 514 23;SUPERMERCADO MOREIRA LTDA;917958;Supermercado Moreira;00148007000155;GOIÂNIA;GO;COMÉRCIO;SUDESTE;01/09/2018;15;CELG;0.95;362.407326;0.0;362.407326
202410;31867;GSA GAMA CL 514;GSA GAMA SUCOS E ALIMENTOS LTDA.;907832;GSA;00774265000147;APARECIDA DE GOIÂNIA;GO;BEBIDAS;SUDESTE;01/03/2017;15;CELG;1.0;389.465266;0.0;389.465266
202410;35515;SGB WEBER ANAPOLIS EI;SAINT-GOBAIN DO BRASIL PRODUTOS INDUSTRIAIS E PARA CONSTRUCAO LTDA;896206;SGBRAS ANÁPOLIS I;61064838002420;ANÁPOLIS;GO;MINERAIS NÃO-METÁLICOS;SUDESTE;01/08/2015;15;CELG;0.485;160.904508;0.0;160.904508
202410;85296;JBS FRIBOI CL7;JBS S/A;904684;JBS SEN CANEDO;02916265020004;SENADOR CANEDO;GO;ALIMENTÍCIOS;SUDESTE;01/10/2016;15;CELG;4.8;2080.802845;0.0;2080.802845
202410;67083;LDC BRASIL JATAI CL SE;LOUIS DREYFUS COMPANY BRASIL S.A.;904704;LDC BRASIL JATAI;47067525007625;JATAÍ;GO;ALIMENTÍCIOS;SUDESTE;01/10/2016;15;CELG;5.55;3603.084438;0.0;3603.084438
202410;85675;KLABIN RIOVERDE CL;KLABIN S.A.;907763;KLABIN RIO VERDE;89637490017200;RIO VERDE;GO;MADEIRA, PAPEL E CELULOSE;SUDESTE;01/02/2017;15;CELG;1.1;600.610095;0.0;600.610095
202410;100507;WMS SUPERCL 514 23;WMS SUPERMERCADOS DO BRASIL LTDA.;907787;WMS SUPER - LJ 929;93209765057658;GOIÂNIA;GO;COMÉRCIO;SUDESTE;01/03/2017;15;CELG;0.79;342.405598;0.0;342.405598
202410;62592;LF PLASTICOS ESP;LF PLASTICOS LTDA;904219;LF PLASTICOS;06947499000125;APARECIDA DE GOIÂNIA;GO;MANUFATURADOS DIVERSOS;SUDESTE;01/09/2016;15;CELG;0.78;324.039322;0.0;324.039322
202410;82846;RIACHUELO LT 1 SE/CO;LOJAS RIACHUELO SA;926024;RCHLO LOJA 40;33200056013470;ANÁPOLIS;GO;COMÉRCIO;SUDESTE;01/09/2019;15;CELG;0.227;37.947973;0.0;37.947973
202410;3999;C&A MODAS;C&A MODAS S.A.;926323;C&A MODAS - GOI715;45242914009587;GOIÂNIA;GO;COMÉRCIO;SUDESTE;01/09/2019;15;CELG;0.19;41.00067;0.0;41.00067
202410;86578;TATICO SETOR CENTRO OESTE;CENTRO OESTE COMERCIAL DE ALIMENTOS LTDA;928903;TATICO JARDIM BELA M;24447350000240;APARECIDA DE GOIÂNIA;GO;COMÉRCIO;SUDESTE;01/10/2019;15;CELG;0.34;189.12872;0.0;189.12872
202410;31456;BRITACAL CL 514;BRITACAL IND E COM DE BRITA E CALCARIO BRASILIA LTDA;930844;BRITACAL DIVINOPOLIS;26970103001069;DIVINÓPOLIS DE GOIÁS;GO;MINERAIS NÃO-METÁLICOS;SUDESTE;01/11/2019;15;CELG;1.495;482.688592;0.0;482.688592
202410;24540;SHG SEMENTES CL;SHG SEMENTES E SERVICOS LTDA;905803;MONSANTO SHG;37302618000116;SANTA HELENA DE GOIÁS;GO;ALIMENTÍCIOS;SUDESTE;01/12/2016;15;CELG;2.1;309.89144;0.0;309.89144
202410;44979;BISNAGO CL;BISNAGO INDUSTRIA DE EMBALAGENS LTDA;905826;BISNAGO IND DE EMBAL;10268112000181;ANÁPOLIS;GO;METALURGIA E PRODUTOS DE METAL;SUDESTE;01/11/2016;15;CELG;0.8;664.329295;0.0;664.329295
202410;46782;ABATEDOURO VEREDA CL 514;VEREDA ALIMENTOS LTDA;932932;ABATEDOURO VEREDA;04454667000115;GOIANÉSIA;GO;ALIMENTÍCIOS;SUDESTE;01/12/2019;15;CELG;0.65;136.807294;0.0;136.807294
202410;86562;BOM LIXO;BOMLIXO INDUSTRIA E COMERCIO LTDA;932957;BOMLIXO DO ACUCAR;05324532000106;GOIÂNIA;GO;MANUFATURADOS DIVERSOS;SUDESTE;01/12/2019;15;CELG;0.42;230.4264;0.0;230.4264
202410;46856;CALCARIO URUACU CL;CALCARIO URUACU LTDA;932977;Calcário Uruaçu;06220490000118;NIQUELÂNDIA;GO;MINERAIS NÃO-METÁLICOS;SUDESTE;01/12/2019;15;CELG;0.5;123.697404;0.0;123.697404
202410;46775;MGPARK CL 514;PARK EMPREENDIMENTOS COMERCIAIS S/A;934346;PARK EMPREENDIMENTOS;29641242000146;GOIÂNIA;GO;SERVIÇOS;SUDESTE;01/02/2020;15;CELG;0.6;170.942362;0.0;170.942362
202410;31962;GOIASCAL CL;GOIASCAL MINERACAO E CALCARIO LTDA;934314;GOIASCAL MINERACAO C;01413855000700;INDIARA;GO;MINERAIS NÃO-METÁLICOS;SUDESTE;01/02/2020;15;CELG;1.6;132.733317;0.0;132.733317
202410;31249;GOIASFILLER CL;GOIASFILLER MINERACAO LTDA;934543;GOIASFILLER MINERACA;07475736000165;INDIARA;GO;MINERAIS NÃO-METÁLICOS;SUDESTE;01/02/2020;15;CELG;1.245;460.346529;0.0;460.346529
202410;101185;CIPLAN GUAPO;CIPLAN CIMENTO PLANALTO SA;934692;CIPLAN - GUAPO;00057240000122;GUAPO;GO;MINERAIS NÃO-METÁLICOS;SUDESTE;01/03/2020;15;CELG;0.8;209.249752;0.0;209.249752
202410;47071;SOL BEBIDAS CL 514;SOL INDUSTRIA E COMERCIO DE BEBIDAS LTDA;935857;SOL BEBIDAS;05105162000108;SENADOR CANEDO;GO;BEBIDAS;SUDESTE;01/04/2020;15;CELG;0.5;116.993252;0.0;116.993252
202410;1442;CBD;COMPANHIA BRASILEIRA DE DISTRIBUICAO;936112;CBD - T63 - 2378;47508411034301;GOIÂNIA;GO;COMÉRCIO;SUDESTE;01/05/2020;15;CELG;0.35;149.102346;0.0;149.102346
202410;86666;COMERCIAL REIS;COMERCIAL REIS LTDA;937751;Loja 08;03044201001070;CATALÃO;GO;COMÉRCIO;SUDESTE;01/07/2020;15;CELG;0.11;54.872367;0.0;54.872367
202410;86666;COMERCIAL REIS;COMERCIAL REIS LTDA;937738;Loja 03;03044201000340;ITUMBIARA;GO;COMÉRCIO;SUDESTE;01/07/2020;15;CELG;0.105;51.431756;0.0;51.431756
202410;46877;MONTIVIDIU CAIAPONIA CL 514;MINERACAO DE CALCARIO MONTIVIDIU LTDA;937787;MONTIVIDIU CAIAPONIA;02174951000374;CAIAPÔNIA;GO;MINERAIS NÃO-METÁLICOS;SUDESTE;01/07/2020;15;CELG;0.69;3.715722;0.0;3.715722
202410;47264;COSTA MULTICANAL CL 514;COSTA MULTICANAL S/A;937788;COSTA MULTICANAL 1;27289076000305;GOIÂNIA;GO;COMÉRCIO;SUDESTE;01/07/2020;15;CELG;0.5;194.570418;0.0;194.570418
202410;47248;JC DISTRIBUICAO CL 514;JC DISTRIBUICAO LOGISTICA IMPORTACAO E EXPORTACAO DE PRODUTOS INDUSTRIALIZADOS S/A;937776;JC DISTRIBUICAO;06314327000203;APARECIDA DE GOIÂNIA;GO;COMÉRCIO;SUDESTE;01/07/2020;15;CELG;0.5;174.665507;0.0;174.665507
202410;25518;B2W CE;AMERICANAS S.A - EM RECUPERACAO JUDICIAL;938087;LASA Loja 285;00776574168413;GOIÂNIA;GO;COMÉRCIO;SUDESTE;01/08/2020;15;CELG;0.109;16.555233;0.0;16.555233
202410;96164;CENTRO OESTE OLEO QUIMICA;CENTRO OESTE OLEO QUIMICA LTDA;938155;PRODUTOS OESTE;08251405000104;LEOPOLDO DE BULHÕES;GO;QUÍMICOS;SUDESTE;01/08/2020;15;CELG;0.5;148.097836;0.0;148.097836
202410;90524;C CE SUPERMERCADOS CAMPEAO;CABRAL E MAIA LTDA;938152;CAMPEÃO LJ 03;37630118000103;RIO VERDE;GO;COMÉRCIO;SUDESTE;01/08/2020;15;CELG;0.07;29.263569;0.0;29.263569
202410;85941;CINEMARK SE;CINEMARK BRASIL S.A.;938178;CINEMARK PASSEIO AGU;00779721006859;GOIÂNIA;GO;SERVIÇOS;SUDESTE;01/08/2020;15;CELG;0.24;54.030396;0.0;54.030396
202410;87729;IURD SP BRAS MATRIZ;IGREJA UNIVERSAL DO REINO DE DEUS;938820;IURD GO GOIÂNIA;29744778052073;GOIÂNIA;GO;SERVIÇOS;SUDESTE;01/09/2020;15;CELG;0.5;88.925014;0.0;88.925014
202410;96052;TRANSZILLI;TRANSPORTES E ARMAZENAGEM ZILLI LTDA;939116;TRANSZILLI ARAGUAIA;81804684000267;APARECIDA DE GOIÂNIA;GO;TRANSPORTE;SUDESTE;01/09/2020;15;CELG;0.408;169.883895;0.0;169.883895
202410;93706;UNIMED GO;UNIMED GOIANIA COOPERATIVA DE TRABALHO MEDICO;939625;ST BUENO;02476067000122;GOIÂNIA;GO;SERVIÇOS;SUDESTE;01/10/2020;15;CELG;0.6;217.890601;0.0;217.890601
202410;72262;RIACHUELO LT 2 SE/CO;LOJAS RIACHUELO SA;939628;RCHLO - APARECIDA DE;33200056044510;APARECIDA DE GOIÂNIA;GO;COMÉRCIO;SUDESTE;01/10/2020;15;CELG;0.16;45.387583;0.0;45.387583
202410;47620;GOIAS PACK CL 514;GOIASPACK INDUSTRIA E COMERCIO LTDA;939730;GOIAS PACK;05604243000152;ANÁPOLIS;GO;MANUFATURADOS DIVERSOS;SUDESTE;01/10/2020;15;CELG;0.5;78.480434;0.0;78.480434
202410;99292;COMIGO-MATRIZ LIVRE;COOPERATIVA AGROINDUSTRIAL DOS PRODUTORES RURAIS DO SUDOESTE GOIANO;940398;COM- MONTES CLAROS;02077618004253;MONTES CLAROS DE GOIÁS;GO;SERVIÇOS;SUDESTE;01/12/2020;15;CELG;1.2;64.33933;0.0;64.33933
202410;95859;SUPERMERCADO PRO BRASIL;SUPERMERCADO PRO BRASIL LTDA;941375;SUPERMERCADO PRO BRA;37629995000164;GOIÂNIA;GO;COMÉRCIO;SUDESTE;01/01/2021;15;CELG;0.165;84.018785;0.0;84.018785
202410;89866;CARAMURU ARMAZENS GO;CARAMURU ALIMENTOS  S/A;941362;CARAMURU ARMAZENS PO;00080671004105;PORTELÂNDIA;GO;SERVIÇOS;SUDESTE;01/01/2021;15;CELG;0.38;26.332666;0.0;26.332666
202410;99081;COMIVA;COOPERATIVA MISTA AGROPECUARIA DO VALE DO ARAGUAIA;941900;COMIVA MINEIROS;01167501000715;MINEIROS;GO;SERVIÇOS;SUDESTE;01/01/2021;15;CELG;0.26;9.204122;0.0;9.204122
202410;99234;COAPIL;COOPERATIVA AGROPECUARIA MISTA DE PIRACANJUBA - COAPIL;942365;COAPIL;02447928000144;PIRACANJUBA;GO;COMÉRCIO;SUDESTE;01/02/2021;15;CELG;0.8;40.723499;0.0;40.723499
202410;23471;CORUMBA III UC;CONSORCIO EMPREENDEDOR CORUMBA III;945120;CORUMBA III UC;08466520000104;LUZIÂNIA;GO;SERVIÇOS;SUDESTE;01/06/2021;15;CELG;0.5;22.350707;0.0;22.350707
202410;99239;MILHAO LIVRE;MILHAO INDUSTRIA E COMERCIO DE INGREDIENTES E CEREAIS S.A.;945294;MILHAO 34,5;08647384000140;GOIÂNIA;GO;ALIMENTÍCIOS;SUDESTE;01/07/2021;15;CELG;3.5;1876.568788;0.0;1876.568788
202410;3124;SANTANDER EI;BANCO SANTANDER (BRASIL) S.A.;945484;001-3348 - GOIANIA-A;90400888000142;GOIÂNIA;GO;SERVIÇOS;SUDESTE;01/07/2021;15;CELG;0.081;21.244648;0.0;21.244648
202410;3124;SANTANDER EI;BANCO SANTANDER (BRASIL) S.A.;946270;001-1223 - SET BELA;90400888000142;GOIÂNIA;GO;SERVIÇOS;SUDESTE;01/08/2021;15;CELG;0.062;9.522629;0.0;9.522629
202410;3124;SANTANDER EI;BANCO SANTANDER (BRASIL) S.A.;946329;001-2032 - REPUBLICA;90400888000142;GOIÂNIA;GO;SERVIÇOS;SUDESTE;01/08/2021;15;CELG;0.086;2.718718;0.0;2.718718
202410;84391;MARISA SE I5;MARISA LOJAS S.A.;947579;MLJ680_CAPUAVA;61189288032544;GOIÂNIA;GO;COMÉRCIO;SUDESTE;01/10/2021;15;CELG;0.18;28.580006;0.0;28.580006
202410;98167;ABL ENERGIA;FMC ENERGIA LTDA;948046;BUENA VISTA;35585168000190;GOIÂNIA;GO;SERVIÇOS;SUDESTE;01/11/2021;15;CELG;0.3;100.962761;0.0;100.962761
202410;72861;HERING EI SE;CIA. HERING;948148;HERING GOIANÉSIA;78876950005483;GOIANÉSIA;GO;TÊXTEIS;SUDESTE;01/11/2021;15;CELG;0.33;76.457345;0.0;76.457345
202410;48322;AGROMASS CL 514;AGROMASS BRASIL - IMPORTACAO E EXPORTACAO LTDA;948383;AGROMASS;06274095000207;CATALÃO;GO;ALIMENTÍCIOS;SUDESTE;01/11/2021;15;CELG;0.5;160.32557;0.0;160.32557
202410;68098;FACULDADES ALFA;CENTRO EDUCACIONAL ALVES FARIA LTDA.;948732;FACULDADES ALFA - BU;02850990000344;GOIÂNIA;GO;SERVIÇOS;SUDESTE;01/12/2021;15;CELG;0.14;21.184733;0.0;21.184733
202410;90524;C CE SUPERMERCADOS CAMPEAO;CABRAL E MAIA LTDA;948716;CAMPEÃO LJ 05 - UC 1;37630118000103;RIO VERDE;GO;COMÉRCIO;SUDESTE;01/12/2021;15;CELG;0.03;36.18718;0.0;36.18718
202410;26879;ICO METAIS;EDSON LUCCA LTDA;948966;ICO METAIS UC 401800;14094415000186;TRINDADE;GO;MANUFATURADOS DIVERSOS;SUDESTE;01/12/2021;15;CELG;0.2;35.296419;0.0;35.296419
202410;4574;BRASIL TELE SE;OI S.A. - EM RECUPERACAO JUDICIAL;950252;UC 500027006 - SÃO L;76535764032851;SÃO LUÍS DE MONTES BELOS;GO;TELECOMUNICAÇÕES;SUDESTE;01/02/2022;15;CELG;0.057;34.779284;0.0;34.779284
202410;48657;SANEAGO LIVRE;SANEAMENTO DE GOIAS S/A;951019;EEAB ETA e EEAT - Ja;01616929000102;JATAÍ;GO;SANEAMENTO;SUDESTE;01/03/2022;15;CELG;0.693;509.282233;0.0;509.282233
202410;93905;COMIGO-MATRIZ ESPECIAL;COOPERATIVA AGROINDUSTRIAL DOS PRODUTORES RURAIS DO SUDOESTE GOIANO;951473;COMIGO LOJA JATAI;02077618002390;JATAÍ;GO;COMÉRCIO;SUDESTE;01/04/2022;15;CELG;0.115;29.502998;0.0;29.502998
202410;38106;PEVE FOODS;PEVE FOODS LTDA;952632;PEVE FOODS;20500092000429;MINEIROS;GO;COMÉRCIO;SUDESTE;01/06/2022;15;CELG;0.5;165.278184;0.0;165.278184
202410;37878;BRK GO;BRK AMBIENTAL - GOIAS S.A.;954608;BRK GO - EEE ALMEIDA;18123402000149;APARECIDA DE GOIÂNIA;GO;SANEAMENTO;SUDESTE;01/08/2022;15;CELG;0.14;39.63928;0.0;39.63928
202410;37878;BRK GO;BRK AMBIENTAL - GOIAS S.A.;954532;BRK GO - ETE CHAPADI;18123402000300;RIO VERDE;GO;SANEAMENTO;SUDESTE;01/08/2022;15;CELG;0.112;122.046733;0.0;122.046733
202410;31407;ATACADAO CL;ATACADAO S.A.;954894;ATACADAO LJ 214;75315333021459;GOIÂNIA;GO;COMÉRCIO;SUDESTE;01/09/2022;15;CELG;0.65;228.313087;0.0;228.313087
202410;24882;ATACADAO DIA A DIA 002;ATACADAO DIA A DIA S.A;955649;DIA A DIA - NOVO GA;17457404001507;NOVO GAMA;GO;COMÉRCIO;SUDESTE;01/10/2022;15;CELG;0.3;150.600457;0.0;150.600457
202410;71101;BURGER KING SE I1;ZAMP S.A.;955828;BK - SHOPPING CERRA;13574594064160;GOIÂNIA;GO;ALIMENTÍCIOS;SUDESTE;01/10/2022;15;CELG;0.056;13.153484;0.0;13.153484
202410;95859;SUPERMERCADO PRO BRASIL;SUPERMERCADO PRO BRASIL LTDA;955798;SUPERMERCADO CELINA;37629995000164;GOIÂNIA;GO;COMÉRCIO;SUDESTE;01/10/2022;15;CELG;0.1;53.382509;0.0;53.382509
202410;39756;SANTA CRUZ;DISTRIBUIDORA DE MEDICAMENTOS SANTA CRUZ LTDA;956720;Santa GO;61940292005287;ANÁPOLIS;GO;COMÉRCIO;SUDESTE;01/11/2022;15;CELG;0.17;82.372727;0.0;82.372727
202410;60443;VIAVAREJO;GRUPO CASAS BAHIA S.A.;957732;Filial 1698 - INHUMA;33041260135922;INHUMAS;GO;COMÉRCIO;SUDESTE;01/01/2023;15;CELG;0.03;6.675239;0.0;6.675239
202410;42300;TAC GOIANIA - LIVRE;TAC LOGISTICA LTDA;958438;TAC GOIANIA - UC 100;01456021000340;APARECIDA DE GOIÂNIA;GO;TRANSPORTE;SUDESTE;01/01/2023;15;CELG;0.5;143.474295;0.0;143.474295
202410;48657;SANEAGO LIVRE;SANEAMENTO DE GOIAS S/A;959437;SANEAGO - EEAT Ipira;01616929000102;GOIÂNIA;GO;SANEAMENTO;SUDESTE;01/03/2023;15;CELG;0.585;175.704322;0.0;175.704322
202410;48657;SANEAGO LIVRE;SANEAMENTO DE GOIAS S/A;959429;SANEAGO - EEAT Vila;01616929000102;GOIÂNIA;GO;SANEAMENTO;SUDESTE;01/03/2023;15;CELG;1.105;623.768057;0.0;623.768057
202410;76968;ACCORINVEST;HOTELARIA ACCORINVEST BRASIL S.A;959504;H3670 - HOTEL IBIS G;02419765002482;GOIÂNIA;GO;SERVIÇOS;SUDESTE;01/03/2023;15;CELG;0.12;52.671602;0.0;52.671602
202410;30493;SANEAGO;SANEAMENTO DE GOIAS S/A;959506;SANEAGO - ETE - Água;01616929000102;;GO;SANEAMENTO;SUDESTE;01/03/2023;15;CELG;0.37;220.343149;0.0;220.343149
202410;39176;CENCOSUD BRASIL 104 SE;CENCOSUD BRASIL COMERCIAL S.A.;959934;CENCOSUD LOJA 545;39346861022998;GOIÂNIA;GO;COMÉRCIO;SUDESTE;01/04/2023;15;CELG;0.2;95.289707;0.0;95.289707
202410;39176;CENCOSUD BRASIL 104 SE;CENCOSUD BRASIL COMERCIAL S.A.;959969;CENCOSUD LOJA 619;39346861024931;GOIÂNIA;GO;COMÉRCIO;SUDESTE;01/04/2023;15;CELG;0.221;108.781793;0.0;108.781793
202410;39176;CENCOSUD BRASIL 104 SE;CENCOSUD BRASIL COMERCIAL S.A.;959973;CENCOSUD LOJA 662;39346861037405;SENADOR CANEDO;GO;COMÉRCIO;SUDESTE;01/04/2023;15;CELG;0.261;99.173869;0.0;99.173869
202410;26570;BR SE;VIBRA ENERGIA S.A;960851;BEGON - UC 11550144;34274233030605;GOIÂNIA;GO;COMÉRCIO;SUDESTE;01/05/2023;15;CELG;0.3;101.858045;0.0;101.858045
202410;100962;ITAU AMR I5 SE;ITAU UNIBANCO S.A.;961159;656_GOIANIA-SETOR OE;60701190000104;GOIÂNIA;GO;SERVIÇOS;SUDESTE;01/05/2023;15;CELG;0.1;22.239786;0.0;22.239786
202410;49676;AGROVALE;COOPERATIVA MISTA DOS PRODUTORES RURAIS DO VALE DO PARANAIBA LTDA;961250;AGROVALE - 80149200;02233732000157;QUIRINÓPOLIS;GO;ALIMENTÍCIOS;SUDESTE;01/05/2023;15;CELG;0.125;94.165172;0.0;94.165172
202410;56280;AHL PULP;AHL PULP INDUSTRIA DE ALIMENTOS S.A.;961393;AHL PULP;36935354000175;VIANÓPOLIS;GO;ALIMENTÍCIOS;SUDESTE;01/05/2023;15;CELG;1.5;537.652681;0.0;537.652681
202410;104619;CRD DIAGNOSTICOS CL 514;CRD - CENTRO DE RECURSOS DIAGNOSTICOS LTDA;961079;CRD - 10006114820;01586380000150;GOIÂNIA;GO;SERVIÇOS;SUDESTE;01/05/2023;15;CELG;0.3;91.222605;0.0;91.222605
202410;43512;CCR AEROPORTOS CENTRAL;CONCESSIONARIA DO BLOCO CENTRAL S.A.;961692;Goiânia I;42206269000179;GOIÂNIA;GO;SERVIÇOS;SUDESTE;01/06/2023;15;CELG;1.4;615.731078;0.0;615.731078
202410;52403;REDE LUCAS;REDE LUCAS DE SUPERMERCADOS LTDA;962092;REDE LUCAS LOJA 10 (;06894782001027;ITUMBIARA;GO;COMÉRCIO;SUDESTE;01/06/2023;15;CELG;0.058;37.311979;0.0;37.311979
202410;105942;PEROLA ESPECIAL;PEROLA DISTRIBUICAO E LOGISTICA S/A;962017;AV BRASIL;06204131000177;ANÁPOLIS;GO;COMÉRCIO;SUDESTE;01/07/2023;15;CELG;0.3;10.764787;0.0;10.764787
202410;105942;PEROLA ESPECIAL;PEROLA DISTRIBUICAO E LOGISTICA S/A;962163;BR 060;06204131000177;ANÁPOLIS;GO;COMÉRCIO;SUDESTE;01/07/2023;15;CELG;0.3;36.281326;0.0;36.281326
202410;100962;ITAU AMR I5 SE;ITAU UNIBANCO S.A.;962203;4378 -GOIANIA PC DO;60701190204109;GOIÂNIA;GO;SERVIÇOS;SUDESTE;01/07/2023;15;CELG;0.06;0.181849;0.0;0.181849
202410;1477;ASSAI ATACADISTA;SENDAS DISTRIBUIDORA S/A;962456;ASSAI - SE/CO - 105;06057223000171;GOIÂNIA;GO;COMÉRCIO;SUDESTE;01/07/2023;15;CELG;0.62;280.498825;0.0;280.498825
202410;25518;B2W CE;AMERICANAS S.A - EM RECUPERACAO JUDICIAL;964469;AMER 217;00776574168332;GOIÂNIA;GO;COMÉRCIO;SUDESTE;01/09/2023;15;CELG;0.082;18.616493;0.0;18.616493
202410;25518;B2W CE;AMERICANAS S.A - EM RECUPERACAO JUDICIAL;964448;AMER 1085;00776574168766;GOIÂNIA;GO;COMÉRCIO;SUDESTE;01/09/2023;15;CELG;0.065;15.033743;0.0;15.033743
202410;4574;BRASIL TELE SE;OI S.A. - EM RECUPERACAO JUDICIAL;964794;ID UC 19050 - UC 133;76535764032851;APARECIDA DE GOIÂNIA;GO;TELECOMUNICAÇÕES;SUDESTE;01/09/2023;15;CELG;0.064;24.648297;0.0;24.648297
202410;25518;B2W CE;AMERICANAS S.A - EM RECUPERACAO JUDICIAL;964870;AMER 451;00776574169304;LUZIÂNIA;GO;COMÉRCIO;SUDESTE;01/09/2023;15;CELG;0.09;12.271556;0.0;12.271556
202410;25518;B2W CE;AMERICANAS S.A - EM RECUPERACAO JUDICIAL;964822;AMER 1359;00776574017121;JATAÍ;GO;COMÉRCIO;SUDESTE;01/09/2023;15;CELG;0.06;9.452214;0.0;9.452214
202410;25518;B2W CE;AMERICANAS S.A - EM RECUPERACAO JUDICIAL;964875;AMER 1192;00776574157802;SENADOR CANEDO;GO;COMÉRCIO;SUDESTE;01/09/2023;15;CELG;0.095;22.806425;0.0;22.806425
202410;3846;BRASIL TELECOM;OI S.A. - EM RECUPERACAO JUDICIAL;965860;ID UC 19580 - UC 199;76535764032851;CATALÃO;GO;TELECOMUNICAÇÕES;SUDESTE;01/10/2023;15;CELG;0.069;38.743674;0.0;38.743674
202410;101281;BARAO SUPERMERCADOS;BARAO ESPECIALIDADES & DISTRIBUIDORA DE ALIMENTOS SA;965894;Barao Supermerc LJ15;28790260000127;GOIÂNIA;GO;COMÉRCIO;SUDESTE;01/10/2023;15;CELG;0.16;64.81494;0.0;64.81494
202410;113077;VETOQUINOL 260;VETOQUINOL SAUDE ANIMAL LTDA.;966069;VETOQUINOL UC 260;60528742000388;APARECIDA DE GOIÂNIA;GO;MANUFATURADOS DIVERSOS;SUDESTE;01/10/2023;15;CELG;0.44;136.529179;0.0;136.529179
202410;60443;VIAVAREJO;GRUPO CASAS BAHIA S.A.;966441;1313 - VALPARAÍSO DE;33041260109689;VALPARAÍSO DE GOIÁS;GO;COMÉRCIO;SUDESTE;01/11/2023;15;CELG;0.075;13.261189;0.0;13.261189
202410;104619;CRD DIAGNOSTICOS CL 514;CRD - CENTRO DE RECURSOS DIAGNOSTICOS LTDA;966471;RD SOLUCOES LTDA,;22504519000140;GOIÂNIA;GO;SERVIÇOS;SUDESTE;01/11/2023;15;CELG;0.07;59.137899;0.0;59.137899
202410;60443;VIAVAREJO;GRUPO CASAS BAHIA S.A.;966462;Filial 1805 - SENADO;33041260151375;SENADOR CANEDO;GO;COMÉRCIO;SUDESTE;01/11/2023;15;CELG;0.065;12.01008;0.0;12.01008
202410;100962;ITAU AMR I5 SE;ITAU UNIBANCO S.A.;966664;4347_PORANGATU-GO (U;60701190199342;PORANGATU;GO;SERVIÇOS;SUDESTE;01/11/2023;15;CELG;0.075;15.060636;0.0;15.060636
202410;96268;DEZ ALIMENTOS;DEZ ALIMENTOS LTDA;966696;Dez Alimentos 100009;04945225000171;MORRINHOS;GO;ALIMENTÍCIOS;SUDESTE;01/11/2023;15;CELG;0.105;53.522383;0.0;53.522383
202410;96268;DEZ ALIMENTOS;DEZ ALIMENTOS LTDA;967479;DEZ ALIMENTOS 100140;04945225000171;MORRINHOS;GO;ALIMENTÍCIOS;SUDESTE;01/12/2023;15;CELG;0.295;28.728297;0.0;28.728297
202410;62677;SLC AGRICOLA;SLC AGRICOLA S.A.;967409;SLC PAMPLONA UBS SED;89096457000155;LUZIÂNIA;GO;ALIMENTÍCIOS;SUDESTE;01/12/2023;15;CELG;0.2;28.740217;0.0;28.740217
202410;112544;CM DE OLIVEIRA ESPECIAL;CM DE OLIVEIRA LTDA;970051;Master Agroindustria;13263292000105;GOIÂNIA;GO;ALIMENTÍCIOS;SUDESTE;01/01/2024;15;CELG;0.3;135.024106;0.0;135.024106
202410;114772;DB DIAGNOSTICOS GOIANIA;DB GOIANIA - DIAGNOSTICOS E ANALISES CLINICAS LTDA;970192;DB DIAGNOSTICOS GO -;43272843000150;APARECIDA DE GOIÂNIA;GO;SERVIÇOS;SUDESTE;01/01/2024;15;CELG;0.5;136.487951;0.0;136.487951
202410;112799;RUMO SAO SIMAO;TERMINAL SAO SIMAO S.A;970743;Terminal São Simão -;37227676000122;SÃO SIMÃO;GO;SERVIÇOS;SUDESTE;01/01/2024;15;CELG;1.107;140.51994;0.0;140.51994
202410;99292;COMIGO-MATRIZ LIVRE;COOPERATIVA AGROINDUSTRIAL DOS PRODUTORES RURAIS DO SUDOESTE GOIANO;971350;Comigo Mineiros;02077618006540;MINEIROS;GO;COMÉRCIO;SUDESTE;01/02/2024;15;CELG;1.2;67.048385;0.0;67.048385
202410;100962;ITAU AMR I5 SE;ITAU UNIBANCO S.A.;973846;869_GOIANIA-AV INDEP;60701190067608;GOIÂNIA;GO;SERVIÇOS;SUDESTE;01/03/2024;15;CELG;0.06;11.572355;0.0;11.572355
202410;101529;SMART FIT - SUDESTE;SMARTFIT ESCOLA DE GINASTICA E DANCA S.A;975038;GOCSTS1 - 1003278891;07594978040471;GOIÂNIA;GO;SERVIÇOS;SUDESTE;01/04/2024;15;CELG;0.03;27.230897;0.0;27.230897
202410;30493;SANEAGO;SANEAMENTO DE GOIAS S/A;977460;SANEAGO - UC 6400135;01616929000102;URUAÇU;GO;SANEAMENTO;SUDESTE;01/05/2024;15;CELG;0.295;164.075946;0.0;164.075946
202410;30493;SANEAGO;SANEAMENTO DE GOIAS S/A;977812;SANEAGO - UC 2960089;01616929000102;PLANALTINA;GO;SANEAMENTO;SUDESTE;01/05/2024;15;CELG;0.546;372.531867;0.0;372.531867
202410;30493;SANEAGO;SANEAMENTO DE GOIAS S/A;978183;SANEAGO - UC 2040332;01616929000102;ANÁPOLIS;GO;SANEAMENTO;SUDESTE;01/05/2024;15;CELG;0.3;85.638634;0.0;85.638634
202410;30493;SANEAGO;SANEAMENTO DE GOIAS S/A;979197;SANEAGO - UC 3002477;01616929000102;INHUMAS;GO;SANEAMENTO;SUDESTE;01/06/2024;15;CELG;0.224;114.954407;0.0;114.954407
202410;30493;SANEAGO;SANEAMENTO DE GOIAS S/A;981368;SANEAGO - UC 1060003;01616929000102;CRISTALINA;GO;SANEAMENTO;SUDESTE;01/07/2024;15;CELG;0.177;147.472012;0.0;147.472012
202410;64298;BURGER KING;ZAMP S.A.;989965;BK FS VALPARAISO DE;13574594135954;VALPARAÍSO DE GOIÁS;GO;ALIMENTÍCIOS;SUDESTE;01/10/2024;15;CELG;0.09;0.247041;0.0;0.247041
202410;93905;COMIGO-MATRIZ ESPECIAL;COOPERATIVA AGROINDUSTRIAL DOS PRODUTORES RURAIS DO SUDOESTE GOIANO;990027;COMIGO INS. RIO VERD;02077618005578;RIO VERDE;GO;COMÉRCIO;SUDESTE;01/10/2024;15;CELG;0.03;4.838994;0.0;4.838994
202410;93905;COMIGO-MATRIZ ESPECIAL;COOPERATIVA AGROINDUSTRIAL DOS PRODUTORES RURAIS DO SUDOESTE GOIANO;990441;COMIGO FIRMINOPOLIS;02077618000185;FIRMINÓPOLIS;GO;COMÉRCIO;SUDESTE;01/10/2024;15;CELG;0.06;18.121654;0.0;18.121654
202410;1124;CARAMURU;CARAMURU ALIMENTOS  S/A;7503;CARAMURU-ITUMBIARA;00080671000100;ITUMBIARA;GO;ALIMENTÍCIOS;SUDESTE;01/01/2005;15;CELG;8.0;3061.117684;0.0;3061.117684
202410;60820;ANGLO NIQUEL MINAS;ANGLO AMERICAN NIQUEL BRASIL LTDA;7098;ANGLO AMERICAN (CODE;42184226001705;NIQUELÂNDIA;GO;METALURGIA E PRODUTOS DE METAL;SUDESTE;01/01/2004;145323;ELETROBRAS FURNAS;50.0;30052.17614;0.0;30052.17614
202410;15;CELG;EQUATORIAL GOIAS DISTRIBUIDORA DE ENERGIA S/A;70695;CELG DITC CEMAT-CELG;01543032000104;GOIÂNIA;GO;;SUDESTE;01/04/2009;;;354.0;16106.151435;0.0;16106.151435
202410;57735;SOFTYS - ANAPOLIS CL;SOFTYS BRASIL LTDA.;899648;CARTA GOIAS ANAPOLIS;44145845003409;ANÁPOLIS;GO;MADEIRA, PAPEL E CELULOSE;SUDESTE;01/06/2016;15;CELG;11.7;6594.978446;0.0;6594.978446
202410;51696;BRF 1117 APARECIDA GOIANIA CL;BRF S.A.;900518;BRF APARECIDA GOIANI;01838723030891;APARECIDA DE GOIÂNIA;GO;COMÉRCIO;SUDESTE;01/07/2016;15;CELG;0.9;428.762348;0.0;428.762348
202410;98422;VIDEPLAST INDUSTRIA CL 514;VIDEPLAST INDUSTRIA DE EMBALAGENS LTDA;901277;VIDEPLAST RIO VERDE;79687588000587;RIO VERDE;GO;MANUFATURADOS DIVERSOS;SUDESTE;01/07/2016;15;CELG;1.5;899.752341;0.0;899.752341
202410;99631;CREME MEL CL;SORVETERIA CREME MEL S.A - EM RECUPERACAO JUDICIAL;901514;SORVETERIA CREME MEL;03857539000150;GOIÂNIA;GO;ALIMENTÍCIOS;SUDESTE;01/07/2016;15;CELG;0.5;14.923864;0.0;14.923864
202410;64000;TV ANHANGUERA;TELEVISAO ANHANGUERA S/A;908190;TV ANHANGUERA SERRIN;01534510000101;GOIÂNIA;GO;TELECOMUNICAÇÕES;SUDESTE;01/03/2017;15;CELG;0.65;212.940382;0.0;212.940382
202410;32633;JARDIM GOIAS CL 514 2022;JARDIM GOIAS EMPREENDIMENTOS LTDA;908500;JARDIM GO FLAMBOYANT;02103836000147;GOIÂNIA;GO;SERVIÇOS;SUDESTE;01/04/2017;15;CELG;0.66;317.219302;0.0;317.219302
202410;66348;CHESP DIST;COMPANHIA HIDROELETRICA SAO PATRICIO - CHESP;909900;CHESP;01377555000110;CERES;GO;;SUDESTE;01/08/2017;;;24.396;13367.589023;0.0;13367.589023
202410;32180;ACOFERGO CL 514;ACOFERGO TUBOS E PERFILADOS LTDA;909111;ACOFERGO;06881776000144;ITUMBIARA;GO;METALURGIA E PRODUTOS DE METAL;SUDESTE;01/06/2017;15;CELG;1.3;184.511439;0.0;184.511439
202410;24153;JBS FRIBOI CL 24;JBS S/A;910847;JBS - GOIANIA - GO;02916265000593;GOIÂNIA;GO;ALIMENTÍCIOS;SUDESTE;01/11/2017;15;CELG;4.0;1852.192138;0.0;1852.192138
202410;1477;ASSAI ATACADISTA;SENDAS DISTRIBUIDORA S/A;910631;CBD EX GOIANIA-1354;06057223054344;GOIÂNIA;GO;COMÉRCIO;SUDESTE;01/10/2017;15;CELG;1.15;443.036508;0.0;443.036508
202410;46134;GOIAS CAIXAS CL 514;GOIAS CAIXAS E EMBALAGENS LTDA;921891;Goiás Caixas e Embal;10436296000141;SENADOR CANEDO;GO;MANUFATURADOS DIVERSOS;SUDESTE;01/01/2019;15;CELG;0.5;150.933766;0.0;150.933766
202410;84706;TIM SA EI SE CO;TIM S A;912862;TIM GIOANIA;02421421023910;APARECIDA DE GOIÂNIA;GO;TELECOMUNICAÇÕES;SUDESTE;01/03/2018;15;CELG;0.25;222.294662;0.0;222.294662
202410;84857;CENCOSUD BRASIL 018;CENCOSUD BRASIL COMERCIAL S.A.;923391;Loja 655;39346861024001;MINEIROS;GO;COMÉRCIO;SUDESTE;01/04/2019;15;CELG;0.223;65.716421;0.0;65.716421
202410;84857;CENCOSUD BRASIL 018;CENCOSUD BRASIL COMERCIAL S.A.;923390;Loja 634;39346861025407;JATAÍ;GO;COMÉRCIO;SUDESTE;01/04/2019;15;CELG;0.283;80.828806;0.0;80.828806
202410;84856;CENCOSUD BRASIL 016;CENCOSUD BRASIL COMERCIAL S.A.;923376;Loja 524;39346861022300;RIO VERDE;GO;COMÉRCIO;SUDESTE;01/04/2019;15;CELG;0.33;113.417837;0.0;113.417837
202410;44889;ALL NUTRI CL 514;ALL NUTRI ALIMENTOS LTDA;904104;ALL NUTRI ALIMENTOS;05965693000170;APARECIDA DE GOIÂNIA;GO;ALIMENTÍCIOS;SUDESTE;01/09/2016;15;CELG;1.1;148.850881;0.0;148.850881
202410;103188;HOLCIM - COCALZINHO (ACOY);CSN CIMENTOS BRASIL S.A.;914952;HOLCIM ( LAFARGE );60869336022781;COCALZINHO DE GOIÁS;GO;MINERAIS NÃO-METÁLICOS;SUDESTE;01/07/2018;15;CELG;3.0;1548.633171;0.0;1548.633171
202410;44398;UTE CEM M SE CL;CENTRAL ENERGETICA MORRINHOS SA;915106;CEM MORRINHOS;07130855000186;MORRINHOS;GO;MINERAIS NÃO-METÁLICOS;SUDESTE;01/07/2018;15;CELG;0.6;13.785723;0.0;13.785723
202410;45925;PLENA GO CL 514;PLENA ALIMENTOS S/A;917411;PLENA ALIMENTOS LTDA;10198974000851;PORANGATU;GO;ALIMENTÍCIOS;SUDESTE;01/08/2018;15;CELG;0.7;364.089984;0.0;364.089984
202410;60788;UTEPORTODAGUAS CL;CERRADINHO BIOENERGIA S.A.;897886;PORTO AGUAS CONSUMO;08322396000103;CHAPADÃO DO CÉU;GO;MINERAIS NÃO-METÁLICOS;SUDESTE;01/02/2016;4144;LTI;8.0;67.097662;0.0;67.097662
202410;3999;C&A MODAS;C&A MODAS S.A.;906409;C&A MODAS GBU705;45242914013266;APARECIDA DE GOIÂNIA;GO;COMÉRCIO;SUDESTE;01/12/2016;15;CELG;0.202;52.76058;0.0;52.76058
202410;50978;ATACADAO CL2;ATACADAO S.A.;907766;ATACADAO LOJA 161;75315333016102;ANÁPOLIS;GO;COMÉRCIO;SUDESTE;01/02/2017;15;CELG;0.63;242.011236;0.0;242.011236
202410;99347;OUTLET BRASILIA CL 514;CONDOMINIO CIVIL VOLUNTARIO OUTLET PREMIUM BRASILIA;904826;OUTLET BRASILIA;16418101000117;ALEXÂNIA;GO;SERVIÇOS;SUDESTE;01/10/2016;15;CELG;1.9;635.697785;0.0;635.697785
202410;82846;RIACHUELO LT 1 SE/CO;LOJAS RIACHUELO SA;926043;RCHLO LOJA 226;33200056022975;GOIÂNIA;GO;COMÉRCIO;SUDESTE;01/09/2019;15;CELG;0.26;62.536862;0.0;62.536862
202410;87052;CRISTAL ALIMENTOS CL;CRISTAL ALIMENTOS LTDA;929963;CRISTAL ALIMENTOS;02709992000156;APARECIDA DE GOIÂNIA;GO;ALIMENTÍCIOS;SUDESTE;01/10/2019;15;CELG;4.7;1722.88235;0.0;1722.88235
202410;86702;METALFORTE;METALFORTE INDUSTRIA METALURGICA LTDA;931718;METALFORTE FILIAL;02109049000617;APARECIDA DE GOIÂNIA;GO;METALURGIA E PRODUTOS DE METAL;SUDESTE;01/11/2019;15;CELG;0.58;139.070292;0.0;139.070292
202410;82602;STORE;SAS COMERCIO DE SECOS E MOLHADOS LTDA;932345;STORE NAPOLI - UC 16;12279637000148;GOIÂNIA;GO;COMÉRCIO;SUDESTE;01/12/2019;15;CELG;0.285;90.820168;0.0;90.820168
202410;98922;CARREFOUR SE2 CL;CARREFOUR COMERCIO E INDUSTRIA LTDA;904718;CARREFOUR GSD;45543915027896;GOIÂNIA;GO;COMÉRCIO;SUDESTE;01/10/2016;15;CELG;0.85;359.720316;0.0;359.720316
202410;88208;SUPERVI;SUPERVI DISTRIBUIDOR DE ALIMENTOS LTDA;933952;LOJA 12 - JK NOVA CA;07503617001221;ANÁPOLIS;GO;COMÉRCIO;SUDESTE;01/02/2020;15;CELG;0.075;31.549407;0.0;31.549407
202410;88208;SUPERVI;SUPERVI DISTRIBUIDOR DE ALIMENTOS LTDA;933953;LOJA 14 - SENADOR CA;07503617001493;SENADOR CANEDO;GO;COMÉRCIO;SUDESTE;01/02/2020;15;CELG;0.1;34.403899;0.0;34.403899
202410;82846;RIACHUELO LT 1 SE/CO;LOJAS RIACHUELO SA;933993;RCHLO LOJA 260;33200056037069;RIO VERDE;GO;COMÉRCIO;SUDESTE;01/02/2020;15;CELG;0.13;28.084954;0.0;28.084954
202410;31148;KERRY BRASIL CL 514;KERRY DO BRASIL LTDA;935455;KERRY (RIALMA);02332686001468;RIALMA;GO;ALIMENTÍCIOS;SUDESTE;01/04/2020;66348;CHESP DIST;0.7;387.751823;0.0;387.751823
202410;31562;OLFAR MATRIZ CL;OLFAR S/A - ALIMENTO E ENERGIA;935889;OLFAR PORANGATU - UC;91830836006452;PORANGATU;GO;MINERAIS NÃO-METÁLICOS;SUDESTE;01/04/2020;15;CELG;1.2;1398.495443;0.0;1398.495443
202410;89130;KTH;KTH INDUSTRIA E COMERCIO LTDA;936307;KTH INDUSTRIA E COME;06234050000110;APARECIDA DE GOIÂNIA;GO;MANUFATURADOS DIVERSOS;SUDESTE;01/05/2020;15;CELG;0.12;16.755231;0.0;16.755231
202410;89130;KTH;KTH INDUSTRIA E COMERCIO LTDA;936329;KTH INDUSTRIA E COME;06234050000110;APARECIDA DE GOIÂNIA;GO;MANUFATURADOS DIVERSOS;SUDESTE;01/05/2020;15;CELG;0.381;55.256906;0.0;55.256906
202410;32135;PIRECAL PIRENOPOLIS CL 514;PIRECAL PIRENOPOLIS CALCARIO LTDA;936425;PIRECAL GUARANI DE G;02787125000210;GUARANI DE GOÍAS;GO;MINERAIS NÃO-METÁLICOS;SUDESTE;01/05/2020;15;CELG;0.795;522.81869;0.0;522.81869
202410;46961;MIBASA CL 514;MIBASA MINERADORA BARRO ALTO LTDA;936426;MIBASA;02840072000504;VILA PROPÍCIO;GO;MINERAIS NÃO-METÁLICOS;SUDESTE;01/05/2020;15;CELG;0.8;404.077282;0.0;404.077282
202410;46713;ANIMA CATALANA CL 514;SOCIEDADE CATALANA DE EDUCACAO LTDA;937043;ANIMA CATALANA;05373130000193;CATALÃO;GO;SERVIÇOS;SUDESTE;01/06/2020;15;CELG;0.5;30.125063;0.0;30.125063
202410;46917;PEDREIRA IZAIRA CL 514;PEDREIRA IZAIRA INDUSTRIA E COMERCIO LTDA;936980;PEDREIRA IZAIRA INDU;01551829000145;APARECIDA DE GOIÂNIA;GO;MINERAIS NÃO-METÁLICOS;SUDESTE;01/06/2020;15;CELG;0.65;133.559955;0.0;133.559955
202410;86666;COMERCIAL REIS;COMERCIAL REIS LTDA;937773;Loja 10;03044201000502;CATALÃO;GO;COMÉRCIO;SUDESTE;01/07/2020;15;CELG;0.16;87.634666;0.0;87.634666
202410;86666;COMERCIAL REIS;COMERCIAL REIS LTDA;937743;Loja 02;03044201000855;GOIATUBA;GO;COMÉRCIO;SUDESTE;01/07/2020;15;CELG;0.09;61.609707;0.0;61.609707
202410;86666;COMERCIAL REIS;COMERCIAL REIS LTDA;937742;COMERCIAL REIS LTDA;03044201000189;ITUMBIARA;GO;COMÉRCIO;SUDESTE;01/07/2020;15;CELG;0.255;150.782244;0.0;150.782244
202410;25518;B2W CE;AMERICANAS S.A - EM RECUPERACAO JUDICIAL;938089;LASA Loja 346;00776574119200;VALPARAÍSO DE GOIÁS;GO;COMÉRCIO;SUDESTE;01/08/2020;15;CELG;0.111;25.124648;0.0;25.124648
202410;90524;C CE SUPERMERCADOS CAMPEAO;CABRAL E MAIA LTDA;938154;CAMPEÃO LJ 04;37630118000103;RIO VERDE;GO;COMÉRCIO;SUDESTE;01/08/2020;15;CELG;0.075;37.71745;0.0;37.71745
202410;31270;PIFPAFMATRIZ CL 514;RIO BRANCO ALIMENTOS S/A;938821;PIF PAF - FAZ QUEBRA;05017780002816;PARAÚNA;GO;ALIMENTÍCIOS;SUDESTE;01/09/2020;15;CELG;0.68;91.364907;0.0;91.364907
202410;95026;REMMACK;REMMACK FILMS INDUSTRIA E COMERCIO LTDA;939120;REMMACK;07163516000104;ANÁPOLIS;GO;MANUFATURADOS DIVERSOS;SUDESTE;01/09/2020;15;CELG;0.85;446.079309;0.0;446.079309
202410;69297;LDC BRASIL ITUMBIARA CE SE;LOUIS DREYFUS COMPANY BRASIL S.A.;939630;LDC BRASIL - ARM ITU;47067525018406;ITUMBIARA;GO;ALIMENTÍCIOS;SUDESTE;01/10/2020;15;CELG;0.25;31.924652;0.0;31.924652
202410;96268;DEZ ALIMENTOS;DEZ ALIMENTOS LTDA;939717;DEZ ALIMENTOS LTDA;04945225000171;MORRINHOS;GO;ALIMENTÍCIOS;SUDESTE;01/10/2020;15;CELG;1.245;764.014407;0.0;764.014407
202410;99292;COMIGO-MATRIZ LIVRE;COOPERATIVA AGROINDUSTRIAL DOS PRODUTORES RURAIS DO SUDOESTE GOIANO;939707;COM-MONTIVIDIU;02077618001742;MONTIVIDIU;GO;SERVIÇOS;SUDESTE;01/10/2020;15;CELG;1.7;73.122324;0.0;73.122324
202410;4574;BRASIL TELE SE;OI S.A. - EM RECUPERACAO JUDICIAL;940559;UC 630022045 - Rio V;76535764032851;RIO VERDE;GO;TELECOMUNICAÇÕES;SUDESTE;01/12/2020;15;CELG;0.146;76.400093;0.0;76.400093
202410;93982;SSA NOVA VENEZA L;SAO SALVADOR ALIMENTOS S/A;941332;SSA NOVA VENEZA;03387396002022;NOVA VENEZA;GO;ALIMENTÍCIOS;SUDESTE;01/01/2021;15;CELG;4.0;1917.250674;0.0;1917.250674
202410;89866;CARAMURU ARMAZENS GO;CARAMURU ALIMENTOS  S/A;942150;CARAMURU ARMAZ P V;00080671004016;JATAÍ;GO;SERVIÇOS;SUDESTE;01/02/2021;15;CELG;0.6;26.046222;0.0;26.046222
202410;97332;AGROQUIMA;AGROQUIMA PRODUTOS AGROPECUARIOS LTDA;942344;AGROQUIMA APARECIDA;01626951002420;APARECIDA DE GOIÂNIA;GO;ALIMENTÍCIOS;SUDESTE;01/02/2021;15;CELG;0.38;69.073016;0.0;69.073016
202410;48834;CEREALISTARIOVERMELHOCL514;ALIMENTOS LIDERANCA LTDA;942366;CEREALISTA RIO VERME;02756351000152;GOIÂNIA;GO;ALIMENTÍCIOS;SUDESTE;01/02/2021;15;CELG;0.5;67.679742;0.0;67.679742
202410;92484;MAGAZINE LUIZA - I5;MAGAZINE LUIZA S/A;943013;MAGAZINE L - LJ 295;47960950046890;ITUMBIARA;GO;COMÉRCIO;SUDESTE;01/03/2021;15;CELG;0.065;14.93582;0.0;14.93582
202410;92484;MAGAZINE LUIZA - I5;MAGAZINE LUIZA S/A;943001;MAGAZINE L - LJ 215;47960950022443;RIO VERDE;GO;COMÉRCIO;SUDESTE;01/03/2021;15;CELG;0.07;13.789982;0.0;13.789982
202410;97953;DROGARIA SAO PAULO MATRIZ;DROGARIA SAO PAULO S.A.;943000;DROGARIA SP GOIAS;61412110095350;HIDROLÂNDIA;GO;COMÉRCIO;SUDESTE;01/03/2021;15;CELG;0.32;125.481303;0.0;125.481303
202410;24882;ATACADAO DIA A DIA 002;ATACADAO DIA A DIA S.A;942977;DIA A DIA - CESAR LA;17457404001698;GOIÂNIA;GO;COMÉRCIO;SUDESTE;01/03/2021;15;CELG;0.25;180.984235;0.0;180.984235
202410;99239;MILHAO LIVRE;MILHAO INDUSTRIA E COMERCIO DE INGREDIENTES E CEREAIS S.A.;943012;MILHAO PARQUE MARACA;08647384000140;GOIÂNIA;GO;ALIMENTÍCIOS;SUDESTE;01/03/2021;15;CELG;0.5;62.082607;0.0;62.082607
202410;51354;SEMENTES GOIAS FAZ LAGE CL;SEMENTES GOIAS LTDA;943974;SEMENTES G FAZENDA L;03482332000148;RIO VERDE;GO;ALIMENTÍCIOS;SUDESTE;01/04/2021;15;CELG;0.6;184.740589;0.0;184.740589
202410;1477;ASSAI ATACADISTA;SENDAS DISTRIBUIDORA S/A;944294;SENDAS SE/CO - 916(B;06057223000171;GOIÂNIA;GO;COMÉRCIO;SUDESTE;01/05/2021;15;CELG;0.04;11.31917;0.0;11.31917
202410;84769;OBA;GRUPO FARTURA DE HORTIFRUT S.A.;945372;OBA FLAMBOYANT GOIAN;04972092006325;GOIÂNIA;GO;COMÉRCIO;SUDESTE;01/07/2021;15;CELG;0.172;102.442108;0.0;102.442108
202410;99292;COMIGO-MATRIZ LIVRE;COOPERATIVA AGROINDUSTRIAL DOS PRODUTORES RURAIS DO SUDOESTE GOIANO;945475;COM-JATAÍ ARM.;02077618001238;JATAÍ;GO;SERVIÇOS;SUDESTE;01/07/2021;15;CELG;2.0;124.977097;0.0;124.977097
202410;1477;ASSAI ATACADISTA;SENDAS DISTRIBUIDORA S/A;945542;SENDAS SE/CO - 194 (;06057223039205;ANÁPOLIS;GO;COMÉRCIO;SUDESTE;01/07/2021;15;CELG;0.6;250.695297;0.0;250.695297
202410;92091;LOPES VIANDELLI;LOPES VIANDELLI PRODUTOS ALIMENTICIOS LTDA;946251;LOPES V. LOJA 5;26910752000779;NIQUELÂNDIA;GO;COMÉRCIO;SUDESTE;01/08/2021;15;CELG;0.1;37.925743;0.0;37.925743
202410;84769;OBA;GRUPO FARTURA DE HORTIFRUT S.A.;946235;OBA L054 T63_GO;04972092006406;GOIÂNIA;GO;COMÉRCIO;SUDESTE;01/08/2021;15;CELG;0.15;103.503206;0.0;103.503206
202410;1477;ASSAI ATACADISTA;SENDAS DISTRIBUIDORA S/A;946247;SENDAS SE/CO - 111 R;06057223037253;RIO VERDE;GO;COMÉRCIO;SUDESTE;01/08/2021;15;CELG;0.62;210.591838;0.0;210.591838
202410;25278;CONSTRUTORA RIOMAX;CONSTRUTORA RIOMAX INDUSTRIA E COMERCIO LTDA;946437;CONSTRUTORA RIOMAX;03543136000136;ANÁPOLIS;GO;SERVIÇOS;SUDESTE;01/08/2021;15;CELG;0.5;73.950716;0.0;73.950716
202410;25105;C CE SUPERMERCADOS CONQUISTA;CENTRO COMERCIAL CONQUISTA LTDA;946482;CONQUISTA SUPER - LJ;02003591000186;RIO VERDE;GO;COMÉRCIO;SUDESTE;01/08/2021;15;CELG;0.1;40.819193;0.0;40.819193
202410;25105;C CE SUPERMERCADOS CONQUISTA;CENTRO COMERCIAL CONQUISTA LTDA;946425;CONQUISTA SUPER  LJ4;02003591000348;RIO VERDE;GO;COMÉRCIO;SUDESTE;01/08/2021;15;CELG;0.15;56.933962;0.0;56.933962
202410;63677;RENNER MATRIZ SUDESTE;LOJAS RENNER S.A.;948162;RNR334_Shop Cerrado;92754738030665;GOIÂNIA;GO;COMÉRCIO;SUDESTE;01/11/2021;15;CELG;0.19;40.799922;0.0;40.799922
202410;48050;OURO VERDE ARMAZENS CL 514;OURO VERDE ARMAZENS GERAIS LTDA;948378;Ouro Verde Armazéns;02064301000104;MONTIVIDIU;GO;SERVIÇOS;SUDESTE;01/11/2021;15;CELG;0.5;14.814506;0.0;14.814506
202410;4574;BRASIL TELE SE;OI S.A. - EM RECUPERACAO JUDICIAL;948786;UC 12347826 - NOVO H;76535764032851;GOIÂNIA;GO;TELECOMUNICAÇÕES;SUDESTE;01/12/2021;15;CELG;0.06;22.855776;0.0;22.855776
202410;34654;ORION BUSINESS CL;ORION BUSINESS & HEALTH COMPLEX;948964;ORION - GOIANIA;29952980000104;GOIÂNIA;GO;SERVIÇOS;SUDESTE;01/12/2021;15;CELG;1.9;957.372489;0.0;957.372489
202410;88208;SUPERVI;SUPERVI DISTRIBUIDOR DE ALIMENTOS LTDA;949693;SUPERVI LOJA 9 - VL;07503617000926;ANÁPOLIS;GO;COMÉRCIO;SUDESTE;01/01/2022;15;CELG;0.065;30.29132;0.0;30.29132
202410;48586;FBM INDUSTRIA CL 514;F.B.M. INDUSTRIA FARMACEUTICA LTDA;950026;FBM INDUSTRIA;02060549000105;ANÁPOLIS;GO;MANUFATURADOS DIVERSOS;SUDESTE;01/01/2022;15;CELG;0.6;41.37775;0.0;41.37775
202410;91024;PETZ;PET CENTER COMERCIO E PARTICIPACOES S.A.;950256;PETZ - FLAMBOYANT -;18328118003477;GOIÂNIA;GO;COMÉRCIO;SUDESTE;01/02/2022;15;CELG;0.12;18.593012;0.0;18.593012
202410;93905;COMIGO-MATRIZ ESPECIAL;COOPERATIVA AGROINDUSTRIAL DOS PRODUTORES RURAIS DO SUDOESTE GOIANO;951437;COM- SAL E LOJA MONT;02077618004415;MONTES CLAROS DE GOIÁS;GO;SERVIÇOS;SUDESTE;01/04/2022;15;CELG;0.276;33.776597;0.0;33.776597
202410;49654;NEWPORT CL 514;NEWPORT LOGISTICA FUNDO DE INVESTIMENTO IMOBILIARIO;954668;UC 10014580550;32527626000147;GOIÂNIA;GO;SERVIÇOS;SUDESTE;01/08/2022;15;CELG;0.76;316.810608;0.0;316.810608
202410;39176;CENCOSUD BRASIL 104 SE;CENCOSUD BRASIL COMERCIAL S.A.;955719;CENCOSUD LOJA 538;39346861022726;GOIÂNIA;GO;COMÉRCIO;SUDESTE;01/10/2022;15;CELG;0.31;41.387799;0.0;41.387799
202410;53490;JBS FRIBOI EI SE 20;JBS S/A;957203;JBS - PORANGATU - UC;02916265007504;PORANGATU;GO;MANUFATURADOS DIVERSOS;SUDESTE;01/12/2022;15;CELG;0.4;162.501253;0.0;162.501253
202410;98461;STORE SERRINHA;G S COMERCIO DE PRODUTOS ALIMENTICIOS LTDA;957276;STORE RIO VERDE;27895447000122;RIO VERDE;GO;COMÉRCIO;SUDESTE;01/12/2022;15;CELG;0.25;110.813541;0.0;110.813541
202410;55052;BONDUELLE CL;BONDUELLE DO BRASIL PRODUTOS ALIMENTICIOS LTDA.;957519;BONDUELLE DO BRASIL;74299660000909;CRISTALINA;GO;ALIMENTÍCIOS;SUDESTE;01/12/2022;15;CELG;0.8;85.28201;0.0;85.28201
202410;51995;GOIAS VERDE CL;GOIAS VERDE ALIMENTOS LTDA;957617;GOIAS VERDE ALIMENTO;24866741000118;LUZIÂNIA;GO;ALIMENTÍCIOS;SUDESTE;01/12/2022;15;CELG;1.7;1308.566446;0.0;1308.566446
202410;60443;VIAVAREJO;GRUPO CASAS BAHIA S.A.;957693;Filial 1503 - TRINDA;33041260109506;TRINDADE;GO;COMÉRCIO;SUDESTE;01/01/2023;15;CELG;0.09;11.593939;0.0;11.593939
202410;92484;MAGAZINE LUIZA - I5;MAGAZINE LUIZA S/A;958553;MGL1102_GOIÂNIA;47960950114135;GOIÂNIA;GO;COMÉRCIO;SUDESTE;01/02/2023;15;CELG;0.12;22.517751;0.0;22.517751
202410;92484;MAGAZINE LUIZA - I5;MAGAZINE LUIZA S/A;958519;MGL1046_GOIÂNIA;47960950111705;GOIÂNIA;GO;COMÉRCIO;SUDESTE;01/02/2023;15;CELG;0.072;1.355251;0.0;1.355251
202410;48657;SANEAGO LIVRE;SANEAMENTO DE GOIAS S/A;959438;SANEAGO - Captação/E;01616929000102;RIO VERDE;GO;SANEAMENTO;SUDESTE;01/03/2023;15;CELG;0.622;476.369501;0.0;476.369501
202410;30493;SANEAGO;SANEAMENTO DE GOIAS S/A;959516;SANEAGO - EEAB/ETA/E;01616929000102;TRINDADE;GO;SANEAMENTO;SUDESTE;01/03/2023;15;CELG;0.47;220.648793;0.0;220.648793
202410;60806;GEOLAB;GEOLAB INDUSTRIA FARMACEUTICA S/A;960604;GEOLAB P&D - UC 1001;03485572000104;ANÁPOLIS;GO;MANUFATURADOS DIVERSOS;SUDESTE;01/05/2023;15;CELG;0.15;66.532596;0.0;66.532596
202410;39176;CENCOSUD BRASIL 104 SE;CENCOSUD BRASIL COMERCIAL S.A.;960669;CENCOSUD LOJA 575;39346861043138;;GO;COMÉRCIO;SUDESTE;01/05/2023;15;CELG;0.309;67.739241;0.0;67.739241
202410;71101;BURGER KING SE I1;ZAMP S.A.;960925;BK - PORTAL SHOPPING;13574594073150;GOIÂNIA;GO;ALIMENTÍCIOS;SUDESTE;01/05/2023;15;CELG;0.045;16.628161;0.0;16.628161
202410;54933;ALFLEX;ALFLEX EMBALAGENS LTDA;961282;ALFLEX - PLASTICO AS;27461277000178;GOIÂNIA;GO;MANUFATURADOS DIVERSOS;SUDESTE;01/05/2023;15;CELG;0.32;109.22253;0.0;109.22253
202410;97248;CENTAURO I5 SE;SBF COMERCIO DE PRODUTOS ESPORTIVOS S.A.;961674;CE273_GOIANIA - UC 1;06347409034736;GOIÂNIA;GO;COMÉRCIO;SUDESTE;01/06/2023;15;CELG;0.105;26.354213;0.0;26.354213
202410;91024;PETZ;PET CENTER COMERCIO E PARTICIPACOES S.A.;961652;PETZ - BUENO - UC 10;18328118007545;GOIÂNIA;GO;COMÉRCIO;SUDESTE;01/06/2023;15;CELG;0.1;35.651103;0.0;35.651103
202410;106393;BASF EI SE;BASF SA;961818;BASF RIO VERDE - UC;48539407010776;RIO VERDE;GO;ALIMENTÍCIOS;SUDESTE;01/06/2023;15;CELG;0.09;32.323778;0.0;32.323778
202410;144720;COND LOG GOIANIA II;LOG GOIANIA II;961745;LOG HIDROLANDIA;47365763000108;HIDROLÂNDIA;GO;SERVIÇOS;SUDESTE;01/06/2023;15;CELG;0.6;67.028236;0.0;67.028236
202410;92484;MAGAZINE LUIZA - I5;MAGAZINE LUIZA S/A;961926;MGL1092_GOIÂNIA UC 1;47960950112000;APARECIDA DE GOIÂNIA;GO;COMÉRCIO;SUDESTE;01/06/2023;15;CELG;0.07;7.076387;0.0;7.076387
202410;101529;SMART FIT - SUDESTE;SMARTFIT ESCOLA DE GINASTICA E DANCA S.A;962361;GOIAGO1 - UC 1002350;07594978016171;APARECIDA DE GOIÂNIA;GO;SERVIÇOS;SUDESTE;01/07/2023;15;CELG;0.065;23.99798;0.0;23.99798
202410;101529;SMART FIT - SUDESTE;SMARTFIT ESCOLA DE GINASTICA E DANCA S.A;962345;GOCSBU2 - UC 1383026;07594978009981;GOIÂNIA;GO;SERVIÇOS;SUDESTE;01/07/2023;15;CELG;0.16;46.454225;0.0;46.454225
202410;100962;ITAU AMR I5 SE;ITAU UNIBANCO S.A.;962631;4372_GOIANIA-PIO XII;60701190195517;GOIÂNIA;GO;SERVIÇOS;SUDESTE;01/07/2023;15;CELG;0.07;15.885504;0.0;15.885504
202410;100962;ITAU AMR I5 SE;ITAU UNIBANCO S.A.;962634;322_RIO VERDE DE GOI;60701190067195;RIO VERDE;GO;SERVIÇOS;SUDESTE;01/07/2023;15;CELG;0.066;20.924068;0.0;20.924068
202410;100962;ITAU AMR I5 SE;ITAU UNIBANCO S.A.;962621;208_9664 VINC ANAPOL;60701190035404;ANÁPOLIS;GO;SERVIÇOS;SUDESTE;01/07/2023;15;CELG;0.095;20.412761;0.0;20.412761
202410;101680;MINERACÃO ANTONELLI;MINERACAO ANTONELLI LTDA;962869;Mineração Antonelli;13342485000143;ABADIÂNIA;GO;MINERAIS NÃO-METÁLICOS;SUDESTE;01/07/2023;15;CELG;0.5;42.848642;0.0;42.848642
202410;78601;VALE DO MOGI;DISTRIBUIDORA DE CARNES VALE DO MOGI IMPORTACAO E EXPORTACAO LTDA.;963559;DISTRIBUIDORA DE CAR;57622466000499;BURITI ALEGRE;GO;ALIMENTÍCIOS;SUDESTE;01/08/2023;15;CELG;0.5;186.983946;0.0;186.983946
202410;25518;B2W CE;AMERICANAS S.A - EM RECUPERACAO JUDICIAL;964209;AMER 382;00776574119390;ANÁPOLIS;GO;COMÉRCIO;SUDESTE;01/09/2023;15;CELG;0.05;14.681809;0.0;14.681809
202410;25518;B2W CE;AMERICANAS S.A - EM RECUPERACAO JUDICIAL;964226;AMER 33;00776574054400;GOIÂNIA;GO;COMÉRCIO;SUDESTE;01/09/2023;15;CELG;0.153;21.383316;0.0;21.383316
202410;25518;B2W CE;AMERICANAS S.A - EM RECUPERACAO JUDICIAL;964227;AMER 405;00776574119471;GOIÂNIA;GO;COMÉRCIO;SUDESTE;01/09/2023;15;CELG;0.094;21.449852;0.0;21.449852
202410;25518;B2W CE;AMERICANAS S.A - EM RECUPERACAO JUDICIAL;964773;AMER 952;00776574017202;LUZIÂNIA;GO;COMÉRCIO;SUDESTE;01/09/2023;15;CELG;0.059;7.138295;0.0;7.138295
202410;25518;B2W CE;AMERICANAS S.A - EM RECUPERACAO JUDICIAL;964869;AMER 128;00776574130440;GOIÂNIA;GO;COMÉRCIO;SUDESTE;01/09/2023;15;CELG;0.051;14.750864;0.0;14.750864
202410;25518;B2W CE;AMERICANAS S.A - EM RECUPERACAO JUDICIAL;964876;AMER 212;00776574049597;PLANALTINA;GO;COMÉRCIO;SUDESTE;01/09/2023;15;CELG;0.071;9.47944;0.0;9.47944
202410;25518;B2W CE;AMERICANAS S.A - EM RECUPERACAO JUDICIAL;964859;AMER 1437;00776574167956;SANTA HELENA DE GOIÁS;GO;COMÉRCIO;SUDESTE;01/09/2023;15;CELG;0.15;13.426361;0.0;13.426361
202410;113238;ITALAC ETE EI;GOIASMINAS INDUSTRIA DE LATICINIOS LTDA;964950;ITALAC ETE - UC 1003;01257995000133;CORUMBAÍBA;GO;ALIMENTÍCIOS;SUDESTE;01/09/2023;15;CELG;0.45;122.461659;0.0;122.461659
202410;101281;BARAO SUPERMERCADOS;BARAO ESPECIALIDADES & DISTRIBUIDORA DE ALIMENTOS SA;965713;Barao Supermerc LJ13;28790260000127;APARECIDA DE GOIÂNIA;GO;COMÉRCIO;SUDESTE;01/10/2023;15;CELG;0.13;73.924696;0.0;73.924696
202410;101281;BARAO SUPERMERCADOS;BARAO ESPECIALIDADES & DISTRIBUIDORA DE ALIMENTOS SA;966025;Barao Supermerc LJ5;28790260000127;GOIÂNIA;GO;COMÉRCIO;SUDESTE;01/10/2023;15;CELG;0.099;40.375666;0.0;40.375666
202410;112066;VETOQUINOL;VETOQUINOL SAUDE ANIMAL LTDA.;966141;VETOQUINOL UC 185;60528742000388;APARECIDA DE GOIÂNIA;GO;MANUFATURADOS DIVERSOS;SUDESTE;01/10/2023;15;CELG;0.06;11.87774;0.0;11.87774
202410;25518;B2W CE;AMERICANAS S.A - EM RECUPERACAO JUDICIAL;966201;AMER 1529;00776574180626;CERES;GO;COMÉRCIO;SUDESTE;01/12/2023;66348;CHESP DIST;0.087;12.336123;0.0;12.336123
202410;60443;VIAVAREJO;GRUPO CASAS BAHIA S.A.;966444;Filial 1320 - CATALÃ;33041260108526;CATALÃO;GO;COMÉRCIO;SUDESTE;01/11/2023;15;CELG;0.105;12.240344;0.0;12.240344
202410;62344;DASA;DIAGNOSTICOS DA AMERICA S.A .;966531;D364 - AT BUENO (UC;61486650032468;GOIÂNIA;GO;SERVIÇOS;SUDESTE;01/11/2023;15;CELG;0.03;6.339675;0.0;6.339675
202410;4574;BRASIL TELE SE;OI S.A. - EM RECUPERACAO JUDICIAL;966720;ID UC 20009 - UC 483;76535764032851;;GO;TELECOMUNICAÇÕES;SUDESTE;01/11/2023;15;CELG;0.045;23.677346;0.0;23.677346
202410;100962;ITAU AMR I5 SE;ITAU UNIBANCO S.A.;966667;4316_URUACU-GO (UC 6;60701190200618;URUAÇU;GO;SERVIÇOS;SUDESTE;01/11/2023;15;CELG;0.034;10.069759;0.0;10.069759
202410;119535;STOCK TECH ITUMBIARA;STOCK TECH S.A. ARMAZENS GERAIS;967273;STOCK TECH ITUMBIARA;01306014003701;ITUMBIARA;GO;SERVIÇOS;SUDESTE;01/12/2023;15;CELG;0.4;213.609997;0.0;213.609997
202410;57253;ATACADAO DIA A DIA 007;ATACADAO DIA A DIA S.A;967497;DIA A DIA - GOIANESI;17457404002660;GOIANÉSIA;GO;COMÉRCIO;SUDESTE;01/12/2023;15;CELG;0.25;145.268156;0.0;145.268156
202410;25518;B2W CE;AMERICANAS S.A - EM RECUPERACAO JUDICIAL;968542;AMER 1406;00776574167794;PORANGATU;GO;COMÉRCIO;SUDESTE;01/01/2024;15;CELG;0.09;13.207236;0.0;13.207236
202410;64343;C CE COCARI;COCARI - COOPERATIVA AGROPECUARIA E INDUSTRIAL;970489;COCARI - CAMPO ALEGR;78956968000183;CAMPO ALEGRE DE GOIÁS;GO;COMÉRCIO;SUDESTE;01/01/2024;15;CELG;0.26;30.025364;0.0;30.025364
202410;119391;TRANSPORTES FITEBALDI;TRANSPORTES FITEBALDI LTDA;970726;Transportes Fitebald;02382105000188;APARECIDA DE GOIÂNIA;GO;TRANSPORTE;SUDESTE;01/01/2024;15;CELG;0.665;112.494889;0.0;112.494889
202410;107781;PAGUE MENOS LIVRE I100;EMPREENDIMENTOS PAGUE MENOS S/A;970500;PAGUE MENOS CD GOIAS;06626253000151;HIDROLÂNDIA;GO;COMÉRCIO;SUDESTE;01/01/2024;15;CELG;0.5;110.363428;0.0;110.363428
202410;37878;BRK GO;BRK AMBIENTAL - GOIAS S.A.;974952;GOC - ETE SAPO - 100;18123402000300;RIO VERDE;GO;SANEAMENTO;SUDESTE;01/04/2024;15;CELG;0.5;45.172287;0.0;45.172287
202410;105683;CENCOSUD BRASIL 126 SE;CENCOSUD BRASIL COMERCIAL S.A.;975633;CENCOSUD LOJA 651;39346861023617;GOIÂNIA;GO;COMÉRCIO;SUDESTE;01/04/2024;15;CELG;0.273;81.462212;0.0;81.462212
202410;105683;CENCOSUD BRASIL 126 SE;CENCOSUD BRASIL COMERCIAL S.A.;975672;CENCOSUD LOJA 658;39346861024346;GOIÂNIA;GO;COMÉRCIO;SUDESTE;01/04/2024;15;CELG;0.285;84.68146;0.0;84.68146
202410;95048;ARROZ VASCONCELOS;VASCONCELOS INDUSTRIA, COMERCIO, IMPORTACAO E EXPORTACAO LTDA.;976131;ARROZ VASCONCELOS CA;03647755000685;CATALÃO;GO;ALIMENTÍCIOS;SUDESTE;01/04/2024;15;CELG;0.345;77.492242;0.0;77.492242
202410;30493;SANEAGO;SANEAMENTO DE GOIAS S/A;977778;SANEAGO - UC 3009218;01616929000102;INHUMAS;GO;SANEAMENTO;SUDESTE;01/05/2024;15;CELG;0.11;42.663238;0.0;42.663238
202410;139083;AGROPECUARIA BOA VISTA CL;AGROPECUARIA BOA VISTA DO RIO CLARO LTDA;978652;AGROPECUARIA BOA VIS;33131684000110;JATAÍ;GO;ALIMENTÍCIOS;SUDESTE;01/05/2024;15;CELG;1.8;7.273039;0.0;7.273039
202410;128049;FRIGOIAS;FRIGOIAS INDUSTRIA & COMERCIO DE CARNE LTDA;983598;FRIGOIAS 20469524;07779699000189;ANÁPOLIS;GO;ALIMENTÍCIOS;SUDESTE;01/07/2024;15;CELG;0.28;145.245114;0.0;145.245114
202410;151114;BIG BOX - BRASILINHA;SAO CRISTOVAO INVESTIMENTOS E PARTICIPACOES S/A;986042;ULTRABOX BRASILINHA;08492764000153;PLANALTINA;GO;SERVIÇOS;SUDESTE;01/08/2024;15;CELG;0.15;105.584157;0.0;105.584157
202410;144853;TAMBASA GO;TECIDOS E ARMARINHOS MIGUEL BARTOLOMEU S/A;989230;TAMBASA VALPARAISO D;17359233002636;VALPARAÍSO DE GOIÁS;GO;COMÉRCIO;SUDESTE;01/10/2024;15;CELG;0.08;70.68403;0.0;70.68403
202410;30493;SANEAGO;SANEAMENTO DE GOIAS S/A;989981;SANEAGO - UC 2004779;01616929000102;APARECIDA DE GOIÂNIA;GO;SANEAMENTO;SUDESTE;01/10/2024;15;CELG;0.134;69.157824;0.0;69.157824
202410;85898;BRADESCO ESPECIAL SECO;BANCO BRADESCO S.A.;990414;10009577902 - 6014-A;60746948000112;RIO VERDE;GO;SERVIÇOS;SUDESTE;01/10/2024;15;CELG;0.062;19.500855;0.0;19.500855
202410;1131;SERRA GRANDE;MINERACAO SERRA GRANDE S A;7587;MSG MIN SERRA GDE CR;42445403000194;CRIXAS;GO;EXTRAÇÃO DE MINERAIS METÁLICOS;SUDESTE;01/02/2005;15;CELG;13.5;10219.896251;0.0;10219.896251
202410;85393;UTE CODORA CL;ALBIOMA CODORA ENERGIA S.A;902254;ALBIOMA CODORA C;07966116000129;GOIANÉSIA;GO;SERVIÇOS;SUDESTE;01/08/2016;15;CELG;2.5;51.456748;0.0;51.456748
202410;66343;BRF 335 MINEIROS CL;BRF S.A.;902954;BRF MINEIROS GO;01838723018255;MINEIROS;GO;ALIMENTÍCIOS;SUDESTE;01/08/2016;15;CELG;10.0;4697.773407;0.0;4697.773407
202410;99698;ARAGUAIA SHOPPING CL;MAIA E BORBA S/A;899832;ARAGUAIA SHOPPING;01850114000193;GOIÂNIA;GO;SERVIÇOS;SUDESTE;01/06/2016;15;CELG;1.65;774.802889;0.0;774.802889
202410;87928;GOIANIA SHOPPING CL 514;CONDOMINIO DE ADMINISTRACAO DO GOIANIA SHOPPING;901049;GOIANIA SHOPPING;00902073000179;GOIÂNIA;GO;SERVIÇOS;SUDESTE;01/07/2016;15;CELG;2.16;944.588882;0.0;944.588882
202410;98716;CONSERVAS OLE CL 514;ANGELO AURICCHIO COMPANHIA LTDA;901438;CONSERVAS OLE MORRIN;62598586000861;MORRINHOS;GO;ALIMENTÍCIOS;SUDESTE;01/08/2016;15;CELG;1.55;952.303522;0.0;952.303522
202410;39249;LACTALIS ITUMBIARA EI SE;LACTALIS DO BRASIL - COMERCIO, IMPORTACAO E EXPORTACAO DE LATICINIOS LTDA.;906366;ELEBAT ITUMBIARA;14049467002265;ITUMBIARA;GO;ALIMENTÍCIOS;SUDESTE;01/12/2016;15;CELG;0.08;13.969194;0.0;13.969194
202410;50978;ATACADAO CL2;ATACADAO S.A.;908381;MAKRO LOJA 56;75315333029948;APARECIDA DE GOIÂNIA;GO;COMÉRCIO;SUDESTE;01/04/2017;15;CELG;0.5;252.618694;0.0;252.618694
202410;45736;RIVIERA PARK CL 514;RIVIERA PARK THERMAS FLAT SERVICE;909331;WT CONST RIVER PARK;18256799000147;CALDAS NOVAS;GO;SERVIÇOS;SUDESTE;01/06/2017;15;CELG;0.72;299.829731;0.0;299.829731
202410;68162;PIFPAFFPGO;RIO BRANCO ALIMENTOS S/A;909467;RIO BRANCO ALIM;05017780001844;PALMEIRAS DE GOIÁS;GO;ALIMENTÍCIOS;SUDESTE;01/07/2017;15;CELG;4.69;1974.581574;0.0;1974.581574
202410;67428;TEUTOUNI2;LABORATORIO TEUTO BRASILEIRO S/A;906940;LABORATORIO TEUTO BR;17159229000176;ANÁPOLIS;GO;MANUFATURADOS DIVERSOS;SUDESTE;01/01/2017;15;CELG;4.55;3044.209466;0.0;3044.209466
202410;30087;RENNER SE;LOJAS RENNER S.A.;909785;RENNER LOJA 129;92754738013655;ANÁPOLIS;GO;COMÉRCIO;SUDESTE;01/07/2017;15;CELG;0.245;46.851887;0.0;46.851887
202410;68098;FACULDADES ALFA;CENTRO EDUCACIONAL ALVES FARIA LTDA.;908852;FAC ALFA JOAO VAZ;02850990000182;GOIÂNIA;GO;SERVIÇOS;SUDESTE;01/05/2017;15;CELG;0.85;135.264575;0.0;135.264575
202410;99718;REBIC CL 514;REBIC EMBALAGENS INDUSTRIA E COMERCIO LTDA;908827;REBIC IND EMBALAGENS;01370480000145;TRINDADE;GO;MANUFATURADOS DIVERSOS;SUDESTE;01/05/2017;15;CELG;1.65;719.782608;0.0;719.782608
202410;30087;RENNER SE;LOJAS RENNER S.A.;911226;RENNER LOJA 127;92754738013302;APARECIDA DE GOIÂNIA;GO;COMÉRCIO;SUDESTE;01/12/2017;15;CELG;0.22;64.387523;0.0;64.387523
202410;31223;WALMART BRASIL CL 514;WMB SUPERMERCADOS DO BRASIL LTDA.;910579;WALMART 1008 SUPERCE;00063960004783;GOIÂNIA;GO;COMÉRCIO;SUDESTE;01/10/2017;15;CELG;1.225;460.3132;0.0;460.3132
202410;99704;ROAN ALIMENTOS CL 514;ROAN ALIMENTOS LTDA;920911;ROAN ALIMENTOS - FIL;01687284000441;LEOPOLDO DE BULHÕES;GO;ALIMENTÍCIOS;SUDESTE;01/01/2019;15;CELG;0.5;7.494971;0.0;7.494971
202410;72861;HERING EI SE;CIA. HERING;912440;HERING CD;78876950011025;ANÁPOLIS;GO;COMÉRCIO;SUDESTE;01/02/2018;15;CELG;0.512;241.141074;0.0;241.141074
202410;46065;COSPLASTIC CL 514;EVOLUM INDUSTRIA E COMERCIO DE EMBALAGENS LTDA;922395;COSPLASTIC - APARECI;37305471000118;APARECIDA DE GOIÂNIA;GO;MANUFATURADOS DIVERSOS;SUDESTE;01/02/2019;15;CELG;0.65;216.747465;0.0;216.747465
202410;65991;BREJEIRO;PRODUTOS ALIMENTICIOS ORLANDIA S A COMERCIO E INDUSTRIA;922793;BREJ ANÁPOLIS RECEBI;53309845000200;ANÁPOLIS;GO;ALIMENTÍCIOS;SUDESTE;01/03/2019;15;CELG;0.5;156.340178;0.0;156.340178
202410;79161;JBS COUROS CL SE;JBS S/A;918263;JBS COUROS - ITUMBIA;02916265009892;ITUMBIARA;GO;MANUFATURADOS DIVERSOS;SUDESTE;01/10/2018;2226;CELG GERATRANS;4.3;1719.786732;0.0;1719.786732
202410;99644;SARKIS CL 514;SARKIS MINERACAO LTDA;922886;SARKIS;03163210000431;PADRE BERNARDO;GO;MINERAIS NÃO-METÁLICOS;SUDESTE;01/03/2019;15;CELG;1.7;353.302811;0.0;353.302811
202410;46245;PEDRA BRITADA CL 514;PEDRA BRITADA INDUSTRIA E COMERCIO LIMITADA;923733;Pedra Britada Matriz;03991800000100;GOIANÁPOLIS;GO;MINERAIS NÃO-METÁLICOS;SUDESTE;01/05/2019;15;CELG;0.9;68.338658;0.0;68.338658
202410;54169;HERING SLMB;CIA. HERING;923983;HERING SLMB;78876950012340;SÃO LUÍS DE MONTES BELOS;GO;TÊXTEIS;SUDESTE;01/06/2019;15;CELG;0.82;234.159647;0.0;234.159647
202410;88128;TERMOPOT CL 514;TERMOPOT INDUSTRIA LTDA EM RECUPERACAO JUDICIAL;912441;TERMOPOT;03569492000129;GOIÂNIA;GO;MANUFATURADOS DIVERSOS;SUDESTE;01/02/2018;15;CELG;2.0;393.400486;0.0;393.400486
202410;45682;ASOEC CL 514;ASSOCIACAO SALGADO DE OLIVEIRA DE EDUCACAO E CULTURA;912473;ASOEC GO;28638393000425;GOIÂNIA;GO;SERVIÇOS;SUDESTE;01/02/2018;15;CELG;0.55;84.132251;0.0;84.132251
202410;45895;GOLDEN DOLPHIN RESORT CL 514;CONDOMINIO GOLDEN DOLPHIN RESORT;915555;GOLDEN DOLPHIN;08638257000185;CALDAS NOVAS;GO;SERVIÇOS;SUDESTE;01/08/2018;15;CELG;0.5;177.110002;0.0;177.110002
202410;23655;YPE QUIMICA ANAPOLIS CL 514;QUIMICA AMPARO LTDA;917939;QUIMICA YPE ANAPOLIS;43461789000786;ANÁPOLIS;GO;QUÍMICOS;SUDESTE;01/09/2018;15;CELG;1.675;706.622354;0.0;706.622354
202410;31548;POLIGYN CL 514;POLI-GYN EMBALAGENS LTDA.;918721;POLIGYN EMBALAGENS;00072331000137;GOIÂNIA;GO;MANUFATURADOS DIVERSOS;SUDESTE;01/10/2018;15;CELG;1.135;517.725819;0.0;517.725819
202410;71814;CINEPOLIS;CINEPOLIS OPERADORA DE CINEMAS DO BRASIL LTDA.;918739;CINEPOLIS - GOIANIA;09652820004715;GOIÂNIA;GO;SERVIÇOS;SUDESTE;01/10/2018;15;CELG;0.3;61.190237;0.0;61.190237
202410;46580;OURO VERDE CL 514;OURO VERDE ALIMENTOS LTDA;924936;Ouro Verde Alimentos;03724291000159;MONTIVIDIU;GO;ALIMENTÍCIOS;SUDESTE;01/07/2019;15;CELG;0.62;224.226409;0.0;224.226409
202410;46467;CURTUME CO CL 514;CURTUME CENTRO OESTE LTDA;927607;Curtume Centro Oeste;26685958000157;SENADOR CANEDO;GO;MANUFATURADOS DIVERSOS;SUDESTE;01/09/2019;15;CELG;0.72;293.886151;0.0;293.886151
202410;31605;ITAMBEALIMEN CL 514;ITAMBE ALIMENTOS LTDA.;898069;ITAMBE GOIANIA I;16849231001690;GOIÂNIA;GO;ALIMENTÍCIOS;SUDESTE;01/02/2016;15;CELG;1.25;148.207907;0.0;148.207907
202410;95026;REMMACK;REMMACK FILMS INDUSTRIA E COMERCIO LTDA;919311;PLASTFORM CAIAPO		;07163516000104;GOIÂNIA;GO;MANUFATURADOS DIVERSOS;SUDESTE;01/12/2018;15;CELG;0.03;1.610662;0.0;1.610662
202410;99256;GOIAS RENDERING CL 514;GOIAS RENDERING S/A;932958;GOIAS RENDERING;19357388000100;TRINDADE;GO;ALIMENTÍCIOS;SUDESTE;01/12/2019;15;CELG;1.5;537.813018;0.0;537.813018
202410;62592;LF PLASTICOS ESP;LF PLASTICOS LTDA;933168;LF PLÁSTICOS;06947499000206;APARECIDA DE GOIÂNIA;GO;MANUFATURADOS DIVERSOS;SUDESTE;01/01/2020;15;CELG;0.42;1.4233;0.0;1.4233
202410;88208;SUPERVI;SUPERVI DISTRIBUIDOR DE ALIMENTOS LTDA;933950;LOJA 4 - CENTRO;07503617000411;ANÁPOLIS;GO;COMÉRCIO;SUDESTE;01/02/2020;15;CELG;0.09;39.462115;0.0;39.462115
202410;100018;BRASIL TELECOMCL 514 23;OI S.A. - EM RECUPERACAO JUDICIAL;933946;UC 16812920 - CAEL;76535764032851;GOIÂNIA;GO;TELECOMUNICAÇÕES;SUDESTE;01/02/2020;15;CELG;0.958;289.37796;0.0;289.37796
202410;88208;SUPERVI;SUPERVI DISTRIBUIDOR DE ALIMENTOS LTDA;933947;LOJA 2 - JARDIM GOIA;07503617000250;ANÁPOLIS;GO;COMÉRCIO;SUDESTE;01/02/2020;15;CELG;0.16;84.462148;0.0;84.462148
202410;32060;MARAJOARA CL 514;MARAJOARA INDUSTRIA DE LATICINIOS LTDA;936145;MARAJOARA LEITE COND;24849580000154;HIDROLÂNDIA;GO;ALIMENTÍCIOS;SUDESTE;01/05/2020;15;CELG;0.5;236.447559;0.0;236.447559
202410;46944;CALCILANDIA CL;CALCILANDIA MINERACAO LTDA;936390;CALCILANDIA UC 28300;05291545000118;GOIÁS;GO;MINERAIS NÃO-METÁLICOS;SUDESTE;01/05/2020;15;CELG;0.812;349.496123;0.0;349.496123
202410;86666;COMERCIAL REIS;COMERCIAL REIS LTDA;937789;Loja Reis 15;03044201000774;RIO VERDE;GO;COMÉRCIO;SUDESTE;01/07/2020;15;CELG;0.12;75.129317;0.0;75.129317
202410;25518;B2W CE;AMERICANAS S.A - EM RECUPERACAO JUDICIAL;938088;LASA Loja 306;00776574130289;RIO VERDE;GO;COMÉRCIO;SUDESTE;01/08/2020;15;CELG;0.119;23.931835;0.0;23.931835
202410;90524;C CE SUPERMERCADOS CAMPEAO;CABRAL E MAIA LTDA;938180;CAMPEÃO LJ2-63058622;37630118000103;RIO VERDE;GO;COMÉRCIO;SUDESTE;01/08/2020;15;CELG;0.104;49.534009;0.0;49.534009
202410;47517;MINERACAO BOM JESUS CL 514;MINERACAO BOM JESUS LTDA;938475;LUZIANIA;07245544000162;LUZIÂNIA;GO;BEBIDAS;SUDESTE;01/08/2020;15;CELG;0.71;279.394372;0.0;279.394372
202410;47152;ARTE TRIGO CL 514;ARTE TRIGO INDUSTRIAL LTDA;939130;ARTE TRIGO;16366878000185;CAMPO LIMPO DE GOIÁS;GO;ALIMENTÍCIOS;SUDESTE;01/09/2020;15;CELG;1.0;749.027282;0.0;749.027282
202410;95945;BEAPLAST;BEAPLAST INDUSTRIA E COMERCIO LTDA;939131;Beaplast 01;33667336000161;FORMOSA;GO;COMÉRCIO;SUDESTE;01/09/2020;15;CELG;0.2;59.086607;0.0;59.086607
202410;86578;TATICO SETOR CENTRO OESTE;CENTRO OESTE COMERCIAL DE ALIMENTOS LTDA;939624;TATICO PORTAL SHOPPI;24447350000320;GOIÂNIA;GO;COMÉRCIO;SUDESTE;01/10/2020;15;CELG;0.26;159.180094;0.0;159.180094
202410;99292;COMIGO-MATRIZ LIVRE;COOPERATIVA AGROINDUSTRIAL DOS PRODUTORES RURAIS DO SUDOESTE GOIANO;939715;COM-BOM JARDIM;02077618004849;JATAÍ;GO;SERVIÇOS;SUDESTE;01/10/2020;15;CELG;0.6;23.16704;0.0;23.16704
202410;93905;COMIGO-MATRIZ ESPECIAL;COOPERATIVA AGROINDUSTRIAL DOS PRODUTORES RURAIS DO SUDOESTE GOIANO;939716;COM-INDIARA;02077618002471;INDIARA;GO;SERVIÇOS;SUDESTE;01/10/2020;15;CELG;0.24;59.295581;0.0;59.295581
202410;100287;JL LATICINIOSCL 514 23;LATICINIOS J L LTDA;940667;Laticinios JL Ltda;16005431000180;ORIZONA;GO;ALIMENTÍCIOS;SUDESTE;01/12/2020;15;CELG;0.65;347.109023;0.0;347.109023
202410;62298;BRASIL CENTER;BRASILCENTER COMUNICACOES LTDA;940666;BRASIL C - CELG-D A;02917443000258;GOIÂNIA;GO;SERVIÇOS;SUDESTE;01/12/2020;15;CELG;0.36;113.893422;0.0;113.893422
202410;4574;BRASIL TELE SE;OI S.A. - EM RECUPERACAO JUDICIAL;940694;UC 20243492 - ANAPOL;76535764032851;ANÁPOLIS;GO;TELECOMUNICAÇÕES;SUDESTE;01/12/2020;15;CELG;0.123;73.014301;0.0;73.014301
202410;89866;CARAMURU ARMAZENS GO;CARAMURU ALIMENTOS  S/A;940835;CARAMURU ARMAZ VRD 2;00080671004440;RIO VERDE;GO;SERVIÇOS;SUDESTE;01/12/2020;15;CELG;0.25;22.156565;0.0;22.156565
202410;48767;MINERACAONOVAESPERANCACL514;MINERACAO NOVA ESPERANCA LTDA;941392;MINERAÇÃO NOV A ESPE;12021400000162;PROFESSOR JAMIL;GO;MINERAIS NÃO-METÁLICOS;SUDESTE;01/01/2021;15;CELG;0.5;112.520319;0.0;112.520319
202410;95859;SUPERMERCADO PRO BRASIL;SUPERMERCADO PRO BRASIL LTDA;941285;SUPERMERCADO PRO BRA;37629995000245;GOIÂNIA;GO;COMÉRCIO;SUDESTE;01/01/2021;15;CELG;0.15;70.773632;0.0;70.773632
202410;4574;BRASIL TELE SE;OI S.A. - EM RECUPERACAO JUDICIAL;941354;UC 12217268 - ALVRDA;76535764032851;GOIÂNIA;GO;TELECOMUNICAÇÕES;SUDESTE;01/01/2021;15;CELG;0.098;42.029887;0.0;42.029887
202410;95859;SUPERMERCADO PRO BRASIL;SUPERMERCADO PRO BRASIL LTDA;941344;PRO BRASIL BALNEARIO;37629995000598;GOIÂNIA;GO;COMÉRCIO;SUDESTE;01/01/2021;15;CELG;0.14;57.349809;0.0;57.349809
202410;47694;BEEF MASTER CL 514;PCH COMERCIO DE CARNES LTDA;942362;BEEF MASTER;09429354000120;;GO;ALIMENTÍCIOS;SUDESTE;01/02/2021;15;CELG;0.5;222.350033;0.0;222.350033
202410;92484;MAGAZINE LUIZA - I5;MAGAZINE LUIZA S/A;943002;MAGAZINE L -  LJ 479;47960950048400;CALDAS NOVAS;GO;COMÉRCIO;SUDESTE;01/03/2021;15;CELG;0.054;11.035213;0.0;11.035213
202410;88264;ATACADAO DIA A DIA;ATACADAO DIA A DIA S.A;943568;LUZIÂNIA;17457404000705;LUZIÂNIA;GO;COMÉRCIO;SUDESTE;01/04/2021;15;CELG;0.2;165.223665;0.0;165.223665
202410;47940;SEMENTES GOIAS 174 CL;SEMENTES GOIAS LTDA;943835;SEMENTES GOIAS 174 -;03482332000148;RIO VERDE;GO;METALURGIA E PRODUTOS DE METAL;SUDESTE;01/04/2021;15;CELG;0.99;302.737712;0.0;302.737712
202410;47776;CALCARIO NORTE SUL CL;CALCARIO NORTE-SUL LTDA;944616;CALCARIO NORTE SUL;17439238000110;CAMPINORTE;GO;MINERAIS NÃO-METÁLICOS;SUDESTE;01/05/2021;15;CELG;0.5;45.278895;0.0;45.278895
202410;72262;RIACHUELO LT 2 SE/CO;LOJAS RIACHUELO SA;944858;RCHLO - GOIANIA - LO;33200056042143;GOIÂNIA;GO;COMÉRCIO;SUDESTE;01/06/2021;15;CELG;0.125;39.172891;0.0;39.172891
202410;31523;CALBRAX GO CL 514;CALBRAX CALCARIO AGRICOLA LTDA;944954;CALBRAX GO;07638538000175;;GO;MINERAIS NÃO-METÁLICOS;SUDESTE;01/06/2021;15;CELG;1.0;549.739118;0.0;549.739118
202410;88264;ATACADAO DIA A DIA;ATACADAO DIA A DIA S.A;945010;DIA A DIA - SANTO AN;17457404000888;SANTO ANTÔNIO DO DESCOBERTO;GO;COMÉRCIO;SUDESTE;01/06/2021;15;CELG;0.15;122.379375;0.0;122.379375
202410;71708;DU PONT CL;CORTEVA AGRISCIENCE DO BRASIL LTDA.;945004;DU PONT - ITUMBIARA;61064929003275;ITUMBIARA;GO;ALIMENTÍCIOS;SUDESTE;01/06/2021;15;CELG;1.3;369.104216;0.0;369.104216
202410;25101;ADUBOS ARAGUAIA;ARAGUAIA S.A.;945333;ADUBOS CATALAO - UC;03306578001130;CATALÃO;GO;QUÍMICOS;SUDESTE;01/06/2021;15;CELG;0.196;64.751769;0.0;64.751769
202410;48072;WINDOR CL 514;WINDOR - INDUSTRIA E COMERCIO DE METAIS LTDA;945474;JARDIM ELDORADO;27800666000261;APARECIDA DE GOIÂNIA;GO;METALURGIA E PRODUTOS DE METAL;SUDESTE;01/07/2021;15;CELG;0.89;224.781136;0.0;224.781136
202410;3124;SANTANDER EI;BANCO SANTANDER (BRASIL) S.A.;945491;001-0966 - B JUNDIAI;90400888000142;ANÁPOLIS;GO;SERVIÇOS;SUDESTE;01/07/2021;15;CELG;0.034;10.367012;0.0;10.367012
202410;99292;COMIGO-MATRIZ LIVRE;COOPERATIVA AGROINDUSTRIAL DOS PRODUTORES RURAIS DO SUDOESTE GOIANO;946223;COM-CAIAPÔNIA;02077618004687;CAIAPÔNIA;GO;SERVIÇOS;SUDESTE;01/08/2021;15;CELG;0.85;29.344426;0.0;29.344426
202410;96164;CENTRO OESTE OLEO QUIMICA;CENTRO OESTE OLEO QUIMICA LTDA;946269;ETERBINO;08251405000104;ANÁPOLIS;GO;QUÍMICOS;SUDESTE;01/08/2021;15;CELG;0.22;111.857941;0.0;111.857941
202410;3124;SANTANDER EI;BANCO SANTANDER (BRASIL) S.A.;947488;001-3444 - GOIANIA-C;90400888000142;GOIÂNIA;GO;SERVIÇOS;SUDESTE;01/10/2021;15;CELG;0.088;17.592249;0.0;17.592249
202410;63301;ATACADAO 2;ATACADAO S.A.;947493;ATACADAO LJ 232;75315333023230;APARECIDA DE GOIÂNIA;GO;COMÉRCIO;SUDESTE;01/10/2021;15;CELG;0.135;37.834593;0.0;37.834593
202410;3124;SANTANDER EI;BANCO SANTANDER (BRASIL) S.A.;947548;001-3015 - PCA DO AV;90400888000142;ANÁPOLIS;GO;SERVIÇOS;SUDESTE;01/10/2021;15;CELG;0.09;15.560101;0.0;15.560101
202410;48279;NUTRIEX CL 514;NUTRIEX INDUSTRIA DE NUTRACEUTICOS LTDA;947520;NUTRIEX INDUSTRIA DE;22966065000129;GOIÂNIA;GO;ALIMENTÍCIOS;SUDESTE;01/10/2021;15;CELG;0.9;292.341979;0.0;292.341979
202410;97248;CENTAURO I5 SE;SBF COMERCIO DE PRODUTOS ESPORTIVOS S.A.;948711;CE266 - PASSEIO DAS;06347409033179;GOIÂNIA;GO;COMÉRCIO;SUDESTE;01/12/2021;15;CELG;0.1;28.746087;0.0;28.746087
202410;63677;RENNER MATRIZ SUDESTE;LOJAS RENNER S.A.;948816;RNR454_Jatahy Shoppi;92754738039883;JATAÍ;GO;COMÉRCIO;SUDESTE;01/12/2021;15;CELG;0.16;36.123036;0.0;36.123036
202410;4574;BRASIL TELE SE;OI S.A. - EM RECUPERACAO JUDICIAL;948794;UC 2860030354 - VALP;76535764032851;VALPARAÍSO DE GOIÁS;GO;TELECOMUNICAÇÕES;SUDESTE;01/12/2021;15;CELG;0.09;53.706514;0.0;53.706514
202410;48577;SHOPPING CATALAO CL 514;ASSOCIACAO CATALAO SHOPPING;949212;SHOPPING CATALAO - U;38025518000152;CATALÃO;GO;SERVIÇOS;SUDESTE;01/12/2021;15;CELG;0.65;229.787113;0.0;229.787113
202410;30383;AVESUI NESP;AGROINDUSTRIA DE ALIMENTOS AVESUI LTDA;949268;AVESUI - UC 10035238;22940015000172;MORRINHOS;GO;ALIMENTÍCIOS;SUDESTE;01/12/2021;15;CELG;4.0;1427.049144;0.0;1427.049144
202410;97248;CENTAURO I5 SE;SBF COMERCIO DE PRODUTOS ESPORTIVOS S.A.;949310;CE94 - APARECIDA DE;06347409011523;APARECIDA DE GOIÂNIA;GO;COMÉRCIO;SUDESTE;01/01/2022;15;CELG;0.048;14.706933;0.0;14.706933
202410;83042;CARGILL PGA SE;CARGILL AGRICOLA S A;949775;Cargill Catalão;60498706040884;CATALÃO;GO;ALIMENTÍCIOS;SUDESTE;01/01/2022;15;CELG;0.39;6.998971;0.0;6.998971
202410;48413;TREVO AGROINDUSTRIAL CL 514;TREVO AGROINDUSTRIAL LTDA;949852;Trevo Agroindustrial;03872306000126;INHUMAS;GO;ALIMENTÍCIOS;SUDESTE;01/01/2022;15;CELG;0.5;159.135135;0.0;159.135135
202410;93109;COSTA MULTICANAL;COSTA MULTICANAL S/A;950211;COSTA MULTICANAL INH;27289076000640;GOIÂNIA;GO;COMÉRCIO;SUDESTE;01/02/2022;15;CELG;0.42;185.050131;0.0;185.050131
202410;48657;SANEAGO LIVRE;SANEAMENTO DE GOIAS S/A;951022;EEAT Cascalho - Goiâ;01616929000102;GOIÂNIA;GO;SANEAMENTO;SUDESTE;01/03/2022;15;CELG;0.963;591.592113;0.0;591.592113
202410;48575;TETRAPET CL 514;TETRAPET COMERCIO DE EMBALAGENS LTDA;951011;TETRAPET INDUSTRIA;11635146000120;ANÁPOLIS;GO;MANUFATURADOS DIVERSOS;SUDESTE;01/03/2022;15;CELG;0.5;157.808932;0.0;157.808932
202410;26907;CEREAL OURO;CEREAL OURO SEMENTES LTDA;951180;CEREAL OURO A 951180;04712017000122;RIO VERDE;GO;ALIMENTÍCIOS;SUDESTE;01/04/2022;15;CELG;0.39;130.649174;0.0;130.649174
202410;37946;BRF 482 JATAI CE;BRF S.A.;952152;BRF - GRAOS JATAI;01838723017607;JATAÍ;GO;COMÉRCIO;SUDESTE;01/05/2022;15;CELG;0.299;7.162176;0.0;7.162176
202410;38077;GENNIUS GOIANIA EI SE;GRUPO GENNIUS BRASIL PRODUCAO E COMERCIALIZACAO DE ALIMENTOS S.A;952223;HABIBS GOIANIA - UC;27665906001587;APARECIDA DE GOIÂNIA;GO;ALIMENTÍCIOS;SUDESTE;01/05/2022;15;CELG;0.123;20.392361;0.0;20.392361
202410;38272;CONDUTTI;CONDUTTI INDUSTRIA DE FIOS E CABOS ESPECIAIS LTDA;953834;CONDUTTI;09041432000115;ANÁPOLIS;GO;MANUFATURADOS DIVERSOS;SUDESTE;01/07/2022;15;CELG;0.5;173.10068;0.0;173.10068
202410;40329;LDC BRASIL JATAI KM 71;LOUIS DREYFUS COMPANY BRASIL S.A.;954314;LDC BR - JATAI - UC;47067525012033;JATAÍ;GO;ALIMENTÍCIOS;SUDESTE;01/08/2022;15;CELG;0.11;4.540269;0.0;4.540269
202410;44198;JOFEGE AUTOPRODUTOR;JOFEGE MINERACAO LTDA;954619;JOFEGE;86924701000132;VILA PROPÍCIO;GO;MINERAIS NÃO-METÁLICOS;SUDESTE;01/08/2022;15;CELG;1.5;315.32336;0.0;315.32336
202410;52766;LDC BRASIL PLANALTO;LOUIS DREYFUS COMPANY BRASIL S.A.;957234;LDC BR - PLANALTO -;47067525015806;MONTIVIDIU;GO;ALIMENTÍCIOS;SUDESTE;01/12/2022;15;CELG;0.1;4.336601;0.0;4.336601
202410;30672;AGREX - GOIATUBA ADM;AGREX DO BRASIL LTDA.;957181;AGREX - Goiatuba ADM;10515785000350;GOIATUBA;GO;ALIMENTÍCIOS;SUDESTE;01/12/2022;15;CELG;0.35;166.488014;0.0;166.488014
202410;44206;ODERICH ALIMENTOS CL;ODERICH ALIMENTOS LTDA;957576;ODERICH ALIMENTOS LT;14855352000133;LUZIÂNIA;GO;ALIMENTÍCIOS;SUDESTE;01/12/2022;15;CELG;1.2;332.885682;0.0;332.885682
202410;60443;VIAVAREJO;GRUPO CASAS BAHIA S.A.;958482;FILIAL 1333 - SERRIN;33041260109093;GOIÂNIA;GO;COMÉRCIO;SUDESTE;01/02/2023;15;CELG;0.08;13.550722;0.0;13.550722
202410;43498;RUMO RIO VERDE;RUMO MALHA CENTRAL S.A.;959624;TERMINAL RIO VERDE;33572408000197;RIO VERDE;GO;TRANSPORTE;SUDESTE;01/03/2023;15;CELG;3.5;1258.697156;0.0;1258.697156
202410;52103;CAVA;CAVA- COMERCIAL ATACADISTA E VAREJISTA DE ALIMENTOS LTDA;959697;CAVA - CATALAO;36770574000277;CATALÃO;GO;COMÉRCIO;SUDESTE;01/03/2023;15;CELG;0.25;133.981162;0.0;133.981162
202410;57733;RACOES BEM BOM LIVRE;COMERCIO RACOES BEM BOM LTDA;959753;RACOES BEM BOM;41324359000100;GOIANÉSIA;GO;ALIMENTÍCIOS;SUDESTE;01/03/2023;15;CELG;1.0;403.093478;0.0;403.093478
202410;51062;NARDINI AGROINDUSTRIAL;NARDINI AGROINDUSTRIAL LTDA;959807;NARDINI CONSUMO;48708267001560;APORÉ;GO;MINERAIS NÃO-METÁLICOS;SUDESTE;01/04/2023;4144;LTI;2.0;1.832526;0.0;1.832526
202410;39176;CENCOSUD BRASIL 104 SE;CENCOSUD BRASIL COMERCIAL S.A.;959972;CENCOSUD LOJA 552;39346861023102;GOIÂNIA;GO;COMÉRCIO;SUDESTE;01/04/2023;15;CELG;0.185;112.804547;0.0;112.804547
202410;39176;CENCOSUD BRASIL 104 SE;CENCOSUD BRASIL COMERCIAL S.A.;959970;CENCOSUD LOJA 648;39346861025903;APARECIDA DE GOIÂNIA;GO;COMÉRCIO;SUDESTE;01/04/2023;15;CELG;0.276;100.423772;0.0;100.423772
202410;39176;CENCOSUD BRASIL 104 SE;CENCOSUD BRASIL COMERCIAL S.A.;960691;CENCOSUD LOJA 551;39346861023021;GOIÂNIA;GO;COMÉRCIO;SUDESTE;01/05/2023;15;CELG;0.252;71.230163;0.0;71.230163
202410;39176;CENCOSUD BRASIL 104 SE;CENCOSUD BRASIL COMERCIAL S.A.;960671;CENCOSUD LOJA 640;39346861025660;FORMOSA;GO;COMÉRCIO;SUDESTE;01/05/2023;15;CELG;0.29;83.641912;0.0;83.641912
202410;104619;CRD DIAGNOSTICOS CL 514;CRD - CENTRO DE RECURSOS DIAGNOSTICOS LTDA;961065;ACIDENTADOS - UC 144;01269430000176;GOIÂNIA;GO;SERVIÇOS;SUDESTE;01/05/2023;15;CELG;0.2;79.643483;0.0;79.643483
202410;100962;ITAU AMR I5 SE;ITAU UNIBANCO S.A.;961829;4340_GOIANIA-CAMPINA;60701190198370;GOIÂNIA;GO;SERVIÇOS;SUDESTE;01/06/2023;15;CELG;0.068;17.960518;0.0;17.960518
202410;52403;REDE LUCAS;REDE LUCAS DE SUPERMERCADOS LTDA;962074;Loja 04 UC 690356833;06894782000489;ITUMBIARA;GO;COMÉRCIO;SUDESTE;01/06/2023;15;CELG;0.17;114.558311;0.0;114.558311
202410;25518;B2W CE;AMERICANAS S.A - EM RECUPERACAO JUDICIAL;964427;AMER 1244;00776574167522;GOIANÉSIA;GO;COMÉRCIO;SUDESTE;01/09/2023;15;CELG;0.076;9.001384;0.0;9.001384
202410;25518;B2W CE;AMERICANAS S.A - EM RECUPERACAO JUDICIAL;964754;AMER 112;00776574119714;CALDAS NOVAS;GO;COMÉRCIO;SUDESTE;01/09/2023;15;CELG;0.075;20.010393;0.0;20.010393
202410;25518;B2W CE;AMERICANAS S.A - EM RECUPERACAO JUDICIAL;964835;AMER 1067;00776574016745;FORMOSA;GO;COMÉRCIO;SUDESTE;01/09/2023;15;CELG;0.09;7.78155;0.0;7.78155
202410;25518;B2W CE;AMERICANAS S.A - EM RECUPERACAO JUDICIAL;964891;AMER 1260;00776574167603;MINEIROS;GO;COMÉRCIO;SUDESTE;01/09/2023;15;CELG;0.09;19.689786;0.0;19.689786
202410;25518;B2W CE;AMERICANAS S.A - EM RECUPERACAO JUDICIAL;964913;AMER 1049;00776574009374;;GO;COMÉRCIO;SUDESTE;01/09/2023;15;CELG;0.09;15.702241;0.0;15.702241
202410;101281;BARAO SUPERMERCADOS;BARAO ESPECIALIDADES & DISTRIBUIDORA DE ALIMENTOS SA;965026;Barao Superme 965026;28790260000127;APARECIDA DE GOIÂNIA;GO;COMÉRCIO;SUDESTE;01/09/2023;15;CELG;0.157;71.855927;0.0;71.855927
202410;102529;UNIDOCKS;UNIDOCK'S ASSESSORIA E LOGISTICA DE MATERIAIS LTDA;965781;Aparecida de Goiânia;00233065005650;APARECIDA DE GOIÂNIA;GO;SERVIÇOS;SUDESTE;01/10/2023;15;CELG;0.6;228.092127;0.0;228.092127
202410;105965;SGB BRASILIT ABADIANIA CL;SAINT-GOBAIN DO BRASIL PRODUTOS INDUSTRIAIS E PARA CONSTRUCAO LTDA;965864;SGB BRASILIT ABADIAN;61064838016994;ABADIÂNIA;GO;MINERAIS NÃO-METÁLICOS;SUDESTE;01/10/2023;15;CELG;1.2;425.662383;0.0;425.662383
202410;3846;BRASIL TELECOM;OI S.A. - EM RECUPERACAO JUDICIAL;965913;ID UC 19064 - UC 137;76535764032851;GOIÂNIA;GO;TELECOMUNICAÇÕES;SUDESTE;01/10/2023;15;CELG;0.046;20.932145;0.0;20.932145
202410;99292;COMIGO-MATRIZ LIVRE;COOPERATIVA AGROINDUSTRIAL DOS PRODUTORES RURAIS DO SUDOESTE GOIANO;965967;COMIGO IPORÁ;02077618004334;;GO;COMÉRCIO;SUDESTE;01/10/2023;15;CELG;1.0;78.140883;0.0;78.140883
202410;60443;VIAVAREJO;GRUPO CASAS BAHIA S.A.;966424;1895 - CD HIDROLÂNDI;33041260160447;HIDROLÂNDIA;GO;COMÉRCIO;SUDESTE;01/11/2023;15;CELG;0.2;62.069014;0.0;62.069014
202410;60443;VIAVAREJO;GRUPO CASAS BAHIA S.A.;966479;Filial 1699 - ITUMBI;33041260136066;ITUMBIARA;GO;COMÉRCIO;SUDESTE;01/11/2023;15;CELG;0.095;13.125659;0.0;13.125659
202410;66054;VILLEFORT;CEMA CENTRAL MINEIRA ATACADISTA LTDA;966780;VILLEFORT RECANTO;03083231004272;GOIÂNIA;GO;COMÉRCIO;SUDESTE;01/11/2023;15;CELG;0.225;159.504385;0.0;159.504385
202410;102785;BRITAGRAN;BRITAGRAN BRITAS E GRANITOS MINERADORA LTDA;966900;BRITAGRAN;08528222000193;NOVA VENEZA;GO;MINERAIS NÃO-METÁLICOS;SUDESTE;01/11/2023;15;CELG;0.58;64.975226;0.0;64.975226
202410;117662;TF EMBALAGENS GO;TF EMBALAGENS LTDA;970194;TF Embalagens Ltda;41413565000188;APARECIDA DE GOIÂNIA;GO;MANUFATURADOS DIVERSOS;SUDESTE;01/01/2024;15;CELG;0.5;198.830794;0.0;198.830794
202410;83937;DE HEUS;DE HEUS INDUSTRIA E COMERCIO DE NUTRICAO ANIMAL LTDA;970543;DE HEUS ITABERAI - U;02513991001022;ITABERAÍ;GO;ALIMENTÍCIOS;SUDESTE;01/02/2024;15;CELG;0.12;54.291522;0.0;54.291522
202410;60788;UTEPORTODAGUAS CL;CERRADINHO BIOENERGIA S.A.;971840;PORTO AGUAS II CARGA;08322396000103;CHAPADÃO DO CÉU;GO;MINERAIS NÃO-METÁLICOS;SUDESTE;01/02/2024;4144;LTI;7.0;94.674197;0.0;94.674197
202410;109491;HOSPITAL SÃO FRANCISCO;HOSPITAL SAO FRANCISCO DE ASSIS LTDA;972578;Hospital São Francis;01625151000106;GOIÂNIA;GO;SERVIÇOS;SUDESTE;01/02/2024;15;CELG;0.5;137.549935;0.0;137.549935
202410;93905;COMIGO-MATRIZ ESPECIAL;COOPERATIVA AGROINDUSTRIAL DOS PRODUTORES RURAIS DO SUDOESTE GOIANO;972918;COMIGO IMPLEMENTOS;02077618004172;RIO VERDE;GO;COMÉRCIO;SUDESTE;01/03/2024;15;CELG;0.06;13.172092;0.0;13.172092
202410;128202;URUACU;RUBIATABA INDUSTRIAL S.A.;974062;RUBIATABA INDUSTRIAL;03347747000370;URUAÇU;GO;MINERAIS NÃO-METÁLICOS;SUDESTE;01/03/2024;15;CELG;0.5;23.746519;0.0;23.746519
202410;93905;COMIGO-MATRIZ ESPECIAL;COOPERATIVA AGROINDUSTRIAL DOS PRODUTORES RURAIS DO SUDOESTE GOIANO;974967;COMIGO PARAÚNA 2;02077618002129;PARAÚNA;GO;COMÉRCIO;SUDESTE;01/04/2024;15;CELG;0.06;19.507013;0.0;19.507013
202410;105683;CENCOSUD BRASIL 126 SE;CENCOSUD BRASIL COMERCIAL S.A.;975595;CENCOSUD LOJA 541;39346861022807;GOIÂNIA;GO;COMÉRCIO;SUDESTE;01/04/2024;15;CELG;0.252;81.222313;0.0;81.222313
202410;105683;CENCOSUD BRASIL 126 SE;CENCOSUD BRASIL COMERCIAL S.A.;975678;CENCOSUD LOJA 615;39346861024850;GOIÂNIA;GO;COMÉRCIO;SUDESTE;01/04/2024;15;CELG;0.352;138.958824;0.0;138.958824
202410;3729;PERNAMBUCANAS;ARTHUR LUNDGREN TECIDOS S A CASAS PERNAMBUCANAS;976257;Pernam - Itumbiara;61099834030340;ITUMBIARA;GO;COMÉRCIO;SUDESTE;01/04/2024;15;CELG;0.075;13.058863;0.0;13.058863
202410;126380;GOIANESIA CALCARIO;GOIANESIA CALCARIO DOLOMITICO LTDA;976597;GOIANESIA CALCARIO -;13867739000228;VILA PROPÍCIO;GO;MINERAIS NÃO-METÁLICOS;SUDESTE;01/04/2024;15;CELG;1.2;23.664094;0.0;23.664094
202410;118422;CRV GO;CRV INDUSTRIAL LTDA;977390;CRV GO;03937452000192;CARMO DO RIO VERDE;GO;ALIMENTÍCIOS;SUDESTE;01/05/2024;66348;CHESP DIST;0.95;79.072584;0.0;79.072584
202410;30493;SANEAGO;SANEAMENTO DE GOIAS S/A;977808;SANEAGO - UC 2960007;01616929000102;PLANALTINA;GO;SANEAMENTO;SUDESTE;01/05/2024;15;CELG;0.27;150.893951;0.0;150.893951
202410;30493;SANEAGO;SANEAMENTO DE GOIAS S/A;979245;SANEAGO - UC 1500253;01616929000102;MORRINHOS;GO;SANEAMENTO;SUDESTE;01/06/2024;15;CELG;0.243;138.02806;0.0;138.02806
202410;30493;SANEAGO;SANEAMENTO DE GOIAS S/A;981369;SANEAGO - UC 2000448;01616929000102;APARECIDA DE GOIÂNIA;GO;SANEAMENTO;SUDESTE;01/07/2024;15;CELG;0.3;158.546829;0.0;158.546829
202410;128049;FRIGOIAS;FRIGOIAS INDUSTRIA & COMERCIO DE CARNE LTDA;983562;FRIGOIAS 10009266877;07779699000189;ANÁPOLIS;GO;ALIMENTÍCIOS;SUDESTE;01/07/2024;15;CELG;0.22;38.143027;0.0;38.143027
202410;93905;COMIGO-MATRIZ ESPECIAL;COOPERATIVA AGROINDUSTRIAL DOS PRODUTORES RURAIS DO SUDOESTE GOIANO;986822;COMIGO LOJA PALMEIRA;02077618004920;PALMEIRAS DE GOIÁS;GO;COMÉRCIO;SUDESTE;01/09/2024;15;CELG;0.045;13.742644;0.0;13.742644
202410;86666;COMERCIAL REIS;COMERCIAL REIS LTDA;987049;Loja 24;03044201002556;ITUMBIARA;GO;COMÉRCIO;SUDESTE;01/09/2024;15;CELG;0.12;39.605812;0.0;39.605812
202410;37972;FTO EUROCHEM;FERTILIZANTES TOCANTINS  S.A;987978;FTO Catalão;05571228000902;CATALÃO;GO;QUÍMICOS;SUDESTE;01/09/2024;15;CELG;0.3;32.401209;0.0;32.401209
202410;99037;GRANJA MANTIQUEIRA CL 514;MANTIQUEIRA ALIMENTOS LTDA.;988658;MANTIQUEIRA AL988658;04747794001850;CABECEIRAS;GO;ALIMENTÍCIOS;SUDESTE;01/09/2024;15;CELG;0.59;166.427115;0.0;166.427115
202410;30493;SANEAGO;SANEAMENTO DE GOIAS S/A;989982;SANEAGO - UC 1000558;01616929000102;GOIÂNIA;GO;SANEAMENTO;SUDESTE;01/10/2024;15;CELG;0.184;62.258923;0.0;62.258923
202410;85898;BRADESCO ESPECIAL SECO;BANCO BRADESCO S.A.;990415;10000359660 - 1395-C;60746948369205;CATALÃO;GO;SERVIÇOS;SUDESTE;01/10/2024;15;CELG;0.06;12.56935;0.0;12.56935
202410;11732;SJC BIOENERGIA CL;SJC BIOENERGIA LTDA;71543;QUIRINOPOLIS CONSUMO;10249419000135;QUIRINÓPOLIS;GO;SERVIÇOS;SUDESTE;01/07/2011;4078;TER;6.0;44.163437;0.0;44.163437
202410;132544;CMOC FOSFATO OUVIDOR CATALAO;CMOC BRASIL MINERACAO, INDUSTRIA E PARTICIPACOES LTDA.;7498;COPEBRAS OUVIDOR;26108898000533;OUVIDOR;GO;MINERAIS NÃO-METÁLICOS;SUDESTE;01/12/2004;15;CELG;28.5;16355.844448;0.0;16355.844448
202410;1851;MARACA;MINERACAO MARACA INDUSTRIA E COMERCIO S/A;70232;MARACA MINERACAO;86902053000113;ALTO HORIZONTE;GO;EXTRAÇÃO DE MINERAIS METÁLICOS;SUDESTE;01/09/2006;2226;CELG GERATRANS;45.4;27443.401685;0.0;27443.401685
202410;106402;MINERACAO MACEDO;MINERACAO MACEDO LTDA;7148;MINERAÇÃO MACEDO;48656146000116;GOIÁS;GO;EXTRAÇÃO DE MINERAIS METÁLICOS;SUDESTE;01/01/2006;145323;ELETROBRAS FURNAS;2.7;443.357123;0.0;443.357123
202410;1374;SAMA;SAMA S.A. - MINERACOES ASSOCIADAS EM RECUPERACAO JUDICIAL;7465;SAMA-MINACU-GO;15104599000180;MINAÇU;GO;MINERAIS NÃO-METÁLICOS;SUDESTE;01/11/2004;15;CELG;10.7;3677.837729;0.0;3677.837729
202410;58827;BIO JATAI CL;BIOENERGIA JATAI LTDA.;889679;JATAI - CONSUMO;18686104000167;JATAÍ;GO;MINERAIS NÃO-METÁLICOS;SUDESTE;01/04/2013;4078;TER;6.0;189.915302;0.0;189.915302
202410;51592;JBS COUROS CL SE 5;JBS S/A;903713;JBS COUROS MONTES BE;02916265007849;SÃO LUÍS DE MONTES BELOS;GO;MANUFATURADOS DIVERSOS;SUDESTE;01/09/2016;15;CELG;0.85;440.384911;0.0;440.384911
202410;65398;GELNEX CL SE;GELNEX INDUSTRIA E COMERCIO LTDA;902744;GELNEX NAZARIO;02001597000203;NAZÁRIO;GO;ALIMENTÍCIOS;SUDESTE;01/08/2016;15;CELG;4.05;2169.534937;0.0;2169.534937
202410;60806;GEOLAB;GEOLAB INDUSTRIA FARMACEUTICA S/A;900896;GEOLAB;03485572000104;ANÁPOLIS;GO;MANUFATURADOS DIVERSOS;SUDESTE;01/07/2016;15;CELG;2.25;1523.124588;0.0;1523.124588
202410;62541;PIRACANJUBA GO;LATICINIOS BELA VISTA S.A.;901046;LATICINIOS BELA VIST;02089969000530;BELA VISTA DE GOIÁS;GO;ALIMENTÍCIOS;SUDESTE;01/07/2016;15;CELG;7.62;5201.057201;0.0;5201.057201
202410;30963;NESTLE GOIANIA CL;NESTLE NORDESTE ALIMENTOS E BEBIDAS LTDA.;901553;DPAM GOIANIA;08334818000829;GOIÂNIA;GO;ALIMENTÍCIOS;SUDESTE;01/07/2016;15;CELG;2.0;913.483156;0.0;913.483156
202410;82644;BRF 349 JATAI CL;BRF S.A.;909309;BRF - FRIG AVES JATA;01838723018840;JATAÍ;GO;ALIMENTÍCIOS;SUDESTE;01/06/2017;15;CELG;3.025;707.049613;0.0;707.049613
202410;116357;MOSAIC - RIO VERDE;MOSAIC FERTILIZANTES DO BRASIL LTDA.;909697;MOSAIC RIO VERDE;61156501020777;RIO VERDE;GO;QUÍMICOS;SUDESTE;01/07/2017;15;CELG;0.35;50.18529;0.0;50.18529
202410;113237;ITALAC EI;GOIASMINAS INDUSTRIA DE LATICINIOS LTDA;908211;ITALAC CORUMBAIBA;01257995000133;CORUMBAÍBA;GO;ALIMENTÍCIOS;SUDESTE;01/03/2017;15;CELG;6.5;4039.725586;0.0;4039.725586
202410;66602;HERINGER;FERTILIZANTES HERINGER S.A.;910848;CATALAO;22266175004094;CATALÃO;GO;QUÍMICOS;SUDESTE;01/11/2017;15;CELG;0.28;14.696497;0.0;14.696497
202410;32242;MIN PIRINESPUS NESP;MINERACAO PIRINEUS LTDA;907178;MINERACAO PIRINEUS;37588415000308;COCALZINHO DE GOIÁS;GO;MINERAIS NÃO-METÁLICOS;SUDESTE;01/01/2017;15;CELG;1.325;6.216971;0.0;6.216971
202410;27493;PIRACANJUBA QJO2 GO;LATICINIOS BELA VISTA S.A.;911299;PIRACANJUBA QJO2;02089969001692;BELA VISTA DE GOIÁS;GO;SERVIÇOS;SUDESTE;01/12/2017;15;CELG;0.2;83.515359;0.0;83.515359
202410;85889;REFRESCOS BAND IND CL 514;REFRESCOS BANDEIRANTES INDUSTRIA E COMERCIO LTDA;911287;Refrescos Bandeirant;03380763001507;TRINDADE;GO;BEBIDAS;SUDESTE;01/12/2017;15;CELG;2.8;1683.435106;0.0;1683.435106
202410;76906;BRF 331 RIO VERDE CL;BRF S.A.;907020;BRF RIO VERDE;01838723017283;RIO VERDE;GO;ALIMENTÍCIOS;SUDESTE;01/01/2017;15;CELG;32.256;17334.449139;0.0;17334.449139
202410;71708;DU PONT CL;CORTEVA AGRISCIENCE DO BRASIL LTDA.;910524;DU PONT-FORMOSA-GO;61064929003780;FORMOSA;GO;ALIMENTÍCIOS;SUDESTE;01/10/2017;15;CELG;5.27;795.745691;0.0;795.745691
202410;7322;HAVAN SE;HAVAN S.A;904048;HAVAN 74 - VALPARAIS;79379491007781;VALPARAÍSO DE GOIÁS;GO;COMÉRCIO;SUDESTE;01/09/2016;15;CELG;0.39;89.252043;0.0;89.252043
202410;85509;BRASIL TELECOM LIVRE SE/CO;OI S.A. - EM RECUPERACAO JUDICIAL;919555;BR 153;76535764032851;GOIÂNIA;GO;TELECOMUNICAÇÕES;SUDESTE;01/12/2018;15;CELG;1.822;673.404735;0.0;673.404735
202410;27492;PIRACANJUBA JATAI GO;LATICINIOS BELA VISTA S.A.;904059;PIRACANJUBA JATAI;02089969002826;JATAÍ;GO;ALIMENTÍCIOS;SUDESTE;01/09/2016;15;CELG;0.39;64.137161;0.0;64.137161
202410;140003;MILHAO RIO VERDE;MILHAO INDUSTRIA E COMERCIO DE INGREDIENTES E CEREAIS S.A.;904698;LDC BRASIL RIO VERDE;08647384000655;RIO VERDE;GO;ALIMENTÍCIOS;SUDESTE;01/10/2016;15;CELG;4.6;108.622793;0.0;108.622793
202410;16502;BPBUNGE TRP CL;TROPICAL BIOENERGIA S.A.;891502;TROPICAL CONSUMO;08195806000194;EDEIA;GO;MINERAIS NÃO-METÁLICOS;SUDESTE;01/01/2014;4078;TER;4.0;409.829264;0.0;409.829264
202410;107235;MINEIROS;MARFRIG GLOBAL FOODS S.A.;922371;MARFRIG MINEIROS;03853896001200;MINEIROS;GO;ALIMENTÍCIOS;SUDESTE;01/02/2019;15;CELG;4.2;2357.40467;0.0;2357.40467
202410;29965;GERRESHEIMER MATRIZ;''GERRESHEIMER PLASTICOS SAO PAULO LTDA.'';912861;GERRESHEIMER GPP;04797661000493;ANÁPOLIS;GO;MANUFATURADOS DIVERSOS;SUDESTE;01/03/2018;15;CELG;5.0;3574.030469;0.0;3574.030469
202410;46146;GOVIDROS CL 514;GOVIDROS COMERCIAL GOIANIA DE VIDROS LTDA;922545;Govidros Com. Goiâni;02104503000302;APARECIDA DE GOIÂNIA;GO;COMÉRCIO;SUDESTE;01/02/2019;15;CELG;0.755;117.240454;0.0;117.240454
202410;99682;SERRA BRANCA CL 514;MINERACAO DE CALCARIO MONTIVIDIU LTDA;922519;MONTIVDIU - SERRA BR;02174951000536;INDIARA;GO;MINERAIS NÃO-METÁLICOS;SUDESTE;01/02/2019;15;CELG;1.75;366.89319;0.0;366.89319
202410;3999;C&A MODAS;C&A MODAS S.A.;923723;C&A MODAS LTDA. - RV;45242914035669;RIO VERDE;GO;COMÉRCIO;SUDESTE;01/05/2019;15;CELG;0.18;30.917285;0.0;30.917285
202410;46210;BRITENG CL 514;BRITENG BRITAGEM E CONSTRUCOES LTDA;923738;Briteng Ap Go;37878162000137;APARECIDA DE GOIÂNIA;GO;MINERAIS NÃO-METÁLICOS;SUDESTE;01/05/2019;15;CELG;0.73;106.352763;0.0;106.352763
202410;32500;DISTRIB ARAGUAIA ANAPOLIS CL;CDA ALIMENTOS S.A. EM RECUPERACAO JUDICIAL;904844;DIST ARAGUAIA ANAPOL;26651646000122;ANÁPOLIS;GO;SERVIÇOS;SUDESTE;01/10/2016;15;CELG;1.28;115.171643;0.0;115.171643
202410;98333;ALISUL ANAPOLIS CL;ALISUL ALIMENTOS SA;906616;ALISUL ANAPOLIS;89548523001403;ANÁPOLIS;GO;ALIMENTÍCIOS;SUDESTE;01/12/2016;15;CELG;1.69;537.600149;0.0;537.600149
202410;68095;OPEN MALL;J&L REAL ESTATE LTDA;913594;STREET MALL;09531384000143;GOIÂNIA;GO;SERVIÇOS;SUDESTE;01/04/2018;15;CELG;0.25;72.373393;0.0;72.373393
202410;72381;CATUPIRY;LATICINIOS CATUPIRY LTDA;918741;CATUPIRY DOVERLÂNDIA;61087367001908;DOVERLÂNDIA;GO;ALIMENTÍCIOS;SUDESTE;01/10/2018;15;CELG;0.17;98.807965;0.0;98.807965
202410;99713;HALEX ISTAR CL 514;HALEX ISTAR INDUSTRIA FARMACEUTICA SA;904185;HALEX ISTAR;01571702000198;GOIÂNIA;GO;MANUFATURADOS DIVERSOS;SUDESTE;01/09/2016;15;CELG;1.7;1158.933259;0.0;1158.933259
202410;111754;CARGILL ITB CL514;CARGILL AGRICOLA S A;906365;CARGILL AGRÍCOLA;60498706013054;ITUMBIARA;GO;ALIMENTÍCIOS;SUDESTE;01/12/2016;15;CELG;1.55;921.911991;0.0;921.911991
202410;31874;BONASA GO CL 514;BONASA ALIMENTOS LTDA EM;907173;BONASA GO;03573324002584;NOVA VENEZA;GO;ALIMENTÍCIOS;SUDESTE;01/01/2017;15;CELG;1.15;0.0;0.0;0.0
202410;85498;BEBIDAS IMPERIAL CL 514;INDUSTRIA E COMERCIO DE BEBIDAS IMPERIAL SA -;904825;BEBIDAS IMPERIAL;00552646000181;TRINDADE;GO;BEBIDAS;SUDESTE;01/10/2016;15;CELG;2.85;1288.875641;0.0;1288.875641
202410;46475;DANTAS MINERIOS CL 514;DANTAS MINERIOS LTDA;924935;Dantas Minérios Ltda;17833812000110;GUAPO;GO;MINERAIS NÃO-METÁLICOS;SUDESTE;01/07/2019;15;CELG;0.775;122.752789;0.0;122.752789
202410;51289;PIFPAFMATRIZ FAZ SAO JOSE CL;RIO BRANCO ALIMENTOS S/A;926324;PIF PAF-I FAZ S José;05017780002905;PARAÚNA;GO;ALIMENTÍCIOS;SUDESTE;01/09/2019;15;CELG;0.515;156.983896;0.0;156.983896
202410;92484;MAGAZINE LUIZA - I5;MAGAZINE LUIZA S/A;929200;MAGALU - LOJ274;47960950043602;CATALÃO;GO;COMÉRCIO;SUDESTE;01/11/2019;15;CELG;0.056;10.928326;0.0;10.928326
202410;64004;VCSA EDEALINA;VOTORANTIM CIMENTOS S.A.;905808;VCSA EDEALINA;01637895019232;EDEALINA;GO;MINERAIS NÃO-METÁLICOS;SUDESTE;01/11/2016;15;CELG;20.0;6496.710557;0.0;6496.710557
202410;88208;SUPERVI;SUPERVI DISTRIBUIDOR DE ALIMENTOS LTDA;933983;LOJA 8 - CENTRO;07503617000845;ANÁPOLIS;GO;COMÉRCIO;SUDESTE;01/02/2020;15;CELG;0.065;33.412513;0.0;33.412513
202410;82846;RIACHUELO LT 1 SE/CO;LOJAS RIACHUELO SA;933945;RCHLO LOJA 38;33200056006341;APARECIDA DE GOIÂNIA;GO;COMÉRCIO;SUDESTE;01/02/2020;15;CELG;0.28;79.780329;0.0;79.780329
202410;1477;ASSAI ATACADISTA;SENDAS DISTRIBUIDORA S/A;934743;SENDAS SE/CO - 140 (;06057223022906;GOIÂNIA;GO;COMÉRCIO;SUDESTE;01/03/2020;15;CELG;0.75;307.493478;0.0;307.493478
202410;48806;MONTIVIDIUPIRANHASPCL514;MINERACAO DE CALCARIO MONTIVIDIU LTDA;934998;MONTIVIDIU PIRANHAS;02174951000293;PIRANHAS;GO;COMÉRCIO;SUDESTE;01/03/2020;15;CELG;0.5;1.871304;0.0;1.871304
202410;84077;ACHE LABORATORIOS;ACHE LABORATORIOS FARMACEUTICOS SA;934996;MELCON;60659463003298;ANÁPOLIS;GO;COMÉRCIO;SUDESTE;01/03/2020;15;CELG;1.06;420.9212;0.0;420.9212
202410;82528;L MERLIN 2 SE;LEROY MERLIN COMPANHIA BRASILEIRA DE BRICOLAGEM;935467;Leroy Merlin Goiânia;01438784001926;GOIÂNIA;GO;COMÉRCIO;SUDESTE;01/04/2020;15;CELG;0.54;246.698868;0.0;246.698868
202410;90988;MPL INDUSTRIA;MPL INDUSTRIA E COMERCIO DE ROUPAS LTDA;935836;MPL 10006310450;08007677000163;APARECIDA DE GOIÂNIA;GO;TÊXTEIS;SUDESTE;01/04/2020;15;CELG;0.205;18.641851;0.0;18.641851
202410;46781;CVL TEMPERA CL 514;CVL TEMPERA DE VIDROS LTDA;936009;CVL;13498295000110;APARECIDA DE GOIÂNIA;GO;MINERAIS NÃO-METÁLICOS;SUDESTE;01/04/2020;15;CELG;0.5;133.731895;0.0;133.731895
202410;87014;C CE TFLEX;TFLEX INDUSTRIA E COMERCIO DE TUBOS LTDA;936146;TFLEX UC 10011497066;17496722000181;IPAMERI;GO;MANUFATURADOS DIVERSOS;SUDESTE;01/05/2020;15;CELG;0.25;187.502414;0.0;187.502414
202410;49033;C CL CENTROESTE PLASTICOS;CENTROESTE COMERCIO DE PLASTICOS LTDA;936391;CENTROESTE - UC 1000;10544065000151;GOIÂNIA;GO;SANEAMENTO;SUDESTE;01/05/2020;15;CELG;0.5;204.636202;0.0;204.636202
202410;92091;LOPES VIANDELLI;LOPES VIANDELLI PRODUTOS ALIMENTICIOS LTDA;937130;LOPES V. LOJA 1;26910752000426;GOIANÉSIA;GO;COMÉRCIO;SUDESTE;01/06/2020;15;CELG;0.18;87.567611;0.0;87.567611
202410;92070;ITUMBIARA TEXTIL;ITUMBIARA INDUSTRIA TEXTIL LTDA;937203;Itumbiara Indústria;11457217000141;ITUMBIARA;GO;TÊXTEIS;SUDESTE;01/06/2020;15;CELG;0.5;242.53007;0.0;242.53007
202410;1477;ASSAI ATACADISTA;SENDAS DISTRIBUIDORA S/A;937464;SENDAS SE/CO - 84 (G;06057223034319;GOIÂNIA;GO;COMÉRCIO;SUDESTE;01/07/2020;15;CELG;0.53;189.323178;0.0;189.323178
202410;86668;VD FABRICA DE VIDROS;VD FABRICA DE VIDROS TEMPERADOS LTDA;937775;VD Fabrica de Vidros;17385003000193;APARECIDA DE GOIÂNIA;GO;MINERAIS NÃO-METÁLICOS;SUDESTE;01/07/2020;15;CELG;0.5;88.967753;0.0;88.967753
202410;48788;C CL MILLENIUM PLASTICOS;MILLENIUM PLASTICOS LTDA;937790;MILLENIUM - MATRIZ -;09620902000103;GOIÂNIA;GO;MANUFATURADOS DIVERSOS;SUDESTE;01/07/2020;15;CELG;0.65;132.932185;0.0;132.932185
202410;86666;COMERCIAL REIS;COMERCIAL REIS LTDA;937746;Loja 11;03044201001312;CATALÃO;GO;COMÉRCIO;SUDESTE;01/07/2020;15;CELG;0.149;54.651241;0.0;54.651241
202410;95945;BEAPLAST;BEAPLAST INDUSTRIA E COMERCIO LTDA;939119;BEAPLAST IND E COMER;33667336000161;FORMOSA;GO;COMÉRCIO;SUDESTE;01/09/2020;15;CELG;0.3;57.929848;0.0;57.929848
202410;99292;COMIGO-MATRIZ LIVRE;COOPERATIVA AGROINDUSTRIAL DOS PRODUTORES RURAIS DO SUDOESTE GOIANO;939729;COM-PONTE DE PEDRA;02077618003443;RIO VERDE;GO;SERVIÇOS;SUDESTE;01/10/2020;15;CELG;1.225;54.762363;0.0;54.762363
202410;4574;BRASIL TELE SE;OI S.A. - EM RECUPERACAO JUDICIAL;940696;UC 11071072 - CAM G;76535764032851;GOIÂNIA;GO;TELECOMUNICAÇÕES;SUDESTE;01/12/2020;15;CELG;0.16;70.629426;0.0;70.629426
202410;47398;LUZIANIA RENDERING CL 514;LUZIANIA RENDERING LTDA;940867;LUZIANIA RENDERING;24000570000140;LUZIÂNIA;GO;ALIMENTÍCIOS;SUDESTE;01/12/2020;15;CELG;0.5;116.413636;0.0;116.413636
202410;32243;FRIGORIFICO BEAUVALLET CL 514;BEAUVALLET GOIAS ALIMENTOS LTDA;940932;FRIGORIFICO BEAUVALL;35156596000106;INHUMAS;GO;ALIMENTÍCIOS;SUDESTE;01/12/2020;15;CELG;1.4;927.250132;0.0;927.250132
202410;4574;BRASIL TELE SE;OI S.A. - EM RECUPERACAO JUDICIAL;941358;UC 11071114 GOIANIA;76535764032851;GOIÂNIA;GO;TELECOMUNICAÇÕES;SUDESTE;01/01/2021;15;CELG;0.19;78.141888;0.0;78.141888
202410;89866;CARAMURU ARMAZENS GO;CARAMURU ALIMENTOS  S/A;942084;CARAMURU ARMAZENS JA;00080671004601;JATAÍ;GO;SERVIÇOS;SUDESTE;01/02/2021;15;CELG;0.3;21.004925;0.0;21.004925
202410;46083;MINERADORA AMERICAL CL 514;MINERADORA AMERICAL LTDA;943240;MINERACAO AMERICAL;04317119000143;POSSE;GO;MINERAIS NÃO-METÁLICOS;SUDESTE;01/03/2021;15;CELG;0.5;233.207912;0.0;233.207912
202410;98167;ABL ENERGIA;FMC ENERGIA LTDA;943813;FMC - PLAZA DORO SHO;35585168000190;GOIÂNIA;GO;SERVIÇOS;SUDESTE;01/04/2021;15;CELG;0.5;116.837794;0.0;116.837794
202410;28565;EKOPLASTIC;EKOPLASTIC INDUSTRIA DE EMBALAGENS LTDA;947648;EKOPLASTIC;09491921000179;APARECIDA DE GOIÂNIA;GO;MANUFATURADOS DIVERSOS;SUDESTE;01/10/2021;15;CELG;0.5;115.951913;0.0;115.951913
202410;63677;RENNER MATRIZ SUDESTE;LOJAS RENNER S.A.;948219;RNR097_SHOPPING BOUG;92754738010630;GOIÂNIA;GO;COMÉRCIO;SUDESTE;01/11/2021;15;CELG;0.055;10.808516;0.0;10.808516
202410;47986;CAFE RANCHEIRO CL 514;CAFE RANCHEIRO AGRO INDUSTRIAL LTDA;948413;Café Rancheiro Agro;02924249000119;ANÁPOLIS;GO;ALIMENTÍCIOS;SUDESTE;01/11/2021;15;CELG;0.9;675.341042;0.0;675.341042
202410;24882;ATACADAO DIA A DIA 002;ATACADAO DIA A DIA S.A;948781;DIA A DIA - CALDAS N;17457404001183;CALDAS NOVAS;GO;COMÉRCIO;SUDESTE;01/12/2021;15;CELG;0.24;195.082458;0.0;195.082458
202410;105241;C CL INTERFAST GOIAS;INTERFAST GOIAS SERVICOS E ARMAZENAMENTO DE GRAOS LTDA;948937;INTERFAST - VIANÓPOL;48759688000203;VIANÓPOLIS;GO;SERVIÇOS;SUDESTE;01/12/2021;15;CELG;0.65;18.660546;0.0;18.660546
202410;26879;ICO METAIS;EDSON LUCCA LTDA;948990;ICO METAIS UC 401891;14094415000186;TRINDADE;GO;MANUFATURADOS DIVERSOS;SUDESTE;01/12/2021;15;CELG;0.29;76.663642;0.0;76.663642
202410;33493;ZARA BRASIL SE;INDITEX BRASIL LTDA.;949974;ZR7059_FLAMBOYANT SH;02952485003164;GOIÂNIA;GO;COMÉRCIO;SUDESTE;01/01/2022;15;CELG;0.22;59.796638;0.0;59.796638
202410;96052;TRANSZILLI;TRANSPORTES E ARMAZENAGEM ZILLI LTDA;950813;TRANSZILLI  TRANZILO;81804684001824;APARECIDA DE GOIÂNIA;GO;TRANSPORTE;SUDESTE;01/03/2022;15;CELG;0.885;434.581141;0.0;434.581141
202410;93905;COMIGO-MATRIZ ESPECIAL;COOPERATIVA AGROINDUSTRIAL DOS PRODUTORES RURAIS DO SUDOESTE GOIANO;951472;COMIGO ARM. SERRANOP;02077618003796;SERRANÓPOLIS;GO;SERVIÇOS;SUDESTE;01/04/2022;15;CELG;0.25;6.029504;0.0;6.029504
202410;38045;BRF 488 ESTRELA DALVA CE;BRF S.A.;951445;BRF - GRAOS ESTRELA;01838723018174;JATAÍ;GO;COMÉRCIO;SUDESTE;01/04/2022;15;CELG;0.3;35.211578;0.0;35.211578
202410;86578;TATICO SETOR CENTRO OESTE;CENTRO OESTE COMERCIAL DE ALIMENTOS LTDA;952992;TATICO AGUAS L;24447350001300;;GO;COMÉRCIO;SUDESTE;01/06/2022;15;CELG;0.149;110.150023;0.0;110.150023
202410;60443;VIAVAREJO;GRUPO CASAS BAHIA S.A.;954125;Filial 527 - UC: 100;33041260053870;APARECIDA DE GOIÂNIA;GO;COMÉRCIO;SUDESTE;01/08/2022;15;CELG;0.05;9.218155;0.0;9.218155
202410;28120;NUTRISAL ESP;AGRO-TAURUS BRASIL, INDUSTRIA, COMERCIO, DISTRIBUICAO, AGROPECUARIA E TRANSPORTES LTDA;954617;NUTRISAL - UC 100073;26739698000155;RIO VERDE;GO;ALIMENTÍCIOS;SUDESTE;01/08/2022;15;CELG;0.25;50.95935;0.0;50.95935
202410;37878;BRK GO;BRK AMBIENTAL - GOIAS S.A.;954545;BRK GO - ETE EEE RIO;18123402000491;JATAÍ;GO;SANEAMENTO;SUDESTE;01/08/2022;15;CELG;0.1;207.410675;0.0;207.410675
202410;28120;NUTRISAL ESP;AGRO-TAURUS BRASIL, INDUSTRIA, COMERCIO, DISTRIBUICAO, AGROPECUARIA E TRANSPORTES LTDA;954587;2F ARMAZENS - UC 100;50147588000189;RIO VERDE;GO;SERVIÇOS;SUDESTE;01/08/2022;15;CELG;0.28;13.664987;0.0;13.664987
202410;101161;SM EMPREENDIMENTOS APE SOLAR;SM EMPREENDIMENTOS FARMACEUTICOS LTDA;954591;FAGRON - FSBR I;44015477000620;ANÁPOLIS;GO;MANUFATURADOS DIVERSOS;SUDESTE;01/08/2022;15;CELG;0.8;253.745738;0.0;253.745738
202410;37878;BRK GO;BRK AMBIENTAL - GOIAS S.A.;954592;BRK GO - EEE MIRANDA;18123402000220;TRINDADE;GO;SANEAMENTO;SUDESTE;01/08/2022;15;CELG;0.065;9.46499;0.0;9.46499
202410;39276;SAO SALVADOR AL;SAO SALVADOR ALIMENTOS S/A;954750;S SALVADOR AL 954750;03387396001484;SÃO FRANCISCO DE GOIÁS;GO;ALIMENTÍCIOS;SUDESTE;01/09/2022;15;CELG;0.93;400.95646;0.0;400.95646
202410;52787;LDC BRASIL MONTIVIDIU;LOUIS DREYFUS COMPANY BRASIL S.A.;957180;LDC BR - MONTIVIDIU;47067525007200;MONTIVIDIU;GO;ALIMENTÍCIOS;SUDESTE;01/12/2022;15;CELG;0.11;4.550277;0.0;4.550277
202410;30671;AGREX - GOIATUBA ARMAZEM;AGREX DO BRASIL LTDA.;957209;AGREX - Goiatuba Arm;10515785000350;GOIATUBA;GO;ALIMENTÍCIOS;SUDESTE;01/12/2022;15;CELG;0.16;9.673287;0.0;9.673287
202410;52729;LDC BR MINEIROS;LOUIS DREYFUS COMPANY BRASIL S.A.;957261;LDC BR - MINEIROS -;47067525014915;MINEIROS;GO;ALIMENTÍCIOS;SUDESTE;01/12/2022;15;CELG;0.14;8.581569;0.0;8.581569
202410;60443;VIAVAREJO;GRUPO CASAS BAHIA S.A.;957694;Filial 1331 - ST. CA;33041260108950;GOIÂNIA;GO;COMÉRCIO;SUDESTE;01/01/2023;15;CELG;0.17;28.654918;0.0;28.654918
202410;44864;LF PLASTICOS NESP;LF PLASTICOS LTDA;957869;LF PLÁSTICOS - FILIA;06947499000206;APARECIDA DE GOIÂNIA;GO;MANUFATURADOS DIVERSOS;SUDESTE;01/01/2023;15;CELG;1.0;256.816615;0.0;256.816615
202410;41165;EVOLVE;EVOLVE PARTICIPACOES EM SOCIEDADES S.A.;958232;EVOLVE - GOIÂNIA;34324641000113;GOIÂNIA;GO;SERVIÇOS;SUDESTE;01/01/2023;15;CELG;0.15;25.734839;0.0;25.734839
202410;41165;EVOLVE;EVOLVE PARTICIPACOES EM SOCIEDADES S.A.;958345;EVOLVE - FORMOSA;34324641000113;FORMOSA;GO;SERVIÇOS;SUDESTE;01/01/2023;15;CELG;0.1;29.492545;0.0;29.492545
202410;54810;NAUTICO LIVRE;NAUTICO HOTEIS E PARQUES LTDA;958392;NAUTICO;05513549000101;CALDAS NOVAS;GO;ALIMENTÍCIOS;SUDESTE;01/01/2023;15;CELG;0.5;111.533557;0.0;111.533557
202410;60443;VIAVAREJO;GRUPO CASAS BAHIA S.A.;958480;Filial 1324 - ANÁPOL;33041260108100;ANÁPOLIS;GO;COMÉRCIO;SUDESTE;01/02/2023;15;CELG;0.2;17.078903;0.0;17.078903
202410;62344;DASA;DIAGNOSTICOS DA AMERICA S.A .;958559;D650_AT VILA BRASILI;61486650028940;APARECIDA DE GOIÂNIA;GO;SERVIÇOS;SUDESTE;01/02/2023;15;CELG;0.14;77.189107;0.0;77.189107
202410;62761;TRA-FORTLEV-ES;FORTLEV INDUSTRIA E COMERCIO DE PLASTICOS LTDA;959435;FORTLEV GOIAS;10921911001004;ANÁPOLIS;GO;MANUFATURADOS DIVERSOS;SUDESTE;01/03/2023;15;CELG;0.3;257.500579;0.0;257.500579
202410;112544;CM DE OLIVEIRA ESPECIAL;CM DE OLIVEIRA LTDA;959569;Frigorifico CM Olive;35577404000127;INHUMAS;GO;ALIMENTÍCIOS;SUDESTE;01/03/2023;15;CELG;1.0;320.122935;0.0;320.122935
202410;52103;CAVA;CAVA- COMERCIAL ATACADISTA E VAREJISTA DE ALIMENTOS LTDA;959696;CAVA - MARACANA;36770574000196;ANÁPOLIS;GO;COMÉRCIO;SUDESTE;01/03/2023;15;CELG;0.25;124.63859;0.0;124.63859
202410;101481;WATER PARK LIVRE;ELDORADO WATER PARK LTDA;959720;WATER PARK;07329036000162;CALDAS NOVAS;GO;SERVIÇOS;SUDESTE;01/03/2023;15;CELG;0.5;68.141704;0.0;68.141704
202410;52102;SUPERMERCADO BRJ;SUPERMERCADO BRJ LTDA;959756;JARDIM GOIAS 959756;17350225000170;GOIÂNIA;GO;COMÉRCIO;SUDESTE;01/03/2023;15;CELG;0.25;117.819746;0.0;117.819746
202410;62344;DASA;DIAGNOSTICOS DA AMERICA S.A .;959886;D375 - AT CATEDRAL (;61486650031810;GOIÂNIA;GO;SERVIÇOS;SUDESTE;01/03/2023;15;CELG;0.03;4.192169;0.0;4.192169
202410;60806;GEOLAB;GEOLAB INDUSTRIA FARMACEUTICA S/A;960460;GEOLAB SITE II - UC;03485572000600;ANÁPOLIS;GO;MANUFATURADOS DIVERSOS;SUDESTE;01/05/2023;15;CELG;1.3;841.115804;0.0;841.115804
202410;39176;CENCOSUD BRASIL 104 SE;CENCOSUD BRASIL COMERCIAL S.A.;960710;CENCOSUD LOJA 554;39346861023536;CATALÃO;GO;COMÉRCIO;SUDESTE;01/05/2023;15;CELG;0.304;119.400966;0.0;119.400966
202410;122519;URBANO FORMOSA;URBANO AGROINDUSTRIAL LTDA;961332;NOBRE ALIMENTOS LTDA;84432111002100;FORMOSA;GO;ALIMENTÍCIOS;SUDESTE;01/05/2023;15;CELG;0.5;119.783207;0.0;119.783207
202410;38740;SUPERMERCADO FLORESTA;F G COMERCIAL DE ALIMENTOS LTDA;961284;SUPER FLOREST 961284;14200272000301;ANÁPOLIS;GO;COMÉRCIO;SUDESTE;01/05/2023;15;CELG;0.242;79.537821;0.0;79.537821
202410;146417;MADERO ESP SE;MADERO INDUSTRIA E COMERCIO S.A.;961917;MAD_072_MD_STH_FLAMB;13783221000478;GOIÂNIA;GO;ALIMENTÍCIOS;SUDESTE;01/06/2023;15;CELG;0.12;30.112377;0.0;30.112377
202410;52403;REDE LUCAS;REDE LUCAS DE SUPERMERCADOS LTDA;962112;REDE LUCAS LJ 11 (UC;06894782001108;RIO VERDE;GO;COMÉRCIO;SUDESTE;01/06/2023;15;CELG;0.095;52.209569;0.0;52.209569
202410;4574;BRASIL TELE SE;OI S.A. - EM RECUPERACAO JUDICIAL;962639;ID UC 18988 - UC 115;76535764032851;APARECIDA DE GOIÂNIA;GO;TELECOMUNICAÇÕES;SUDESTE;01/07/2023;15;CELG;0.093;49.446556;0.0;49.446556
202410;93706;UNIMED GO;UNIMED GOIANIA COOPERATIVA DE TRABALHO MEDICO;963281;JARDIM AMERICA (UC 1;02476067001285;GOIÂNIA;GO;SERVIÇOS;SUDESTE;01/08/2023;15;CELG;0.054;13.100988;0.0;13.100988
202410;93706;UNIMED GO;UNIMED GOIANIA COOPERATIVA DE TRABALHO MEDICO;963262;CENTRO ESPECIALIDADE;02476067000394;GOIÂNIA;GO;SERVIÇOS;SUDESTE;01/08/2023;15;CELG;0.133;38.677192;0.0;38.677192
202410;106005;P&G ALIMENTOS;P&G IND. DE ALIMENTOS LTDA;963519;P&G IND. DE ALIMENTO;36397139000168;BELA VISTA DE GOIÁS;GO;ALIMENTÍCIOS;SUDESTE;01/08/2023;15;CELG;0.5;192.791971;0.0;192.791971
202410;25518;B2W CE;AMERICANAS S.A - EM RECUPERACAO JUDICIAL;964247;AMER 190;00776574150395;APARECIDA DE GOIÂNIA;GO;COMÉRCIO;SUDESTE;01/09/2023;15;CELG;0.129;29.03191;0.0;29.03191
202410;93905;COMIGO-MATRIZ ESPECIAL;COOPERATIVA AGROINDUSTRIAL DOS PRODUTORES RURAIS DO SUDOESTE GOIANO;964477;COMIGO ADUTORA;02077618000266;RIO VERDE;GO;COMÉRCIO;SUDESTE;01/09/2023;15;CELG;0.09;38.034903;0.0;38.034903
202410;52403;REDE LUCAS;REDE LUCAS DE SUPERMERCADOS LTDA;964895;Loja 06  - UC 800269;06894782000640;QUIRINÓPOLIS;GO;COMÉRCIO;SUDESTE;01/09/2023;15;CELG;0.175;105.345788;0.0;105.345788
202410;25518;B2W CE;AMERICANAS S.A - EM RECUPERACAO JUDICIAL;964821;AMER 409;00776574119986;NOVO GAMA;GO;COMÉRCIO;SUDESTE;01/09/2023;15;CELG;0.075;9.990491;0.0;9.990491
202410;25518;B2W CE;AMERICANAS S.A - EM RECUPERACAO JUDICIAL;964898;AMER 1135;00776574130360;RIO VERDE;GO;COMÉRCIO;SUDESTE;01/09/2023;15;CELG;0.082;14.225056;0.0;14.225056
202410;101281;BARAO SUPERMERCADOS;BARAO ESPECIALIDADES & DISTRIBUIDORA DE ALIMENTOS SA;965009;Barao Superme 965009;28790260000127;GOIÂNIA;GO;COMÉRCIO;SUDESTE;01/09/2023;15;CELG;0.109;48.482773;0.0;48.482773
202410;101281;BARAO SUPERMERCADOS;BARAO ESPECIALIDADES & DISTRIBUIDORA DE ALIMENTOS SA;965025;Barao Superme 965025;28790260000127;GOIÂNIA;GO;COMÉRCIO;SUDESTE;01/09/2023;15;CELG;0.117;57.425775;0.0;57.425775
202410;86666;COMERCIAL REIS;COMERCIAL REIS LTDA;965917;Loja 18;03044201002041;QUIRINÓPOLIS;GO;COMÉRCIO;SUDESTE;01/10/2023;15;CELG;0.15;70.263412;0.0;70.263412
202410;3846;BRASIL TELECOM;OI S.A. - EM RECUPERACAO JUDICIAL;965960;ID UC 20011 - UC 483;76535764032851;;GO;TELECOMUNICAÇÕES;SUDESTE;01/10/2023;15;CELG;0.03;4.71522;0.0;4.71522
202410;3846;BRASIL TELECOM;OI S.A. - EM RECUPERACAO JUDICIAL;965986;ID UC 19068 - UC 139;76535764032851;MINEIROS;GO;TELECOMUNICAÇÕES;SUDESTE;01/10/2023;15;CELG;0.064;29.058659;0.0;29.058659
202410;60443;VIAVAREJO;GRUPO CASAS BAHIA S.A.;966425;Filial 1553 - RIO VE;33041260109417;RIO VERDE;GO;COMÉRCIO;SUDESTE;01/11/2023;15;CELG;0.1;24.3715;0.0;24.3715
202410;60443;VIAVAREJO;GRUPO CASAS BAHIA S.A.;966442;Filial 425 - ANÁPOLI;33041260000245;ANÁPOLIS;GO;COMÉRCIO;SUDESTE;01/11/2023;15;CELG;0.08;9.692318;0.0;9.692318
202410;98335;SLC AGRICOLA CL 514;SLC AGRICOLA S.A.;966651;SLC PAMPLONA ARM ALG;89096457001127;CRISTALINA;GO;ALIMENTÍCIOS;SUDESTE;01/11/2023;15;CELG;1.08;591.806779;0.0;591.806779
202410;100962;ITAU AMR I5 SE;ITAU UNIBANCO S.A.;966614;209_JATAI-GO (UC 290;60701190070064;JATAÍ;GO;SERVIÇOS;SUDESTE;01/11/2023;15;CELG;0.051;12.162551;0.0;12.162551
202410;4574;BRASIL TELE SE;OI S.A. - EM RECUPERACAO JUDICIAL;966612;ID UC 19003 - UC 120;76535764032851;LUZIÂNIA;GO;TELECOMUNICAÇÕES;SUDESTE;01/11/2023;15;CELG;0.055;40.182566;0.0;40.182566
202410;3729;PERNAMBUCANAS;ARTHUR LUNDGREN TECIDOS S A CASAS PERNAMBUCANAS;971417;Pernambucanas - Anap;61099834041466;ANÁPOLIS;GO;COMÉRCIO;SUDESTE;01/02/2024;15;CELG;0.14;14.816671;0.0;14.816671
202410;100962;ITAU AMR I5 SE;ITAU UNIBANCO S.A.;973787;875_GOIANIA-DERGO (U;60701190096705;GOIÂNIA;GO;SERVIÇOS;SUDESTE;01/03/2024;15;CELG;0.044;9.659204;0.0;9.659204
202410;86578;TATICO SETOR CENTRO OESTE;CENTRO OESTE COMERCIAL DE ALIMENTOS LTDA;974070;TATICO - LUZIANIA;24447350001645;LUZIÂNIA;GO;COMÉRCIO;SUDESTE;01/04/2024;15;CELG;0.25;152.120277;0.0;152.120277
202410;93109;COSTA MULTICANAL;COSTA MULTICANAL S/A;975091;COSTA LUZIANIA;27289076000135;LUZIÂNIA;GO;COMÉRCIO;SUDESTE;01/04/2024;15;CELG;0.3;140.11476;0.0;140.11476
202410;67874;ISOESTE;KINGSPAN - ISOESTE CONSTRUTIVOS ISOTERMICOS S/A;975147;ISOESTE ANAPOLIS I (;00289348000140;ANÁPOLIS;GO;METALURGIA E PRODUTOS DE METAL;SUDESTE;01/04/2024;15;CELG;0.4;140.78085;0.0;140.78085
202410;116157;GOIANESIA;USINA GOIANESIA S/A;975259;GOIANESIA;02460988000105;GOIANÉSIA;GO;ALIMENTÍCIOS;SUDESTE;01/04/2024;15;CELG;1.0;191.248214;0.0;191.248214
202410;30493;SANEAGO;SANEAMENTO DE GOIAS S/A;977475;SANEAGO - UC 1131312;01616929000102;GOIÂNIA;GO;SANEAMENTO;SUDESTE;01/05/2024;15;CELG;0.273;129.749709;0.0;129.749709
202410;93706;UNIMED GO;UNIMED GOIANIA COOPERATIVA DE TRABALHO MEDICO;979869;BEM TE VI (UC 148474;02476067002257;GOIÂNIA;GO;SERVIÇOS;SUDESTE;01/06/2024;15;CELG;0.097;15.069427;0.0;15.069427
202410;86666;COMERCIAL REIS;COMERCIAL REIS LTDA;982530;Loja 20;03044201002475;APARECIDA DE GOIÂNIA;GO;COMÉRCIO;SUDESTE;01/07/2024;15;CELG;0.136;91.522666;0.0;91.522666
202410;141721;SAKURA NAKAYA ALIMENTOS;SAKURA NAKAYA ALIMENTOS LTDA;987274;SAKURA - GOAIS;61070694000713;OUVIDOR;GO;ALIMENTÍCIOS;SUDESTE;01/09/2024;15;CELG;0.35;147.015042;0.0;147.015042
202410;93905;COMIGO-MATRIZ ESPECIAL;COOPERATIVA AGROINDUSTRIAL DOS PRODUTORES RURAIS DO SUDOESTE GOIANO;990242;COMIGO LOJA CAÇU (UC;02077618005144;CAÇU;GO;COMÉRCIO;SUDESTE;01/10/2024;15;CELG;0.05;14.86107;0.0;14.86107
202410;111757;CARGILL RVE CL514;CARGILL AGRICOLA S A;70409;CARGILL RVE R VERDE;60498706006600;RIO VERDE;GO;ALIMENTÍCIOS;SUDESTE;01/04/2007;15;CELG;5.717;3139.337469;0.0;3139.337469
202410;87004;ANGLO BARRO ALTO;ANGLO AMERICAN NIQUEL BRASIL LTDA;71155;ANGLO AMERICAN BARRO;42184226001101;BARRO ALTO;GO;METALURGIA E PRODUTOS DE METAL;SUDESTE;01/07/2010;145323;ELETROBRAS FURNAS;210.0;124579.064157;0.0;124579.064157
202410;3949;LASA;LASA LAGO AZUL SA;70621;LAGO AZUL AP;02678100000105;IPAMERI;GO;MINERAIS NÃO-METÁLICOS;SUDESTE;01/07/2008;15;CELG;1.7;762.62308;0.0;762.62308
202410;87851;COG-SPFRANGO CL 514;SAO SALVADOR ALIMENTOS S/A;72034;S FRANGO RAC ITABERI;03387396000240;ITABERAÍ;GO;ALIMENTÍCIOS;SUDESTE;01/05/2012;15;CELG;3.0;1126.832598;0.0;1126.832598
202410;28127;DAN VIGOR MATRIZ CL 6;DAN VIGOR INDUSTRIA E COMERCIO DE LATICINIOS LTDA;903575;VIGOR  - ANÁPOLIS;55566871000916;ANÁPOLIS;GO;COMÉRCIO;SUDESTE;01/09/2016;15;CELG;0.8;0.0;0.0;0.0
202410;57057;NEOVIA INHUMAS CL;NEOVIA NUTRICAO E SAUDE ANIMAL LTDA.;899143;NEOVIA - INHUMAS;18631739000167;INHUMAS;GO;ALIMENTÍCIOS;SUDESTE;01/05/2016;15;CELG;0.9;148.64842;0.0;148.64842
202410;85644;HEINZ CL 514;HEINZ BRASIL S.A.;900979;HEINZ BRASIL FABRICA;50955707000472;NERÓPOLIS;GO;ALIMENTÍCIOS;SUDESTE;01/07/2016;15;CELG;6.7;4631.167606;0.0;4631.167606
202410;44789;SEBO HIDROLANDIA CL 514;SEBO HIDROLANDIA INDUSTRIA E COMERCIO DE PRODUTOS ANIMAIS LTDA;904154;SEBO HIROLANDIA;08596902000144;HIDROLÂNDIA;GO;ALIMENTÍCIOS;SUDESTE;01/09/2016;15;CELG;1.0;339.578386;0.0;339.578386
202410;63301;ATACADAO 2;ATACADAO S.A.;908380;MAKRO LOJA 13;75315333030792;GOIÂNIA;GO;COMÉRCIO;SUDESTE;01/04/2017;15;CELG;0.27;180.58559;0.0;180.58559
202410;50914;FUGA COUROS HIDROLANDIA GO CL;FUGA S/A;904051;FUGA COUROS HIDRO;91302349001377;HIDROLÂNDIA;GO;MANUFATURADOS DIVERSOS;SUDESTE;01/09/2016;15;CELG;0.65;247.241834;0.0;247.241834
202410;45628;REBICA CL 514;REBICA INDUSTRIA E COMERCIO LTDA;908828;REBICA ANAPOLIS;00969944000252;ANÁPOLIS;GO;BEBIDAS;SUDESTE;01/05/2017;15;CELG;0.6;364.209977;0.0;364.209977
202410;100507;WMS SUPERCL 514 23;WMS SUPERMERCADOS DO BRASIL LTDA.;910560;WALMART NORTE;93209765049205;GOIÂNIA;GO;COMÉRCIO;SUDESTE;01/10/2017;15;CELG;0.685;291.466832;0.0;291.466832
202410;100260;HAVANCL 514 23;HAVAN S.A;904049;HAVAN 77 - RIO VERDE;79379491007943;RIO VERDE;GO;COMÉRCIO;SUDESTE;01/09/2016;15;CELG;0.5;135.375359;0.0;135.375359
202410;85107;LDC BRASIL ITUMBIARA CL SE;LOUIS DREYFUS COMPANY BRASIL S.A.;908057;LDC ITUMBIARA;47067525018406;ITUMBIARA;GO;ALIMENTÍCIOS;SUDESTE;01/03/2017;15;CELG;3.1;1892.982836;0.0;1892.982836
202410;66473;CARREFOUR EI3;CARREFOUR COMERCIO E INDUSTRIA LTDA;906410;CARREFOUR GOP;45543915034914;ANÁPOLIS;GO;COMÉRCIO;SUDESTE;01/12/2016;15;CELG;0.405;166.973339;0.0;166.973339
202410;32179;CONSERVAS ODERICH CL;CONSERVAS ODERICH SA;907158;ODERICH ORIZONA;97191902001085;ORIZONA;GO;ALIMENTÍCIOS;SUDESTE;01/01/2017;15;CELG;1.0;325.581475;0.0;325.581475
202410;31414;CALBRAS CL 514;MINERACAO DE CALCARIO MONTIVIDIU LTDA;922518;MINERACAO DE CALCARI;02174951000455;INDIARA;GO;MINERAIS NÃO-METÁLICOS;SUDESTE;01/02/2019;15;CELG;1.38;235.724449;0.0;235.724449
202410;29342;BIO BOA VISTA CL;BIOENERGETICA BOA VISTA S.A.;918131;USINA BOA VISTA - SE;24222394000190;QUIRINÓPOLIS;GO;MINERAIS NÃO-METÁLICOS;SUDESTE;01/04/2017;4078;TER;12.0;0.000122;0.0;0.000122
202410;84856;CENCOSUD BRASIL 016;CENCOSUD BRASIL COMERCIAL S.A.;923375;Loja 525;39346861034066;GOIÂNIA;GO;COMÉRCIO;SUDESTE;01/04/2019;15;CELG;0.159;75.983978;0.0;75.983978
202410;139812;LAC LELO TRINDADE CL;LATICINIOS SAO JOAO S/A;923763;LATIC OSCAR SALGADO;78269545002139;TRINDADE;GO;ALIMENTÍCIOS;SUDESTE;01/05/2019;15;CELG;0.525;176.760858;0.0;176.760858
202410;19475;AMBEV SA;AMBEV S.A.;914031;AMBEV S.A. - CEBRASA;07526557001009;ANÁPOLIS;GO;BEBIDAS;SUDESTE;01/06/2018;15;CELG;7.8;5365.709097;0.0;5365.709097
202410;65414;NUTRIZA;NUTRIZA AGROINDUSTRIAL DE ALIMENTOS S/A;907018;NUTRIZA GO;37020260000139;PIRES DO RIO;GO;ALIMENTÍCIOS;SUDESTE;01/01/2017;15;CELG;11.5;10218.236433;0.0;10218.236433
202410;97329;BRASILATA RVERDE SE EI;BRASILATA S A EMBALAGENS METALICAS;907069;BRASILATA RV;61160438000806;RIO VERDE;GO;METALURGIA E PRODUTOS DE METAL;SUDESTE;01/01/2017;15;CELG;0.47;105.749069;0.0;105.749069
202410;31231;SHOPPING CERRADO CL;CONDOMINIO SHOPPING CENTER CERRADO;908205;SHOPPING CERRADO;24357174000174;GOIÂNIA;GO;SERVIÇOS;SUDESTE;01/03/2017;15;CELG;1.2;340.650809;0.0;340.650809
202410;32419;FVO BRASILIA CL 514 2022;FVO BRASILIA INDUSTRIA E COMERCIO DE ALIMENTOS S.A.;924505;FVO RIALMA;08471163001306;RIALMA;GO;ALIMENTÍCIOS;SUDESTE;01/06/2019;66348;CHESP DIST;1.4;398.553074;0.0;398.553074
202410;46122;PROEZA CL 514;PETROPOLIS INDUSTRIAL PRODUTOS DE LIMPEZA LTDA;924544;PETROPOLIS IND PRODU;02312244000135;BRAZABRANTES;GO;QUÍMICOS;SUDESTE;01/06/2019;15;CELG;0.5;151.133157;0.0;151.133157
202410;45408;HOTEL MEGA MODA CL 514;MEGA MODA HOTEL LTDA;907177;HOTEL MEGA MODA;17329575000155;GOIÂNIA;GO;SERVIÇOS;SUDESTE;01/01/2017;15;CELG;0.5;110.684448;0.0;110.684448
202410;66541;MEGA MODA;SPE MEGA MODA SHOPPING LTDA;907175;SPE MEGA MODA UND1;14366423000134;GOIÂNIA;GO;SERVIÇOS;SUDESTE;01/01/2017;15;CELG;0.455;128.789651;0.0;128.789651
202410;31456;BRITACAL CL 514;BRITACAL IND E COM DE BRITA E CALCARIO BRASILIA LTDA;926838;BRITACAL CABECEIRAS;26970103000330;CABECEIRAS;GO;MINERAIS NÃO-METÁLICOS;SUDESTE;01/09/2019;15;CELG;1.0;274.673279;0.0;274.673279
202410;85941;CINEMARK SE;CINEMARK BRASIL S.A.;930883;CINEMARK - Goiania -;00779721008800;APARECIDA DE GOIÂNIA;GO;SERVIÇOS;SUDESTE;01/11/2019;15;CELG;0.14;36.546398;0.0;36.546398
202410;82602;STORE;SAS COMERCIO DE SECOS E MOLHADOS LTDA;932346;STORE RIO VERDE - UC;12279637000300;GOIÂNIA;GO;COMÉRCIO;SUDESTE;01/12/2019;15;CELG;0.215;79.78052;0.0;79.78052
202410;89866;CARAMURU ARMAZENS GO;CARAMURU ALIMENTOS  S/A;932769;CARAMURU ARMAZENS CA;00080671005330;CATALÃO;GO;SERVIÇOS;SUDESTE;01/12/2019;15;CELG;0.34;9.344599;0.0;9.344599
202410;89866;CARAMURU ARMAZENS GO;CARAMURU ALIMENTOS  S/A;932731;CARAMURU ARMAZENS MO;00080671004369;MONTIVIDIU;GO;SERVIÇOS;SUDESTE;01/12/2019;15;CELG;0.48;34.617019;0.0;34.617019
202410;46309;CASTRO HOTEIS CL 514;CASTRO HOTEIS E TURISMO LTDA;906364;CASTRO HOTÉIS;02839603000107;GOIÂNIA;GO;SERVIÇOS;SUDESTE;01/12/2016;15;CELG;0.5;222.629328;0.0;222.629328
202410;93724;FILLERCAL NESP;FILLERCAL MINERACAO E COMERCIO LTDA;904823;FILLERCAL;00420347000274;INDIARA;GO;MINERAIS NÃO-METÁLICOS;SUDESTE;01/10/2016;15;CELG;2.4;709.960436;0.0;709.960436
202410;46588;MOINHO JM CL 514;MOINHO DE TRIGO JM - LTDA;932979;MOINHO DE TRIGO JM;01636335000163;LUZIÂNIA;GO;ALIMENTÍCIOS;SUDESTE;01/12/2019;15;CELG;0.5;296.599533;0.0;296.599533
202410;82846;RIACHUELO LT 1 SE/CO;LOJAS RIACHUELO SA;934003;RCHLO LOJA 189;33200056014956;GOIÂNIA;GO;COMÉRCIO;SUDESTE;01/02/2020;15;CELG;0.205;50.847491;0.0;50.847491
202410;90988;MPL INDUSTRIA;MPL INDUSTRIA E COMERCIO DE ROUPAS LTDA;935887;MPL 200596500;08007677000163;APARECIDA DE GOIÂNIA;GO;TÊXTEIS;SUDESTE;01/04/2020;15;CELG;0.295;55.047351;0.0;55.047351
202410;31844;NORTEVIDROS CL 514;NORTEVIDROS COMERCIO DE VIDROS ALUMINIOS E FERRAGENS LTDA;937754;NORTEVIDROS;10867501000123;URUAÇU;GO;MINERAIS NÃO-METÁLICOS;SUDESTE;01/07/2020;15;CELG;1.25;252.183575;0.0;252.183575
202410;86578;TATICO SETOR CENTRO OESTE;CENTRO OESTE COMERCIAL DE ALIMENTOS LTDA;938822;TATICO GARAVELO;24447350000401;APARECIDA DE GOIÂNIA;GO;COMÉRCIO;SUDESTE;01/09/2020;15;CELG;0.35;132.997045;0.0;132.997045
202410;96052;TRANSZILLI;TRANSPORTES E ARMAZENAGEM ZILLI LTDA;939129;TRANSZILLI - BRAVO;81804684000186;APARECIDA DE GOIÂNIA;GO;TRANSPORTE;SUDESTE;01/09/2020;15;CELG;0.85;464.630796;0.0;464.630796
202410;86578;TATICO SETOR CENTRO OESTE;CENTRO OESTE COMERCIAL DE ALIMENTOS LTDA;939582;TATICO AGUAS LINDAS;24447350000754;;GO;COMÉRCIO;SUDESTE;01/10/2020;15;CELG;0.165;76.998206;0.0;76.998206
202410;86578;TATICO SETOR CENTRO OESTE;CENTRO OESTE COMERCIAL DE ALIMENTOS LTDA;939629;TATICO AMERICA;24447350000592;GOIÂNIA;GO;COMÉRCIO;SUDESTE;01/10/2020;15;CELG;0.27;136.860562;0.0;136.860562
202410;93905;COMIGO-MATRIZ ESPECIAL;COOPERATIVA AGROINDUSTRIAL DOS PRODUTORES RURAIS DO SUDOESTE GOIANO;939704;COM-SEDE RIO VERDE;02077618000185;RIO VERDE;GO;COMÉRCIO;SUDESTE;01/10/2020;15;CELG;0.46;98.621389;0.0;98.621389
202410;99292;COMIGO-MATRIZ LIVRE;COOPERATIVA AGROINDUSTRIAL DOS PRODUTORES RURAIS DO SUDOESTE GOIANO;939714;COM-PARAÍSO;02077618003605;JATAÍ;GO;SERVIÇOS;SUDESTE;01/10/2020;15;CELG;0.8;19.647111;0.0;19.647111
202410;4574;BRASIL TELE SE;OI S.A. - EM RECUPERACAO JUDICIAL;940695;UC 11067329 - St S G;76535764032851;GOIÂNIA;GO;TELECOMUNICAÇÕES;SUDESTE;01/12/2020;15;CELG;0.258;103.091298;0.0;103.091298
202410;5716;TELEFONICA SE;TELEFONICA BRASIL S.A.;940689;TELEFONICA (15516430;02558157002297;GOIÂNIA;GO;TELECOMUNICAÇÕES;SUDESTE;01/12/2020;15;CELG;0.07;37.956041;0.0;37.956041
202410;93109;COSTA MULTICANAL;COSTA MULTICANAL S/A;941091;COSTA MULTICANAL 3;27289076000135;GOIÂNIA;GO;COMÉRCIO;SUDESTE;01/01/2021;15;CELG;0.35;188.6236;0.0;188.6236
202410;93109;COSTA MULTICANAL;COSTA MULTICANAL S/A;941074;COSTA MULTICANAL 2;27289076000216;VALPARAÍSO DE GOIÁS;GO;COMÉRCIO;SUDESTE;01/01/2021;15;CELG;0.27;172.051578;0.0;172.051578
202410;47770;PORTO SECO CL 514;PORTO SECO CENTRO OESTE S/A;941390;PORTO SECO CENTRO OE;02680379000153;ANÁPOLIS;GO;SERVIÇOS;SUDESTE;01/01/2021;15;CELG;0.5;126.486072;0.0;126.486072
202410;116345;GO-GNA-LES;V.TAL - REDE NEUTRA DE TELECOMUNICACOES S.A.;942153;UC 11072027 -SET L G;02041460001084;GOIÂNIA;GO;TELECOMUNICAÇÕES;SUDESTE;01/02/2021;15;CELG;0.237;133.746648;0.0;133.746648
202410;98461;STORE SERRINHA;G S COMERCIO DE PRODUTOS ALIMENTICIOS LTDA;942573;STORE SERRINHA;27895447000122;GOIÂNIA;GO;COMÉRCIO;SUDESTE;01/03/2021;15;CELG;0.35;150.708068;0.0;150.708068
202410;99027;FUNDACAO BRADESCO SECO;FUNDACAO BRADESCO;943014;FB APARECIDA GOIANIA;60701521008697;APARECIDA DE GOIÂNIA;GO;SERVIÇOS;SUDESTE;01/03/2021;15;CELG;0.1;32.161454;0.0;32.161454
202410;48775;EMFOLMINERACAOFORMOSACL514;EMFOL EMPRESA DE MINERACAO FORMOSA LTDA;943234;EMFOL MINERAÇÃO;00803791000198;FORMOSA;GO;MINERAIS NÃO-METÁLICOS;SUDESTE;01/03/2021;15;CELG;0.59;59.711786;0.0;59.711786
202410;97960;ACCOR SE/CO;HOTELARIA ACCOR BRASIL S/A;943507;H9331 - IBIS STYLES;09967852020667;GOIÂNIA;GO;SERVIÇOS;SUDESTE;01/04/2021;15;CELG;0.2;148.402137;0.0;148.402137
202410;31245;TAUA HOTEL ALEXANIA CL 514;TAUA HOTEL E CONVENTION ALEXANIA LTDA;944562;Taua Hotel Alexania;25135981000105;ALEXÂNIA;GO;SERVIÇOS;SUDESTE;01/05/2021;15;CELG;1.0;697.20833;0.0;697.20833
202410;47811;NUTREMA CL 514;NUTREMA NUTRICAO ANIMAL LTDA;944632;NUTREMA;11024784000104;BRAZABRANTES;GO;ALIMENTÍCIOS;SUDESTE;01/05/2021;15;CELG;0.5;42.103669;0.0;42.103669
202410;48057;PLANALTO MALLS CL 514;PLANALTO MALLS LTDA;944749;PLANALTO MALLS LTDA;29880078000120;GOIÂNIA;GO;SERVIÇOS;SUDESTE;01/05/2021;15;CELG;0.9;194.505948;0.0;194.505948
202410;26112;ULTRAGAZ - SENADOR CANEDO;COMPANHIA ULTRAGAZ S A;944796;ULTRAGAZ - SENADOR C;61602199027746;SENADOR CANEDO;GO;COMÉRCIO;SUDESTE;01/06/2021;15;CELG;0.3;66.473672;0.0;66.473672
202410;101192;LDC BRASIL SAO SIMAO CL SE;LOUIS DREYFUS COMPANY BRASIL S.A.;944746;LDC BRASIL - ARM SÃO;47067525014672;SÃO SIMÃO;GO;TRANSPORTE;SUDESTE;01/06/2021;15;CELG;0.78;98.313751;0.0;98.313751
202410;66355;ANIMA UNA;BRASIL EDUCACAO S/A;945438;ANIMA BRASIL ITUMBIA;05648257003436;ITUMBIARA;GO;SERVIÇOS;SUDESTE;01/06/2021;15;CELG;0.1;8.228756;0.0;8.228756
202410;4574;BRASIL TELE SE;OI S.A. - EM RECUPERACAO JUDICIAL;946069;UC 12183003 - SETOR;76535764032851;GOIÂNIA;GO;TELECOMUNICAÇÕES;SUDESTE;01/07/2021;15;CELG;0.096;43.712988;0.0;43.712988
202410;25105;C CE SUPERMERCADOS CONQUISTA;CENTRO COMERCIAL CONQUISTA LTDA;946490;CONQUISTA SUPER  -;02003591000348;RIO VERDE;GO;COMÉRCIO;SUDESTE;01/08/2021;15;CELG;0.25;112.377763;0.0;112.377763
202410;30515;PRIMA FOODS SANTA FE CL;PRIMA FOODS S.A.;946924;PRIMA FOODS SANTA FE;16820052001540;SANTA FÉ DE GOIÁS;GO;SERVIÇOS;SUDESTE;01/09/2021;15;CELG;1.5;967.335487;0.0;967.335487
202410;98043;CBL SBC;CBL COMERCIO E RECICLAGEM DE BORRACHAS LTDA;947492;CBL ABADIA;58865114001075;ABADIA DE GOIÁS;GO;SANEAMENTO;SUDESTE;01/10/2021;15;CELG;0.295;31.560635;0.0;31.560635
202410;84391;MARISA SE I5;MARISA LOJAS S.A.;947509;MLJ617_GOIANIA SETOR;61189288026811;GOIÂNIA;GO;COMÉRCIO;SUDESTE;01/10/2021;15;CELG;0.153;24.812935;0.0;24.812935
202410;4574;BRASIL TELE SE;OI S.A. - EM RECUPERACAO JUDICIAL;948754;UC 290054023 - JATAÍ;76535764032851;JATAÍ;GO;TELECOMUNICAÇÕES;SUDESTE;01/12/2021;15;CELG;0.098;53.171455;0.0;53.171455
202410;63677;RENNER MATRIZ SUDESTE;LOJAS RENNER S.A.;948776;RNR306_Buriti - Rio;92754738029306;RIO VERDE;GO;COMÉRCIO;SUDESTE;01/12/2021;15;CELG;0.2;48.9427;0.0;48.9427
202410;82602;STORE;SAS COMERCIO DE SECOS E MOLHADOS LTDA;948721;STORE FAMA;12279637000490;GOIÂNIA;GO;COMÉRCIO;SUDESTE;01/12/2021;15;CELG;0.3;111.929655;0.0;111.929655
202410;88208;SUPERVI;SUPERVI DISTRIBUIDOR DE ALIMENTOS LTDA;949672;SUPERVI LOJA 15 -CID;07503617001574;GOIÂNIA;GO;COMÉRCIO;SUDESTE;01/01/2022;15;CELG;0.093;55.286463;0.0;55.286463
202410;28087;LIDERTEX;LIDERTEX INDUSTRIA E COMERCIO DE TINTAS E REVESTIMENTOS LTDA;949779;LIDERTEX;13711686000170;ANÁPOLIS;GO;QUÍMICOS;SUDESTE;01/01/2022;15;CELG;0.5;44.238107;0.0;44.238107
202410;146417;MADERO ESP SE;MADERO INDUSTRIA E COMERCIO S.A.;950780;MADERO IND. - FLAMBO;13783221004899;GOIÂNIA;GO;ALIMENTÍCIOS;SUDESTE;01/03/2022;15;CELG;0.05;22.246677;0.0;22.246677
202410;38082;BRF 499 7 MILHAS CE;BRF S.A.;952313;BRF - GRAOS 7 MILHAS;01838723033130;MINEIROS;GO;COMÉRCIO;SUDESTE;01/05/2022;15;CELG;0.25;11.344466;0.0;11.344466
202410;37754;ELDORADO EMPREENDIMENTOS;WAM PRIVE ADMINISTRACAO HOTELEIRA LTDA;952459;CLUBE PRIVE;02757474000531;CALDAS NOVAS;GO;ALIMENTÍCIOS;SUDESTE;01/05/2022;15;CELG;0.2;28.8372;0.0;28.8372
202410;37754;ELDORADO EMPREENDIMENTOS;WAM PRIVE ADMINISTRACAO HOTELEIRA LTDA;952493;HOTEL PRIVE;02757474000531;CALDAS NOVAS;GO;ALIMENTÍCIOS;SUDESTE;01/05/2022;15;CELG;0.3;127.159142;0.0;127.159142
202410;38814;BIO INSTINTO;BIO INSTINTO INDUSTRIA E COMERCIO DE COSMETICOS LTDA;953109;BIO INSTINTO IND E C;07882964000150;ANÁPOLIS;GO;QUÍMICOS;SUDESTE;01/06/2022;15;CELG;0.5;202.358966;0.0;202.358966
202410;37878;BRK GO;BRK AMBIENTAL - GOIAS S.A.;954642;BRK GO - EEE CHAPADI;18123402000300;RIO VERDE;GO;SANEAMENTO;SUDESTE;01/08/2022;15;CELG;0.112;12.954646;0.0;12.954646
202410;37878;BRK GO;BRK AMBIENTAL - GOIAS S.A.;954604;BRK GO - EEE BRUACAS;18123402000149;TRINDADE;GO;SANEAMENTO;SUDESTE;01/08/2022;15;CELG;0.065;34.380079;0.0;34.380079
202410;37878;BRK GO;BRK AMBIENTAL - GOIAS S.A.;954542;BRK GO - ETE ST ANTO;18123402000149;APARECIDA DE GOIÂNIA;GO;SANEAMENTO;SUDESTE;01/08/2022;15;CELG;0.1;26.281071;0.0;26.281071
202410;50798;UNIPHAR - JRD FARMACEUT CL 514;J.R.D. INDUSTRIA FARMACEUTICA LTDA;955304;UNIPHAR - JRD FARMAC;03869526000281;ANÁPOLIS;GO;QUÍMICOS;SUDESTE;01/09/2022;15;CELG;0.5;82.647707;0.0;82.647707
202410;41979;CAMBUI ENERGETICA CL;ENERGETICA CAMBUI LTDA;955976;UTE CAMBUI CL;39610160000198;SANTA HELENA DE GOIÁS;GO;SERVIÇOS;SUDESTE;01/10/2022;15;CELG;1.8;115.027943;0.0;115.027943
202410;53718;LATICINIOS SAN MARINO CL 514;LATICINIOS SAN MARINO LTDA;955993;Laticínios San Marin;02971865000120;RIO VERDE;GO;ALIMENTÍCIOS;SUDESTE;01/10/2022;15;CELG;0.5;231.294946;0.0;231.294946
202410;146417;MADERO ESP SE;MADERO INDUSTRIA E COMERCIO S.A.;955853;MADERO - T10 (100360;13783221000478;GOIÂNIA;GO;ALIMENTÍCIOS;SUDESTE;01/10/2022;15;CELG;0.27;45.740217;0.0;45.740217
202410;64298;BURGER KING;ZAMP S.A.;956393;BK - DRIVE AV 136;13574594084438;GOIÂNIA;GO;ALIMENTÍCIOS;SUDESTE;01/11/2022;15;CELG;0.06;30.470355;0.0;30.470355
202410;64298;BURGER KING;ZAMP S.A.;956392;BK - DRIVE AV 85;13574594084357;GOIÂNIA;GO;ALIMENTÍCIOS;SUDESTE;01/11/2022;15;CELG;0.082;41.155508;0.0;41.155508
202410;64298;BURGER KING;ZAMP S.A.;956440;BK - SHOPPING BOUGAI;13574594083628;GOIÂNIA;GO;ALIMENTÍCIOS;SUDESTE;01/11/2022;15;CELG;0.04;13.043167;0.0;13.043167
202410;55065;NOTAVEL INDUSTRIA CL;NOTAVEL INDUSTRIA E COMERCIO DE PAPEL LTDA;957533;NOTAVEL INDUSTRIA;11548000000147;POSSE;GO;MADEIRA, PAPEL E CELULOSE;SUDESTE;01/12/2022;15;CELG;0.795;459.825568;0.0;459.825568
202410;82602;STORE;SAS COMERCIO DE SECOS E MOLHADOS LTDA;957715;AMERICA;12279637000148;GOIÂNIA;GO;COMÉRCIO;SUDESTE;01/01/2023;15;CELG;0.17;83.350745;0.0;83.350745
202410;92484;MAGAZINE LUIZA - I5;MAGAZINE LUIZA S/A;958532;MGL1090_GOIÂNIA;47960950111977;GOIÂNIA;GO;COMÉRCIO;SUDESTE;01/02/2023;15;CELG;0.12;17.643382;0.0;17.643382
202410;62344;DASA;DIAGNOSTICOS DA AMERICA S.A .;958558;D370_AT SETOR MARIST;61486650032891;GOIÂNIA;GO;SERVIÇOS;SUDESTE;01/02/2023;15;CELG;0.03;8.668978;0.0;8.668978
202410;57333;CABECAL CL;CABECAL - CALCARIO DE CABECEIRAS MINERACAO LTDA;958928;Cabecal Calcário de;03279056000115;CABECEIRAS;GO;MINERAIS NÃO-METÁLICOS;SUDESTE;01/02/2023;15;CELG;0.59;83.090114;0.0;83.090114
202410;48657;SANEAGO LIVRE;SANEAMENTO DE GOIAS S/A;959425;SANEAGO - EEAT/Reser;01616929000102;GOIÂNIA;GO;SANEAMENTO;SUDESTE;01/03/2023;15;CELG;0.597;369.43002;0.0;369.43002
202410;48657;SANEAGO LIVRE;SANEAMENTO DE GOIAS S/A;959365;SANEAGO - EEAT João;01616929000102;GOIÂNIA;GO;SANEAMENTO;SUDESTE;01/03/2023;15;CELG;3.993;2807.209594;0.0;2807.209594
202410;48657;SANEAGO LIVRE;SANEAMENTO DE GOIAS S/A;959513;SANEAGO - ETA/EEAT M;01616929000102;GOIÂNIA;GO;SANEAMENTO;SUDESTE;01/03/2023;15;CELG;4.02;2530.177386;0.0;2530.177386
202410;52102;SUPERMERCADO BRJ;SUPERMERCADO BRJ LTDA;959757;MARISTA;17350225000251;GOIÂNIA;GO;COMÉRCIO;SUDESTE;01/03/2023;15;CELG;0.25;123.284926;0.0;123.284926
202410;49676;AGROVALE;COOPERATIVA MISTA DOS PRODUTORES RURAIS DO VALE DO PARANAIBA LTDA;961215;AGROVALE - 100275826;02233732000157;QUIRINÓPOLIS;GO;ALIMENTÍCIOS;SUDESTE;01/05/2023;15;CELG;0.06;39.626382;0.0;39.626382
202410;57316;PLASMON;PLASMON SERVICOS LTDA;961266;PLASMON;36090042000108;APARECIDA DE GOIÂNIA;GO;SANEAMENTO;SUDESTE;01/05/2023;15;CELG;0.5;118.028109;0.0;118.028109
202410;64000;TV ANHANGUERA;TELEVISAO ANHANGUERA S/A;960857;MEDANHA (UC 10073188;01534510000101;GOIÂNIA;GO;TELECOMUNICAÇÕES;SUDESTE;01/05/2023;15;CELG;0.115;62.5068;0.0;62.5068
202410;38740;SUPERMERCADO FLORESTA;F G COMERCIAL DE ALIMENTOS LTDA;961243;SUPER FLOREST 961243;14200272000220;ANÁPOLIS;GO;COMÉRCIO;SUDESTE;01/05/2023;15;CELG;0.108;33.106577;0.0;33.106577
202410;92484;MAGAZINE LUIZA - I5;MAGAZINE LUIZA S/A;961693;MGL1030_GOIÂNIA - UC;47960950106620;GOIÂNIA;GO;COMÉRCIO;SUDESTE;01/06/2023;15;CELG;0.071;7.179507;0.0;7.179507
202410;105942;PEROLA ESPECIAL;PEROLA DISTRIBUICAO E LOGISTICA S/A;962210;COMPRE FACIL;06204131000258;ANÁPOLIS;GO;COMÉRCIO;SUDESTE;01/07/2023;15;CELG;0.095;54.799125;0.0;54.799125
202410;99820;UNIP;ASSUPERO ENSINO SUPERIOR LTDA.;962390;UNIP - Goiânia - UC;06099229007386;GOIÂNIA;GO;SERVIÇOS;SUDESTE;01/07/2023;15;CELG;1.39;274.073496;0.0;274.073496
202410;4574;BRASIL TELE SE;OI S.A. - EM RECUPERACAO JUDICIAL;963621;ID UC 18928 - UC 100;76535764032851;PORTELÂNDIA;GO;TELECOMUNICAÇÕES;SUDESTE;01/08/2023;15;CELG;0.03;28.004331;0.0;28.004331
202410;101740;UTE - COOPER RUBI CL;RUBIATABA INDUSTRIAL S.A.;963639;COOPER RUBI (CARGA);03347747000109;RUBIATABA;GO;MINERAIS NÃO-METÁLICOS;SUDESTE;01/08/2023;15;CELG;1.2;124.062311;0.0;124.062311
202410;25518;B2W CE;AMERICANAS S.A - EM RECUPERACAO JUDICIAL;964486;AMER 697;00776574157721;GOIÂNIA;GO;COMÉRCIO;SUDESTE;01/09/2023;15;CELG;0.05;11.686567;0.0;11.686567
202410;101281;BARAO SUPERMERCADOS;BARAO ESPECIALIDADES & DISTRIBUIDORA DE ALIMENTOS SA;964958;Barao Supermercados;28790260000127;GOIÂNIA;GO;COMÉRCIO;SUDESTE;01/09/2023;15;CELG;0.1;47.534356;0.0;47.534356
202410;101281;BARAO SUPERMERCADOS;BARAO ESPECIALIDADES & DISTRIBUIDORA DE ALIMENTOS SA;964963;Barao Superme 964963;28790260000127;JARAGUÁ;GO;COMÉRCIO;SUDESTE;01/09/2023;15;CELG;0.071;65.770236;0.0;65.770236
202410;3846;BRASIL TELECOM;OI S.A. - EM RECUPERACAO JUDICIAL;965924;ID UC 20180 - UC 760;76535764032851;CALDAS NOVAS;GO;TELECOMUNICAÇÕES;SUDESTE;01/10/2023;15;CELG;0.059;35.584957;0.0;35.584957
202410;101281;BARAO SUPERMERCADOS;BARAO ESPECIALIDADES & DISTRIBUIDORA DE ALIMENTOS SA;965865;Barao Supermerc LJ2;28790260000127;GOIÂNIA;GO;COMÉRCIO;SUDESTE;01/10/2023;15;CELG;0.164;66.55031;0.0;66.55031
202410;101281;BARAO SUPERMERCADOS;BARAO ESPECIALIDADES & DISTRIBUIDORA DE ALIMENTOS SA;965937;Barao Supermerc LJ12;28790260000127;GOIÂNIA;GO;COMÉRCIO;SUDESTE;01/10/2023;15;CELG;0.185;116.111051;0.0;116.111051
202410;60443;VIAVAREJO;GRUPO CASAS BAHIA S.A.;966480;Filial 1932 SETOR CA;33041260065290;GOIÂNIA;GO;COMÉRCIO;SUDESTE;01/11/2023;15;CELG;0.07;7.820919;0.0;7.820919
202410;60443;VIAVAREJO;GRUPO CASAS BAHIA S.A.;966423;Filial 1321 - GOIÂNI;33041260108798;GOIÂNIA;GO;COMÉRCIO;SUDESTE;01/11/2023;15;CELG;0.03;13.019247;0.0;13.019247
202410;60789;FACCHINI;FACCHINI S/A;966552;FACCHINI GO - UC 209;03509978003359;ANÁPOLIS;GO;VEÍCULOS;SUDESTE;01/11/2023;15;CELG;0.03;11.467735;0.0;11.467735
202410;112081;SORGATTO;AGROPECUARIA SORGATTO LTDA;967648;Agropecuária Sorgatt;05934769000109;CRISTALINA;GO;MADEIRA, PAPEL E CELULOSE;SUDESTE;01/12/2023;15;CELG;3.0;864.591029;0.0;864.591029
202410;105308;VENEZA NUTRICAO ANIMAL;VENEZA NUTRICAO ANIMAL LTDA;967614;VENEZA NUTRIÇÃO ANIM;19948046000165;NOVA VENEZA;GO;ALIMENTÍCIOS;SUDESTE;01/12/2023;15;CELG;0.5;40.660372;0.0;40.660372
202410;100962;ITAU AMR I5 SE;ITAU UNIBANCO S.A.;971386;290_GOIANIA-AV. ANHA;60701190038764;GOIÂNIA;GO;SERVIÇOS;SUDESTE;01/02/2024;15;CELG;0.047;1.676766;0.0;1.676766
202410;23030;PREMIX;MANUFATURACAO DE PRODUTOS PARA ALIMENTACAO ANIMAL PREMIX LTDA;971639;PREMIX ANAPOLIS - UC;50411321002877;ANÁPOLIS;GO;ALIMENTÍCIOS;SUDESTE;01/02/2024;15;CELG;0.306;43.03975;0.0;43.03975
202410;100962;ITAU AMR I5 SE;ITAU UNIBANCO S.A.;974096;7417_APARECIDA DE GO;60701190305207;APARECIDA DE GOIÂNIA;GO;SERVIÇOS;SUDESTE;01/03/2024;15;CELG;0.046;10.127968;0.0;10.127968
202410;105683;CENCOSUD BRASIL 126 SE;CENCOSUD BRASIL COMERCIAL S.A.;975627;CENCOSUD LOJA 633;39346861025318;GOIÂNIA;GO;COMÉRCIO;SUDESTE;01/04/2024;15;CELG;0.248;102.365713;0.0;102.365713
202410;126379;CALCARIO PIRINEUS LTDA;CALCARIO PIRINEUS LTDA;976222;CALCARIO PIRINEUS -;04475491000269;PADRE BERNARDO;GO;MINERAIS NÃO-METÁLICOS;SUDESTE;01/04/2024;15;CELG;1.2;705.56525;0.0;705.56525
202410;104915;BEEF NOBRE;NACIONAL DISTRIBUIDORA DE CARNES BEEF LTDA;980973;NACIONAL DISTRIBUIDO;16995395000220;CIDADE OCIDENTAL;GO;ALIMENTÍCIOS;SUDESTE;01/06/2024;15;CELG;0.75;361.717319;0.0;361.717319
202410;100962;ITAU AMR I5 SE;ITAU UNIBANCO S.A.;984714;4355_PC GETULIO VARG;60701190199423;CATALÃO;GO;SERVIÇOS;SUDESTE;01/08/2024;15;CELG;0.035;11.268206;0.0;11.268206
202410;30493;SANEAGO;SANEAMENTO DE GOIAS S/A;986876;SANEAGO - UC 6300424;01616929000102;RIO VERDE;GO;SANEAMENTO;SUDESTE;01/09/2024;15;CELG;0.218;113.938635;0.0;113.938635
202410;142385;COACRIS;COOPERATIVA AGRICOLA SERRA DOS CRISTAIS;987246;COOPERATIVA AG987246;00159074000175;CRISTALINA;GO;ALIMENTÍCIOS;SUDESTE;01/09/2024;15;CELG;0.52;15.701873;0.0;15.701873
202410;78841;AVIAGEN;AVIAGEN AMERICA LATINA LTDA;989912;AVIAGEN LUZIANIA;61917233001705;LUZIÂNIA;GO;ALIMENTÍCIOS;SUDESTE;01/10/2024;15;CELG;0.15;102.275032;0.0;102.275032
202410;43512;CCR AEROPORTOS CENTRAL;CONCESSIONARIA DO BLOCO CENTRAL S.A.;990965;CCR BLOCO CENTRAL CN;42206269000179;GOIÂNIA;GO;SERVIÇOS;SUDESTE;01/10/2024;15;CELG;0.45;0.0;0.0;0.0
202410;147900;SICMOL S/A;SICMOL S/A;991653;Sicmol S/A;33579046000166;APARECIDA DE GOIÂNIA;GO;MANUFATURADOS DIVERSOS;SUDESTE;01/10/2024;15;CELG;0.74;107.519151;0.0;107.519151
202410;67574;MINERVA PGO;MINERVA S.A.;70898;MINERVA PALMEIRAS GO;67620377000467;PALMEIRAS DE GOIÁS;GO;ALIMENTÍCIOS;SUDESTE;01/01/2010;15;CELG;6.7;4515.624178;0.0;4515.624178
202410;15;CELG;EQUATORIAL GOIAS DISTRIBUIDORA DE ENERGIA S/A;897193;CELG TER - SE EDEIA;01543032000104;GOIÂNIA;GO;;SUDESTE;01/11/2015;;;25.0;16.882776;0.0;16.882776
202410;32060;MARAJOARA CL 514;MARAJOARA INDUSTRIA DE LATICINIOS LTDA;890442;MARAJOARA LATICINIOS;24849580000154;HIDROLÂNDIA;GO;ALIMENTÍCIOS;SUDESTE;01/08/2013;15;CELG;1.17;499.525228;0.0;499.525228
202410;111712;CARGILL GOIAN CL514;CARGILL AGRICOLA S A;7298;CARGILL - GOIANIA;60498706037077;GOIÂNIA;GO;ALIMENTÍCIOS;SUDESTE;01/03/2004;15;CELG;8.52;5101.76815;0.0;5101.76815
202410;10992;BPBUNGE ITB CL;ITUMBIARA BIOENERGIA S.A.;889136;ITUMBIARA CNAA;08517600000133;ITUMBIARA;GO;ALIMENTÍCIOS;SUDESTE;01/01/2013;15;CELG;3.0;136.93759;0.0;136.93759
202410;3459;URC CL;ATVOS BIOENERGIA RIO CLARO S.A;71210;OER CACU - CARGA;08598391000108;CAÇU;GO;SERVIÇOS;SUDESTE;01/08/2010;3118;CTE T;5.0;396.959645;0.0;396.959645
202410;126968;CMOC NIOBIO;CMOC BRASIL MINERACAO, INDUSTRIA E PARTICIPACOES LTDA.;7149;CMOC BRASIL - NIOBIO;26108898000452;OUVIDOR;GO;METALURGIA E PRODUTOS DE METAL;SUDESTE;01/01/2006;15;CELG;16.45;8637.413528;0.0;8637.413528
202410;132558;CMOC TAILINGS;CMOC BRASIL MINERACAO, INDUSTRIA E PARTICIPACOES LTDA.;71137;TAILINGS;26108898000533;OUVIDOR;GO;EXTRAÇÃO DE MINERAIS METÁLICOS;SUDESTE;01/07/2010;15;CELG;2.035;1147.769021;0.0;1147.769021
202410;83112;ETERNIT GO;ETERNIT S.A;903103;ETERNIT GOIANIA;61092037000505;GOIÂNIA;GO;MINERAIS NÃO-METÁLICOS;SUDESTE;01/08/2016;15;CELG;2.9;1476.345172;0.0;1476.345172
202410;85644;HEINZ CL 514;HEINZ BRASIL S.A.;900977;HEINZ ETE GO;50955707000472;NERÓPOLIS;GO;ALIMENTÍCIOS;SUDESTE;01/07/2016;15;CELG;0.75;313.598506;0.0;313.598506
202410;32069;LABORATORIO TEUTO CL 514;LABORATORIO TEUTO BRASILEIRO S/A;905807;LAB TEUTO BRASILEIRO;17159229000176;ANÁPOLIS;GO;MANUFATURADOS DIVERSOS;SUDESTE;01/11/2016;15;CELG;1.27;677.653002;0.0;677.653002
202410;45676;ALLBOX CL 514;EMBALAGENS ALLBOX LTDA;909695;ALLBOX EMBALAGENS;07570962000125;ANÁPOLIS;GO;MADEIRA, PAPEL E CELULOSE;SUDESTE;01/07/2017;15;CELG;0.86;510.030594;0.0;510.030594
202410;31384;FRESENIUS ANAPOLIS CL 514;FRESENIUS KABI BRASIL LTDA.;908853;NOVA FARMA IND;49324221002077;ANÁPOLIS;GO;MANUFATURADOS DIVERSOS;SUDESTE;01/05/2017;15;CELG;1.4;706.458224;0.0;706.458224
202410;45352;METAL IGUACU GO CL 514;METALGRAFICA IGUACU S A;909090;METAL IGUACU;80227184001480;GOIÂNIA;GO;METALURGIA E PRODUTOS DE METAL;SUDESTE;01/06/2017;15;CELG;0.5;76.032304;0.0;76.032304
202410;85294;BRF 391 BURITI ALEGRE CL;BRF S.A.;907019;BRF BURITI ALEGRE;01838723035001;BURITI ALEGRE;GO;ALIMENTÍCIOS;SUDESTE;01/01/2017;15;CELG;2.7;1264.337158;0.0;1264.337158
202410;98922;CARREFOUR SE2 CL;CARREFOUR COMERCIO E INDUSTRIA LTDA;906438;CARREFOUR GOS;45543915002478;GOIÂNIA;GO;COMÉRCIO;SUDESTE;01/12/2016;15;CELG;1.25;504.302853;0.0;504.302853
202410;87967;JD CATALAO CL 514;JOHN DEERE BRASIL LTDA;906985;JOHN DEERE CATALAO;89674782001049;CATALÃO;GO;MANUFATURADOS DIVERSOS;SUDESTE;01/01/2017;15;CELG;2.5;1207.819678;0.0;1207.819678
202410;46075;GRAFIGEL CL 514;GRAFIGEL EMBALAGENS LTDA EM RECUPERACAO JUDICIAL;921872;Grafigel;02702496000170;GOIÂNIA;GO;MANUFATURADOS DIVERSOS;SUDESTE;01/01/2019;15;CELG;0.85;203.495461;0.0;203.495461
202410;45962;ADIMAX GO CL 514;ADIMAX - INDUSTRIA E COMERCIO DE ALIMENTOS LTDA.;919137;Adimax GO;03887324001234;GOIANÁPOLIS;GO;ALIMENTÍCIOS;SUDESTE;01/11/2018;15;CELG;1.18;394.424064;0.0;394.424064
202410;4496;COG-CPLEMGO;COOPERATIVA MISTA DOS PRODUTORES DE LEITE DE MORRINHOS;923192;COMPLEM-FABRAÇÕES;02667442001517;MORRINHOS;GO;COMÉRCIO;SUDESTE;01/04/2019;15;CELG;0.4;71.10153;0.0;71.10153
202410;45095;BRASIL PARK SHOPPING CL 514;CONDOMINIO DE ADMINISTRACAO DO BRASIL PARK SHOPPING;905340;BRASIL PARK SHOPPING;09099926000150;ANÁPOLIS;GO;SERVIÇOS;SUDESTE;01/11/2016;15;CELG;0.685;198.121028;0.0;198.121028
202410;1442;CBD;COMPANHIA BRASILEIRA DE DISTRIBUICAO;913396;CBD2379 - PCA TAMAND;47508411117932;GOIÂNIA;GO;COMÉRCIO;SUDESTE;01/04/2018;15;CELG;0.32;143.493406;0.0;143.493406
202410;46355;BONANZA CL 514;BONANZA AGROINDUSTRIAL LTDA;918740;BONANZA AGROINDUSTRI;08746379000195;GOIANIRA;GO;ALIMENTÍCIOS;SUDESTE;01/10/2018;15;CELG;0.5;213.359576;0.0;213.359576
202410;50978;ATACADAO CL2;ATACADAO S.A.;907764;ATACADAO LOJA 77;75315333007707;VALPARAÍSO DE GOIÁS;GO;COMÉRCIO;SUDESTE;01/02/2017;15;CELG;0.65;246.366072;0.0;246.366072
202410;45108;BURITI SHOPPING AP GO CL 514;CONDOMINIO DO BURITI SHOPPING;907768;SHOP BURITI AP GOIAN;01003352000163;APARECIDA DE GOIÂNIA;GO;SERVIÇOS;SUDESTE;01/02/2017;15;CELG;0.77;283.392352;0.0;283.392352
202410;83190;CLARO CL 13360;CLARO S.A.;905709;CLARO GOIANIA R. 2;40432544059621;GOIÂNIA;GO;TELECOMUNICAÇÕES;SUDESTE;01/11/2016;15;CELG;0.55;325.806811;0.0;325.806811
202410;46466;PEDREIRA GOIAS CL 514;PEDREIRA GOIAS LTDA;926063;PEDREIRA GOIAS LTDA;00822452000159;ABADIÂNIA;GO;MINERAIS NÃO-METÁLICOS;SUDESTE;01/09/2019;15;CELG;0.67;88.03622;0.0;88.03622
202410;46544;MOINHO VITORIA CL 514;MOINHO VITORIA LTDA;927563;MOINHO VITÓRIA 20027;05388126000360;APARECIDA DE GOIÂNIA;GO;ALIMENTÍCIOS;SUDESTE;01/09/2019;15;CELG;0.5;504.345228;0.0;504.345228
202410;48799;BRASILMINERIOSFILIALESPCL514;BRASIL MINERIOS S/A;932348;BRASIL MINERIOS FILI;02683365000606;SÃO LUÍS DE MONTES BELOS;GO;MINERAIS NÃO-METÁLICOS;SUDESTE;01/12/2019;15;CELG;0.5;363.580695;0.0;363.580695
202410;103023;CAMIL MATRIZ AP GOIANIA EI;CAMIL ALIMENTOS S.A.;932747;CAMIL GOIÂNIA UC 100;64904295004524;APARECIDA DE GOIÂNIA;GO;COMÉRCIO;SUDESTE;01/12/2019;15;CELG;0.75;96.35816;0.0;96.35816
202410;32003;MOINHO CENTRO NORTE CL 514;MOINHO CENTRO NORTE LTDA EM RECUPERACAO JUDICIAL;932723;MOINHO VIT 16078172;34259764000118;GOIÂNIA;GO;ALIMENTÍCIOS;SUDESTE;01/12/2019;15;CELG;0.5;215.594258;0.0;215.594258
202410;44927;SHOP ESTACAO GOIANIA NESP;SHOPPING ESTACAO GOIANIA EMPREENDIMENTOS E EVENTOS S/A;905022;SHOP ESTACAO GOIANIA;06017828000139;GOIÂNIA;GO;SERVIÇOS;SUDESTE;01/10/2016;15;CELG;0.77;335.526807;0.0;335.526807
202410;88208;SUPERVI;SUPERVI DISTRIBUIDOR DE ALIMENTOS LTDA;933949;LOJA 13 - JARAGUA;07503617001302;JARAGUÁ;GO;COMÉRCIO;SUDESTE;01/02/2020;15;CELG;0.04;19.531084;0.0;19.531084
202410;88208;SUPERVI;SUPERVI DISTRIBUIDOR DE ALIMENTOS LTDA;933951;LOJA 11 - JARDIM ALE;07503617001140;ANÁPOLIS;GO;COMÉRCIO;SUDESTE;01/02/2020;15;CELG;0.105;49.154176;0.0;49.154176
202410;99043;ALBIOMA CL 514;ALBIOMA ESPLANADA ENERGIA S.A;935737;ESPLANADA CONSUMO -;29915125000123;GOIANÉSIA;GO;SERVIÇOS;SUDESTE;01/04/2020;15;CELG;1.6;68.574088;0.0;68.574088
202410;47392;MISSIATO JAMEL CL 514;INDUSTRIA MISSIATO DE BEBIDAS LTDA;935891;MISSIATO JAMEL;02295098000420;ANÁPOLIS;GO;BEBIDAS;SUDESTE;01/04/2020;15;CELG;0.66;175.249595;0.0;175.249595
202410;48803;C CL NOROESTE PLASTICOS;NOROESTE COMERCIO E INDUSTRIA DE PLASTICOS LTDA;935835;NOROESTE COM E IND D;09187595000100;GOIANIRA;GO;MANUFATURADOS DIVERSOS;SUDESTE;01/04/2020;15;CELG;0.8;299.826957;0.0;299.826957
202410;5716;TELEFONICA SE;TELEFONICA BRASIL S.A.;936789;TELEFONICA (14181289;02558157061544;GOIÂNIA;GO;TELECOMUNICAÇÕES;SUDESTE;01/06/2020;15;CELG;0.21;148.022742;0.0;148.022742
202410;1477;ASSAI ATACADISTA;SENDAS DISTRIBUIDORA S/A;937524;SENDAS SE/CO - 56 (G;06057223023031;GOIÂNIA;GO;COMÉRCIO;SUDESTE;01/07/2020;15;CELG;0.67;325.376682;0.0;325.376682
202410;86666;COMERCIAL REIS;COMERCIAL REIS LTDA;937740;Loja 07;03044201000936;PIRES DO RIO;GO;COMÉRCIO;SUDESTE;01/07/2020;15;CELG;0.11;57.861767;0.0;57.861767
202410;86666;COMERCIAL REIS;COMERCIAL REIS LTDA;937753;Loja Reis 12;03044201001231;ITUMBIARA;GO;COMÉRCIO;SUDESTE;01/07/2020;15;CELG;0.165;83.265892;0.0;83.265892
202410;86666;COMERCIAL REIS;COMERCIAL REIS LTDA;937745;Loja 06;03044201000693;MORRINHOS;GO;COMÉRCIO;SUDESTE;01/07/2020;15;CELG;0.14;72.248032;0.0;72.248032
202410;86578;TATICO SETOR CENTRO OESTE;CENTRO OESTE COMERCIAL DE ALIMENTOS LTDA;939688;TATICO CENTRAL;24447350000673;GOIÂNIA;GO;COMÉRCIO;SUDESTE;01/10/2020;15;CELG;0.32;169.909695;0.0;169.909695
202410;99292;COMIGO-MATRIZ LIVRE;COOPERATIVA AGROINDUSTRIAL DOS PRODUTORES RURAIS DO SUDOESTE GOIANO;939706;COM-CINQUENTÃO;02077618003362;SANTA HELENA DE GOIÁS;GO;SERVIÇOS;SUDESTE;01/10/2020;15;CELG;1.2;18.199624;0.0;18.199624
202410;99292;COMIGO-MATRIZ LIVRE;COOPERATIVA AGROINDUSTRIAL DOS PRODUTORES RURAIS DO SUDOESTE GOIANO;939728;COM-ESTRELA DALVA;02077618003109;JATAÍ;GO;SERVIÇOS;SUDESTE;01/10/2020;15;CELG;0.9;18.060492;0.0;18.060492
202410;99292;COMIGO-MATRIZ LIVRE;COOPERATIVA AGROINDUSTRIAL DOS PRODUTORES RURAIS DO SUDOESTE GOIANO;939705;COM-ACREÚNA;02077618001319;ACREÚNA;GO;SERVIÇOS;SUDESTE;01/10/2020;15;CELG;0.6;22.895552;0.0;22.895552
202410;117234;SHOP MEGA POLO MODA;CONDOMINIO SHOPPING MEGA POLO MODA GOIANIA;941902;MEGA POLO - GOIANIA;34275221000194;GOIÂNIA;GO;SERVIÇOS;SUDESTE;01/01/2021;15;CELG;0.5;27.533041;0.0;27.533041
202410;46863;BINATURAL CL 514;BINATURAL ENERGIAS RENOVAVEIS S.A;942376;BINATURAL INDUSTRIA;07113559000177;FORMOSA;GO;MINERAIS NÃO-METÁLICOS;SUDESTE;01/02/2021;15;CELG;0.6;412.780278;0.0;412.780278
202410;50881;ESCOLAS ALTA PERFORMANCE;SEB ESCOLAS DE ALTA PERFORMANCE S.A.;943517;SEB COLEGIO VISAO -;33268567001336;GOIÂNIA;GO;SERVIÇOS;SUDESTE;01/04/2021;15;CELG;0.17;13.232306;0.0;13.232306
202410;89866;CARAMURU ARMAZENS GO;CARAMURU ALIMENTOS  S/A;943919;CARAMURU ARMAZENS CH;00080671004288;CHAPADÃO DO CÉU;GO;SERVIÇOS;SUDESTE;01/04/2021;15;CELG;0.53;10.477231;0.0;10.477231
202410;83042;CARGILL PGA SE;CARGILL AGRICOLA S A;944106;CARGILL AGRICOLA S.A;60498706013135;CATALÃO;GO;ALIMENTÍCIOS;SUDESTE;01/05/2021;15;CELG;0.215;2.54886;0.0;2.54886
202410;32135;PIRECAL PIRENOPOLIS CL 514;PIRECAL PIRENOPOLIS CALCARIO LTDA;944395;PIRECAL VILA PROPICI;02787125000139;VILA PROPÍCIO;GO;MINERAIS NÃO-METÁLICOS;SUDESTE;01/05/2021;15;CELG;1.14;864.06854;0.0;864.06854
202410;24882;ATACADAO DIA A DIA 002;ATACADAO DIA A DIA S.A;945480;DIA A DIA - BALNEÁRI;17457404000616;GOIÂNIA;GO;COMÉRCIO;SUDESTE;01/07/2021;15;CELG;0.24;167.65729;0.0;167.65729
202410;4574;BRASIL TELE SE;OI S.A. - EM RECUPERACAO JUDICIAL;948915;UC 610024607 - FORMO;76535764032851;FORMOSA;GO;TELECOMUNICAÇÕES;SUDESTE;01/12/2021;15;CELG;0.095;42.294822;0.0;42.294822
202410;26879;ICO METAIS;EDSON LUCCA LTDA;948901;ICO METAIS UC 100127;14094415000186;TRINDADE;GO;MANUFATURADOS DIVERSOS;SUDESTE;01/12/2021;15;CELG;0.16;39.70899;0.0;39.70899
202410;35112;NOVA GALIA CL;NOVA GALIA BIOENERGIA LTDA;948734;NOVA GÁLIA UC 100227;11416268000125;PARAÚNA;GO;SERVIÇOS;SUDESTE;01/12/2021;15;CELG;2.0;99.064942;0.0;99.064942
202410;30492;UNIMED RIO VERDE;UNIMED RIO VERDE COOPERATIVA DE TRABALHO MEDICO;949189;UNIMED RIO VERDE;37275625000419;RIO VERDE;GO;SERVIÇOS;SUDESTE;01/12/2021;15;CELG;0.5;230.083852;0.0;230.083852
202410;27323;AREIA GOIAS;AREIA GOIAS MINERACAO LTDA;949848;AREIA GOIAS;11338568000133;SENADOR CANEDO;GO;MINERAIS NÃO-METÁLICOS;SUDESTE;01/01/2022;15;CELG;0.5;49.167798;0.0;49.167798
202410;64343;C CE COCARI;COCARI - COOPERATIVA AGROPECUARIA E INDUSTRIAL;950156;COCARI - SILVANIA -;78956968005576;SILVÂNIA;GO;COMÉRCIO;SUDESTE;01/02/2022;15;CELG;0.295;15.233094;0.0;15.233094
202410;84391;MARISA SE I5;MARISA LOJAS S.A.;950198;MLJ671_RIO VERDE;61189288031300;RIO VERDE;GO;COMÉRCIO;SUDESTE;01/02/2022;15;CELG;0.146;25.706907;0.0;25.706907
202410;48657;SANEAGO LIVRE;SANEAMENTO DE GOIAS S/A;950959;Booster Abóbora - Ri;01616929000102;RIO VERDE;GO;SANEAMENTO;SUDESTE;01/03/2022;15;CELG;0.637;507.721781;0.0;507.721781
202410;99292;COMIGO-MATRIZ LIVRE;COOPERATIVA AGROINDUSTRIAL DOS PRODUTORES RURAIS DO SUDOESTE GOIANO;951424;COMIGO SANTA HELENA;02077618000509;SANTA HELENA DE GOIÁS;GO;SERVIÇOS;SUDESTE;01/04/2022;15;CELG;1.55;48.980116;0.0;48.980116
202410;37532;ALPES GO;ALPES INDUSTRIA E COMERCIO DE PLASTICOS LTDA;952101;ALPES GO;02877500000212;APARECIDA DE GOIÂNIA;GO;MANUFATURADOS DIVERSOS;SUDESTE;01/05/2022;15;CELG;0.285;143.964152;0.0;143.964152
202410;39241;ENTRE RIOS CL;ENERGETICA ENTRE RIOS LTDA;952278;ENTRE RIOS CARGA CL;38239725000100;TURVELÂNDIA;GO;SERVIÇOS;SUDESTE;01/05/2022;15;CELG;2.5;83.535974;0.0;83.535974
202410;40328;LDC BRASIL CAIAPONIA;LOUIS DREYFUS COMPANY BRASIL S.A.;954352;LDC BR - CAJAPONIA -;47067525020133;CAIAPÔNIA;GO;ALIMENTÍCIOS;SUDESTE;01/08/2022;15;CELG;0.13;11.221878;0.0;11.221878
202410;37878;BRK GO;BRK AMBIENTAL - GOIAS S.A.;954546;BRK GO - EEE BARRO P;18123402000149;TRINDADE;GO;SANEAMENTO;SUDESTE;01/08/2022;15;CELG;0.15;71.448644;0.0;71.448644
202410;39276;SAO SALVADOR AL;SAO SALVADOR ALIMENTOS S/A;954679;SÃO SALVADOR ALIMENT;03387396001301;;GO;ALIMENTÍCIOS;SUDESTE;01/11/2022;15;CELG;0.66;143.246394;0.0;143.246394
202410;38106;PEVE FOODS;PEVE FOODS LTDA;954929;PEVE FOODS F2;20500092000348;MINEIROS;GO;COMÉRCIO;SUDESTE;01/09/2022;15;CELG;0.07;37.231087;0.0;37.231087
202410;60443;VIAVAREJO;GRUPO CASAS BAHIA S.A.;955710;Filial 1733 - PASSEI;33041260144409;GOIÂNIA;GO;COMÉRCIO;SUDESTE;01/10/2022;15;CELG;0.115;8.936225;0.0;8.936225
202410;71101;BURGER KING SE I1;ZAMP S.A.;956412;BK -  DRIVE AV T-63;13574594098226;GOIÂNIA;GO;ALIMENTÍCIOS;SUDESTE;01/11/2022;15;CELG;0.09;28.740795;0.0;28.740795
202410;71101;BURGER KING SE I1;ZAMP S.A.;956395;BK - AV SÃO FRANCISC;13574594084276;ANÁPOLIS;GO;ALIMENTÍCIOS;SUDESTE;01/11/2022;15;CELG;0.035;11.506208;0.0;11.506208
202410;71101;BURGER KING SE I1;ZAMP S.A.;956476;BK - BURITI SHOPPING;13574594083890;APARECIDA DE GOIÂNIA;GO;ALIMENTÍCIOS;SUDESTE;01/11/2022;15;CELG;0.055;16.645659;0.0;16.645659
202410;60443;VIAVAREJO;GRUPO CASAS BAHIA S.A.;958481;Filial 1322 - GOIÂNI;33041260065290;GOIÂNIA;GO;COMÉRCIO;SUDESTE;01/02/2023;15;CELG;0.045;5.893675;0.0;5.893675
202410;41162;JAEPEL ESPECIAL;JAEPEL PAPEIS E EMBALAGENS S.A;958572;JAEPEL CAPTAÇÃO;06142539000161;SENADOR CANEDO;GO;MADEIRA, PAPEL E CELULOSE;SUDESTE;01/02/2023;15;CELG;0.075;42.143599;0.0;42.143599
202410;38814;BIO INSTINTO;BIO INSTINTO INDUSTRIA E COMERCIO DE COSMETICOS LTDA;959586;BIO INSTINTO FILIAL;07882964000311;ANÁPOLIS;GO;SERVIÇOS;SUDESTE;01/04/2023;15;CELG;0.24;146.24217;0.0;146.24217
202410;101931;TOP TELAS CL;TOP TELAS LTDA;959800;TOP TELAS;34014479000137;SENADOR CANEDO;GO;METALURGIA E PRODUTOS DE METAL;SUDESTE;01/03/2023;15;CELG;0.5;119.486008;0.0;119.486008
202410;39176;CENCOSUD BRASIL 104 SE;CENCOSUD BRASIL COMERCIAL S.A.;959968;CENCOSUD LOJA 635;39346861025580;ITUMBIARA;GO;COMÉRCIO;SUDESTE;01/04/2023;15;CELG;0.303;75.163016;0.0;75.163016
202410;42450;CERAMICA ESTRELA;CERAMICA ESTRELA INDUSTRIAL LTDA;961355;CERAMICA PIMENTA;10220913000177;MUTUNÓPOLIS;GO;MINERAIS NÃO-METÁLICOS;SUDESTE;01/05/2023;15;CELG;0.2;0.0;0.0;0.0
202410;38740;SUPERMERCADO FLORESTA;F G COMERCIAL DE ALIMENTOS LTDA;961271;SUPERMERCADO FLOREST;14200272000140;ANÁPOLIS;GO;COMÉRCIO;SUDESTE;01/05/2023;15;CELG;0.15;54.4618;0.0;54.4618
202410;1477;ASSAI ATACADISTA;SENDAS DISTRIBUIDORA S/A;961910;ASSAI - SE/CO - 214;06057223044110;CALDAS NOVAS;GO;COMÉRCIO;SUDESTE;01/06/2023;15;CELG;0.6;273.709508;0.0;273.709508
202410;104951;FETZ;FETZ MINERADORA LTDA.;962120;FETZ - UC 1003127605;30323122000180;RIO VERDE;GO;MINERAIS NÃO-METÁLICOS;SUDESTE;01/06/2023;15;CELG;1.1;120.008689;0.0;120.008689
202410;43512;CCR AEROPORTOS CENTRAL;CONCESSIONARIA DO BLOCO CENTRAL S.A.;962500;Goiânia II;42206269000179;GOIÂNIA;GO;SERVIÇOS;SUDESTE;01/07/2023;15;CELG;0.17;60.540888;0.0;60.540888
202410;101529;SMART FIT - SUDESTE;SMARTFIT ESCOLA DE GINASTICA E DANCA S.A;962378;GOCSBU1 - UC 1001569;07594978000178;GOIÂNIA;GO;SERVIÇOS;SUDESTE;01/07/2023;15;CELG;0.078;25.375983;0.0;25.375983
202410;106859;JOSIDITH APE;AJL - AGRONEGOCIO JOSIDITH LTDA;963456;JOSIDITH CONSUMO;19321410000162;LEOPOLDO DE BULHÕES;GO;ALIMENTÍCIOS;SUDESTE;01/08/2023;15;CELG;0.75;156.708848;0.0;156.708848
202410;25518;B2W CE;AMERICANAS S.A - EM RECUPERACAO JUDICIAL;964208;AMER 312;00776574119129;ANÁPOLIS;GO;COMÉRCIO;SUDESTE;01/09/2023;15;CELG;0.109;18.032027;0.0;18.032027
202410;79624;BRAINFARMA;BRAINFARMA INDUSTRIA QUIMICA E FARMACEUTICA S.A.;964358;BRAINFARMA - ANS;05161069000544;ANÁPOLIS;GO;MANUFATURADOS DIVERSOS;SUDESTE;01/09/2023;15;CELG;11.0;7856.018073;0.0;7856.018073
202410;25518;B2W CE;AMERICANAS S.A - EM RECUPERACAO JUDICIAL;964468;AMER 1254;00776574168847;GOIÂNIA;GO;COMÉRCIO;SUDESTE;01/09/2023;15;CELG;0.065;16.696149;0.0;16.696149
202410;62321;CLARO;CLARO S.A.;964836;CLARO - CELG-D - Pru;40432544000147;ITUMBIARA;GO;TELECOMUNICAÇÕES;SUDESTE;01/09/2023;15;CELG;0.13;84.710216;0.0;84.710216
202410;25518;B2W CE;AMERICANAS S.A - EM RECUPERACAO JUDICIAL;964849;AMER 428;00776574167441;ITUMBIARA;GO;COMÉRCIO;SUDESTE;01/09/2023;15;CELG;0.125;23.241448;0.0;23.241448
202410;107239;AMARILLO;AMARILLO MINERACAO DO BRASIL LTDA;964978;Hochschild Amarillo;42799486000209;MARA ROSA;GO;EXTRAÇÃO DE MINERAIS METÁLICOS;SUDESTE;01/09/2023;15;CELG;18.0;8994.396984;0.0;8994.396984
202410;101281;BARAO SUPERMERCADOS;BARAO ESPECIALIDADES & DISTRIBUIDORA DE ALIMENTOS SA;964944;Barao Superme 964944;28790260000127;GOIÂNIA;GO;COMÉRCIO;SUDESTE;01/09/2023;15;CELG;0.085;40.856769;0.0;40.856769
202410;101281;BARAO SUPERMERCADOS;BARAO ESPECIALIDADES & DISTRIBUIDORA DE ALIMENTOS SA;965862;Barao Supermerc LJ14;28790260000127;GOIÂNIA;GO;COMÉRCIO;SUDESTE;01/10/2023;15;CELG;0.236;122.966799;0.0;122.966799
202410;101281;BARAO SUPERMERCADOS;BARAO ESPECIALIDADES & DISTRIBUIDORA DE ALIMENTOS SA;966019;Barao Supermerc LJ4;28790260000127;APARECIDA DE GOIÂNIA;GO;COMÉRCIO;SUDESTE;01/10/2023;15;CELG;0.116;50.330696;0.0;50.330696
202410;101281;BARAO SUPERMERCADOS;BARAO ESPECIALIDADES & DISTRIBUIDORA DE ALIMENTOS SA;965925;Barao Supermerc LJ26;28790260000127;SENADOR CANEDO;GO;COMÉRCIO;SUDESTE;01/10/2023;15;CELG;0.071;40.226902;0.0;40.226902
202410;3729;PERNAMBUCANAS;ARTHUR LUNDGREN TECIDOS S A CASAS PERNAMBUCANAS;966731;Pernambucanas - Gara;61099834040222;APARECIDA DE GOIÂNIA;GO;COMÉRCIO;SUDESTE;01/11/2023;15;CELG;0.065;16.083177;0.0;16.083177
202410;109449;FEBELA AGROINDUSTRIAL;FEBELA AGROINDUSTRIAL LTDA;970191;Febela Agroindustria;05874260000100;BELA VISTA DE GOIÁS;GO;ALIMENTÍCIOS;SUDESTE;01/01/2024;15;CELG;0.69;242.245464;0.0;242.245464
202410;52102;SUPERMERCADO BRJ;SUPERMERCADO BRJ LTDA;971345;SUPERMECADO BRJ - BE;17350225000170;GOIÂNIA;GO;COMÉRCIO;SUDESTE;01/02/2024;15;CELG;0.2;109.021519;0.0;109.021519
202410;109573;SAO MARCOS IJF;HOSPITAL E MATERNIDADE SAO MARCOS LTDA;972472;IJF PARTICIPACOES LT;17134934000119;GOIÂNIA;GO;SERVIÇOS;SUDESTE;01/02/2024;15;CELG;0.22;23.157697;0.0;23.157697
202410;109573;SAO MARCOS IJF;HOSPITAL E MATERNIDADE SAO MARCOS LTDA;972570;HOSPITAL E 972570;01554104000100;GOIÂNIA;GO;SERVIÇOS;SUDESTE;01/02/2024;15;CELG;0.28;94.48702;0.0;94.48702
202410;3999;C&A MODAS;C&A MODAS S.A.;973857;C&A ANP;45242914046865;ANÁPOLIS;GO;COMÉRCIO;SUDESTE;01/03/2024;15;CELG;0.15;43.175731;0.0;43.175731
202410;105683;CENCOSUD BRASIL 126 SE;CENCOSUD BRASIL COMERCIAL S.A.;975628;CENCOSUD LOJA 516;39346861034147;GOIÂNIA;GO;COMÉRCIO;SUDESTE;01/04/2024;15;CELG;0.305;136.785138;0.0;136.785138
202410;138885;PLUMA FORMOSA;PLUMA AGRO AVICOLA LTDA;976977;PLUMA FORMOSA;04656883002944;FORMOSA;GO;ALIMENTÍCIOS;SUDESTE;01/05/2024;15;CELG;0.25;35.455192;0.0;35.455192
202410;48657;SANEAGO LIVRE;SANEAMENTO DE GOIAS S/A;977849;SANEAGO - UC 2021672;01616929000102;ANÁPOLIS;GO;SANEAMENTO;SUDESTE;01/05/2024;15;CELG;2.83;1506.354864;0.0;1506.354864
202410;101281;BARAO SUPERMERCADOS;BARAO ESPECIALIDADES & DISTRIBUIDORA DE ALIMENTOS SA;978462;BaraoSupermercados3;28790260000984;GOIANIRA;GO;COMÉRCIO;SUDESTE;01/05/2024;15;CELG;0.15;38.755182;0.0;38.755182
202410;30493;SANEAGO;SANEAMENTO DE GOIAS S/A;979218;SANEAGO - UC 1700157;01616929000102;ITAPURANGA;GO;SANEAMENTO;SUDESTE;01/06/2024;15;CELG;0.108;69.589872;0.0;69.589872
202410;74006;ANHANGUERA ESP;ANHANGUERA EDUCACIONAL PARTICIPACOES S/A;981260;Valparaiso Go 981260;04310392006268;VALPARAÍSO DE GOIÁS;GO;SERVIÇOS;SUDESTE;01/07/2024;15;CELG;0.3;9.573047;0.0;9.573047
202410;50433;BRK GO CL 514;BRK AMBIENTAL - GOIAS S.A.;981406;GOC - EEE ARROZAL;18123402000220;TRINDADE;GO;SANEAMENTO;SUDESTE;01/07/2024;15;CELG;0.75;28.068194;0.0;28.068194
202410;30493;SANEAGO;SANEAMENTO DE GOIAS S/A;983114;SANEAGO -  UC 290046;01616929000102;JATAÍ;GO;SANEAMENTO;SUDESTE;01/07/2024;15;CELG;0.21;141.582648;0.0;141.582648
202410;57253;ATACADAO DIA A DIA 007;ATACADAO DIA A DIA S.A;989267;DIA A DIA - A GOIANI;17457404003046;APARECIDA DE GOIÂNIA;GO;COMÉRCIO;SUDESTE;01/10/2024;15;CELG;0.25;164.139683;0.0;164.139683
202410;85898;BRADESCO ESPECIAL SECO;BANCO BRADESCO S.A.;991074;690043405 - 3288-Itu;60746948058978;ITUMBIARA;GO;SERVIÇOS;SUDESTE;01/10/2024;15;CELG;0.062;19.316272;0.0;19.316272
202410;85898;BRADESCO ESPECIAL SECO;BANCO BRADESCO S.A.;990925;630281208 - 3290-Rio;60746948000112;RIO VERDE;GO;SERVIÇOS;SUDESTE;01/10/2024;15;CELG;0.079;13.495151;0.0;13.495151
202410;104;ICB;INTERCEMENT BRASIL S.A.;7806;ICB - CEZARINA - GO;62258884013467;CEZARINA;GO;MINERAIS NÃO-METÁLICOS;SUDESTE;01/04/2005;15;CELG;21.5;12897.733443;0.0;12897.733443
202410;8598;HEINEKEN ITU GO CO;HNK BR INDUSTRIA DE BEBIDAS LTDA.;888129;SCHINCARIOL ALEXANIA;50221019001370;ALEXÂNIA;GO;BEBIDAS;SUDESTE;01/09/2012;15;CELG;5.0;1487.159872;0.0;1487.159872
202410;7503;SSA ABATEDOURO;SAO SALVADOR ALIMENTOS S/A;903983;SAO SALVADOR ALI;03387396000160;ITABERAÍ;GO;ALIMENTÍCIOS;SUDESTE;01/09/2016;15;CELG;7.7;7559.816071;0.0;7559.816071
202410;77703;UBV CL;SAO MARTINHO S/A;908391;USINA BOA VISTA - FI;51466860006278;QUIRINÓPOLIS;GO;MINERAIS NÃO-METÁLICOS;SUDESTE;01/04/2017;15;CELG;5.0;42.542031;0.0;42.542031
202410;45546;MARIZA AGUAS CL 514;MARIZA AGUAS MINERAIS LTDA;908499;MARIZA AGUAS;07191574000133;HIDROLÂNDIA;GO;ALIMENTÍCIOS;SUDESTE;01/04/2017;15;CELG;0.72;300.14208;0.0;300.14208
202410;99635;GOIANIA CORPORATE CL;CONDOMINIO GOIANIA CORPORATE FINANCIAL CENTER;909310;GOIANIA CORPORATE;03532908000134;GOIÂNIA;GO;SERVIÇOS;SUDESTE;01/06/2017;15;CELG;1.7;418.575523;0.0;418.575523
202410;30087;RENNER SE;LOJAS RENNER S.A.;909311;RENNER LOJA 277;92754738024932;GOIÂNIA;GO;COMÉRCIO;SUDESTE;01/06/2017;15;CELG;0.205;48.485223;0.0;48.485223
202410;45728;SHOP PORTAL SUL CL 514;CONDOMINIO PORTAL SUL SHOPPING;905827;SHOP PORTAL SUL;22861051000140;GOIÂNIA;GO;SERVIÇOS;SUDESTE;01/11/2016;15;CELG;0.51;179.123772;0.0;179.123772
202410;132980;CMOC MINA;CMOC BRASIL MINERACAO, INDUSTRIA E PARTICIPACOES LTDA.;909711;NIOBIO MINA CATALAO;26108898000614;CATALÃO;GO;EXTRAÇÃO DE MINERAIS METÁLICOS;SUDESTE;01/07/2017;15;CELG;2.0;648.948163;0.0;648.948163
202410;35233;APARECIDA SHOPPING NESP;APARECIDA SHOPPING S.A;909698;APARECIDA SHOPPING;97525711000111;APARECIDA DE GOIÂNIA;GO;SERVIÇOS;SUDESTE;01/07/2017;15;CELG;1.0;351.044377;0.0;351.044377
202410;98743;COSMED GYN CL 514;COSMED INDUSTRIA DE COSMETICOS E MEDICAMENTOS S.A.;909914;COSMED GYN;61082426001289;GOIÂNIA;GO;ALIMENTÍCIOS;SUDESTE;01/08/2017;15;CELG;1.55;767.154543;0.0;767.154543
202410;6342;MEXICHEM JL SE;MEXICHEM BRASIL INDUSTRIA DE TRANSFORMACAO PLASTICA LTDA;904739;MEXICHEM ANAPOLIS;58514928004242;ANÁPOLIS;GO;MANUFATURADOS DIVERSOS;SUDESTE;01/10/2016;15;CELG;0.1;8.743017;0.0;8.743017
202410;45860;BOA VISTA ALIMENTOS CL 514;BOA VISTA - ALIMENTOS LTDA EM RECUPERACAO JUDICIAL;914514;BOA VISTA ALIMENTOS;37356854000115;GOIANIRA;GO;ALIMENTÍCIOS;SUDESTE;01/06/2018;15;CELG;0.86;352.530197;0.0;352.530197
202410;7322;HAVAN SE;HAVAN S.A;904062;HAVAN 63 - ANÁPOLIS;79379491006114;ANÁPOLIS;GO;COMÉRCIO;SUDESTE;01/09/2016;15;CELG;0.42;98.947174;0.0;98.947174
202410;84455;BAL LUZIANIA CL 13360;BUNGE ALIMENTOS S/A;907159;BUNGE LUZIANIA;84046101005748;LUZIÂNIA;GO;ALIMENTÍCIOS;SUDESTE;01/01/2017;15;CELG;4.0;813.682428;0.0;813.682428
202410;46677;COND LOG GOIANIA CL;CONDOMINIO LOG GOIANIA;922543;LOG GOIANIA;19565701000104;GOIÂNIA;GO;SERVIÇOS;SUDESTE;01/02/2019;15;CELG;0.65;302.537655;0.0;302.537655
202410;66433;KINOPLEX;EMPRESA CINEMAS SAO LUIZ S.A.;918027;KINOPLEX GOIANIA;33497660015453;GOIÂNIA;GO;SERVIÇOS;SUDESTE;01/09/2018;15;CELG;0.206;74.901981;0.0;74.901981
202410;50698;VITAMEDIC LIVRE;VITAMEDIC INDUSTRIA FARMACEUTICA LTDA;915556;VITAMEDIC INDUSTRIA;30222814000131;ANÁPOLIS;GO;MANUFATURADOS DIVERSOS;SUDESTE;01/08/2018;15;CELG;1.4;1025.915804;0.0;1025.915804
202410;29464;POLENGHI LIVRE;POLENGHI INDUSTRIAS ALIMENTICIAS LTDA;907016;POLENGHI GOIATUBA;24949232003689;GOIATUBA;GO;ALIMENTÍCIOS;SUDESTE;01/01/2017;15;CELG;1.5;732.124988;0.0;732.124988
202410;64126;FLORA CL SE;FLORA PRODUTOS DE HIGIENE E LIMPEZA S.A;904699;FLORA LUZIANIA;08505736000395;LUZIÂNIA;GO;QUÍMICOS;SUDESTE;01/10/2016;15;CELG;5.35;2152.44119;0.0;2152.44119
202410;98840;OPEN MALL P;J&L REAL ESTATE LTDA;913595;OPEN MALL;09531384000143;GOIÂNIA;GO;SERVIÇOS;SUDESTE;01/04/2018;15;CELG;0.3;59.584472;0.0;59.584472
202410;64320;PASSEIO DAS AGUAS;CONDOMINIO PASSEIO DAS AGUAS SHOPPING;905828;SHOP PASSEIO AGUAS;23282496000139;GOIÂNIA;GO;SERVIÇOS;SUDESTE;01/11/2016;15;CELG;3.95;1714.137422;0.0;1714.137422
202410;76961;CAOA CL;CAOA MONTADORA DE VEICULOS LTDA;893642;CAOA - ANAPOLIS GO;03471344000177;ANÁPOLIS;GO;VEÍCULOS;SUDESTE;01/07/2014;15;CELG;6.955;4209.13853;0.0;4209.13853
202410;46289;COMING CL 514;COMING INDUSTRIA E COMERCIO DE COUROS LTDA EM RECUPERACAO JUDICIAL;917371;COMING INDUSTRIA E C;00129569000151;TRINDADE;GO;MANUFATURADOS DIVERSOS;SUDESTE;01/08/2018;15;CELG;0.8;320.60824;0.0;320.60824
202410;41518;HPE AUTOMOTORES CL;HPE AUTOMOTORES DO BRASIL LTDA;907172;BWP CATALAO;54305743001170;CATALÃO;GO;VEÍCULOS;SUDESTE;01/01/2017;15;CELG;6.7;2293.199253;0.0;2293.199253
202410;50978;ATACADAO CL2;ATACADAO S.A.;907765;ATACADAO LOJA 131;75315333013197;APARECIDA DE GOIÂNIA;GO;COMÉRCIO;SUDESTE;01/02/2017;15;CELG;0.73;296.036306;0.0;296.036306
202410;31605;ITAMBEALIMEN CL 514;ITAMBE ALIMENTOS LTDA.;898070;ITAMBE GOIANIA II;16849231001690;GOIÂNIA;GO;ALIMENTÍCIOS;SUDESTE;01/02/2016;15;CELG;1.2;744.249434;0.0;744.249434
202410;46196;ACPA CL 514;ACPA ANODIZACAO DE CHAPAS E PERFIS DE ALUMINIO LTDA;924724;ACPA ANODIZACAO DE C;01945472000180;APARECIDA DE GOIÂNIA;GO;METALURGIA E PRODUTOS DE METAL;SUDESTE;01/07/2019;15;CELG;0.7;121.930868;0.0;121.930868
202410;35203;SOTRIGO CL 514;SOTRIGO SOCIEDADE TRITICOLA DE GOIAS LTDA;924896;SOTRIGO;04577125000130;ANÁPOLIS;GO;ALIMENTÍCIOS;SUDESTE;01/07/2019;15;CELG;1.0;512.365016;0.0;512.365016
202410;46348;BRITAGO CL 514;BRITAGO MINERACAO INDUSTRIA E COMERCIO LTDA;924934;BRITAGO;03007590000172;SANTA BÁRBARA DE GOIÁS;GO;MINERAIS NÃO-METÁLICOS;SUDESTE;01/07/2019;15;CELG;0.75;180.223405;0.0;180.223405
202410;31198;FRICO CL 514;FRICO INDUSTRIA E COMERCIO DE ALIMENTOS LTDA;924970;Fricó Ind. e Comérci;07014305000100;TRINDADE;GO;ALIMENTÍCIOS;SUDESTE;01/07/2019;15;CELG;1.24;769.886687;0.0;769.886687
202410;86578;TATICO SETOR CENTRO OESTE;CENTRO OESTE COMERCIAL DE ALIMENTOS LTDA;928883;TATICO SETOR CENTRO;24447350000169;GOIÂNIA;GO;COMÉRCIO;SUDESTE;01/10/2019;15;CELG;0.38;193.535782;0.0;193.535782
202410;85397;FRINENSE TRINDADE;FRINENSE ALIMENTOS LTDA;932347;FRINENSE TRINDADE;07042642000100;TRINDADE;GO;ALIMENTÍCIOS;SUDESTE;01/12/2019;15;CELG;0.1;1.266975;0.0;1.266975
202410;3999;C&A MODAS;C&A MODAS S.A.;904595;C&A MODAS GPA123;45242914031248;GOIÂNIA;GO;COMÉRCIO;SUDESTE;01/10/2016;15;CELG;0.25;55.345174;0.0;55.345174
202410;101208;CAMIL CL MABEL;CAMIL ALIMENTOS S.A.;891470;MABEL AP DE GOIANIA;64904295004281;APARECIDA DE GOIÂNIA;GO;ALIMENTÍCIOS;SUDESTE;01/01/2014;15;CELG;1.7;799.596445;0.0;799.596445
202410;63649;GUABI;GUABI NUTRICAO E SAUDE ANIMAL LTDA;904673;GUABI ANAPOLIS;02918654000124;ANÁPOLIS;GO;ALIMENTÍCIOS;SUDESTE;01/10/2016;15;CELG;1.545;566.580012;0.0;566.580012
202410;31313;EQUIPLEX CL 514;EQUIPLEX INDUSTRIA FARMACEUTICA LTDA -;907017;EQUIPLEX;01784792000103;APARECIDA DE GOIÂNIA;GO;MANUFATURADOS DIVERSOS;SUDESTE;01/01/2017;15;CELG;1.169;773.364746;0.0;773.364746
202410;35573;SGB WEBER PLANALTINA EI;SAINT-GOBAIN DO BRASIL PRODUTOS INDUSTRIAIS E PARA CONSTRUCAO LTDA;907160;S GOBAIN BRASILIT;61064838014193;PLANALTINA;GO;QUÍMICOS;SUDESTE;01/01/2017;15;CELG;0.33;69.956374;0.0;69.956374
202410;86562;BOM LIXO;BOMLIXO INDUSTRIA E COMERCIO LTDA;932933;BOMLIXO DO NIQUEL;05324532000289;GOIÂNIA;GO;SANEAMENTO;SUDESTE;01/12/2019;15;CELG;0.3;83.108105;0.0;83.108105
202410;46498;ILHAS DO LAGO CL 514;ILHAS DO LAGO ECO RESORT;932978;ILHAS DO LAGO;30512573000165;CALDAS NOVAS;GO;SERVIÇOS;SUDESTE;01/12/2019;15;CELG;0.55;260.835195;0.0;260.835195
202410;46776;ELBA CL 514;ELBA CALCARIO LTDA;933586;MONTIVIDIU ELBA;02173151000177;MONTIVIDIU;GO;MINERAIS NÃO-METÁLICOS;SUDESTE;01/01/2020;15;CELG;0.69;15.059945;0.0;15.059945
202410;89866;CARAMURU ARMAZENS GO;CARAMURU ALIMENTOS  S/A;933908;CARAMURU ARMAZENS RI;00080671003559;RIO VERDE;GO;SERVIÇOS;SUDESTE;01/02/2020;15;CELG;0.361;34.729033;0.0;34.729033
202410;82846;RIACHUELO LT 1 SE/CO;LOJAS RIACHUELO SA;933964;RCHLO LOJA 39;33200056012902;GOIÂNIA;GO;COMÉRCIO;SUDESTE;01/02/2020;15;CELG;0.15;32.363863;0.0;32.363863
202410;88208;SUPERVI;SUPERVI DISTRIBUIDOR DE ALIMENTOS LTDA;933966;LOJA 6 - PQ RESIDENC;07503617000683;ANÁPOLIS;GO;COMÉRCIO;SUDESTE;01/02/2020;15;CELG;0.08;34.875486;0.0;34.875486
202410;1477;ASSAI ATACADISTA;SENDAS DISTRIBUIDORA S/A;934731;SENDAS SE/CO - 117 (;06057223032375;VALPARAÍSO DE GOIÁS;GO;COMÉRCIO;SUDESTE;01/03/2020;15;CELG;0.63;312.918324;0.0;312.918324
202410;43644;ESTACIO CL;SOCIEDADE DE ENSINO SUPERIOR ESTACIO DE SA LTDA;935507;ESTÁCIO GOIAS;34075739014053;GOIÂNIA;GO;SERVIÇOS;SUDESTE;01/04/2020;15;CELG;0.6;32.801724;0.0;32.801724
202410;96969;SJC BIOENERGIA CL 2;SJC BIOENERGIA LTDA;936784;SJC BIOENERGIA CONSU;10249419000216;QUIRINÓPOLIS;GO;ALIMENTÍCIOS;SUDESTE;01/06/2020;15;CELG;3.0;124.602124;0.0;124.602124
202410;92091;LOPES VIANDELLI;LOPES VIANDELLI PRODUTOS ALIMENTICIOS LTDA;936981;LOPES V. LOJA 2;26910752000183;GOIANÉSIA;GO;COMÉRCIO;SUDESTE;01/06/2020;15;CELG;0.105;54.650371;0.0;54.650371
202410;92091;LOPES VIANDELLI;LOPES VIANDELLI PRODUTOS ALIMENTICIOS LTDA;937072;LOPES V. LOJA 3;26910752000507;GOIANÉSIA;GO;COMÉRCIO;SUDESTE;01/06/2020;15;CELG;0.2;82.608535;0.0;82.608535
202410;48781;MONTIVIDIUSANTATEREZACL514;CALCARIO SANTA TEREZA LTDA;937755;MONTIVIDIU SANTA TER;01059930000183;FORMOSO;GO;MINERAIS NÃO-METÁLICOS;SUDESTE;01/07/2020;15;CELG;0.5;37.159101;0.0;37.159101
202410;86666;COMERCIAL REIS;COMERCIAL REIS LTDA;937752;Loja 14;03044201001584;CALDAS NOVAS;GO;COMÉRCIO;SUDESTE;01/07/2020;15;CELG;0.14;74.962905;0.0;74.962905
202410;86666;COMERCIAL REIS;COMERCIAL REIS LTDA;937774;Loja Reis 13;03044201001401;ITUMBIARA;GO;COMÉRCIO;SUDESTE;01/07/2020;15;CELG;0.135;68.563553;0.0;68.563553
202410;86666;COMERCIAL REIS;COMERCIAL REIS LTDA;937741;Loja 09;03044201000421;ITUMBIARA;GO;COMÉRCIO;SUDESTE;01/07/2020;15;CELG;0.14;83.947329;0.0;83.947329
202410;31270;PIFPAFMATRIZ CL 514;RIO BRANCO ALIMENTOS S/A;938177;PIF PAF - PALM DE GO;05017780002735;PALMEIRAS DE GOIÁS;GO;ALIMENTÍCIOS;SUDESTE;01/08/2020;15;CELG;1.55;242.728845;0.0;242.728845
202410;98955;CROWN RIO VERDE;CROWN EMBALAGENS METALICAS DA AMAZONIA S/A;939930;CROWN RIO VERDE;33174335001319;RIO VERDE;GO;METALURGIA E PRODUTOS DE METAL;SUDESTE;01/11/2020;15;CELG;4.4;2696.198003;0.0;2696.198003
202410;47665;BRMILL CL 514;BRMILL ALIMENTOS LTDA;941388;BRMILL ALIMENTOS LTD;08469992000102;SILVÂNIA;GO;ALIMENTÍCIOS;SUDESTE;01/01/2021;15;CELG;0.7;290.162872;0.0;290.162872
202410;95859;SUPERMERCADO PRO BRASIL;SUPERMERCADO PRO BRASIL LTDA;941286;SUPERM PRO BR JD AMR;37629995000326;GOIÂNIA;GO;COMÉRCIO;SUDESTE;01/01/2021;15;CELG;0.19;89.749864;0.0;89.749864
202410;99081;COMIVA;COOPERATIVA MISTA AGROPECUARIA DO VALE DO ARAGUAIA;941901;COMIVA PORTELANDIA;01167501001010;PORTELÂNDIA;GO;SERVIÇOS;SUDESTE;01/01/2021;15;CELG;0.36;5.859992;0.0;5.859992
202410;89866;CARAMURU ARMAZENS GO;CARAMURU ALIMENTOS  S/A;942170;CARAMURU ARMAZENS NO;00080671000371;SÃO SIMÃO;GO;ALIMENTÍCIOS;SUDESTE;01/02/2021;15;CELG;0.13;13.615371;0.0;13.615371
202410;47797;QUALITY ALIMENTOS CL 514;QUALITY INDUSTRIA DE ALIMENTOS LTDA;942363;QUALITY ALIMENTOS;08906799000191;ANÁPOLIS;GO;ALIMENTÍCIOS;SUDESTE;01/02/2021;15;CELG;0.5;239.394145;0.0;239.394145
202410;95026;REMMACK;REMMACK FILMS INDUSTRIA E COMERCIO LTDA;942361;EMBALO EMBALAGENS;07163516000104;ANÁPOLIS;GO;MANUFATURADOS DIVERSOS;SUDESTE;01/02/2021;15;CELG;0.45;66.720792;0.0;66.720792
202410;25500;SJC BIOENERGIA CL3;SJC BIOENERGIA LTDA;942431;CACHOEIRA DOUR CONSU;10249419000305;CACHOEIRA DOURADA;GO;ALIMENTÍCIOS;SUDESTE;01/02/2021;15;CELG;3.0;62.094468;0.0;62.094468
202410;31456;BRITACAL CL 514;BRITACAL IND E COM DE BRITA E CALCARIO BRASILIA LTDA;942978;BRITACAL - PLANALTIN;26970103000259;PLANALTINA;GO;MINERAIS NÃO-METÁLICOS;SUDESTE;01/03/2021;15;CELG;0.943;161.986828;0.0;161.986828
202410;98260;BAUMINAS QUIMICA;BAUMINAS QUIMICA LTDA.;943245;BAUMINAS LUZIANIA;19525278001000;LUZIÂNIA;GO;QUÍMICOS;SUDESTE;01/03/2021;15;CELG;0.2;14.896924;0.0;14.896924
202410;66054;VILLEFORT;CEMA CENTRAL MINEIRA ATACADISTA LTDA;943636;VILLEFORT JATAI;03083231003381;JATAÍ;GO;COMÉRCIO;SUDESTE;01/04/2021;15;CELG;0.3;172.519074;0.0;172.519074
202410;83042;CARGILL PGA SE;CARGILL AGRICOLA S A;944230;Cargill Piracanjuba;60498706037581;SANTA CRUZ DE GOIÁS;GO;ALIMENTÍCIOS;SUDESTE;01/05/2021;15;CELG;0.41;6.255392;0.0;6.255392
202410;100386;NUTRON ITPCL 514 23;CARGILL ALIMENTOS LTDA;945007;Cargill Goianira;01961898001441;GOIÂNIA;GO;ALIMENTÍCIOS;SUDESTE;01/06/2021;15;CELG;0.8;132.512288;0.0;132.512288
202410;25101;ADUBOS ARAGUAIA;ARAGUAIA S.A.;945308;ADUBOS DAIA - UC 210;03306578001211;ANÁPOLIS;GO;QUÍMICOS;SUDESTE;01/06/2021;15;CELG;0.245;133.59122;0.0;133.59122
202410;98167;ABL ENERGIA;FMC ENERGIA LTDA;945492;PMC SHOPPING;35585168000190;VALPARAÍSO DE GOIÁS;GO;SERVIÇOS;SUDESTE;01/07/2021;15;CELG;0.3;149.227457;0.0;149.227457
202410;64343;C CE COCARI;COCARI - COOPERATIVA AGROPECUARIA E INDUSTRIAL;946974;COCARI UC 1060106878;78956968000183;CRISTALINA;GO;COMÉRCIO;SUDESTE;01/09/2021;15;CELG;0.3;6.410106;0.0;6.410106
202410;84391;MARISA SE I5;MARISA LOJAS S.A.;947580;MLJ934_URIAS MAGALHA;61189288052570;GOIÂNIA;GO;COMÉRCIO;SUDESTE;01/10/2021;15;CELG;0.15;34.009739;0.0;34.009739
202410;63677;RENNER MATRIZ SUDESTE;LOJAS RENNER S.A.;948668;RNR128_Shop Goiânia;92754738014201;GOIÂNIA;GO;COMÉRCIO;SUDESTE;01/12/2021;15;CELG;0.221;47.829346;0.0;47.829346
202410;63677;RENNER MATRIZ SUDESTE;LOJAS RENNER S.A.;948571;RNR056 - Flamboyant;92754738006870;GOIÂNIA;GO;COMÉRCIO;SUDESTE;01/12/2021;15;CELG;0.09;41.192718;0.0;41.192718
202410;4574;BRASIL TELE SE;OI S.A. - EM RECUPERACAO JUDICIAL;948797;UC 120026995 - LUZIA;76535764032851;LUZIÂNIA;GO;TELECOMUNICAÇÕES;SUDESTE;01/12/2021;15;CELG;0.06;30.029505;0.0;30.029505
202410;4574;BRASIL TELE SE;OI S.A. - EM RECUPERACAO JUDICIAL;948827;UC 20661836 - JLK -;76535764032851;ANÁPOLIS;GO;TELECOMUNICAÇÕES;SUDESTE;01/12/2021;15;CELG;0.058;17.358266;0.0;17.358266
202410;93109;COSTA MULTICANAL;COSTA MULTICANAL S/A;950847;COSTA ANEL VIARI;27289076000569;GOIÂNIA;GO;COMÉRCIO;SUDESTE;01/03/2022;15;CELG;0.3;140.376518;0.0;140.376518
202410;26907;CEREAL OURO;CEREAL OURO SEMENTES LTDA;951195;CEREAL OURO AGRICOLA;04712017000122;RIO VERDE;GO;ALIMENTÍCIOS;SUDESTE;01/04/2022;15;CELG;0.5;71.703886;0.0;71.703886
202410;93905;COMIGO-MATRIZ ESPECIAL;COOPERATIVA AGROINDUSTRIAL DOS PRODUTORES RURAIS DO SUDOESTE GOIANO;951436;COM-PARAÚNA;02077618002200;PARAÚNA;GO;SERVIÇOS;SUDESTE;01/04/2022;15;CELG;0.45;69.678604;0.0;69.678604
202410;44493;CALCARIO RIO VERDE CL 514;CALCARIO RIO VERDE MINERACAO E AGROPECUARIA LTDA;951633;CALCARIO RIO VERDE;02056554000136;CAIAPÔNIA;GO;MINERAIS NÃO-METÁLICOS;SUDESTE;01/04/2022;15;CELG;0.5;73.330047;0.0;73.330047
202410;38048;BRF 1117 CD AP GOIANIA CE;BRF S.A.;954288;BRF - CD AP DE GOIAN;01838723030891;APARECIDA DE GOIÂNIA;GO;COMÉRCIO;SUDESTE;01/09/2022;15;CELG;0.43;324.690081;0.0;324.690081
202410;60443;VIAVAREJO;GRUPO CASAS BAHIA S.A.;954329;Filial 1308 - UC: 10;33041260109336;NOVO GAMA;GO;COMÉRCIO;SUDESTE;01/08/2022;15;CELG;0.09;14.800931;0.0;14.800931
202410;60443;VIAVAREJO;GRUPO CASAS BAHIA S.A.;954335;Filial 1654 - PORTAL;33041260109174;GOIÂNIA;GO;COMÉRCIO;SUDESTE;01/08/2022;15;CELG;0.06;15.28734;0.0;15.28734
202410;84590;LOCALIZA;LOCALIZA RENT A CAR SA;954948;LOCALIZA CDGYN1;16670085000155;APARECIDA DE GOIÂNIA;GO;SERVIÇOS;SUDESTE;01/09/2022;15;CELG;0.06;29.861087;0.0;29.861087
202410;38275;NUTRIEN CRISTALINA;NUTRIEN SOLUCOES AGRICOLAS LTDA;955311;NUTRIEN CRISTALINA;88305859000150;CRISTALINA;GO;SERVIÇOS;SUDESTE;01/09/2022;15;CELG;0.1;4.353591;0.0;4.353591
202410;60443;VIAVAREJO;GRUPO CASAS BAHIA S.A.;955715;Filial 1627 - ÁGUAS;33041260109760;;GO;COMÉRCIO;SUDESTE;01/10/2022;15;CELG;0.1;12.589625;0.0;12.589625
202410;53957;BONABOCA CL 514;BONABOCA INDUSTRIA E COMERCIO DE ALIMENTOS LTDA;956534;Bonaboca Filial;09593374000302;GOIÂNIA;GO;ALIMENTÍCIOS;SUDESTE;01/11/2022;15;CELG;0.5;156.976576;0.0;156.976576
202410;71101;BURGER KING SE I1;ZAMP S.A.;956895;BK - SHOPPING FLAMBO;13574594084861;GOIÂNIA;GO;ALIMENTÍCIOS;SUDESTE;01/12/2022;15;CELG;0.048;18.993576;0.0;18.993576
202410;57038;BRF 570 SAO THOMAS CL;BRF S.A.;957241;BRF - 63035198 - GRA;01838723017445;RIO VERDE;GO;ALIMENTÍCIOS;SUDESTE;01/12/2022;15;CELG;0.585;186.729678;0.0;186.729678
202410;41162;JAEPEL ESPECIAL;JAEPEL PAPEIS E EMBALAGENS S.A;958533;JAEPEL ETE;06142539000161;SENADOR CANEDO;GO;MADEIRA, PAPEL E CELULOSE;SUDESTE;01/02/2023;15;CELG;0.75;371.905113;0.0;371.905113
202410;50978;ATACADAO CL2;ATACADAO S.A.;959359;ATACADAO LJ 231;75315333023150;ITUMBIARA;GO;COMÉRCIO;SUDESTE;01/03/2023;15;CELG;0.6;255.007813;0.0;255.007813
202410;48657;SANEAGO LIVRE;SANEAMENTO DE GOIAS S/A;959410;SANEAGO - EEAB Meia;01616929000102;GOIÂNIA;GO;SANEAMENTO;SUDESTE;01/03/2023;15;CELG;1.15;596.375515;0.0;596.375515
202410;93109;COSTA MULTICANAL;COSTA MULTICANAL S/A;959452;COSTA RIO VERDE;27289076000720;RIO VERDE;GO;COMÉRCIO;SUDESTE;01/03/2023;15;CELG;0.25;119.593288;0.0;119.593288
202410;84391;MARISA SE I5;MARISA LOJAS S.A.;959556;MLJ178_BURITI SHOPPI;61189288018711;APARECIDA DE GOIÂNIA;GO;COMÉRCIO;SUDESTE;01/03/2023;15;CELG;0.17;35.604835;0.0;35.604835
202410;3999;C&A MODAS;C&A MODAS S.A.;960770;C&A SCE;45242914046350;GOIÂNIA;GO;COMÉRCIO;SUDESTE;01/05/2023;15;CELG;0.145;43.582223;0.0;43.582223
202410;57253;ATACADAO DIA A DIA 007;ATACADAO DIA A DIA S.A;960901;DIA A DIA - PLANALTI;17457404001426;PLANALTINA;GO;COMÉRCIO;SUDESTE;01/05/2023;15;CELG;0.3;144.524881;0.0;144.524881
202410;49676;AGROVALE;COOPERATIVA MISTA DOS PRODUTORES RURAIS DO VALE DO PARANAIBA LTDA;961188;AGROVALE - 80043495;02233732000157;QUIRINÓPOLIS;GO;ALIMENTÍCIOS;SUDESTE;01/05/2023;15;CELG;0.33;71.810135;0.0;71.810135
202410;49676;AGROVALE;COOPERATIVA MISTA DOS PRODUTORES RURAIS DO VALE DO PARANAIBA LTDA;961255;AGROVALE - 80067890;02233732000157;QUIRINÓPOLIS;GO;ALIMENTÍCIOS;SUDESTE;01/05/2023;15;CELG;0.06;15.657282;0.0;15.657282
202410;42450;CERAMICA ESTRELA;CERAMICA ESTRELA INDUSTRIAL LTDA;961232;IRMAOS ROSA;10220913000177;ESTRELA DO NORTE;GO;MINERAIS NÃO-METÁLICOS;SUDESTE;01/05/2023;15;CELG;0.4;167.33331;0.0;167.33331
202410;51694;C CE LATICINIOS FORMOSA;INDUSTRIA E COMERCIO DE LATICINIOS FORMOSA LTDA;961220;LAT FORMOSA - ITAUCU;04779723000191;ITAUÇU;GO;ALIMENTÍCIOS;SUDESTE;01/05/2023;15;CELG;0.3;134.70299;0.0;134.70299
202410;103140;SERRANOPOLIS CONSUMO;ENERGETICA SERRANOPOLIS LTDA;961177;ENE SERRANOPO 961177;05643160000172;SERRANÓPOLIS;GO;MINERAIS NÃO-METÁLICOS;SUDESTE;01/05/2023;15;CELG;0.55;3.490188;0.0;3.490188
202410;105942;PEROLA ESPECIAL;PEROLA DISTRIBUICAO E LOGISTICA S/A;961986;AV COMERCIAL;06204131001653;ANÁPOLIS;GO;COMÉRCIO;SUDESTE;01/07/2023;15;CELG;0.22;31.901186;0.0;31.901186
202410;105942;PEROLA ESPECIAL;PEROLA DISTRIBUICAO E LOGISTICA S/A;962046;LUZIANIA 2;06204131001220;ANÁPOLIS;GO;COMÉRCIO;SUDESTE;01/07/2023;15;CELG;0.14;29.191359;0.0;29.191359
202410;52403;REDE LUCAS;REDE LUCAS DE SUPERMERCADOS LTDA;962155;Loja 12 - UC  100276;06894782001299;QUIRINÓPOLIS;GO;COMÉRCIO;SUDESTE;01/06/2023;15;CELG;0.1;52.804897;0.0;52.804897
202410;102523;VMF LIVRE;VMF MINERACAO E CALCARIO LTDA;962540;VMF;37208486000168;ANICUNS;GO;MINERAIS NÃO-METÁLICOS;SUDESTE;01/07/2023;15;CELG;0.525;30.817571;0.0;30.817571
202410;100962;ITAU AMR I5 SE;ITAU UNIBANCO S.A.;962529;1004_CATALAO-GO (UC;60701190120690;CATALÃO;GO;SERVIÇOS;SUDESTE;01/07/2023;15;CELG;0.057;12.409032;0.0;12.409032
202410;104186;AGRISTAR;AGRISTAR DO BRASIL LTDA;962931;AGRISTAR GO;33345950000298;ORIZONA;GO;ALIMENTÍCIOS;SUDESTE;01/07/2023;15;CELG;0.15;48.477417;0.0;48.477417
202410;25518;B2W CE;AMERICANAS S.A - EM RECUPERACAO JUDICIAL;964887;AMER 1331;00776574017040;ITUMBIARA;GO;COMÉRCIO;SUDESTE;01/09/2023;15;CELG;0.08;18.157162;0.0;18.157162
202410;25518;B2W CE;AMERICANAS S.A - EM RECUPERACAO JUDICIAL;964820;AMER 251;00776574009293;ANÁPOLIS;GO;COMÉRCIO;SUDESTE;01/09/2023;15;CELG;0.155;20.759974;0.0;20.759974
202410;101281;BARAO SUPERMERCADOS;BARAO ESPECIALIDADES & DISTRIBUIDORA DE ALIMENTOS SA;965094;Barao Superme 965094;28790260000127;INHUMAS;GO;COMÉRCIO;SUDESTE;01/09/2023;15;CELG;0.103;32.989229;0.0;32.989229
202410;101281;BARAO SUPERMERCADOS;BARAO ESPECIALIDADES & DISTRIBUIDORA DE ALIMENTOS SA;965167;Barao Superme 965167;28790260000127;GOIÂNIA;GO;COMÉRCIO;SUDESTE;01/09/2023;15;CELG;0.114;42.239781;0.0;42.239781
202410;101281;BARAO SUPERMERCADOS;BARAO ESPECIALIDADES & DISTRIBUIDORA DE ALIMENTOS SA;965191;Barao Superme 965191;28790260000127;GOIANIRA;GO;COMÉRCIO;SUDESTE;01/09/2023;15;CELG;0.18;71.75223;0.0;71.75223
202410;101281;BARAO SUPERMERCADOS;BARAO ESPECIALIDADES & DISTRIBUIDORA DE ALIMENTOS SA;965083;Barao Superme 965083;28790260000127;GOIÂNIA;GO;COMÉRCIO;SUDESTE;01/09/2023;15;CELG;0.121;48.585005;0.0;48.585005
202410;101281;BARAO SUPERMERCADOS;BARAO ESPECIALIDADES & DISTRIBUIDORA DE ALIMENTOS SA;965988;Barao Supermerc L10;28790260000127;GOIÂNIA;GO;COMÉRCIO;SUDESTE;01/10/2023;15;CELG;0.158;76.327735;0.0;76.327735
202410;101281;BARAO SUPERMERCADOS;BARAO ESPECIALIDADES & DISTRIBUIDORA DE ALIMENTOS SA;966024;Barao Supermerc LJ7;28790260000127;GOIÂNIA;GO;COMÉRCIO;SUDESTE;01/10/2023;15;CELG;0.147;61.983821;0.0;61.983821
202410;3846;BRASIL TELECOM;OI S.A. - EM RECUPERACAO JUDICIAL;966003;ID UC 19785 - UC 290;76535764032851;NOVO GAMA;GO;TELECOMUNICAÇÕES;SUDESTE;01/11/2023;15;CELG;0.06;25.730509;0.0;25.730509
202410;60443;VIAVAREJO;GRUPO CASAS BAHIA S.A.;966478;Filial 1319 - CALDAS;33041260108445;CALDAS NOVAS;GO;COMÉRCIO;SUDESTE;01/11/2023;15;CELG;0.08;12.726311;0.0;12.726311
202410;60443;VIAVAREJO;GRUPO CASAS BAHIA S.A.;966440;Filial 1783 - UC: 10;33041260149206;GOIANÉSIA;GO;COMÉRCIO;SUDESTE;01/11/2023;15;CELG;0.07;8.309395;0.0;8.309395
202410;62677;SLC AGRICOLA;SLC AGRICOLA S.A.;966634;SLC PAMPLONA SED I;89096457001127;CRISTALINA;GO;ALIMENTÍCIOS;SUDESTE;01/11/2023;15;CELG;0.11;53.911531;0.0;53.911531
202410;4574;BRASIL TELE SE;OI S.A. - EM RECUPERACAO JUDICIAL;966633;ID UC 19860 - UC 335;76535764032851;VALPARAÍSO DE GOIÁS;GO;TELECOMUNICAÇÕES;SUDESTE;01/11/2023;15;CELG;0.05;21.272748;0.0;21.272748
202410;100962;ITAU AMR I5 SE;ITAU UNIBANCO S.A.;966723;4336_GOIANIA-PERIMET;60701190195940;GOIÂNIA;GO;SERVIÇOS;SUDESTE;01/11/2023;15;CELG;0.07;10.565201;0.0;10.565201
202410;37878;BRK GO;BRK AMBIENTAL - GOIAS S.A.;966779;BRK GO- ETE T PROMET;18123402000149;APARECIDA DE GOIÂNIA;GO;SANEAMENTO;SUDESTE;01/11/2023;15;CELG;0.225;7.419622;0.0;7.419622
202410;105446;SEMPRE SEMENTES;SEMPRE AGTECH LTDA;966842;SEMPRE AGTECH LTDA;09536120000263;SANTA HELENA DE GOIÁS;GO;ALIMENTÍCIOS;SUDESTE;01/11/2023;15;CELG;0.8;269.164069;0.0;269.164069
202410;113622;CAÇU;CACU COMERCIO E INDUSTRIA DE ACUCAR E ALCOOL LTDA;967771;CACU COMERCIO;07996345000196;VICENTINÓPOLIS;GO;ALIMENTÍCIOS;SUDESTE;01/12/2023;15;CELG;1.0;16.41483;0.0;16.41483
202410;112347;VR LABEL;VR LABEL INDUSTRIA GRAFICA LTDA;969676;VR Label;97523216000173;APARECIDA DE GOIÂNIA;GO;SERVIÇOS;SUDESTE;01/01/2024;15;CELG;0.5;96.410912;0.0;96.410912
202410;100962;ITAU AMR I5 SE;ITAU UNIBANCO S.A.;971415;3935_PERSONNALITE-GO;60701190169940;GOIÂNIA;GO;SERVIÇOS;SUDESTE;01/02/2024;15;CELG;0.062;10.520964;0.0;10.520964
202410;118105;FRIGO SUINOS;FRIGO SUINOS SOL NASCENTE LTDA;972280;Frigo Suínos Sol Nas;03801328000103;GOIÂNIA;GO;ALIMENTÍCIOS;SUDESTE;01/02/2024;15;CELG;0.95;371.62694;0.0;371.62694
202410;125310;IRRIGACAO URC;ATVOS BIOENERGIA RIO CLARO S.A;973295;Rio Claro Agroindust;08598391000108;CAÇU;GO;MINERAIS NÃO-METÁLICOS;SUDESTE;01/03/2024;15;CELG;2.6;219.918432;0.0;219.918432
202410;105683;CENCOSUD BRASIL 126 SE;CENCOSUD BRASIL COMERCIAL S.A.;975599;CENCOSUD LOJA 645;39346861025822;ANÁPOLIS;GO;COMÉRCIO;SUDESTE;01/04/2024;15;CELG;0.288;86.508747;0.0;86.508747
202410;48657;SANEAGO LIVRE;SANEAMENTO DE GOIAS S/A;977437;SANEAGO - UC 1107207;01616929000102;GOIÂNIA;GO;SANEAMENTO;SUDESTE;01/05/2024;15;CELG;1.191;573.467104;0.0;573.467104
202410;30493;SANEAGO;SANEAMENTO DE GOIAS S/A;977828;SANEAGO - UC 2960119;01616929000102;PLANALTINA;GO;SANEAMENTO;SUDESTE;01/05/2024;15;CELG;0.166;111.437786;0.0;111.437786
202410;30493;SANEAGO;SANEAMENTO DE GOIAS S/A;977779;SANEAGO - UC 1237435;01616929000102;GOIÂNIA;GO;SANEAMENTO;SUDESTE;01/05/2024;15;CELG;0.5;97.147263;0.0;97.147263
202410;101281;BARAO SUPERMERCADOS;BARAO ESPECIALIDADES & DISTRIBUIDORA DE ALIMENTOS SA;978494;BaraoSupermercados2;28790260000984;TRINDADE;GO;COMÉRCIO;SUDESTE;01/05/2024;15;CELG;0.087;30.785159;0.0;30.785159
202410;93706;UNIMED GO;UNIMED GOIANIA COOPERATIVA DE TRABALHO MEDICO;982876;SAU PEDIATRICO (UC 1;02476067001951;GOIÂNIA;GO;SERVIÇOS;SUDESTE;01/07/2024;15;CELG;0.06;26.404422;0.0;26.404422
202410;30493;SANEAGO;SANEAMENTO DE GOIAS S/A;983046;SANEAGO - UC 2901118;01616929000102;JATAÍ;GO;SANEAMENTO;SUDESTE;01/07/2024;15;CELG;0.112;49.468537;0.0;49.468537
202410;151407;BAUTEK BARRO ALTO;BAUTEK MINERAIS INDUSTRIAIS LTDA.;984570;BAUTEK BARRO ALTO;21229511000230;BARRO ALTO;GO;EXTRAÇÃO DE MINERAIS METÁLICOS;SUDESTE;01/08/2024;15;CELG;0.5;386.475193;0.0;386.475193
202410;3309;MARTINS;MARTINS COMERCIO E SERVICOS DE DISTRIBUICAO S/A;985387;MARTINS 10037613136;43214055004013;HIDROLÂNDIA;GO;COMÉRCIO;SUDESTE;01/08/2024;15;CELG;0.15;170.527365;0.0;170.527365
202410;149190;KRONA NORDESTE FILIAL;KRONA TUBOS E CONEXOES DO NORDESTE LTDA;985202;KRONA NORDESTE - FIL;11907140000245;APARECIDA DE GOIÂNIA;GO;MANUFATURADOS DIVERSOS;SUDESTE;01/08/2024;15;CELG;0.85;223.36522;0.0;223.36522
202410;129969;LUZTOL;LUZTOL INDUSTRIA QUIMICA LTDA;989007;LUZTOL IND QUIMICA L;00464374000168;APARECIDA DE GOIÂNIA;GO;QUÍMICOS;SUDESTE;01/09/2024;15;CELG;0.8;105.888184;0.0;105.888184
202410;85898;BRADESCO ESPECIAL SECO;BANCO BRADESCO S.A.;990624;10005326123 - 0250-J;60746948012552;RIO VERDE;GO;SERVIÇOS;SUDESTE;01/10/2024;15;CELG;0.07;14.106609;0.0;14.106609
202410;15;CELG;EQUATORIAL GOIAS DISTRIBUIDORA DE ENERGIA S/A;16;CELG;01543032000104;GOIÂNIA;GO;;SUDESTE;01/08/2000;;;2010.513;1206688.896848;0.0;1206688.896848
202410;24136;JBS FRIBOI CL 18;JBS S/A;7850;JBS - MOZARLANDIA;02916265008306;MOZARLÂNDIA;GO;ALIMENTÍCIOS;SUDESTE;01/05/2005;15;CELG;7.0;4893.649152;0.0;4893.649152
202410;84226;MORRO VERMELHO CL;ATVOS BIOENERGIA BRENCO S.A.;889196;MORRO VERMELHO - CON;08070566000100;MINEIROS;GO;SERVIÇOS;SUDESTE;01/01/2013;4078;TER;5.0;0.000329;0.0;0.000329
202410;84224;AGUA EMENDADA CL;ATVOS BIOENERGIA BRENCO S.A.;889195;AGUA EMENDADA - CONS;08070566000100;PEROLÂNDIA;GO;SERVIÇOS;SUDESTE;01/01/2013;4078;TER;5.0;46.404189;0.0;46.404189
202410;85293;BRF 245 MINEIROS CL;BRF S.A.;902710;BRF RACAO MINEIROS;01838723018921;MINEIROS;GO;ALIMENTÍCIOS;SUDESTE;01/08/2016;15;CELG;2.7;675.538474;0.0;675.538474
202410;31353;OLVEGO CL 514;OLVEGO OLEOS VEGETAIS DE GOIAS LTDA;903160;OLVEGO;02136380000111;PIRES DO RIO;GO;ALIMENTÍCIOS;SUDESTE;01/08/2016;15;CELG;1.35;874.810487;0.0;874.810487
202410;88069;RIO QUENTE RESORT CL 514;COMPANHIA THERMAS DO RIO QUENTE;899937;RIO QUENTE RESORT;01540533000129;RIO QUENTE;GO;SERVIÇOS;SUDESTE;01/06/2016;15;CELG;2.8;1417.542071;0.0;1417.542071
202410;3999;C&A MODAS;C&A MODAS S.A.;900379;C&A MODAS GYN710;45242914001683;GOIÂNIA;GO;COMÉRCIO;SUDESTE;01/07/2016;15;CELG;0.25;62.713547;0.0;62.713547
202410;61211;JAEPEL;JAEPEL PAPEIS E EMBALAGENS S.A;901060;JAEPEL PAPEIS;06142539000161;SENADOR CANEDO;GO;MADEIRA, PAPEL E CELULOSE;SUDESTE;01/07/2016;15;CELG;7.5;5370.756419;0.0;5370.756419
202410;32633;JARDIM GOIAS CL 514 2022;JARDIM GOIAS EMPREENDIMENTOS LTDA;908470;JARDIM GOIAS;02103836000147;GOIÂNIA;GO;SERVIÇOS;SUDESTE;01/04/2017;15;CELG;1.503;524.420578;0.0;524.420578
202410;32051;OURO BRANCO NESP;CALCARIO OURO BRANCO LTDA;909313;OURO BRANCO;37883097000219;INDIARA;GO;MINERAIS NÃO-METÁLICOS;SUDESTE;01/06/2017;15;CELG;1.2;195.509099;0.0;195.509099
202410;1442;CBD;COMPANHIA BRASILEIRA DE DISTRIBUICAO;910358;CBD PA GOIANIA 1018;47508411160196;GOIÂNIA;GO;COMÉRCIO;SUDESTE;01/09/2017;15;CELG;0.31;149.313969;0.0;149.313969
202410;87813;BELOCAL PLANALTINA;MINERACAO BELOCAL LTDA;907171;MINERAÇÃO BELOCAL;06730693000820;PLANALTINA;GO;MINERAIS NÃO-METÁLICOS;SUDESTE;01/01/2017;15;CELG;2.0;741.016803;0.0;741.016803
202410;99122;GEM ALIMENTOS CL 514;GEM AGROINDUSTRIAL E COMERCIAL LTDA;921178;GEM AGROINDUSTRIAL;25006271000185;ACREÚNA;GO;ALIMENTÍCIOS;SUDESTE;01/01/2019;15;CELG;1.7;465.752971;0.0;465.752971
202410;82846;RIACHUELO LT 1 SE/CO;LOJAS RIACHUELO SA;898050;RIACHUELO LJ 154;33200056032423;GOIÂNIA;GO;COMÉRCIO;SUDESTE;01/02/2016;15;CELG;0.225;83.286732;0.0;83.286732
202410;88106;SHOPPING SUL CL 514;CONDOMINIO DO SHOPPING SUL;906599;SHOP SUL VALPARAISO;74155474000149;VALPARAÍSO DE GOIÁS;GO;SERVIÇOS;SUDESTE;01/12/2016;15;CELG;2.3;853.127843;0.0;853.127843
202410;46180;THERMAS BOULEVARD CL 514;CONDOMINIO THERMAS BOULEVARD SUITE HOTEL;922562;CONDOMINIO THERMAS B;12781891000140;CALDAS NOVAS;GO;SERVIÇOS;SUDESTE;01/02/2019;15;CELG;0.5;137.497628;0.0;137.497628
202410;65991;BREJEIRO;PRODUTOS ALIMENTICIOS ORLANDIA S A COMERCIO E INDUSTRIA;922772;BREJEIRO ANÁPOLIS;53309845000200;ANÁPOLIS;GO;ALIMENTÍCIOS;SUDESTE;01/03/2019;15;CELG;2.0;1313.502071;0.0;1313.502071
202410;45498;NUTRATTA CL 514;NUTRATTA NUTRICAO ANIMAL S.A;922895;NUTRATTA UC 10015188;17316559000128;ITUMBIARA;GO;ALIMENTÍCIOS;SUDESTE;01/03/2019;15;CELG;0.95;121.859403;0.0;121.859403
202410;51241;SHG SEMENTES GRANEL CL 514;SHG SEMENTES E SERVICOS LTDA;906325;MONSANTO SHG2;37302618000116;SANTA HELENA DE GOIÁS;GO;ALIMENTÍCIOS;SUDESTE;01/12/2016;15;CELG;0.5;139.715247;0.0;139.715247
202410;84857;CENCOSUD BRASIL 018;CENCOSUD BRASIL COMERCIAL S.A.;923377;Loja 527;39346861022483;GOIÂNIA;GO;COMÉRCIO;SUDESTE;01/04/2019;15;CELG;0.384;156.043059;0.0;156.043059
202410;99485;LIMAGRAIN BRASIL S/A CL 514;LIMAGRAIN BRASIL S.A.;908189;LIMAGRAIN GOIANESIA;12770927000270;GOIANÉSIA;GO;ALIMENTÍCIOS;SUDESTE;01/03/2017;15;CELG;2.0;266.737997;0.0;266.737997
202410;53172;CMP ANAPOLIS;CMP METALGRAPHICA PAULISTA LTDA;917957;COMPANHIA METALGRAPH;61161139000454;ANÁPOLIS;GO;METALURGIA E PRODUTOS DE METAL;SUDESTE;01/09/2018;15;CELG;0.5;97.883431;0.0;97.883431
202410;45924;FRIVAM CL 514;FRIVAM ALIMENTOS LTDA;917971;FRIVAM;15756574000161;HIDROLÂNDIA;GO;ALIMENTÍCIOS;SUDESTE;01/09/2018;15;CELG;0.8;15.401198;0.0;15.401198
202410;99704;ROAN ALIMENTOS CL 514;ROAN ALIMENTOS LTDA;908212;ROAN ALIMENTOS LTDA;01687284000107;ANÁPOLIS;GO;ALIMENTÍCIOS;SUDESTE;01/03/2017;15;CELG;1.9;849.336063;0.0;849.336063
202410;31754;CEPALGO CL 514;CEPALGO EMBALAGENS FLEXIVEIS LTDA.;905824;CEPALGO;00122473000161;APARECIDA DE GOIÂNIA;GO;MANUFATURADOS DIVERSOS;SUDESTE;01/11/2016;15;CELG;1.22;614.58379;0.0;614.58379
202410;46468;CEREALISTA MEDEIROS CL 514;CEREALISTA MEDEIROS LTDA;925001;CEREALISTA MEDEIROS;02481364000247;GOIÂNIA;GO;ALIMENTÍCIOS;SUDESTE;01/07/2019;15;CELG;0.93;72.226011;0.0;72.226011
202410;100018;BRASIL TELECOMCL 514 23;OI S.A. - EM RECUPERACAO JUDICIAL;926424;CTO - Goiânia - 1250;76535764032851;GOIÂNIA;GO;TELECOMUNICAÇÕES;SUDESTE;01/09/2019;15;CELG;0.53;387.81792;0.0;387.81792
202410;46831;ECOPLAX CL 514;VASAP INDUSTRIA COMERCIO E DISTRIBUICAO LTDA;931724;Ecoplax Ind. e Com.;06271056000167;APARECIDA DE GOIÂNIA;GO;MANUFATURADOS DIVERSOS;SUDESTE;01/11/2019;15;CELG;0.59;137.70692;0.0;137.70692
202410;50978;ATACADAO CL2;ATACADAO S.A.;907761;ATACADAO LOJA 117;75315333011739;RIO VERDE;GO;COMÉRCIO;SUDESTE;01/02/2017;15;CELG;0.64;299.648087;0.0;299.648087
202410;46516;ALTA VISTA RESORT CL 514;ALTA VISTA THERMAS RESORT;932956;ALTA VISTA RESORT;16586005000188;CALDAS NOVAS;GO;SERVIÇOS;SUDESTE;01/12/2019;15;CELG;0.5;134.598926;0.0;134.598926
202410;65791;SAVOY INDUSTRIA;SAVOY INDUSTRIA DE COSMETICOS S.A.;933466;SAVOY COSMETICOS UC;15392876000360;SENADOR CANEDO;GO;QUÍMICOS;SUDESTE;01/01/2020;15;CELG;9.0;4582.971528;0.0;4582.971528
202410;87014;C CE TFLEX;TFLEX INDUSTRIA E COMERCIO DE TUBOS LTDA;933630;TFLEX UC 10014524668;17496722000181;IPAMERI;GO;MANUFATURADOS DIVERSOS;SUDESTE;01/01/2020;15;CELG;0.5;238.355629;0.0;238.355629
202410;88208;SUPERVI;SUPERVI DISTRIBUIDOR DE ALIMENTOS LTDA;933948;LJ 7 JARDIM AMERICA;07503617000764;ANÁPOLIS;GO;COMÉRCIO;SUDESTE;01/02/2020;15;CELG;0.08;35.445555;0.0;35.445555
202410;88208;SUPERVI;SUPERVI DISTRIBUIDOR DE ALIMENTOS LTDA;933965;LOJA 5 - VL STA MARI;07503617000500;ANÁPOLIS;GO;COMÉRCIO;SUDESTE;01/02/2020;15;CELG;0.07;22.737801;0.0;22.737801
202410;88208;SUPERVI;SUPERVI DISTRIBUIDOR DE ALIMENTOS LTDA;933967;LOJA 3 - VILA JAIARA;07503617000330;ANÁPOLIS;GO;COMÉRCIO;SUDESTE;01/02/2020;15;CELG;0.112;61.165904;0.0;61.165904
202410;46939;MOINHO MATOS CL 514;MATOS E RIBEIRO INDUSTRIA E COMERCIO DE FARINACEOS LTDA;934316;MOINHO MATOS;08624640000184;NERÓPOLIS;GO;ALIMENTÍCIOS;SUDESTE;01/02/2020;15;CELG;0.75;254.60872;0.0;254.60872
202410;46702;RA GARRAFAS CL 514;RA GARRAFAS INDUSTRIA E COMERCIO DE EMBALAGENS LTDA;934503;RA GARRAFAS;18801488000111;GOIÂNIA;GO;MANUFATURADOS DIVERSOS;SUDESTE;01/02/2020;15;CELG;0.5;134.466169;0.0;134.466169
202410;90628;GOEMIL;GOEMIL S/A INDUSTRIA DE PRODUTOS ALIMENTICIOS;936392;GOEMIL S/A;07657789000105;;GO;ALIMENTÍCIOS;SUDESTE;01/05/2020;15;CELG;2.2;1029.860202;0.0;1029.860202
202410;93939;CARGILL ANAPOLIS;CARGILL NOVOS HORIZONTES LTDA;936427;GRANOL;50290329002660;ANÁPOLIS;GO;ALIMENTÍCIOS;SUDESTE;01/05/2020;15;CELG;7.5;3939.01189;0.0;3939.01189
202410;92091;LOPES VIANDELLI;LOPES VIANDELLI PRODUTOS ALIMENTICIOS LTDA;937106;LOPES V. LOJA 4;26910752000345;APARECIDA DE GOIÂNIA;GO;COMÉRCIO;SUDESTE;01/06/2020;15;CELG;0.12;75.517361;0.0;75.517361
202410;96278;LDC BRASIL CHAPADAO DO CEU;LOUIS DREYFUS COMPANY BRASIL S.A.;937490;LDC BRASIL - ARM CHA;47067525005924;CHAPADÃO DO CÉU;GO;ALIMENTÍCIOS;SUDESTE;01/07/2020;15;CELG;0.32;23.947921;0.0;23.947921
202410;86666;COMERCIAL REIS;COMERCIAL REIS LTDA;937739;Loja 04;03044201000260;RIO VERDE;GO;COMÉRCIO;SUDESTE;01/07/2020;15;CELG;0.12;59.744387;0.0;59.744387
202410;86666;COMERCIAL REIS;COMERCIAL REIS LTDA;937744;Loja 05;03044201000774;GOIATUBA;GO;COMÉRCIO;SUDESTE;01/07/2020;15;CELG;0.149;75.331511;0.0;75.331511
202410;90524;C CE SUPERMERCADOS CAMPEAO;CABRAL E MAIA LTDA;938153;CAMPEÃO LJ 01;37630118000103;RIO VERDE;GO;COMÉRCIO;SUDESTE;01/08/2020;15;CELG;0.264;143.361368;0.0;143.361368
202410;30828;CLARO NXT;CLARO NXT TELECOMUNICACOES S/A;940665;CLARO NXT - CELG-D -;66970229001996;GOIÂNIA;GO;TELECOMUNICAÇÕES;SUDESTE;01/12/2020;15;CELG;0.27;176.132765;0.0;176.132765
202410;95859;SUPERMERCADO PRO BRASIL;SUPERMERCADO PRO BRASIL LTDA;941378;PRO BRASIL PARQUE AM;37629995000679;GOIÂNIA;GO;COMÉRCIO;SUDESTE;01/01/2021;15;CELG;0.085;36.014035;0.0;36.014035
202410;23006;MOINHO JMG;INDUSTRIA DE ALIMENTOS JMG LTDA;941704;MOINHO JMG;33522163000274;GOIÂNIA;GO;ALIMENTÍCIOS;SUDESTE;01/01/2021;15;CELG;2.6;946.689936;0.0;946.689936
202410;31948;RAIADROGASIL LIVRE SECO I50;RAIA DROGASIL S/A;942308;AP GOIANIA;61585865046305;APARECIDA DE GOIÂNIA;GO;COMÉRCIO;SUDESTE;01/02/2021;15;CELG;0.72;269.116282;0.0;269.116282
202410;47825;MORRO ESCURO CL;MINERACAO MORRO ESCURO LTDA;942345;MORRO ESCURO;06251971000190;ITAPACI;GO;MINERAIS NÃO-METÁLICOS;SUDESTE;01/02/2021;15;CELG;0.5;22.599872;0.0;22.599872
202410;86702;METALFORTE;METALFORTE INDUSTRIA METALURGICA LTDA;942676;METALFORTE MATRIZ;02109049000102;APARECIDA DE GOIÂNIA;GO;METALURGIA E PRODUTOS DE METAL;SUDESTE;01/03/2021;15;CELG;0.14;32.816134;0.0;32.816134
202410;64343;C CE COCARI;COCARI - COOPERATIVA AGROPECUARIA E INDUSTRIAL;944372;COCARI UC 1001289203;78956968000183;CATALÃO;GO;COMÉRCIO;SUDESTE;01/05/2021;15;CELG;0.5;26.578812;0.0;26.578812
202410;95859;SUPERMERCADO PRO BRASIL;SUPERMERCADO PRO BRASIL LTDA;944243;PRO BRASIL JD. ATLAN;37629995000750;GOIÂNIA;GO;COMÉRCIO;SUDESTE;01/05/2021;15;CELG;0.115;56.779147;0.0;56.779147
202410;1442;CBD;COMPANHIA BRASILEIRA DE DISTRIBUICAO;944716;CBD -  Vaca Brava -;47508411176351;GOIÂNIA;GO;COMÉRCIO;SUDESTE;01/06/2021;15;CELG;0.35;96.076771;0.0;96.076771
202410;64343;C CE COCARI;COCARI - COOPERATIVA AGROPECUARIA E INDUSTRIAL;944987;COCARI UC 1160007000;78956968001902;CAMPO ALEGRE DE GOIÁS;GO;COMÉRCIO;SUDESTE;01/06/2021;15;CELG;0.4;37.704166;0.0;37.704166
202410;84694;UNA BOM DESPACHO;FACEB EDUCACAO LTDA;945013;ANIMA FACEB JATAI;03099921000575;JATAÍ;GO;SERVIÇOS;SUDESTE;01/06/2021;15;CELG;0.2;10.724645;0.0;10.724645
202410;99292;COMIGO-MATRIZ LIVRE;COOPERATIVA AGROINDUSTRIAL DOS PRODUTORES RURAIS DO SUDOESTE GOIANO;946289;COM - ARM. PALMEIRAS;02077618005306;PALMEIRAS DE GOIÁS;GO;SERVIÇOS;SUDESTE;01/08/2021;15;CELG;2.0;32.252172;0.0;32.252172
202410;32251;TEM VIDROS CL 514;TEM VIDROS INDUSTRIA E COMERCIO DE VIDROS LTDA;947147;TEM VIDROS;13243573000198;APARECIDA DE GOIÂNIA;GO;MINERAIS NÃO-METÁLICOS;SUDESTE;01/09/2021;15;CELG;1.4;302.875832;0.0;302.875832
202410;48351;CONDOMINIO LOZANDES CL 514;CONDOMINIO LOZANDEZ CORPORATE DESIGN;947254;CONDOMÍNIO LOZANDES;28955163000147;GOIÂNIA;GO;SERVIÇOS;SUDESTE;01/09/2021;15;CELG;0.825;326.640633;0.0;326.640633
202410;27374;ALGAR IUB CENTRO;ALGAR TELECOM S/A;948813;IUB CENTRO;71208516010307;ITUMBIARA;GO;TELECOMUNICAÇÕES;SUDESTE;01/12/2021;15;CELG;0.11;22.145966;0.0;22.145966
202410;26879;ICO METAIS;EDSON LUCCA LTDA;949028;ICO METAIS UC 402235;14094415000186;TRINDADE;GO;MANUFATURADOS DIVERSOS;SUDESTE;01/12/2021;15;CELG;0.355;109.289124;0.0;109.289124
202410;24882;ATACADAO DIA A DIA 002;ATACADAO DIA A DIA S.A;949598;DIA A DIA - ÁGUAS LI;17457404001000;;GO;COMÉRCIO;SUDESTE;01/01/2022;15;CELG;0.235;157.531353;0.0;157.531353
202410;64031;ABEC;ASSOCIACAO BRASILEIRA DE EDUCACAO E CULTURA -ABEC;949632;ABEC GOIANIA;60982352005938;GOIÂNIA;GO;SERVIÇOS;SUDESTE;01/01/2022;15;CELG;0.22;55.326315;0.0;55.326315
202410;48430;CITALE CL 514;CITALE BRASIL LTDA;950378;Citale;04336414000147;ITABERAÍ;GO;ALIMENTÍCIOS;SUDESTE;01/02/2022;15;CELG;0.5;82.339893;0.0;82.339893
202410;64434;IGUASPORT;IGUASPORT LTDA;951469;IGUASPORT GOIÂNIA BR;02314041005309;GOIÂNIA;GO;COMÉRCIO;SUDESTE;01/04/2022;15;CELG;0.13;44.767426;0.0;44.767426
202410;49590;PRAIAS DO LAGO CL 514;PRAIAS DO LAGO ECO RESORT;954468;PRAIAS DO LAGO ECO R;39761100000176;CALDAS NOVAS;GO;SERVIÇOS;SUDESTE;01/08/2022;15;CELG;0.8;291.437852;0.0;291.437852
202410;39176;CENCOSUD BRASIL 104 SE;CENCOSUD BRASIL COMERCIAL S.A.;955733;CENCOSUD LOJA 644;39346861024508;APARECIDA DE GOIÂNIA;GO;COMÉRCIO;SUDESTE;01/10/2022;15;CELG;0.3;108.528992;0.0;108.528992
202410;60443;VIAVAREJO;GRUPO CASAS BAHIA S.A.;955708;1301 - GARAVELO 1;33041260048442;APARECIDA DE GOIÂNIA;GO;COMÉRCIO;SUDESTE;01/10/2022;15;CELG;0.1;15.64501;0.0;15.64501
202410;146417;MADERO ESP SE;MADERO INDUSTRIA E COMERCIO S.A.;955801;MADERO - T4 (1003601;13783221000478;GOIÂNIA;GO;ALIMENTÍCIOS;SUDESTE;01/10/2022;15;CELG;0.12;15.263728;0.0;15.263728
202410;38274;NUTRIEN MORRINHOS;NUTRIEN SOLUCOES AGRICOLAS LTDA;956980;NUTRIEN MORRINHOS;88305859000150;MORRINHOS;GO;COMÉRCIO;SUDESTE;01/03/2023;15;CELG;0.276;8.073506;0.0;8.073506
202410;60443;VIAVAREJO;GRUPO CASAS BAHIA S.A.;957692;Filial 1700 - LUZIÂN;33041260136732;LUZIÂNIA;GO;COMÉRCIO;SUDESTE;01/01/2023;15;CELG;0.065;15.267133;0.0;15.267133
202410;92484;MAGAZINE LUIZA - I5;MAGAZINE LUIZA S/A;958536;MGL1091_GOIÂNIA;47960950112191;GOIÂNIA;GO;COMÉRCIO;SUDESTE;01/02/2023;15;CELG;0.085;9.734753;0.0;9.734753
202410;48657;SANEAGO LIVRE;SANEAMENTO DE GOIAS S/A;959440;SANEAGO - EEAB Mauro;01616929000102;GOIÂNIA;GO;SANEAMENTO;SUDESTE;01/03/2023;15;CELG;1.895;1029.999018;0.0;1029.999018
202410;39176;CENCOSUD BRASIL 104 SE;CENCOSUD BRASIL COMERCIAL S.A.;959971;CENCOSUD LOJA 632;39346861025237;CALDAS NOVAS;GO;COMÉRCIO;SUDESTE;01/04/2023;15;CELG;0.328;108.214754;0.0;108.214754
202410;103781;SOLUTI CL 514;SOLUTI - SOLUCOES EM NEGOCIOS INTELIGENTES S/A;960505;SOLUTI;09461647000195;GOIÂNIA;GO;SERVIÇOS;SUDESTE;01/04/2023;15;CELG;0.5;83.452338;0.0;83.452338
202410;92163;C CE BRASPRESS;BRASPRESS TRANSPORTES URGENTES LTDA;960786;BRASPRESS - ITUMBIAR;48740351015197;ITUMBIARA;GO;TRANSPORTE;SUDESTE;01/05/2023;15;CELG;0.03;5.145773;0.0;5.145773
202410;56211;LINEA ALIMENTOS;LINEA ALIMENTOS INDUSTRIA E COMERCIO S/A;961300;LINEA ALIMENTOS INDU;05207076000297;ANÁPOLIS;GO;ALIMENTÍCIOS;SUDESTE;01/05/2023;15;CELG;0.5;123.32423;0.0;123.32423
202410;54933;ALFLEX;ALFLEX EMBALAGENS LTDA;961283;ALFLEX;27461277000178;GOIÂNIA;GO;MANUFATURADOS DIVERSOS;SUDESTE;01/05/2023;15;CELG;0.22;82.801576;0.0;82.801576
202410;54452;SOCIEDADE ANHANGUERA DE ENSINO;SOCIEDADE ANHANGUERA DE ENSINO LTDA;960757;Sociedade Anhanguera;01088830000185;GOIÂNIA;GO;SERVIÇOS;SUDESTE;01/05/2023;15;CELG;0.75;120.030798;0.0;120.030798
202410;101399;LE JARDIN CL;HPO ADMINISTRACAO DE CLUBES E HOTEIS LTDA;961563;LE JARDIN - CALDAS N;33324195000184;CALDAS NOVAS;GO;SERVIÇOS;SUDESTE;01/06/2023;15;CELG;0.5;177.000678;0.0;177.000678
202410;52403;REDE LUCAS;REDE LUCAS DE SUPERMERCADOS LTDA;962069;REDE LUCAS LJ 14 (UC;06894782001450;ITUMBIARA;GO;COMÉRCIO;SUDESTE;01/06/2023;15;CELG;0.1;36.112636;0.0;36.112636
202410;92484;MAGAZINE LUIZA - I5;MAGAZINE LUIZA S/A;962319;MGL1035_GOIÂNIA - UC;47960950105810;APARECIDA DE GOIÂNIA;GO;COMÉRCIO;SUDESTE;01/07/2023;15;CELG;0.09;10.678755;0.0;10.678755
202410;107948;ULTRABOX GO;OTIMA COMERCIO DE ALIMENTOS S/A;962627;AGUAS LINDAS GO 1003;13197254000606;;GO;COMÉRCIO;SUDESTE;01/07/2023;15;CELG;0.21;130.377673;0.0;130.377673
202410;84590;LOCALIZA;LOCALIZA RENT A CAR SA;962673;LOCALIZA - LJGOI;16670085000155;GOIÂNIA;GO;SERVIÇOS;SUDESTE;01/07/2023;15;CELG;0.05;11.261886;0.0;11.261886
202410;86666;COMERCIAL REIS;COMERCIAL REIS LTDA;963906;Loja 17;03044201002122;JATAÍ;GO;COMÉRCIO;SUDESTE;01/09/2023;15;CELG;0.1;63.724969;0.0;63.724969
202410;25518;B2W CE;AMERICANAS S.A - EM RECUPERACAO JUDICIAL;964428;AMER 492;00776574130521;GOIÂNIA;GO;COMÉRCIO;SUDESTE;01/09/2023;15;CELG;0.082;16.51846;0.0;16.51846
202410;25518;B2W CE;AMERICANAS S.A - EM RECUPERACAO JUDICIAL;964774;AMER 1286;00776574159694;INHUMAS;GO;COMÉRCIO;SUDESTE;01/09/2023;15;CELG;0.08;10.869284;0.0;10.869284
202410;36873;BLAU CL 514;BLAU FARMACEUTICA S.A.;964848;BLAU ANÁPOLIS;58430828001565;ANÁPOLIS;GO;MANUFATURADOS DIVERSOS;SUDESTE;01/09/2023;15;CELG;0.5;304.319578;0.0;304.319578
202410;25518;B2W CE;AMERICANAS S.A - EM RECUPERACAO JUDICIAL;964888;AMER 488;00776574159856;JATAÍ;GO;COMÉRCIO;SUDESTE;01/09/2023;15;CELG;0.08;16.216746;0.0;16.216746
202410;25518;B2W CE;AMERICANAS S.A - EM RECUPERACAO JUDICIAL;964834;AMER 1428;00776574130793;VALPARAÍSO DE GOIÁS;GO;COMÉRCIO;SUDESTE;01/09/2023;15;CELG;0.09;7.944175;0.0;7.944175
202410;60443;VIAVAREJO;GRUPO CASAS BAHIA S.A.;966443;Filial 1463 - JATAÍ;33041260109255;JATAÍ;GO;COMÉRCIO;SUDESTE;01/11/2023;15;CELG;0.075;14.589095;0.0;14.589095
202410;3729;PERNAMBUCANAS;ARTHUR LUNDGREN TECIDOS S A CASAS PERNAMBUCANAS;966714;Pernambucanas 966714;61099834038678;APARECIDA DE GOIÂNIA;GO;COMÉRCIO;SUDESTE;01/11/2023;15;CELG;0.095;20.272835;0.0;20.272835
202410;86666;COMERCIAL REIS;COMERCIAL REIS LTDA;967405;Loja 16;03044201002203;;GO;COMÉRCIO;SUDESTE;01/12/2023;15;CELG;0.12;66.589726;0.0;66.589726
202410;93706;UNIMED GO;UNIMED GOIANIA COOPERATIVA DE TRABALHO MEDICO;967451;UNIMED GO - SAU ADUL;02476067000203;GOIÂNIA;GO;SERVIÇOS;SUDESTE;01/12/2023;15;CELG;0.08;35.506336;0.0;35.506336
202410;106393;BASF EI SE;BASF SA;967448;BASF TRINDADE - UC 1;48539407010938;TRINDADE;GO;COMÉRCIO;SUDESTE;01/12/2023;15;CELG;0.26;175.842135;0.0;175.842135
202410;106017;SERRA VERDE;SERRA VERDE PESQUISA E MINERACAO LTDA;967695;Mineracao Serra Verd;08842895000385;MINAÇU;GO;EXTRAÇÃO DE MINERAIS METÁLICOS;SUDESTE;01/12/2023;15;CELG;12.0;960.914505;0.0;960.914505
202410;7657;AIR LIQUIDE EI;AIR LIQUIDE BRASIL LTDA;968245;AIR LIQUIDE - APAREC;00331788003649;APARECIDA DE GOIÂNIA;GO;QUÍMICOS;SUDESTE;01/01/2024;15;CELG;0.065;11.046851;0.0;11.046851
202410;96268;DEZ ALIMENTOS;DEZ ALIMENTOS LTDA;969530;DEZ ALIMENTOS 100273;04945225000171;MORRINHOS;GO;ALIMENTÍCIOS;SUDESTE;01/01/2024;15;CELG;0.258;18.766854;0.0;18.766854
202410;93706;UNIMED GO;UNIMED GOIANIA COOPERATIVA DE TRABALHO MEDICO;969472;UNIMED GO - SINTA SE;02476067001528;GOIÂNIA;GO;SERVIÇOS;SUDESTE;01/01/2024;15;CELG;0.097;25.79679;0.0;25.79679
202410;4574;BRASIL TELE SE;OI S.A. - EM RECUPERACAO JUDICIAL;970333;ID UC 18943 - UC 105;76535764032851;GOIÂNIA;GO;TELECOMUNICAÇÕES;SUDESTE;01/01/2024;15;CELG;0.042;17.094688;0.0;17.094688
202410;115055;ALUCENTRO VIDROS;ALUCENTRO VIDROS LTDA;970757;ALUCENTRO VIDROS LTD;07721211000162;APARECIDA DE GOIÂNIA;GO;MINERAIS NÃO-METÁLICOS;SUDESTE;01/01/2024;15;CELG;0.5;63.647558;0.0;63.647558
202410;37878;BRK GO;BRK AMBIENTAL - GOIAS S.A.;972077;BRK GO - SEDE OPERAC;18123402000149;APARECIDA DE GOIÂNIA;GO;SANEAMENTO;SUDESTE;01/02/2024;15;CELG;0.1;14.309126;0.0;14.309126
202410;123276;AGROMEN ASA;AGROMEN SEMENTES AGRICOLAS LTDA;974382;Agromen Campo Alegre;50899293001050;CAMPO ALEGRE DE GOIÁS;GO;ALIMENTÍCIOS;SUDESTE;01/03/2024;15;CELG;0.75;66.30613;0.0;66.30613
202410;101529;SMART FIT - SUDESTE;SMARTFIT ESCOLA DE GINASTICA E DANCA S.A;975550;GOCSER1 - UC 1003316;07594978040803;GOIÂNIA;GO;SERVIÇOS;SUDESTE;01/04/2024;15;CELG;0.225;32.559602;0.0;32.559602
202410;105683;CENCOSUD BRASIL 126 SE;CENCOSUD BRASIL COMERCIAL S.A.;975640;CENCOSUD LOJA 631;39346861025156;APARECIDA DE GOIÂNIA;GO;COMÉRCIO;SUDESTE;01/04/2024;15;CELG;0.245;105.848072;0.0;105.848072
202410;105683;CENCOSUD BRASIL 126 SE;CENCOSUD BRASIL COMERCIAL S.A.;975720;CENCOSUD LOJA 656;39346861024184;GOIÂNIA;GO;COMÉRCIO;SUDESTE;01/04/2024;15;CELG;0.371;98.313026;0.0;98.313026
202410;48657;SANEAGO LIVRE;SANEAMENTO DE GOIAS S/A;977436;SANEAGO - UC 1107196;01616929000102;GOIÂNIA;GO;SANEAMENTO;SUDESTE;01/05/2024;15;CELG;0.85;457.126346;0.0;457.126346
202410;67038;NACIONAL GAS;NACIONAL GAS BUTANO DISTRIBUIDORA LTDA;977985;NGD - GOIANIA- UC 19;06980064009562;SENADOR CANEDO;GO;COMÉRCIO;SUDESTE;01/05/2024;15;CELG;0.16;63.977305;0.0;63.977305
202410;45529;ISOESTE CL 514;KINGSPAN - ISOESTE CONSTRUTIVOS ISOTERMICOS S/A;978863;ISOESTE ANAPOLIS II;00289348000140;ANÁPOLIS;GO;METALURGIA E PRODUTOS DE METAL;SUDESTE;01/06/2024;15;CELG;0.567;266.302996;0.0;266.302996
202410;93905;COMIGO-MATRIZ ESPECIAL;COOPERATIVA AGROINDUSTRIAL DOS PRODUTORES RURAIS DO SUDOESTE GOIANO;978918;COMIGO LOJA CAIAPÔNI;02077618004504;CAIAPÔNIA;GO;COMÉRCIO;SUDESTE;01/06/2024;15;CELG;0.05;16.795818;0.0;16.795818
202410;64298;BURGER KING;ZAMP S.A.;979660;BK PLK BURITI SHOP 1;13574594127692;APARECIDA DE GOIÂNIA;GO;ALIMENTÍCIOS;SUDESTE;01/06/2024;15;CELG;0.075;15.00771;0.0;15.00771
202410;74006;ANHANGUERA ESP;ANHANGUERA EDUCACIONAL PARTICIPACOES S/A;981249;1062 - Valparaiso Go;04310392002602;VALPARAÍSO DE GOIÁS;GO;SERVIÇOS;SUDESTE;01/07/2024;15;CELG;0.12;14.567322;0.0;14.567322
202410;30087;RENNER SE;LOJAS RENNER S.A.;983188;RNR593_SH LUZIANIA (;92754738054092;LUZIÂNIA;GO;COMÉRCIO;SUDESTE;01/07/2024;15;CELG;0.13;28.076894;0.0;28.076894
202410;30493;SANEAGO;SANEAMENTO DE GOIAS S/A;986860;SANEAGO - UC 2460011;01616929000102;NOVO GAMA;GO;SANEAMENTO;SUDESTE;01/09/2024;15;CELG;0.199;117.565869;0.0;117.565869
202408;116398;MOSAIC PEK CATALAO;MOSAIC FERTILIZANTES P&K LTDA.;7080;MOSAIC FERTILIZANTES;33931486001021;CATALÃO;GO;MINERAIS NÃO-METÁLICOS;SUDESTE;01/11/2003;15;CELG;20.5;12940.242789;0.0;12940.242789
202408;31307;COG-CPLEMGO INDUSTRIA;COOPERATIVA MISTA DOS PRODUTORES DE LEITE DE MORRINHOS;71766;COMPLEM-MORRINHOS;02667442001436;MORRINHOS;GO;COMÉRCIO;SUDESTE;01/01/2012;15;CELG;1.075;382.001962;0.0;382.001962
202408;70822;CRISTALINA CL;CRISTALINA ALIMENTOS LTDA;902661;CRISTALINA ALIMENTOS;10666522000180;CRISTALINA;GO;ALIMENTÍCIOS;SUDESTE;01/08/2016;15;CELG;5.0;2252.384449;0.0;2252.384449
202408;44803;TRD-CIFARMAGO LIVRE;CIFARMA CIENTIFICA FARMACEUTICA LTDA EM RECUPERACAO JUDICIAL;903116;CIFARMA CIENTIFICA;17562075000169;GOIÂNIA;GO;MANUFATURADOS DIVERSOS;SUDESTE;01/08/2016;15;CELG;1.05;440.128386;0.0;440.128386
202408;85644;HEINZ CL 514;HEINZ BRASIL S.A.;900937;HEINZ NG Nova Goiás;50955707001100;NERÓPOLIS;GO;ALIMENTÍCIOS;SUDESTE;01/07/2016;15;CELG;2.5;1306.965323;0.0;1306.965323
202408;71995;CARAMURU S SIMAO;CARAMURU ALIMENTOS  S/A;901092;CARAMURU SAO SIMAO;00080671000371;SÃO SIMÃO;GO;ALIMENTÍCIOS;SUDESTE;01/07/2016;15;CELG;3.7;1084.868047;0.0;1084.868047
202408;86633;SYNGENTA S;SYNGENTA SEEDS LTDA;897687;SYNGENTA FORMOSA;28403532003295;FORMOSA;GO;ALIMENTÍCIOS;SUDESTE;01/01/2016;15;CELG;2.65;664.395868;0.0;664.395868
202408;45355;CICOPAL CL 514;CICOPAL INDUSTRIA E COMERCIO DE PRODUTOS ALIMENTICIOS E HIGIENE PESSOAL LTDA;908469;CICOPAL;01121175000110;SENADOR CANEDO;GO;ALIMENTÍCIOS;SUDESTE;01/04/2017;15;CELG;0.8;361.80704;0.0;361.80704
202408;99125;SHOPPING BRV CL 514;BURITI SHOPPING RIO VERDE;905023;SHOP BURITI RIO VERD;24130714000182;RIO VERDE;GO;SERVIÇOS;SUDESTE;01/10/2016;15;CELG;1.61;523.999;0.0;523.999
202408;45640;SHOPPING AGUAS LINDAS CL 514;AGUAS LINDAS SHOPPING;905806;SHOP AGUAS LINDAS;24157581000138;ÁGUA LINDAS DE GOIÁS;GO;SERVIÇOS;SUDESTE;01/11/2016;15;CELG;0.7;210.63035;0.0;210.63035
202408;27128;LATICINIOS CENTRO OESTE CL;LACTOSUL INDUSTRIA DE LATICINIOS -LTDA;907767;LACTOSUL;05915146000261;PIRANHAS;GO;ALIMENTÍCIOS;SUDESTE;01/02/2017;15;CELG;1.6;781.130253;0.0;781.130253
202408;71012;CEREAL COM;CEREAL COMERCIO EXPORTACAO E REPRESENTACAO AGROPECUARIA SA;905825;Cereal Com. Exp e Re;00012377000160;RIO VERDE;GO;ALIMENTÍCIOS;SUDESTE;01/11/2016;15;CELG;5.6;3397.503325;0.0;3397.503325
202408;32617;GENIX CL 514 2022;GENIX - INDUSTRIA FARMACEUTICA LTDA;909713;GENIX;04376121000193;ANÁPOLIS;GO;MANUFATURADOS DIVERSOS;SUDESTE;01/07/2017;15;CELG;1.45;857.832205;0.0;857.832205
202408;116340;MOSAIC - CATALAO;MOSAIC FERTILIZANTES DO BRASIL LTDA.;909696;MOSAIC CATALAO;61156501011352;CATALÃO;GO;QUÍMICOS;SUDESTE;01/07/2017;15;CELG;0.26;56.623351;0.0;56.623351
202408;99611;DAUS CL 514;DAUS INDUSTRIA DE ALIMENTOS S.A.;909739;OUROLAC;04865228000103;RIO VERDE;GO;ALIMENTÍCIOS;SUDESTE;01/07/2017;15;CELG;1.5;663.099073;0.0;663.099073
202408;71996;CARAMURU IPAMERI;CARAMURU ALIMENTOS  S/A;908058;CARAMURU IPAMERI;00080671002153;IPAMERI;GO;MINERAIS NÃO-METÁLICOS;SUDESTE;01/03/2017;15;CELG;3.7;2495.079269;0.0;2495.079269
202408;66541;MEGA MODA;SPE MEGA MODA SHOPPING LTDA;907176;LOJA;14366423000134;GOIÂNIA;GO;SERVIÇOS;SUDESTE;01/01/2017;15;CELG;0.47;103.749843;0.0;103.749843
202408;64434;IGUASPORT;IGUASPORT LTDA;907174;IGUASPORT GOIANIA;02314041002393;GOIÂNIA;GO;COMÉRCIO;SUDESTE;01/01/2017;15;CELG;0.255;118.906512;0.0;118.906512
202408;82846;RIACHUELO LT 1 SE/CO;LOJAS RIACHUELO SA;898037;RIACHUELO LJ 42;33200056005450;GOIÂNIA;GO;COMÉRCIO;SUDESTE;01/02/2016;15;CELG;0.23;42.247641;0.0;42.247641
202408;31630;BELMA MATRIZ CL 514;BELMA INDUSTRIAL DE GENEROS ALIMENTICIOS LTDA;922544;Belma Industrial;08039334000180;APARECIDA DE GOIÂNIA;GO;ALIMENTÍCIOS;SUDESTE;01/02/2019;15;CELG;1.0;478.660101;0.0;478.660101
202408;48517;TREVO ALIMENTOS EIRELI CL 514;TREVO ALIMENTOS LTDA;919181;FRIGONEVES INDUSTRIA;16613803000151;ITAUÇU;GO;ALIMENTÍCIOS;SUDESTE;01/11/2018;15;CELG;0.65;217.706692;0.0;217.706692
202408;31436;SHOPPING BOUGAINVILLE CL;CONDOMINIO SHOPPING BOUGAINVILLE;915105;Shopping Bougainvill;09332238000199;GOIÂNIA;GO;SERVIÇOS;SUDESTE;01/07/2018;15;CELG;1.07;280.07314;0.0;280.07314
202408;4496;COG-CPLEMGO;COOPERATIVA MISTA DOS PRODUTORES DE LEITE DE MORRINHOS;923194;COMPLEM-GRANE;02667442002670;MORRINHOS;GO;SERVIÇOS;SUDESTE;01/04/2019;15;CELG;0.25;10.675041;0.0;10.675041
202408;4496;COG-CPLEMGO;COOPERATIVA MISTA DOS PRODUTORES DE LEITE DE MORRINHOS;923193;COMPLEM-SUPERM;02667442000111;MORRINHOS;GO;COMÉRCIO;SUDESTE;01/04/2019;15;CELG;0.25;76.079067;0.0;76.079067
202408;77043;CAN-PACK;CAN-PACK BRASIL INDUSTRIA DE EMBALAGENS LTDA.;917431;CAN-PACK - Itumbiara;14855630000233;ITUMBIARA;GO;METALURGIA E PRODUTOS DE METAL;SUDESTE;01/08/2018;15;CELG;5.0;2821.258806;0.0;2821.258806
202408;63049;DURO PVC;DURO PVC LTDA;904091;DURO PVC JD ELDORADO;00426978000110;APARECIDA DE GOIÂNIA;GO;MANUFATURADOS DIVERSOS;SUDESTE;01/09/2016;15;CELG;1.431;302.793729;0.0;302.793729
202408;74641;COMIGO;COOPERATIVA AGROINDUSTRIAL DOS PRODUTORES RURAIS DO SUDOESTE GOIANO;915533;COMIGO - RIO VERDE;02077618000266;RIO VERDE;GO;ALIMENTÍCIOS;SUDESTE;01/08/2018;15;CELG;18.0;7399.01279;0.0;7399.01279
202408;88153;YPE - QUIMICA GOIANIA;QUIMICA AMPARO LTDA;917959;QUÍMICA YPÊ GOIÂNIA;43461789001677;GOIÂNIA;GO;METALURGIA E PRODUTOS DE METAL;SUDESTE;01/09/2018;15;CELG;1.54;386.387881;0.0;386.387881
202408;100248;HIPER MOREIRACL 514 23;SUPERMERCADO MOREIRA LTDA;917958;Supermercado Moreira;00148007000155;GOIÂNIA;GO;COMÉRCIO;SUDESTE;01/09/2018;15;CELG;0.95;319.650955;0.0;319.650955
202408;31867;GSA GAMA CL 514;GSA GAMA SUCOS E ALIMENTOS LTDA.;907832;GSA;00774265000147;APARECIDA DE GOIÂNIA;GO;BEBIDAS;SUDESTE;01/03/2017;15;CELG;1.0;331.425378;0.0;331.425378
202408;35515;SGB WEBER ANAPOLIS EI;SAINT-GOBAIN DO BRASIL PRODUTOS INDUSTRIAIS E PARA CONSTRUCAO LTDA;896206;SGBRAS ANÁPOLIS I;61064838002420;ANÁPOLIS;GO;MINERAIS NÃO-METÁLICOS;SUDESTE;01/08/2015;15;CELG;0.485;167.897416;0.0;167.897416
202408;85296;JBS FRIBOI CL7;JBS S/A;904684;JBS SEN CANEDO;02916265020004;SENADOR CANEDO;GO;ALIMENTÍCIOS;SUDESTE;01/10/2016;15;CELG;4.8;1975.79646;0.0;1975.79646
202408;67083;LDC BRASIL JATAI CL SE;LOUIS DREYFUS COMPANY BRASIL S.A.;904704;LDC BRASIL JATAI;47067525007625;JATAÍ;GO;ALIMENTÍCIOS;SUDESTE;01/10/2016;15;CELG;5.55;1639.253387;0.0;1639.253387
202408;85675;KLABIN RIOVERDE CL;KLABIN S.A.;907763;KLABIN RIO VERDE;89637490017200;RIO VERDE;GO;MADEIRA, PAPEL E CELULOSE;SUDESTE;01/02/2017;15;CELG;1.1;589.228118;0.0;589.228118
202408;100507;WMS SUPERCL 514 23;WMS SUPERMERCADOS DO BRASIL LTDA.;907787;WMS SUPER - LJ 929;93209765057658;GOIÂNIA;GO;COMÉRCIO;SUDESTE;01/03/2017;15;CELG;0.79;249.144679;0.0;249.144679
202408;62592;LF PLASTICOS ESP;LF PLASTICOS LTDA;904219;LF PLASTICOS;06947499000125;APARECIDA DE GOIÂNIA;GO;MANUFATURADOS DIVERSOS;SUDESTE;01/09/2016;15;CELG;0.78;304.741896;0.0;304.741896
202408;82846;RIACHUELO LT 1 SE/CO;LOJAS RIACHUELO SA;926024;RCHLO LOJA 40;33200056013470;ANÁPOLIS;GO;COMÉRCIO;SUDESTE;01/09/2019;15;CELG;0.227;30.148512;0.0;30.148512
202408;3999;C&A MODAS;C&A MODAS S.A.;926323;C&A MODAS - GOI715;45242914009587;GOIÂNIA;GO;COMÉRCIO;SUDESTE;01/09/2019;15;CELG;0.19;35.223127;0.0;35.223127
202408;86578;TATICO SETOR CENTRO OESTE;CENTRO OESTE COMERCIAL DE ALIMENTOS LTDA;928903;TATICO JARDIM BELA M;24447350000240;APARECIDA DE GOIÂNIA;GO;COMÉRCIO;SUDESTE;01/10/2019;15;CELG;0.34;175.810032;0.0;175.810032
202408;31456;BRITACAL CL 514;BRITACAL IND E COM DE BRITA E CALCARIO BRASILIA LTDA;930844;BRITACAL DIVINOPOLIS;26970103001069;DIVINÓPOLIS DE GOIÁS;GO;MINERAIS NÃO-METÁLICOS;SUDESTE;01/11/2019;15;CELG;1.495;582.680063;0.0;582.680063
202408;24540;SHG SEMENTES CL;SHG SEMENTES E SERVICOS LTDA;905803;MONSANTO SHG;37302618000116;SANTA HELENA DE GOIÁS;GO;ALIMENTÍCIOS;SUDESTE;01/12/2016;15;CELG;2.1;366.343445;0.0;366.343445
202408;44979;BISNAGO CL;BISNAGO INDUSTRIA DE EMBALAGENS LTDA;905826;BISNAGO IND DE EMBAL;10268112000181;ANÁPOLIS;GO;METALURGIA E PRODUTOS DE METAL;SUDESTE;01/11/2016;15;CELG;0.8;637.252725;0.0;637.252725
202408;46782;ABATEDOURO VEREDA CL 514;VEREDA ALIMENTOS LTDA;932932;ABATEDOURO VEREDA;04454667000115;GOIANÉSIA;GO;ALIMENTÍCIOS;SUDESTE;01/12/2019;15;CELG;0.65;121.564363;0.0;121.564363
202408;86562;BOM LIXO;BOMLIXO INDUSTRIA E COMERCIO LTDA;932957;BOMLIXO DO ACUCAR;05324532000106;GOIÂNIA;GO;MANUFATURADOS DIVERSOS;SUDESTE;01/12/2019;15;CELG;0.42;231.413914;0.0;231.413914
202408;46856;CALCARIO URUACU CL;CALCARIO URUACU LTDA;932977;Calcário Uruaçu;06220490000118;NIQUELÂNDIA;GO;MINERAIS NÃO-METÁLICOS;SUDESTE;01/12/2019;15;CELG;0.5;198.371975;0.0;198.371975
202408;46775;MGPARK CL 514;PARK EMPREENDIMENTOS COMERCIAIS S/A;934346;PARK EMPREENDIMENTOS;29641242000146;GOIÂNIA;GO;SERVIÇOS;SUDESTE;01/02/2020;15;CELG;0.6;128.457271;0.0;128.457271
202408;31962;GOIASCAL CL;GOIASCAL MINERACAO E CALCARIO LTDA;934314;GOIASCAL MINERACAO C;01413855000700;INDIARA;GO;MINERAIS NÃO-METÁLICOS;SUDESTE;01/02/2020;15;CELG;1.6;571.757508;0.0;571.757508
202408;31249;GOIASFILLER CL;GOIASFILLER MINERACAO LTDA;934543;GOIASFILLER MINERACA;07475736000165;INDIARA;GO;MINERAIS NÃO-METÁLICOS;SUDESTE;01/02/2020;15;CELG;1.245;495.635605;0.0;495.635605
202408;101185;CIPLAN GUAPO;CIPLAN CIMENTO PLANALTO SA;934692;CIPLAN - GUAPO;00057240000122;GUAPO;GO;MINERAIS NÃO-METÁLICOS;SUDESTE;01/03/2020;15;CELG;0.8;260.878854;0.0;260.878854
202408;47071;SOL BEBIDAS CL 514;SOL INDUSTRIA E COMERCIO DE BEBIDAS LTDA;935857;SOL BEBIDAS;05105162000108;SENADOR CANEDO;GO;BEBIDAS;SUDESTE;01/04/2020;15;CELG;0.5;129.099792;0.0;129.099792
202408;1442;CBD;COMPANHIA BRASILEIRA DE DISTRIBUICAO;936112;CBD - T63 - 2378;47508411034301;GOIÂNIA;GO;COMÉRCIO;SUDESTE;01/05/2020;15;CELG;0.35;139.106418;0.0;139.106418
202408;86666;COMERCIAL REIS;COMERCIAL REIS LTDA;937751;Loja 08;03044201001070;CATALÃO;GO;COMÉRCIO;SUDESTE;01/07/2020;15;CELG;0.11;45.398686;0.0;45.398686
202408;86666;COMERCIAL REIS;COMERCIAL REIS LTDA;937738;Loja 03;03044201000340;ITUMBIARA;GO;COMÉRCIO;SUDESTE;01/07/2020;15;CELG;0.105;43.271448;0.0;43.271448
202408;46877;MONTIVIDIU CAIAPONIA CL 514;MINERACAO DE CALCARIO MONTIVIDIU LTDA;937787;MONTIVIDIU CAIAPONIA;02174951000374;CAIAPÔNIA;GO;MINERAIS NÃO-METÁLICOS;SUDESTE;01/07/2020;15;CELG;0.69;3.502227;0.0;3.502227
202408;47264;COSTA MULTICANAL CL 514;COSTA MULTICANAL S/A;937788;COSTA MULTICANAL 1;27289076000305;GOIÂNIA;GO;COMÉRCIO;SUDESTE;01/07/2020;15;CELG;0.5;171.098542;0.0;171.098542
202408;47248;JC DISTRIBUICAO CL 514;JC DISTRIBUICAO LOGISTICA IMPORTACAO E EXPORTACAO DE PRODUTOS INDUSTRIALIZADOS S/A;937776;JC DISTRIBUICAO;06314327000203;APARECIDA DE GOIÂNIA;GO;COMÉRCIO;SUDESTE;01/07/2020;15;CELG;0.5;146.684317;0.0;146.684317
202408;25518;B2W CE;AMERICANAS S.A - EM RECUPERACAO JUDICIAL;938087;LASA Loja 285;00776574168413;GOIÂNIA;GO;COMÉRCIO;SUDESTE;01/08/2020;15;CELG;0.109;16.521046;0.0;16.521046
202408;96164;CENTRO OESTE OLEO QUIMICA;CENTRO OESTE OLEO QUIMICA LTDA;938155;PRODUTOS OESTE;08251405000104;LEOPOLDO DE BULHÕES;GO;QUÍMICOS;SUDESTE;01/08/2020;15;CELG;0.5;145.867492;0.0;145.867492
202408;90524;C CE SUPERMERCADOS CAMPEAO;CABRAL E MAIA LTDA;938152;CAMPEÃO LJ 03;37630118000103;RIO VERDE;GO;COMÉRCIO;SUDESTE;01/08/2020;15;CELG;0.07;25.414527;0.0;25.414527
202408;85941;CINEMARK SE;CINEMARK BRASIL S.A.;938178;CINEMARK PASSEIO AGU;00779721006859;GOIÂNIA;GO;SERVIÇOS;SUDESTE;01/08/2020;15;CELG;0.24;51.069401;0.0;51.069401
202408;87729;IURD SP BRAS MATRIZ;IGREJA UNIVERSAL DO REINO DE DEUS;938820;IURD GO GOIÂNIA;29744778052073;GOIÂNIA;GO;SERVIÇOS;SUDESTE;01/09/2020;15;CELG;0.5;72.937969;0.0;72.937969
202408;96052;TRANSZILLI;TRANSPORTES E ARMAZENAGEM ZILLI LTDA;939116;TRANSZILLI ARAGUAIA;81804684000267;APARECIDA DE GOIÂNIA;GO;TRANSPORTE;SUDESTE;01/09/2020;15;CELG;0.408;162.374546;0.0;162.374546
202408;93706;UNIMED GO;UNIMED GOIANIA COOPERATIVA DE TRABALHO MEDICO;939625;ST BUENO;02476067000122;GOIÂNIA;GO;SERVIÇOS;SUDESTE;01/10/2020;15;CELG;0.6;192.987532;0.0;192.987532
202408;72262;RIACHUELO LT 2 SE/CO;LOJAS RIACHUELO SA;939628;RCHLO - APARECIDA DE;33200056044510;APARECIDA DE GOIÂNIA;GO;COMÉRCIO;SUDESTE;01/10/2020;15;CELG;0.16;43.141896;0.0;43.141896
202408;47620;GOIAS PACK CL 514;GOIASPACK INDUSTRIA E COMERCIO LTDA;939730;GOIAS PACK;05604243000152;ANÁPOLIS;GO;MANUFATURADOS DIVERSOS;SUDESTE;01/10/2020;15;CELG;0.5;83.249946;0.0;83.249946
202408;99292;COMIGO-MATRIZ LIVRE;COOPERATIVA AGROINDUSTRIAL DOS PRODUTORES RURAIS DO SUDOESTE GOIANO;940398;COM- MONTES CLAROS;02077618004253;MONTES CLAROS DE GOIÁS;GO;SERVIÇOS;SUDESTE;01/12/2020;15;CELG;1.2;75.945201;0.0;75.945201
202408;95859;SUPERMERCADO PRO BRASIL;SUPERMERCADO PRO BRASIL LTDA;941375;SUPERMERCADO PRO BRA;37629995000164;GOIÂNIA;GO;COMÉRCIO;SUDESTE;01/01/2021;15;CELG;0.165;76.21358;0.0;76.21358
202408;89866;CARAMURU ARMAZENS GO;CARAMURU ALIMENTOS  S/A;941362;CARAMURU ARMAZENS PO;00080671004105;PORTELÂNDIA;GO;SERVIÇOS;SUDESTE;01/01/2021;15;CELG;0.38;33.296804;0.0;33.296804
202408;99081;COMIVA;COOPERATIVA MISTA AGROPECUARIA DO VALE DO ARAGUAIA;941900;COMIVA MINEIROS;01167501000715;MINEIROS;GO;SERVIÇOS;SUDESTE;01/01/2021;15;CELG;0.26;11.517061;0.0;11.517061
202408;99234;COAPIL;COOPERATIVA AGROPECUARIA MISTA DE PIRACANJUBA - COAPIL;942365;COAPIL;02447928000144;PIRACANJUBA;GO;COMÉRCIO;SUDESTE;01/02/2021;15;CELG;0.8;47.739458;0.0;47.739458
202408;23471;CORUMBA III UC;CONSORCIO EMPREENDEDOR CORUMBA III;945120;CORUMBA III UC;08466520000104;LUZIÂNIA;GO;SERVIÇOS;SUDESTE;01/06/2021;15;CELG;0.5;21.337927;0.0;21.337927
202408;99239;MILHAO LIVRE;MILHAO INDUSTRIA E COMERCIO DE INGREDIENTES E CEREAIS S.A.;945294;MILHAO 34,5;08647384000140;GOIÂNIA;GO;ALIMENTÍCIOS;SUDESTE;01/07/2021;15;CELG;3.5;1999.227906;0.0;1999.227906
202408;3124;SANTANDER EI;BANCO SANTANDER (BRASIL) S.A.;945484;001-3348 - GOIANIA-A;90400888000142;GOIÂNIA;GO;SERVIÇOS;SUDESTE;01/07/2021;15;CELG;0.081;13.73772;0.0;13.73772
202408;3124;SANTANDER EI;BANCO SANTANDER (BRASIL) S.A.;946270;001-1223 - SET BELA;90400888000142;GOIÂNIA;GO;SERVIÇOS;SUDESTE;01/08/2021;15;CELG;0.062;6.492001;0.0;6.492001
202408;3124;SANTANDER EI;BANCO SANTANDER (BRASIL) S.A.;946329;001-2032 - REPUBLICA;90400888000142;GOIÂNIA;GO;SERVIÇOS;SUDESTE;01/08/2021;15;CELG;0.086;0.411796;0.0;0.411796
202408;84391;MARISA SE I5;MARISA LOJAS S.A.;947579;MLJ680_CAPUAVA;61189288032544;GOIÂNIA;GO;COMÉRCIO;SUDESTE;01/10/2021;15;CELG;0.18;29.071881;0.0;29.071881
202408;98167;ABL ENERGIA;FMC ENERGIA LTDA;948046;BUENA VISTA;35585168000190;GOIÂNIA;GO;SERVIÇOS;SUDESTE;01/11/2021;15;CELG;0.3;81.319006;0.0;81.319006
202408;72861;HERING EI SE;CIA. HERING;948148;HERING GOIANÉSIA;78876950005483;GOIANÉSIA;GO;TÊXTEIS;SUDESTE;01/11/2021;15;CELG;0.33;69.073856;0.0;69.073856
202408;48322;AGROMASS CL 514;AGROMASS BRASIL - IMPORTACAO E EXPORTACAO LTDA;948383;AGROMASS;06274095000207;CATALÃO;GO;ALIMENTÍCIOS;SUDESTE;01/11/2021;15;CELG;0.5;120.352504;0.0;120.352504
202408;68098;FACULDADES ALFA;CENTRO EDUCACIONAL ALVES FARIA LTDA.;948732;FACULDADES ALFA - BU;02850990000344;GOIÂNIA;GO;SERVIÇOS;SUDESTE;01/12/2021;15;CELG;0.14;18.216546;0.0;18.216546
202408;90524;C CE SUPERMERCADOS CAMPEAO;CABRAL E MAIA LTDA;948716;CAMPEÃO LJ 05 - UC 1;37630118000103;RIO VERDE;GO;COMÉRCIO;SUDESTE;01/12/2021;15;CELG;0.03;32.859576;0.0;32.859576
202408;26879;ICO METAIS;EDSON LUCCA LTDA;948966;ICO METAIS UC 401800;14094415000186;TRINDADE;GO;MANUFATURADOS DIVERSOS;SUDESTE;01/12/2021;15;CELG;0.2;31.155951;0.0;31.155951
202408;4574;BRASIL TELE SE;OI S.A. - EM RECUPERACAO JUDICIAL;950252;UC 500027006 - SÃO L;76535764032851;SÃO LUÍS DE MONTES BELOS;GO;TELECOMUNICAÇÕES;SUDESTE;01/02/2022;15;CELG;0.057;31.637908;0.0;31.637908
202408;48657;SANEAGO LIVRE;SANEAMENTO DE GOIAS S/A;951019;EEAB ETA e EEAT - Ja;01616929000102;JATAÍ;GO;SANEAMENTO;SUDESTE;01/03/2022;15;CELG;0.693;513.132123;0.0;513.132123
202408;93905;COMIGO-MATRIZ ESPECIAL;COOPERATIVA AGROINDUSTRIAL DOS PRODUTORES RURAIS DO SUDOESTE GOIANO;951473;COMIGO LOJA JATAI;02077618002390;JATAÍ;GO;COMÉRCIO;SUDESTE;01/04/2022;15;CELG;0.115;16.94937;0.0;16.94937
202408;38106;PEVE FOODS;PEVE FOODS LTDA;952632;PEVE FOODS;20500092000429;MINEIROS;GO;COMÉRCIO;SUDESTE;01/06/2022;15;CELG;0.5;138.619401;0.0;138.619401
202408;37878;BRK GO;BRK AMBIENTAL - GOIAS S.A.;954608;BRK GO - EEE ALMEIDA;18123402000149;APARECIDA DE GOIÂNIA;GO;SANEAMENTO;SUDESTE;01/08/2022;15;CELG;0.14;36.375374;0.0;36.375374
202408;37878;BRK GO;BRK AMBIENTAL - GOIAS S.A.;954532;BRK GO - ETE CHAPADI;18123402000300;RIO VERDE;GO;SANEAMENTO;SUDESTE;01/08/2022;15;CELG;0.112;116.142926;0.0;116.142926
202408;31407;ATACADAO CL;ATACADAO S.A.;954894;ATACADAO LJ 214;75315333021459;GOIÂNIA;GO;COMÉRCIO;SUDESTE;01/09/2022;15;CELG;0.65;205.34591;0.0;205.34591
202408;24882;ATACADAO DIA A DIA 002;ATACADAO DIA A DIA S.A;955649;DIA A DIA - NOVO GA;17457404001507;NOVO GAMA;GO;COMÉRCIO;SUDESTE;01/10/2022;15;CELG;0.3;138.892561;0.0;138.892561
202408;71101;BURGER KING SE I1;ZAMP S.A.;955828;BK - SHOPPING CERRA;13574594064160;GOIÂNIA;GO;ALIMENTÍCIOS;SUDESTE;01/10/2022;15;CELG;0.056;11.696397;0.0;11.696397
202408;95859;SUPERMERCADO PRO BRASIL;SUPERMERCADO PRO BRASIL LTDA;955798;SUPERMERCADO CELINA;37629995000164;GOIÂNIA;GO;COMÉRCIO;SUDESTE;01/10/2022;15;CELG;0.1;46.745462;0.0;46.745462
202408;39756;SANTA CRUZ;DISTRIBUIDORA DE MEDICAMENTOS SANTA CRUZ LTDA;956720;Santa GO;61940292005287;ANÁPOLIS;GO;COMÉRCIO;SUDESTE;01/11/2022;15;CELG;0.17;65.847873;0.0;65.847873
202408;60443;VIAVAREJO;GRUPO CASAS BAHIA S.A.;957732;Filial 1698 - INHUMA;33041260135922;INHUMAS;GO;COMÉRCIO;SUDESTE;01/01/2023;15;CELG;0.03;6.27196;0.0;6.27196
202408;42300;TAC GOIANIA - LIVRE;TAC LOGISTICA LTDA;958438;TAC GOIANIA - UC 100;01456021000340;APARECIDA DE GOIÂNIA;GO;TRANSPORTE;SUDESTE;01/01/2023;15;CELG;0.5;128.176432;0.0;128.176432
202408;48657;SANEAGO LIVRE;SANEAMENTO DE GOIAS S/A;959437;SANEAGO - EEAT Ipira;01616929000102;GOIÂNIA;GO;SANEAMENTO;SUDESTE;01/03/2023;15;CELG;0.585;209.503666;0.0;209.503666
202408;48657;SANEAGO LIVRE;SANEAMENTO DE GOIAS S/A;959429;SANEAGO - EEAT Vila;01616929000102;GOIÂNIA;GO;SANEAMENTO;SUDESTE;01/03/2023;15;CELG;1.105;645.810644;0.0;645.810644
202408;76968;ACCORINVEST;HOTELARIA ACCORINVEST BRASIL S.A;959504;H3670 - HOTEL IBIS G;02419765002482;GOIÂNIA;GO;SERVIÇOS;SUDESTE;01/03/2023;15;CELG;0.12;46.370153;0.0;46.370153
202408;30493;SANEAGO;SANEAMENTO DE GOIAS S/A;959506;SANEAGO - ETE - Água;01616929000102;;GO;SANEAMENTO;SUDESTE;01/03/2023;15;CELG;0.37;230.508217;0.0;230.508217
202408;39176;CENCOSUD BRASIL 104 SE;CENCOSUD BRASIL COMERCIAL S.A.;959934;CENCOSUD LOJA 545;39346861022998;GOIÂNIA;GO;COMÉRCIO;SUDESTE;01/04/2023;15;CELG;0.2;89.691331;0.0;89.691331
202408;39176;CENCOSUD BRASIL 104 SE;CENCOSUD BRASIL COMERCIAL S.A.;959969;CENCOSUD LOJA 619;39346861024931;GOIÂNIA;GO;COMÉRCIO;SUDESTE;01/04/2023;15;CELG;0.221;84.272032;0.0;84.272032
202408;39176;CENCOSUD BRASIL 104 SE;CENCOSUD BRASIL COMERCIAL S.A.;959973;CENCOSUD LOJA 662;39346861037405;SENADOR CANEDO;GO;COMÉRCIO;SUDESTE;01/04/2023;15;CELG;0.261;82.106398;0.0;82.106398
202408;26570;BR SE;VIBRA ENERGIA S.A;960851;BEGON - UC 11550144;34274233030605;GOIÂNIA;GO;COMÉRCIO;SUDESTE;01/05/2023;15;CELG;0.3;98.072589;0.0;98.072589
202408;100962;ITAU AMR I5 SE;ITAU UNIBANCO S.A.;961159;656_GOIANIA-SETOR OE;60701190000104;GOIÂNIA;GO;SERVIÇOS;SUDESTE;01/05/2023;15;CELG;0.1;18.774043;0.0;18.774043
202408;49676;AGROVALE;COOPERATIVA MISTA DOS PRODUTORES RURAIS DO VALE DO PARANAIBA LTDA;961250;AGROVALE - 80149200;02233732000157;QUIRINÓPOLIS;GO;ALIMENTÍCIOS;SUDESTE;01/05/2023;15;CELG;0.125;81.210491;0.0;81.210491
202408;56280;AHL PULP;AHL PULP INDUSTRIA DE ALIMENTOS S.A.;961393;AHL PULP;36935354000175;VIANÓPOLIS;GO;ALIMENTÍCIOS;SUDESTE;01/05/2023;15;CELG;1.5;684.625845;0.0;684.625845
202408;104619;CRD DIAGNOSTICOS CL 514;CRD - CENTRO DE RECURSOS DIAGNOSTICOS LTDA;961079;CRD - 10006114820;01586380000150;GOIÂNIA;GO;SERVIÇOS;SUDESTE;01/05/2023;15;CELG;0.3;85.505278;0.0;85.505278
202408;43512;CCR AEROPORTOS CENTRAL;CONCESSIONARIA DO BLOCO CENTRAL S.A.;961692;Goiânia I;42206269000179;GOIÂNIA;GO;SERVIÇOS;SUDESTE;01/06/2023;15;CELG;1.4;465.816013;0.0;465.816013
202408;52403;REDE LUCAS;REDE LUCAS DE SUPERMERCADOS LTDA;962092;REDE LUCAS LOJA 10 (;06894782001027;ITUMBIARA;GO;COMÉRCIO;SUDESTE;01/06/2023;15;CELG;0.058;33.577914;0.0;33.577914
202408;105942;PEROLA ESPECIAL;PEROLA DISTRIBUICAO E LOGISTICA S/A;962017;AV BRASIL;06204131000177;ANÁPOLIS;GO;COMÉRCIO;SUDESTE;01/07/2023;15;CELG;0.3;12.593132;0.0;12.593132
202408;105942;PEROLA ESPECIAL;PEROLA DISTRIBUICAO E LOGISTICA S/A;962163;BR 060;06204131000177;ANÁPOLIS;GO;COMÉRCIO;SUDESTE;01/07/2023;15;CELG;0.3;32.145009;0.0;32.145009
202408;100962;ITAU AMR I5 SE;ITAU UNIBANCO S.A.;962203;4378 -GOIANIA PC DO;60701190204109;GOIÂNIA;GO;SERVIÇOS;SUDESTE;01/07/2023;15;CELG;0.06;12.489657;0.0;12.489657
202408;1477;ASSAI ATACADISTA;SENDAS DISTRIBUIDORA S/A;962456;ASSAI - SE/CO - 105;06057223000171;GOIÂNIA;GO;COMÉRCIO;SUDESTE;01/07/2023;15;CELG;0.62;254.032252;0.0;254.032252
202408;25518;B2W CE;AMERICANAS S.A - EM RECUPERACAO JUDICIAL;964469;AMER 217;00776574168332;GOIÂNIA;GO;COMÉRCIO;SUDESTE;01/09/2023;15;CELG;0.082;11.624415;0.0;11.624415
202408;25518;B2W CE;AMERICANAS S.A - EM RECUPERACAO JUDICIAL;964448;AMER 1085;00776574168766;GOIÂNIA;GO;COMÉRCIO;SUDESTE;01/09/2023;15;CELG;0.065;14.123577;0.0;14.123577
202408;4574;BRASIL TELE SE;OI S.A. - EM RECUPERACAO JUDICIAL;964794;ID UC 19050 - UC 133;76535764032851;APARECIDA DE GOIÂNIA;GO;TELECOMUNICAÇÕES;SUDESTE;01/09/2023;15;CELG;0.064;25.180722;0.0;25.180722
202408;25518;B2W CE;AMERICANAS S.A - EM RECUPERACAO JUDICIAL;964870;AMER 451;00776574169304;LUZIÂNIA;GO;COMÉRCIO;SUDESTE;01/09/2023;15;CELG;0.09;8.718384;0.0;8.718384
202408;25518;B2W CE;AMERICANAS S.A - EM RECUPERACAO JUDICIAL;964822;AMER 1359;00776574017121;JATAÍ;GO;COMÉRCIO;SUDESTE;01/09/2023;15;CELG;0.06;5.61858;0.0;5.61858
202408;25518;B2W CE;AMERICANAS S.A - EM RECUPERACAO JUDICIAL;964875;AMER 1192;00776574157802;SENADOR CANEDO;GO;COMÉRCIO;SUDESTE;01/09/2023;15;CELG;0.095;21.73421;0.0;21.73421
202408;3846;BRASIL TELECOM;OI S.A. - EM RECUPERACAO JUDICIAL;965860;ID UC 19580 - UC 199;76535764032851;CATALÃO;GO;TELECOMUNICAÇÕES;SUDESTE;01/10/2023;15;CELG;0.069;33.771558;0.0;33.771558
202408;101281;BARAO SUPERMERCADOS;BARAO ESPECIALIDADES & DISTRIBUIDORA DE ALIMENTOS SA;965894;Barao Supermerc LJ15;28790260000127;GOIÂNIA;GO;COMÉRCIO;SUDESTE;01/10/2023;15;CELG;0.16;61.879399;0.0;61.879399
202408;113077;VETOQUINOL 260;VETOQUINOL SAUDE ANIMAL LTDA.;966069;VETOQUINOL UC 260;60528742000388;APARECIDA DE GOIÂNIA;GO;MANUFATURADOS DIVERSOS;SUDESTE;01/10/2023;15;CELG;0.44;92.123609;0.0;92.123609
202408;60443;VIAVAREJO;GRUPO CASAS BAHIA S.A.;966441;1313 - VALPARAÍSO DE;33041260109689;VALPARAÍSO DE GOIÁS;GO;COMÉRCIO;SUDESTE;01/11/2023;15;CELG;0.075;10.143117;0.0;10.143117
202408;104619;CRD DIAGNOSTICOS CL 514;CRD - CENTRO DE RECURSOS DIAGNOSTICOS LTDA;966471;RD SOLUCOES LTDA,;22504519000140;GOIÂNIA;GO;SERVIÇOS;SUDESTE;01/11/2023;15;CELG;0.07;56.89868;0.0;56.89868
202408;60443;VIAVAREJO;GRUPO CASAS BAHIA S.A.;966462;Filial 1805 - SENADO;33041260151375;SENADOR CANEDO;GO;COMÉRCIO;SUDESTE;01/11/2023;15;CELG;0.065;11.117781;0.0;11.117781
202408;100962;ITAU AMR I5 SE;ITAU UNIBANCO S.A.;966664;4347_PORANGATU-GO (U;60701190199342;PORANGATU;GO;SERVIÇOS;SUDESTE;01/11/2023;15;CELG;0.075;14.118605;0.0;14.118605
202408;96268;DEZ ALIMENTOS;DEZ ALIMENTOS LTDA;966696;Dez Alimentos 100009;04945225000171;MORRINHOS;GO;ALIMENTÍCIOS;SUDESTE;01/11/2023;15;CELG;0.105;36.688846;0.0;36.688846
202408;96268;DEZ ALIMENTOS;DEZ ALIMENTOS LTDA;967479;DEZ ALIMENTOS 100140;04945225000171;MORRINHOS;GO;ALIMENTÍCIOS;SUDESTE;01/12/2023;15;CELG;0.295;72.358576;0.0;72.358576
202408;62677;SLC AGRICOLA;SLC AGRICOLA S.A.;967409;SLC PAMPLONA UBS SED;89096457000155;LUZIÂNIA;GO;ALIMENTÍCIOS;SUDESTE;01/12/2023;15;CELG;0.2;39.10042;0.0;39.10042
202408;112544;CM DE OLIVEIRA ESPECIAL;CM DE OLIVEIRA LTDA;970051;Master Agroindustria;13263292000105;GOIÂNIA;GO;ALIMENTÍCIOS;SUDESTE;01/01/2024;15;CELG;0.3;131.785935;0.0;131.785935
202408;114772;DB DIAGNOSTICOS GOIANIA;DB GOIANIA - DIAGNOSTICOS E ANALISES CLINICAS LTDA;970192;DB DIAGNOSTICOS GO -;43272843000150;APARECIDA DE GOIÂNIA;GO;SERVIÇOS;SUDESTE;01/01/2024;15;CELG;0.5;120.777615;0.0;120.777615
202408;112799;RUMO SAO SIMAO;TERMINAL SAO SIMAO S.A;970743;Terminal São Simão -;37227676000122;SÃO SIMÃO;GO;SERVIÇOS;SUDESTE;01/01/2024;15;CELG;1.5;145.930697;0.0;145.930697
202408;99292;COMIGO-MATRIZ LIVRE;COOPERATIVA AGROINDUSTRIAL DOS PRODUTORES RURAIS DO SUDOESTE GOIANO;971350;Comigo Mineiros;02077618006540;MINEIROS;GO;COMÉRCIO;SUDESTE;01/02/2024;15;CELG;1.2;53.405998;0.0;53.405998
202408;100962;ITAU AMR I5 SE;ITAU UNIBANCO S.A.;973846;869_GOIANIA-AV INDEP;60701190067608;GOIÂNIA;GO;SERVIÇOS;SUDESTE;01/03/2024;15;CELG;0.06;13.146515;0.0;13.146515
202408;101529;SMART FIT - SUDESTE;SMARTFIT ESCOLA DE GINASTICA E DANCA S.A;975038;GOCSTS1 - 1003278891;07594978040471;GOIÂNIA;GO;SERVIÇOS;SUDESTE;01/04/2024;15;CELG;0.03;22.376586;0.0;22.376586
202408;30493;SANEAGO;SANEAMENTO DE GOIAS S/A;977460;SANEAGO - UC 6400135;01616929000102;URUAÇU;GO;SANEAMENTO;SUDESTE;01/05/2024;15;CELG;0.295;168.751729;0.0;168.751729
202408;30493;SANEAGO;SANEAMENTO DE GOIAS S/A;977812;SANEAGO - UC 2960089;01616929000102;PLANALTINA;GO;SANEAMENTO;SUDESTE;01/05/2024;15;CELG;0.546;389.39037;0.0;389.39037
202408;30493;SANEAGO;SANEAMENTO DE GOIAS S/A;978183;SANEAGO - UC 2040332;01616929000102;ANÁPOLIS;GO;SANEAMENTO;SUDESTE;01/05/2024;15;CELG;0.3;97.943228;0.0;97.943228
202408;30493;SANEAGO;SANEAMENTO DE GOIAS S/A;979197;SANEAGO - UC 3002477;01616929000102;INHUMAS;GO;SANEAMENTO;SUDESTE;01/06/2024;15;CELG;0.224;122.216958;0.0;122.216958
202408;30493;SANEAGO;SANEAMENTO DE GOIAS S/A;981368;SANEAGO - UC 1060003;01616929000102;CRISTALINA;GO;SANEAMENTO;SUDESTE;01/07/2024;15;CELG;0.177;156.890802;0.0;156.890802
202408;1124;CARAMURU;CARAMURU ALIMENTOS  S/A;7503;CARAMURU-ITUMBIARA;00080671000100;ITUMBIARA;GO;ALIMENTÍCIOS;SUDESTE;01/01/2005;15;CELG;8.0;4733.374942;0.0;4733.374942
202408;60820;ANGLO NIQUEL MINAS;ANGLO AMERICAN NIQUEL BRASIL LTDA;7098;ANGLO AMERICAN CODEM;42184226001705;NIQUELÂNDIA;GO;METALURGIA E PRODUTOS DE METAL;SUDESTE;01/01/2004;145323;ELETROBRAS FURNAS;50.0;25950.669425;0.0;25950.669425
202408;15;CELG;EQUATORIAL GOIAS DISTRIBUIDORA DE ENERGIA S/A;70695;CELG DITC;01543032000104;GOIÂNIA;GO;;SUDESTE;01/04/2009;;;354.0;13423.774315;0.0;13423.774315
202408;57735;SOFTYS - ANAPOLIS CL;SOFTYS BRASIL LTDA.;899648;CARTA GOIAS ANAPOLIS;44145845003409;ANÁPOLIS;GO;MADEIRA, PAPEL E CELULOSE;SUDESTE;01/06/2016;15;CELG;11.7;7578.102595;0.0;7578.102595
202408;51696;BRF 1117 APARECIDA GOIANIA CL;BRF S.A.;900518;BRF APARECIDA GOIANI;01838723030891;APARECIDA DE GOIÂNIA;GO;COMÉRCIO;SUDESTE;01/07/2016;15;CELG;0.9;525.675689;0.0;525.675689
202408;98422;VIDEPLAST INDUSTRIA CL 514;VIDEPLAST INDUSTRIA DE EMBALAGENS LTDA;901277;VIDEPLAST RIO VERDE;79687588000587;RIO VERDE;GO;MANUFATURADOS DIVERSOS;SUDESTE;01/07/2016;15;CELG;1.5;942.410801;0.0;942.410801
202408;99631;CREME MEL CL;SORVETERIA CREME MEL S.A - EM RECUPERACAO JUDICIAL;901514;SORVETERIA CREME MEL;03857539000150;GOIÂNIA;GO;ALIMENTÍCIOS;SUDESTE;01/07/2016;15;CELG;0.5;13.302508;0.0;13.302508
202408;64000;TV ANHANGUERA;TELEVISAO ANHANGUERA S/A;908190;TV ANHANGUERA SERRIN;01534510000101;GOIÂNIA;GO;TELECOMUNICAÇÕES;SUDESTE;01/03/2017;15;CELG;0.65;185.916654;0.0;185.916654
202408;32633;JARDIM GOIAS CL 514 2022;JARDIM GOIAS EMPREENDIMENTOS LTDA;908500;JARDIM GO FLAMBOYANT;02103836000147;GOIÂNIA;GO;SERVIÇOS;SUDESTE;01/04/2017;15;CELG;0.66;244.058447;0.0;244.058447
202408;66348;CHESP DIST;COMPANHIA HIDROELETRICA SAO PATRICIO - CHESP;909900;CHESP;01377555000110;CERES;GO;;SUDESTE;01/08/2017;;;24.396;12772.894842;0.0;12772.894842
202408;32180;ACOFERGO CL 514;ACOFERGO TUBOS E PERFILADOS LTDA;909111;ACOFERGO;06881776000144;ITUMBIARA;GO;METALURGIA E PRODUTOS DE METAL;SUDESTE;01/06/2017;15;CELG;1.3;178.950574;0.0;178.950574
202408;24153;JBS FRIBOI CL 24;JBS S/A;910847;JBS - GOIANIA - GO;02916265000593;GOIÂNIA;GO;ALIMENTÍCIOS;SUDESTE;01/11/2017;15;CELG;4.0;1795.357083;0.0;1795.357083
202408;1477;ASSAI ATACADISTA;SENDAS DISTRIBUIDORA S/A;910631;CBD EX GOIANIA-1354;06057223054344;GOIÂNIA;GO;COMÉRCIO;SUDESTE;01/10/2017;15;CELG;1.15;392.553982;0.0;392.553982
202408;46134;GOIAS CAIXAS CL 514;GOIAS CAIXAS E EMBALAGENS LTDA;921891;Goiás Caixas e Embal;10436296000141;SENADOR CANEDO;GO;MANUFATURADOS DIVERSOS;SUDESTE;01/01/2019;15;CELG;0.5;165.892238;0.0;165.892238
202408;84706;TIM SA EI SE CO;TIM S A;912862;TIM GIOANIA;02421421023910;APARECIDA DE GOIÂNIA;GO;TELECOMUNICAÇÕES;SUDESTE;01/03/2018;15;CELG;0.25;215.099625;0.0;215.099625
202408;84857;CENCOSUD BRASIL 018;CENCOSUD BRASIL COMERCIAL S.A.;923391;Loja 655;39346861024001;MINEIROS;GO;COMÉRCIO;SUDESTE;01/04/2019;15;CELG;0.223;60.924001;0.0;60.924001
202408;84857;CENCOSUD BRASIL 018;CENCOSUD BRASIL COMERCIAL S.A.;923390;Loja 634;39346861025407;JATAÍ;GO;COMÉRCIO;SUDESTE;01/04/2019;15;CELG;0.283;80.033184;0.0;80.033184
202408;84856;CENCOSUD BRASIL 016;CENCOSUD BRASIL COMERCIAL S.A.;923376;Loja 524;39346861022300;RIO VERDE;GO;COMÉRCIO;SUDESTE;01/04/2019;15;CELG;0.33;107.753103;0.0;107.753103
202408;44889;ALL NUTRI CL 514;ALL NUTRI ALIMENTOS LTDA;904104;ALL NUTRI ALIMENTOS;05965693000170;APARECIDA DE GOIÂNIA;GO;ALIMENTÍCIOS;SUDESTE;01/09/2016;15;CELG;1.1;159.054417;0.0;159.054417
202408;103188;HOLCIM - COCALZINHO (ACOY);CSN CIMENTOS BRASIL S.A.;914952;HOLCIM ( LAFARGE );60869336022781;COCALZINHO DE GOIÁS;GO;MINERAIS NÃO-METÁLICOS;SUDESTE;01/07/2018;15;CELG;3.0;1493.981936;0.0;1493.981936
202408;44398;UTE CEM M SE CL;CENTRAL ENERGETICA MORRINHOS SA;915106;CEM MORRINHOS;07130855000186;MORRINHOS;GO;MINERAIS NÃO-METÁLICOS;SUDESTE;01/07/2018;15;CELG;0.6;0.010786;0.0;0.010786
202408;45925;PLENA GO CL 514;PLENA ALIMENTOS S/A;917411;PLENA ALIMENTOS LTDA;10198974000851;PORANGATU;GO;ALIMENTÍCIOS;SUDESTE;01/08/2018;15;CELG;0.7;353.11924;0.0;353.11924
202408;60788;UTEPORTODAGUAS CL;CERRADINHO BIOENERGIA S.A.;897886;PORTO AGUAS CONSUMO;08322396000103;CHAPADÃO DO CÉU;GO;MINERAIS NÃO-METÁLICOS;SUDESTE;01/02/2016;4144;LTI;8.0;300.457628;0.0;300.457628
202408;3999;C&A MODAS;C&A MODAS S.A.;906409;C&A MODAS GBU705;45242914013266;APARECIDA DE GOIÂNIA;GO;COMÉRCIO;SUDESTE;01/12/2016;15;CELG;0.202;50.098171;0.0;50.098171
202408;50978;ATACADAO CL2;ATACADAO S.A.;907766;ATACADAO LOJA 161;75315333016102;ANÁPOLIS;GO;COMÉRCIO;SUDESTE;01/02/2017;15;CELG;0.63;221.73638;0.0;221.73638
202408;99347;OUTLET BRASILIA CL 514;CONDOMINIO CIVIL VOLUNTARIO OUTLET PREMIUM BRASILIA;904826;OUTLET BRASILIA;16418101000117;ALEXÂNIA;GO;SERVIÇOS;SUDESTE;01/10/2016;15;CELG;1.9;552.793725;0.0;552.793725
202408;82846;RIACHUELO LT 1 SE/CO;LOJAS RIACHUELO SA;926043;RCHLO LOJA 226;33200056022975;GOIÂNIA;GO;COMÉRCIO;SUDESTE;01/09/2019;15;CELG;0.26;55.807723;0.0;55.807723
202408;87052;CRISTAL ALIMENTOS CL;CRISTAL ALIMENTOS LTDA;929963;CRISTAL ALIMENTOS;02709992000156;APARECIDA DE GOIÂNIA;GO;ALIMENTÍCIOS;SUDESTE;01/10/2019;15;CELG;4.7;1444.05758;0.0;1444.05758
202408;86702;METALFORTE;METALFORTE INDUSTRIA METALURGICA LTDA;931718;METALFORTE FILIAL;02109049000617;APARECIDA DE GOIÂNIA;GO;METALURGIA E PRODUTOS DE METAL;SUDESTE;01/11/2019;15;CELG;0.58;144.274867;0.0;144.274867
202408;82602;STORE;SAS COMERCIO DE SECOS E MOLHADOS LTDA;932345;STORE NAPOLI - UC 16;12279637000148;GOIÂNIA;GO;COMÉRCIO;SUDESTE;01/12/2019;15;CELG;0.285;67.03184;0.0;67.03184
202408;98922;CARREFOUR SE2 CL;CARREFOUR COMERCIO E INDUSTRIA LTDA;904718;CARREFOUR GSD;45543915027896;GOIÂNIA;GO;COMÉRCIO;SUDESTE;01/10/2016;15;CELG;0.85;290.556785;0.0;290.556785
202408;88208;SUPERVI;SUPERVI DISTRIBUIDOR DE ALIMENTOS LTDA;933952;LOJA 12 - JK NOVA CA;07503617001221;ANÁPOLIS;GO;COMÉRCIO;SUDESTE;01/02/2020;15;CELG;0.075;29.320974;0.0;29.320974
202408;88208;SUPERVI;SUPERVI DISTRIBUIDOR DE ALIMENTOS LTDA;933953;LOJA 14 - SENADOR CA;07503617001493;SENADOR CANEDO;GO;COMÉRCIO;SUDESTE;01/02/2020;15;CELG;0.1;30.808573;0.0;30.808573
202408;82846;RIACHUELO LT 1 SE/CO;LOJAS RIACHUELO SA;933993;RCHLO LOJA 260;33200056037069;RIO VERDE;GO;COMÉRCIO;SUDESTE;01/02/2020;15;CELG;0.13;20.914738;0.0;20.914738
202408;31148;KERRY BRASIL CL 514;KERRY DO BRASIL LTDA;935455;KERRY (RIALMA);02332686001468;RIALMA;GO;ALIMENTÍCIOS;SUDESTE;01/04/2020;66348;CHESP DIST;0.7;207.177586;0.0;207.177586
202408;31562;OLFAR MATRIZ CL;OLFAR S/A - ALIMENTO E ENERGIA;935889;OLFAR PORANGATU - UC;91830836006452;PORANGATU;GO;MINERAIS NÃO-METÁLICOS;SUDESTE;01/04/2020;15;CELG;1.2;1490.680392;0.0;1490.680392
202408;89130;KTH;KTH INDUSTRIA E COMERCIO LTDA;936307;KTH INDUSTRIA E COME;06234050000110;APARECIDA DE GOIÂNIA;GO;MANUFATURADOS DIVERSOS;SUDESTE;01/05/2020;15;CELG;0.12;17.725907;0.0;17.725907
202408;89130;KTH;KTH INDUSTRIA E COMERCIO LTDA;936329;KTH INDUSTRIA E COME;06234050000110;APARECIDA DE GOIÂNIA;GO;MANUFATURADOS DIVERSOS;SUDESTE;01/05/2020;15;CELG;0.381;49.141788;0.0;49.141788
202408;32135;PIRECAL PIRENOPOLIS CL 514;PIRECAL PIRENOPOLIS CALCARIO LTDA;936425;PIRECAL GUARANI DE G;02787125000210;GUARANI DE GOÍAS;GO;MINERAIS NÃO-METÁLICOS;SUDESTE;01/05/2020;15;CELG;0.795;548.708544;0.0;548.708544
202408;46961;MIBASA CL 514;MIBASA MINERADORA BARRO ALTO LTDA;936426;MIBASA;02840072000504;VILA PROPÍCIO;GO;MINERAIS NÃO-METÁLICOS;SUDESTE;01/05/2020;15;CELG;0.8;622.008867;0.0;622.008867
202408;46713;ANIMA CATALANA CL 514;SOCIEDADE CATALANA DE EDUCACAO LTDA;937043;ANIMA CATALANA;05373130000193;CATALÃO;GO;SERVIÇOS;SUDESTE;01/06/2020;15;CELG;0.5;18.154496;0.0;18.154496
202408;46917;PEDREIRA IZAIRA CL 514;PEDREIRA IZAIRA INDUSTRIA E COMERCIO LTDA;936980;PEDREIRA IZAIRA INDU;01551829000145;APARECIDA DE GOIÂNIA;GO;MINERAIS NÃO-METÁLICOS;SUDESTE;01/06/2020;15;CELG;0.65;133.909075;0.0;133.909075
202408;86666;COMERCIAL REIS;COMERCIAL REIS LTDA;937773;Loja 10;03044201000502;CATALÃO;GO;COMÉRCIO;SUDESTE;01/07/2020;15;CELG;0.16;79.380151;0.0;79.380151
202408;86666;COMERCIAL REIS;COMERCIAL REIS LTDA;937743;Loja 02;03044201000855;GOIATUBA;GO;COMÉRCIO;SUDESTE;01/07/2020;15;CELG;0.09;54.780409;0.0;54.780409
202408;86666;COMERCIAL REIS;COMERCIAL REIS LTDA;937742;COMERCIAL REIS LTDA;03044201000189;ITUMBIARA;GO;COMÉRCIO;SUDESTE;01/07/2020;15;CELG;0.255;126.269703;0.0;126.269703
202408;25518;B2W CE;AMERICANAS S.A - EM RECUPERACAO JUDICIAL;938089;LASA Loja 346;00776574119200;VALPARAÍSO DE GOIÁS;GO;COMÉRCIO;SUDESTE;01/08/2020;15;CELG;0.111;18.905898;0.0;18.905898
202408;90524;C CE SUPERMERCADOS CAMPEAO;CABRAL E MAIA LTDA;938154;CAMPEÃO LJ 04;37630118000103;RIO VERDE;GO;COMÉRCIO;SUDESTE;01/08/2020;15;CELG;0.075;31.648204;0.0;31.648204
202408;31270;PIFPAFMATRIZ CL 514;RIO BRANCO ALIMENTOS S/A;938821;PIF PAF - FAZ QUEBRA;05017780002816;PARAÚNA;GO;ALIMENTÍCIOS;SUDESTE;01/09/2020;15;CELG;0.68;41.655555;0.0;41.655555
202408;95026;REMMACK;REMMACK FILMS INDUSTRIA E COMERCIO LTDA;939120;REMMACK;07163516000104;ANÁPOLIS;GO;MANUFATURADOS DIVERSOS;SUDESTE;01/09/2020;15;CELG;0.85;415.577207;0.0;415.577207
202408;69297;LDC BRASIL ITUMBIARA CE SE;LOUIS DREYFUS COMPANY BRASIL S.A.;939630;LDC BRASIL - ARM ITU;47067525018406;ITUMBIARA;GO;ALIMENTÍCIOS;SUDESTE;01/10/2020;15;CELG;0.25;27.918185;0.0;27.918185
202408;96268;DEZ ALIMENTOS;DEZ ALIMENTOS LTDA;939717;DEZ ALIMENTOS LTDA;04945225000171;MORRINHOS;GO;ALIMENTÍCIOS;SUDESTE;01/10/2020;15;CELG;1.245;605.951289;0.0;605.951289
202408;99292;COMIGO-MATRIZ LIVRE;COOPERATIVA AGROINDUSTRIAL DOS PRODUTORES RURAIS DO SUDOESTE GOIANO;939707;COM-MONTIVIDIU;02077618001742;MONTIVIDIU;GO;SERVIÇOS;SUDESTE;01/10/2020;15;CELG;1.7;225.450852;0.0;225.450852
202408;4574;BRASIL TELE SE;OI S.A. - EM RECUPERACAO JUDICIAL;940559;UC 630022045 - Rio V;76535764032851;RIO VERDE;GO;TELECOMUNICAÇÕES;SUDESTE;01/12/2020;15;CELG;0.146;76.575527;0.0;76.575527
202408;93982;SSA NOVA VENEZA L;SAO SALVADOR ALIMENTOS S/A;941332;SSA NOVA VENEZA;03387396002022;NOVA VENEZA;GO;ALIMENTÍCIOS;SUDESTE;01/01/2021;15;CELG;4.0;2026.722248;0.0;2026.722248
202408;89866;CARAMURU ARMAZENS GO;CARAMURU ALIMENTOS  S/A;942150;CARAMURU ARMAZ P V;00080671004016;JATAÍ;GO;SERVIÇOS;SUDESTE;01/02/2021;15;CELG;0.6;24.607068;0.0;24.607068
202408;97332;AGROQUIMA;AGROQUIMA PRODUTOS AGROPECUARIOS LTDA;942344;AGROQUIMA APARECIDA;01626951002420;APARECIDA DE GOIÂNIA;GO;ALIMENTÍCIOS;SUDESTE;01/02/2021;15;CELG;0.38;67.816364;0.0;67.816364
202408;48834;CEREALISTARIOVERMELHOCL514;ALIMENTOS LIDERANCA LTDA;942366;CEREALISTA RIO VERME;02756351000152;GOIÂNIA;GO;ALIMENTÍCIOS;SUDESTE;01/02/2021;15;CELG;0.5;92.699524;0.0;92.699524
202408;92484;MAGAZINE LUIZA - I5;MAGAZINE LUIZA S/A;943013;MAGAZINE L - LJ 295;47960950046890;ITUMBIARA;GO;COMÉRCIO;SUDESTE;01/03/2021;15;CELG;0.065;8.13709;0.0;8.13709
202408;92484;MAGAZINE LUIZA - I5;MAGAZINE LUIZA S/A;943001;MAGAZINE L - LJ 215;47960950022443;RIO VERDE;GO;COMÉRCIO;SUDESTE;01/03/2021;15;CELG;0.07;7.742935;0.0;7.742935
202408;97953;DROGARIA SAO PAULO MATRIZ;DROGARIA SAO PAULO S.A.;943000;DROGARIA SP GOIAS;61412110095350;HIDROLÂNDIA;GO;COMÉRCIO;SUDESTE;01/03/2021;15;CELG;0.32;80.035723;0.0;80.035723
202408;24882;ATACADAO DIA A DIA 002;ATACADAO DIA A DIA S.A;942977;DIA A DIA - CESAR LA;17457404001698;GOIÂNIA;GO;COMÉRCIO;SUDESTE;01/03/2021;15;CELG;0.25;168.132713;0.0;168.132713
202408;99239;MILHAO LIVRE;MILHAO INDUSTRIA E COMERCIO DE INGREDIENTES E CEREAIS S.A.;943012;MILHAO PARQUE MARACA;08647384000140;GOIÂNIA;GO;ALIMENTÍCIOS;SUDESTE;01/03/2021;15;CELG;0.5;84.948246;0.0;84.948246
202408;51354;SEMENTES GOIAS FAZ LAGE CL;SEMENTES GOIAS LTDA;943974;SEMENTES G FAZENDA L;03482332000148;RIO VERDE;GO;ALIMENTÍCIOS;SUDESTE;01/04/2021;15;CELG;0.6;223.666184;0.0;223.666184
202408;1477;ASSAI ATACADISTA;SENDAS DISTRIBUIDORA S/A;944294;SENDAS SE/CO - 916(B;06057223000171;GOIÂNIA;GO;COMÉRCIO;SUDESTE;01/05/2021;15;CELG;0.04;10.311884;0.0;10.311884
202408;84769;OBA;GRUPO FARTURA DE HORTIFRUT S.A.;945372;OBA FLAMBOYANT GOIAN;04972092006325;GOIÂNIA;GO;COMÉRCIO;SUDESTE;01/07/2021;15;CELG;0.172;90.959259;0.0;90.959259
202408;99292;COMIGO-MATRIZ LIVRE;COOPERATIVA AGROINDUSTRIAL DOS PRODUTORES RURAIS DO SUDOESTE GOIANO;945475;COM-JATAÍ ARM.;02077618001238;JATAÍ;GO;SERVIÇOS;SUDESTE;01/07/2021;15;CELG;2.0;138.15506;0.0;138.15506
202408;1477;ASSAI ATACADISTA;SENDAS DISTRIBUIDORA S/A;945542;SENDAS SE/CO - 194 (;06057223039205;ANÁPOLIS;GO;COMÉRCIO;SUDESTE;01/07/2021;15;CELG;0.6;221.345286;0.0;221.345286
202408;92091;LOPES VIANDELLI;LOPES VIANDELLI PRODUTOS ALIMENTICIOS LTDA;946251;LOPES V. LOJA 5;26910752000779;NIQUELÂNDIA;GO;COMÉRCIO;SUDESTE;01/08/2021;15;CELG;0.1;35.605231;0.0;35.605231
202408;84769;OBA;GRUPO FARTURA DE HORTIFRUT S.A.;946235;OBA L054 T63_GO;04972092006406;GOIÂNIA;GO;COMÉRCIO;SUDESTE;01/08/2021;15;CELG;0.15;82.048469;0.0;82.048469
202408;1477;ASSAI ATACADISTA;SENDAS DISTRIBUIDORA S/A;946247;SENDAS SE/CO - 111 R;06057223037253;RIO VERDE;GO;COMÉRCIO;SUDESTE;01/08/2021;15;CELG;0.62;161.193601;0.0;161.193601
202408;25278;CONSTRUTORA RIOMAX;CONSTRUTORA RIOMAX INDUSTRIA E COMERCIO LTDA;946437;CONSTRUTORA RIOMAX;03543136000136;ANÁPOLIS;GO;SERVIÇOS;SUDESTE;01/08/2021;15;CELG;0.5;68.661969;0.0;68.661969
202408;25105;C CE SUPERMERCADOS CONQUISTA;CENTRO COMERCIAL CONQUISTA LTDA;946482;CONQUISTA SUPER - LJ;02003591000186;RIO VERDE;GO;COMÉRCIO;SUDESTE;01/08/2021;15;CELG;0.1;37.425578;0.0;37.425578
202408;25105;C CE SUPERMERCADOS CONQUISTA;CENTRO COMERCIAL CONQUISTA LTDA;946425;CONQUISTA SUPER  LJ4;02003591000348;RIO VERDE;GO;COMÉRCIO;SUDESTE;01/08/2021;15;CELG;0.15;52.362577;0.0;52.362577
202408;63677;RENNER MATRIZ SUDESTE;LOJAS RENNER S.A.;948162;RNR334_Shop Cerrado;92754738030665;GOIÂNIA;GO;COMÉRCIO;SUDESTE;01/11/2021;15;CELG;0.19;36.314819;0.0;36.314819
202408;48050;OURO VERDE ARMAZENS CL 514;OURO VERDE ARMAZENS GERAIS LTDA;948378;Ouro Verde Armazéns;02064301000104;MONTIVIDIU;GO;SERVIÇOS;SUDESTE;01/11/2021;15;CELG;0.5;22.966385;0.0;22.966385
202408;4574;BRASIL TELE SE;OI S.A. - EM RECUPERACAO JUDICIAL;948786;UC 12347826 - NOVO H;76535764032851;GOIÂNIA;GO;TELECOMUNICAÇÕES;SUDESTE;01/12/2021;15;CELG;0.06;25.879207;0.0;25.879207
202408;34654;ORION BUSINESS CL;ORION BUSINESS & HEALTH COMPLEX;948964;ORION - GOIANIA;29952980000104;GOIÂNIA;GO;SERVIÇOS;SUDESTE;01/12/2021;15;CELG;1.9;846.44703;0.0;846.44703
202408;88208;SUPERVI;SUPERVI DISTRIBUIDOR DE ALIMENTOS LTDA;949693;SUPERVI LOJA 9 - VL;07503617000926;ANÁPOLIS;GO;COMÉRCIO;SUDESTE;01/01/2022;15;CELG;0.065;31.042542;0.0;31.042542
202408;48586;FBM INDUSTRIA CL 514;F.B.M. INDUSTRIA FARMACEUTICA LTDA;950026;FBM INDUSTRIA;02060549000105;ANÁPOLIS;GO;MANUFATURADOS DIVERSOS;SUDESTE;01/01/2022;15;CELG;0.6;45.386155;0.0;45.386155
202408;91024;PETZ;PET CENTER COMERCIO E PARTICIPACOES S.A.;950256;PETZ - FLAMBOYANT -;18328118003477;GOIÂNIA;GO;COMÉRCIO;SUDESTE;01/02/2022;15;CELG;0.12;13.486722;0.0;13.486722
202408;93905;COMIGO-MATRIZ ESPECIAL;COOPERATIVA AGROINDUSTRIAL DOS PRODUTORES RURAIS DO SUDOESTE GOIANO;951437;COM- SAL E LOJA MONT;02077618004415;MONTES CLAROS DE GOIÁS;GO;SERVIÇOS;SUDESTE;01/04/2022;15;CELG;0.276;34.469107;0.0;34.469107
202408;49654;NEWPORT CL 514;NEWPORT LOGISTICA FUNDO DE INVESTIMENTO IMOBILIARIO;954668;UC 10014580550;32527626000147;GOIÂNIA;GO;SERVIÇOS;SUDESTE;01/08/2022;15;CELG;0.76;281.67579;0.0;281.67579
202408;39176;CENCOSUD BRASIL 104 SE;CENCOSUD BRASIL COMERCIAL S.A.;955719;CENCOSUD LOJA 538;39346861022726;GOIÂNIA;GO;COMÉRCIO;SUDESTE;01/10/2022;15;CELG;0.31;39.948787;0.0;39.948787
202408;53490;JBS FRIBOI EI SE 20;JBS S/A;957203;JBS - PORANGATU - UC;02916265007504;PORANGATU;GO;MANUFATURADOS DIVERSOS;SUDESTE;01/12/2022;15;CELG;0.4;172.850141;0.0;172.850141
202408;98461;STORE SERRINHA;G S COMERCIO DE PRODUTOS ALIMENTICIOS LTDA;957276;STORE RIO VERDE;27895447000122;RIO VERDE;GO;COMÉRCIO;SUDESTE;01/12/2022;15;CELG;0.25;91.206428;0.0;91.206428
202408;55052;BONDUELLE CL;BONDUELLE DO BRASIL PRODUTOS ALIMENTICIOS LTDA.;957519;BONDUELLE DO BRASIL;74299660000909;CRISTALINA;GO;ALIMENTÍCIOS;SUDESTE;01/12/2022;15;CELG;0.8;225.163573;0.0;225.163573
202408;51995;GOIAS VERDE CL;GOIAS VERDE ALIMENTOS LTDA;957617;GOIAS VERDE ALIMENTO;24866741000118;LUZIÂNIA;GO;ALIMENTÍCIOS;SUDESTE;01/12/2022;15;CELG;1.7;1566.896198;0.0;1566.896198
202408;60443;VIAVAREJO;GRUPO CASAS BAHIA S.A.;957693;Filial 1503 - TRINDA;33041260109506;TRINDADE;GO;COMÉRCIO;SUDESTE;01/01/2023;15;CELG;0.09;7.988859;0.0;7.988859
202408;92484;MAGAZINE LUIZA - I5;MAGAZINE LUIZA S/A;958553;MGL1102_GOIÂNIA;47960950114135;GOIÂNIA;GO;COMÉRCIO;SUDESTE;01/02/2023;15;CELG;0.12;14.545827;0.0;14.545827
202408;92484;MAGAZINE LUIZA - I5;MAGAZINE LUIZA S/A;958519;MGL1046_GOIÂNIA;47960950111705;GOIÂNIA;GO;COMÉRCIO;SUDESTE;01/02/2023;15;CELG;0.072;2.430881;0.0;2.430881
202408;48657;SANEAGO LIVRE;SANEAMENTO DE GOIAS S/A;959438;SANEAGO - Captação/E;01616929000102;RIO VERDE;GO;SANEAMENTO;SUDESTE;01/03/2023;15;CELG;0.622;490.167456;0.0;490.167456
202408;30493;SANEAGO;SANEAMENTO DE GOIAS S/A;959516;SANEAGO - EEAB/ETA/E;01616929000102;TRINDADE;GO;SANEAMENTO;SUDESTE;01/03/2023;15;CELG;0.47;232.961313;0.0;232.961313
202408;60806;GEOLAB;GEOLAB INDUSTRIA FARMACEUTICA S/A;960604;GEOLAB P&D - UC 1001;03485572000104;ANÁPOLIS;GO;MANUFATURADOS DIVERSOS;SUDESTE;01/05/2023;15;CELG;0.15;59.968454;0.0;59.968454
202408;39176;CENCOSUD BRASIL 104 SE;CENCOSUD BRASIL COMERCIAL S.A.;960669;CENCOSUD LOJA 575;39346861043138;;GO;COMÉRCIO;SUDESTE;01/05/2023;15;CELG;0.309;57.915224;0.0;57.915224
202408;71101;BURGER KING SE I1;ZAMP S.A.;960925;BK - PORTAL SHOPPING;13574594073150;GOIÂNIA;GO;ALIMENTÍCIOS;SUDESTE;01/05/2023;15;CELG;0.045;13.484459;0.0;13.484459
202408;54933;ALFLEX;ALFLEX EMBALAGENS LTDA;961282;ALFLEX - PLASTICO AS;27461277000178;GOIÂNIA;GO;MANUFATURADOS DIVERSOS;SUDESTE;01/05/2023;15;CELG;0.32;132.270198;0.0;132.270198
202408;97248;CENTAURO I5 SE;SBF COMERCIO DE PRODUTOS ESPORTIVOS S.A.;961674;CE273_GOIANIA - UC 1;06347409034736;GOIÂNIA;GO;COMÉRCIO;SUDESTE;01/06/2023;15;CELG;0.105;21.576323;0.0;21.576323
202408;91024;PETZ;PET CENTER COMERCIO E PARTICIPACOES S.A.;961652;PETZ - BUENO - UC 10;18328118007545;GOIÂNIA;GO;COMÉRCIO;SUDESTE;01/06/2023;15;CELG;0.1;26.74058;0.0;26.74058
202408;106393;BASF EI SE;BASF SA;961818;BASF RIO VERDE - UC;48539407010776;RIO VERDE;GO;ALIMENTÍCIOS;SUDESTE;01/06/2023;15;CELG;0.09;21.475021;0.0;21.475021
202408;144720;COND LOG GOIANIA II;LOG GOIANIA II;961745;LOG HIDROLANDIA;47365763000108;HIDROLÂNDIA;GO;SERVIÇOS;SUDESTE;01/06/2023;15;CELG;0.6;56.516449;0.0;56.516449
202408;92484;MAGAZINE LUIZA - I5;MAGAZINE LUIZA S/A;961926;MGL1092_GOIÂNIA UC 1;47960950112000;APARECIDA DE GOIÂNIA;GO;COMÉRCIO;SUDESTE;01/06/2023;15;CELG;0.07;9.387817;0.0;9.387817
202408;101529;SMART FIT - SUDESTE;SMARTFIT ESCOLA DE GINASTICA E DANCA S.A;962361;GOIAGO1 - UC 1002350;07594978016171;APARECIDA DE GOIÂNIA;GO;SERVIÇOS;SUDESTE;01/07/2023;15;CELG;0.065;19.888615;0.0;19.888615
202408;101529;SMART FIT - SUDESTE;SMARTFIT ESCOLA DE GINASTICA E DANCA S.A;962345;GOCSBU2 - UC 1383026;07594978009981;GOIÂNIA;GO;SERVIÇOS;SUDESTE;01/07/2023;15;CELG;0.16;36.978725;0.0;36.978725
202408;100962;ITAU AMR I5 SE;ITAU UNIBANCO S.A.;962631;4372_GOIANIA-PIO XII;60701190195517;GOIÂNIA;GO;SERVIÇOS;SUDESTE;01/07/2023;15;CELG;0.07;13.39069;0.0;13.39069
202408;100962;ITAU AMR I5 SE;ITAU UNIBANCO S.A.;962634;322_RIO VERDE DE GOI;60701190067195;RIO VERDE;GO;SERVIÇOS;SUDESTE;01/07/2023;15;CELG;0.066;16.192218;0.0;16.192218
202408;100962;ITAU AMR I5 SE;ITAU UNIBANCO S.A.;962621;208_9664 VINC ANAPOL;60701190035404;ANÁPOLIS;GO;SERVIÇOS;SUDESTE;01/07/2023;15;CELG;0.095;17.990607;0.0;17.990607
202408;101680;MINERACÃO ANTONELLI;MINERACAO ANTONELLI LTDA;962869;Mineração Antonelli;13342485000143;ABADIÂNIA;GO;MINERAIS NÃO-METÁLICOS;SUDESTE;01/07/2023;15;CELG;0.5;39.498452;0.0;39.498452
202408;78601;VALE DO MOGI;DISTRIBUIDORA DE CARNES VALE DO MOGI IMPORTACAO E EXPORTACAO LTDA.;963559;DISTRIBUIDORA DE CAR;57622466000499;BURITI ALEGRE;GO;ALIMENTÍCIOS;SUDESTE;01/08/2023;15;CELG;0.5;171.983678;0.0;171.983678
202408;25518;B2W CE;AMERICANAS S.A - EM RECUPERACAO JUDICIAL;964209;AMER 382;00776574119390;ANÁPOLIS;GO;COMÉRCIO;SUDESTE;01/09/2023;15;CELG;0.05;11.811979;0.0;11.811979
202408;25518;B2W CE;AMERICANAS S.A - EM RECUPERACAO JUDICIAL;964226;AMER 33;00776574054400;GOIÂNIA;GO;COMÉRCIO;SUDESTE;01/09/2023;15;CELG;0.153;15.64597;0.0;15.64597
202408;25518;B2W CE;AMERICANAS S.A - EM RECUPERACAO JUDICIAL;964227;AMER 405;00776574119471;GOIÂNIA;GO;COMÉRCIO;SUDESTE;01/09/2023;15;CELG;0.094;15.690553;0.0;15.690553
202408;25518;B2W CE;AMERICANAS S.A - EM RECUPERACAO JUDICIAL;964773;AMER 952;00776574017202;LUZIÂNIA;GO;COMÉRCIO;SUDESTE;01/09/2023;15;CELG;0.059;4.695766;0.0;4.695766
202408;25518;B2W CE;AMERICANAS S.A - EM RECUPERACAO JUDICIAL;964869;AMER 128;00776574130440;GOIÂNIA;GO;COMÉRCIO;SUDESTE;01/09/2023;15;CELG;0.051;14.726422;0.0;14.726422
202408;25518;B2W CE;AMERICANAS S.A - EM RECUPERACAO JUDICIAL;964876;AMER 212;00776574049597;PLANALTINA;GO;COMÉRCIO;SUDESTE;01/09/2023;15;CELG;0.071;5.621383;0.0;5.621383
202408;25518;B2W CE;AMERICANAS S.A - EM RECUPERACAO JUDICIAL;964859;AMER 1437;00776574167956;SANTA HELENA DE GOIÁS;GO;COMÉRCIO;SUDESTE;01/09/2023;15;CELG;0.15;11.187854;0.0;11.187854
202408;113238;ITALAC ETE EI;GOIASMINAS INDUSTRIA DE LATICINIOS LTDA;964950;ITALAC ETE - UC 1003;01257995000133;CORUMBAÍBA;GO;ALIMENTÍCIOS;SUDESTE;01/09/2023;15;CELG;0.45;171.095883;0.0;171.095883
202408;101281;BARAO SUPERMERCADOS;BARAO ESPECIALIDADES & DISTRIBUIDORA DE ALIMENTOS SA;965713;Barao Supermerc LJ13;28790260000127;APARECIDA DE GOIÂNIA;GO;COMÉRCIO;SUDESTE;01/10/2023;15;CELG;0.13;66.090811;0.0;66.090811
202408;101281;BARAO SUPERMERCADOS;BARAO ESPECIALIDADES & DISTRIBUIDORA DE ALIMENTOS SA;966025;Barao Supermerc LJ5;28790260000127;GOIÂNIA;GO;COMÉRCIO;SUDESTE;01/10/2023;15;CELG;0.099;36.381686;0.0;36.381686
202408;112066;VETOQUINOL;VETOQUINOL SAUDE ANIMAL LTDA.;966141;VETOQUINOL UC 185;60528742000388;APARECIDA DE GOIÂNIA;GO;MANUFATURADOS DIVERSOS;SUDESTE;01/10/2023;15;CELG;0.06;8.84827;0.0;8.84827
202408;25518;B2W CE;AMERICANAS S.A - EM RECUPERACAO JUDICIAL;966201;AMER 1529;00776574180626;CERES;GO;COMÉRCIO;SUDESTE;01/12/2023;66348;CHESP DIST;0.087;9.266348;0.0;9.266348
202408;60443;VIAVAREJO;GRUPO CASAS BAHIA S.A.;966444;Filial 1320 - CATALÃ;33041260108526;CATALÃO;GO;COMÉRCIO;SUDESTE;01/11/2023;15;CELG;0.105;8.346593;0.0;8.346593
202408;62344;DASA;DIAGNOSTICOS DA AMERICA S.A .;966531;D364 - AT BUENO (UC;61486650032468;GOIÂNIA;GO;SERVIÇOS;SUDESTE;01/11/2023;15;CELG;0.03;3.749455;0.0;3.749455
202408;4574;BRASIL TELE SE;OI S.A. - EM RECUPERACAO JUDICIAL;966720;ID UC 20009 - UC 483;76535764032851;;GO;TELECOMUNICAÇÕES;SUDESTE;01/11/2023;15;CELG;0.045;31.067024;0.0;31.067024
202408;100962;ITAU AMR I5 SE;ITAU UNIBANCO S.A.;966667;4316_URUACU-GO (UC 6;60701190200618;URUAÇU;GO;SERVIÇOS;SUDESTE;01/11/2023;15;CELG;0.034;8.072232;0.0;8.072232
202408;119535;STOCK TECH ITUMBIARA;STOCK TECH S.A. ARMAZENS GERAIS;967273;STOCK TECH ITUMBIARA;01306014003701;ITUMBIARA;GO;SERVIÇOS;SUDESTE;01/12/2023;15;CELG;0.4;186.904127;0.0;186.904127
202408;57253;ATACADAO DIA A DIA 007;ATACADAO DIA A DIA S.A;967497;DIA A DIA - GOIANESI;17457404002660;GOIANÉSIA;GO;COMÉRCIO;SUDESTE;01/12/2023;15;CELG;0.25;140.115777;0.0;140.115777
202408;25518;B2W CE;AMERICANAS S.A - EM RECUPERACAO JUDICIAL;968542;AMER 1406;00776574167794;PORANGATU;GO;COMÉRCIO;SUDESTE;01/01/2024;15;CELG;0.09;12.79231;0.0;12.79231
202408;64343;C CE COCARI;COCARI - COOPERATIVA AGROPECUARIA E INDUSTRIAL;970489;COCARI - CAMPO ALEGR;78956968000183;CAMPO ALEGRE DE GOIÁS;GO;COMÉRCIO;SUDESTE;01/01/2024;15;CELG;0.26;26.270316;0.0;26.270316
202408;119391;TRANSPORTES FITEBALDI;TRANSPORTES FITEBALDI LTDA;970726;Transportes Fitebald;02382105000188;APARECIDA DE GOIÂNIA;GO;TRANSPORTE;SUDESTE;01/01/2024;15;CELG;0.665;143.026209;0.0;143.026209
202408;107781;PAGUE MENOS LIVRE I100;EMPREENDIMENTOS PAGUE MENOS S/A;970500;PAGUE MENOS CD GOIAS;06626253000151;HIDROLÂNDIA;GO;COMÉRCIO;SUDESTE;01/01/2024;15;CELG;0.5;87.633733;0.0;87.633733
202408;37878;BRK GO;BRK AMBIENTAL - GOIAS S.A.;974952;GOC - ETE SAPO - 100;18123402000300;RIO VERDE;GO;SANEAMENTO;SUDESTE;01/04/2024;15;CELG;0.5;48.805658;0.0;48.805658
202408;105683;CENCOSUD BRASIL 126 SE;CENCOSUD BRASIL COMERCIAL S.A.;975633;CENCOSUD LOJA 651;39346861023617;GOIÂNIA;GO;COMÉRCIO;SUDESTE;01/04/2024;15;CELG;0.273;78.635586;0.0;78.635586
202408;105683;CENCOSUD BRASIL 126 SE;CENCOSUD BRASIL COMERCIAL S.A.;975672;CENCOSUD LOJA 658;39346861024346;GOIÂNIA;GO;COMÉRCIO;SUDESTE;01/04/2024;15;CELG;0.285;78.285411;0.0;78.285411
202408;95048;ARROZ VASCONCELOS;VASCONCELOS INDUSTRIA, COMERCIO, IMPORTACAO E EXPORTACAO LTDA.;976131;ARROZ VASCONCELOS CA;03647755000685;CATALÃO;GO;ALIMENTÍCIOS;SUDESTE;01/04/2024;15;CELG;0.345;84.114746;0.0;84.114746
202408;30493;SANEAGO;SANEAMENTO DE GOIAS S/A;977778;SANEAGO - UC 3009218;01616929000102;INHUMAS;GO;SANEAMENTO;SUDESTE;01/05/2024;15;CELG;0.11;45.524037;0.0;45.524037
202408;139083;AGROPECUARIA BOA VISTA CL;AGROPECUARIA BOA VISTA DO RIO CLARO LTDA;978652;AGROPECUARIA BOA VIS;33131684000110;JATAÍ;GO;ALIMENTÍCIOS;SUDESTE;01/05/2024;15;CELG;1.8;5.767172;0.0;5.767172
202408;128049;FRIGOIAS;FRIGOIAS INDUSTRIA & COMERCIO DE CARNE LTDA;983598;FRIGOIAS 20469524;07779699000189;ANÁPOLIS;GO;ALIMENTÍCIOS;SUDESTE;01/07/2024;15;CELG;0.28;134.006716;0.0;134.006716
202408;68479;BIG BOX DF;SAO CRISTOVAO INVESTIMENTOS E PARTICIPACOES S/A;986042;ULTRABOX BRASILINHA;08492764000153;PLANALTINA;GO;SERVIÇOS;SUDESTE;01/08/2024;15;CELG;0.15;93.887096;0.0;93.887096
202408;1131;SERRA GRANDE;MINERACAO SERRA GRANDE S A;7587;MSG MIN SERRA GDE CR;42445403000194;CRIXAS;GO;EXTRAÇÃO DE MINERAIS METÁLICOS;SUDESTE;01/02/2005;15;CELG;13.5;9389.171134;0.0;9389.171134
202408;85393;UTE CODORA CL;ALBIOMA CODORA ENERGIA S.A;902254;ALBIOMA CODORA C;07966116000129;GOIANÉSIA;GO;SERVIÇOS;SUDESTE;01/08/2016;15;CELG;2.5;130.840184;0.0;130.840184
202408;66343;BRF 335 MINEIROS CL;BRF S.A.;902954;BRF MINEIROS GO;01838723018255;MINEIROS;GO;ALIMENTÍCIOS;SUDESTE;01/08/2016;15;CELG;10.0;4408.561563;0.0;4408.561563
202408;99698;ARAGUAIA SHOPPING CL;MAIA E BORBA S/A;899832;ARAGUAIA SHOPPING;01850114000193;GOIÂNIA;GO;SERVIÇOS;SUDESTE;01/06/2016;15;CELG;1.65;702.182013;0.0;702.182013
202408;87928;GOIANIA SHOPPING CL 514;CONDOMINIO DE ADMINISTRACAO DO GOIANIA SHOPPING;901049;GOIANIA SHOPPING;00902073000179;GOIÂNIA;GO;SERVIÇOS;SUDESTE;01/07/2016;15;CELG;2.16;870.133489;0.0;870.133489
202408;98716;CONSERVAS OLE CL 514;ANGELO AURICCHIO COMPANHIA LTDA;901438;CONSERVAS OLE MORRIN;62598586000861;MORRINHOS;GO;ALIMENTÍCIOS;SUDESTE;01/08/2016;15;CELG;1.55;869.638894;0.0;869.638894
202408;39249;LACTALIS ITUMBIARA EI SE;LACTALIS DO BRASIL - COMERCIO, IMPORTACAO E EXPORTACAO DE LATICINIOS LTDA.;906366;ELEBAT ITUMBIARA;14049467002265;ITUMBIARA;GO;ALIMENTÍCIOS;SUDESTE;01/12/2016;15;CELG;0.08;12.899612;0.0;12.899612
202408;50978;ATACADAO CL2;ATACADAO S.A.;908381;MAKRO LOJA 56;75315333029948;APARECIDA DE GOIÂNIA;GO;COMÉRCIO;SUDESTE;01/04/2017;15;CELG;0.5;183.219744;0.0;183.219744
202408;45736;RIVIERA PARK CL 514;RIVIERA PARK THERMAS FLAT SERVICE;909331;WT CONST RIVER PARK;18256799000147;CALDAS NOVAS;GO;SERVIÇOS;SUDESTE;01/06/2017;15;CELG;0.72;237.49927;0.0;237.49927
202408;68162;PIFPAFFPGO;RIO BRANCO ALIMENTOS S/A;909467;RIO BRANCO ALIM;05017780001844;PALMEIRAS DE GOIÁS;GO;ALIMENTÍCIOS;SUDESTE;01/07/2017;15;CELG;4.69;1350.54425;0.0;1350.54425
202408;67428;TEUTOUNI2;LABORATORIO TEUTO BRASILEIRO S/A;906940;LABORATORIO TEUTO BR;17159229000176;ANÁPOLIS;GO;MANUFATURADOS DIVERSOS;SUDESTE;01/01/2017;15;CELG;4.55;2846.320762;0.0;2846.320762
202408;30087;RENNER SE;LOJAS RENNER S.A.;909785;RENNER LOJA 129;92754738013655;ANÁPOLIS;GO;COMÉRCIO;SUDESTE;01/07/2017;15;CELG;0.245;42.81952;0.0;42.81952
202408;68098;FACULDADES ALFA;CENTRO EDUCACIONAL ALVES FARIA LTDA.;908852;FAC ALFA JOAO VAZ;02850990000182;GOIÂNIA;GO;SERVIÇOS;SUDESTE;01/05/2017;15;CELG;0.85;111.687751;0.0;111.687751
202408;99718;REBIC CL 514;REBIC EMBALAGENS INDUSTRIA E COMERCIO LTDA;908827;REBIC IND EMBALAGENS;01370480000145;TRINDADE;GO;MANUFATURADOS DIVERSOS;SUDESTE;01/05/2017;15;CELG;1.65;575.902521;0.0;575.902521
202408;30087;RENNER SE;LOJAS RENNER S.A.;911226;RENNER LOJA 127;92754738013302;APARECIDA DE GOIÂNIA;GO;COMÉRCIO;SUDESTE;01/12/2017;15;CELG;0.22;49.52811;0.0;49.52811
202408;31223;WALMART BRASIL CL 514;WMB SUPERMERCADOS DO BRASIL LTDA.;910579;WALMART 1008 SUPERCE;00063960004783;GOIÂNIA;GO;COMÉRCIO;SUDESTE;01/10/2017;15;CELG;1.225;465.148093;0.0;465.148093
202408;99704;ROAN ALIMENTOS CL 514;ROAN ALIMENTOS LTDA;920911;ROAN ALIMENTOS - FIL;01687284000441;LEOPOLDO DE BULHÕES;GO;ALIMENTÍCIOS;SUDESTE;01/01/2019;15;CELG;0.5;18.737644;0.0;18.737644
202408;72861;HERING EI SE;CIA. HERING;912440;HERING CD;78876950011025;ANÁPOLIS;GO;COMÉRCIO;SUDESTE;01/02/2018;15;CELG;0.512;226.719076;0.0;226.719076
202408;46065;COSPLASTIC CL 514;EVOLUM INDUSTRIA E COMERCIO DE EMBALAGENS LTDA;922395;COSPLASTIC - APARECI;37305471000118;APARECIDA DE GOIÂNIA;GO;MANUFATURADOS DIVERSOS;SUDESTE;01/02/2019;15;CELG;0.65;169.496693;0.0;169.496693
202408;65991;BREJEIRO;PRODUTOS ALIMENTICIOS ORLANDIA S A COMERCIO E INDUSTRIA;922793;BREJ ANÁPOLIS RECEBI;53309845000200;ANÁPOLIS;GO;ALIMENTÍCIOS;SUDESTE;01/03/2019;15;CELG;0.5;76.181399;0.0;76.181399
202408;79161;JBS COUROS CL SE;JBS S/A;918263;JBS COUROS - ITUMBIA;02916265009892;ITUMBIARA;GO;MANUFATURADOS DIVERSOS;SUDESTE;01/10/2018;2226;CELG GERATRANS;4.3;1656.619942;0.0;1656.619942
202408;99644;SARKIS CL 514;SARKIS MINERACAO LTDA;922886;SARKIS;03163210000431;PADRE BERNARDO;GO;MINERAIS NÃO-METÁLICOS;SUDESTE;01/03/2019;15;CELG;1.7;357.920854;0.0;357.920854
202408;46245;PEDRA BRITADA CL 514;PEDRA BRITADA INDUSTRIA E COMERCIO LIMITADA;923733;Pedra Britada Matriz;03991800000100;GOIANÁPOLIS;GO;MINERAIS NÃO-METÁLICOS;SUDESTE;01/05/2019;15;CELG;0.9;72.350007;0.0;72.350007
202408;54169;HERING SLMB;CIA. HERING;923983;HERING SLMB;78876950012340;SÃO LUÍS DE MONTES BELOS;GO;TÊXTEIS;SUDESTE;01/06/2019;15;CELG;0.82;211.567443;0.0;211.567443
202408;88128;TERMOPOT CL 514;TERMOPOT INDUSTRIA LTDA;912441;TERMOPOT;03569492000129;GOIÂNIA;GO;MANUFATURADOS DIVERSOS;SUDESTE;01/02/2018;15;CELG;2.0;441.558715;0.0;441.558715
202408;45682;ASOEC CL 514;ASSOCIACAO SALGADO DE OLIVEIRA DE EDUCACAO E CULTURA;912473;ASOEC GO;28638393000425;GOIÂNIA;GO;SERVIÇOS;SUDESTE;01/02/2018;15;CELG;0.55;69.756518;0.0;69.756518
202408;45895;GOLDEN DOLPHIN RESORT CL 514;CONDOMINIO GOLDEN DOLPHIN RESORT;915555;GOLDEN DOLPHIN;08638257000185;CALDAS NOVAS;GO;SERVIÇOS;SUDESTE;01/08/2018;15;CELG;0.5;136.667672;0.0;136.667672
202408;23655;YPE - QUIMICA ANAPOLIS CL 514;QUIMICA AMPARO LTDA;917939;QUÍMICA YPÊ ANÁPOLIS;43461789000786;ANÁPOLIS;GO;QUÍMICOS;SUDESTE;01/09/2018;15;CELG;1.675;548.371918;0.0;548.371918
202408;31548;POLIGYN CL 514;POLI-GYN EMBALAGENS LTDA.;918721;POLIGYN EMBALAGENS;00072331000137;GOIÂNIA;GO;MANUFATURADOS DIVERSOS;SUDESTE;01/10/2018;15;CELG;1.135;524.188615;0.0;524.188615
202408;71814;CINEPOLIS;CINEPOLIS OPERADORA DE CINEMAS DO BRASIL LTDA.;918739;CINEPOLIS - GOIANIA;09652820004715;GOIÂNIA;GO;SERVIÇOS;SUDESTE;01/10/2018;15;CELG;0.3;42.477533;0.0;42.477533
202408;46580;OURO VERDE CL 514;OURO VERDE ALIMENTOS LTDA;924936;Ouro Verde Alimentos;03724291000159;MONTIVIDIU;GO;ALIMENTÍCIOS;SUDESTE;01/07/2019;15;CELG;0.62;263.939122;0.0;263.939122
202408;46467;CURTUME CO CL 514;CURTUME CENTRO OESTE LTDA;927607;Curtume Centro Oeste;26685958000157;SENADOR CANEDO;GO;MANUFATURADOS DIVERSOS;SUDESTE;01/09/2019;15;CELG;0.72;322.005862;0.0;322.005862
202408;31605;ITAMBEALIMEN CL 514;ITAMBE ALIMENTOS LTDA.;898069;ITAMBE GOIANIA I;16849231001690;GOIÂNIA;GO;ALIMENTÍCIOS;SUDESTE;01/02/2016;15;CELG;1.25;122.939912;0.0;122.939912
202408;95026;REMMACK;REMMACK FILMS INDUSTRIA E COMERCIO LTDA;919311;PLASTFORM CAIAPO		;07163516000104;GOIÂNIA;GO;MANUFATURADOS DIVERSOS;SUDESTE;01/12/2018;15;CELG;0.03;1.186082;0.0;1.186082
202408;99256;GOIAS RENDERING CL 514;GOIAS RENDERING S/A;932958;GOIAS RENDERING;19357388000100;TRINDADE;GO;ALIMENTÍCIOS;SUDESTE;01/12/2019;15;CELG;1.5;644.160392;0.0;644.160392
202408;62592;LF PLASTICOS ESP;LF PLASTICOS LTDA;933168;LF PLÁSTICOS;06947499000206;APARECIDA DE GOIÂNIA;GO;MANUFATURADOS DIVERSOS;SUDESTE;01/01/2020;15;CELG;0.42;1.416189;0.0;1.416189
202408;88208;SUPERVI;SUPERVI DISTRIBUIDOR DE ALIMENTOS LTDA;933950;LOJA 4 - CENTRO;07503617000411;ANÁPOLIS;GO;COMÉRCIO;SUDESTE;01/02/2020;15;CELG;0.09;35.47693;0.0;35.47693
202408;100018;BRASIL TELECOMCL 514 23;OI S.A. - EM RECUPERACAO JUDICIAL;933946;UC 16812920 - CAEL;76535764032851;GOIÂNIA;GO;TELECOMUNICAÇÕES;SUDESTE;01/02/2020;15;CELG;0.958;23.151352;0.0;23.151352
202408;88208;SUPERVI;SUPERVI DISTRIBUIDOR DE ALIMENTOS LTDA;933947;LOJA 2 - JARDIM GOIA;07503617000250;ANÁPOLIS;GO;COMÉRCIO;SUDESTE;01/02/2020;15;CELG;0.16;78.322423;0.0;78.322423
202408;32060;MARAJOARA CL 514;MARAJOARA INDUSTRIA DE LATICINIOS LTDA;936145;MARAJOARA LEITE COND;24849580000154;HIDROLÂNDIA;GO;ALIMENTÍCIOS;SUDESTE;01/05/2020;15;CELG;0.5;255.189691;0.0;255.189691
202408;46944;CALCILANDIA CL;CALCILANDIA MINERACAO LTDA;936390;CALCILANDIA UC 28300;05291545000118;GOIÁS;GO;MINERAIS NÃO-METÁLICOS;SUDESTE;01/05/2020;15;CELG;0.812;395.780492;0.0;395.780492
202408;86666;COMERCIAL REIS;COMERCIAL REIS LTDA;937789;Loja Reis 15;03044201000774;RIO VERDE;GO;COMÉRCIO;SUDESTE;01/07/2020;15;CELG;0.12;67.007702;0.0;67.007702
202408;25518;B2W CE;AMERICANAS S.A - EM RECUPERACAO JUDICIAL;938088;LASA Loja 306;00776574130289;RIO VERDE;GO;COMÉRCIO;SUDESTE;01/08/2020;15;CELG;0.119;18.116395;0.0;18.116395
202408;90524;C CE SUPERMERCADOS CAMPEAO;CABRAL E MAIA LTDA;938180;CAMPEÃO LJ2-63058622;37630118000103;RIO VERDE;GO;COMÉRCIO;SUDESTE;01/08/2020;15;CELG;0.104;44.208802;0.0;44.208802
202408;47517;MINERACAO BOM JESUS CL 514;MINERACAO BOM JESUS LTDA;938475;LUZIANIA;07245544000162;LUZIÂNIA;GO;BEBIDAS;SUDESTE;01/08/2020;15;CELG;0.71;272.343818;0.0;272.343818
202408;47152;ARTE TRIGO CL 514;ARTE TRIGO INDUSTRIAL LTDA;939130;ARTE TRIGO;16366878000185;CAMPO LIMPO DE GOIÁS;GO;ALIMENTÍCIOS;SUDESTE;01/09/2020;15;CELG;1.0;772.354273;0.0;772.354273
202408;95945;BEAPLAST;BEAPLAST INDUSTRIA E COMERCIO LTDA;939131;Beaplast 01;33667336000161;FORMOSA;GO;COMÉRCIO;SUDESTE;01/09/2020;15;CELG;0.2;36.291402;0.0;36.291402
202408;86578;TATICO SETOR CENTRO OESTE;CENTRO OESTE COMERCIAL DE ALIMENTOS LTDA;939624;TATICO PORTAL SHOPPI;24447350000320;GOIÂNIA;GO;COMÉRCIO;SUDESTE;01/10/2020;15;CELG;0.26;136.376594;0.0;136.376594
202408;99292;COMIGO-MATRIZ LIVRE;COOPERATIVA AGROINDUSTRIAL DOS PRODUTORES RURAIS DO SUDOESTE GOIANO;939715;COM-BOM JARDIM;02077618004849;JATAÍ;GO;SERVIÇOS;SUDESTE;01/10/2020;15;CELG;0.6;151.093576;0.0;151.093576
202408;93905;COMIGO-MATRIZ ESPECIAL;COOPERATIVA AGROINDUSTRIAL DOS PRODUTORES RURAIS DO SUDOESTE GOIANO;939716;COM-INDIARA;02077618002471;INDIARA;GO;SERVIÇOS;SUDESTE;01/10/2020;15;CELG;0.24;36.189983;0.0;36.189983
202408;100287;JL LATICINIOSCL 514 23;LATICINIOS J L LTDA;940667;Laticinios JL Ltda;16005431000180;ORIZONA;GO;ALIMENTÍCIOS;SUDESTE;01/12/2020;15;CELG;0.65;314.453558;0.0;314.453558
202408;62298;BRASIL CENTER;BRASILCENTER COMUNICACOES LTDA;940666;BRASIL C - CELG-D A;02917443000258;GOIÂNIA;GO;SERVIÇOS;SUDESTE;01/12/2020;15;CELG;0.36;97.058586;0.0;97.058586
202408;4574;BRASIL TELE SE;OI S.A. - EM RECUPERACAO JUDICIAL;940694;UC 20243492 - ANAPOL;76535764032851;ANÁPOLIS;GO;TELECOMUNICAÇÕES;SUDESTE;01/12/2020;15;CELG;0.123;65.5162;0.0;65.5162
202408;89866;CARAMURU ARMAZENS GO;CARAMURU ALIMENTOS  S/A;940835;CARAMURU ARMAZ VRD 2;00080671004440;RIO VERDE;GO;SERVIÇOS;SUDESTE;01/12/2020;15;CELG;0.25;19.249273;0.0;19.249273
202408;48767;MINERACAONOVAESPERANCACL514;MINERACAO NOVA ESPERANCA LTDA;941392;MINERAÇÃO NOV A ESPE;12021400000162;PROFESSOR JAMIL;GO;MINERAIS NÃO-METÁLICOS;SUDESTE;01/01/2021;15;CELG;0.5;122.192695;0.0;122.192695
202408;95859;SUPERMERCADO PRO BRASIL;SUPERMERCADO PRO BRASIL LTDA;941285;SUPERMERCADO PRO BRA;37629995000245;GOIÂNIA;GO;COMÉRCIO;SUDESTE;01/01/2021;15;CELG;0.15;62.738737;0.0;62.738737
202408;4574;BRASIL TELE SE;OI S.A. - EM RECUPERACAO JUDICIAL;941354;UC 12217268 - ALVRDA;76535764032851;GOIÂNIA;GO;TELECOMUNICAÇÕES;SUDESTE;01/01/2021;15;CELG;0.098;39.281554;0.0;39.281554
202408;95859;SUPERMERCADO PRO BRASIL;SUPERMERCADO PRO BRASIL LTDA;941344;PRO BRASIL BALNEARIO;37629995000598;GOIÂNIA;GO;COMÉRCIO;SUDESTE;01/01/2021;15;CELG;0.14;52.1132;0.0;52.1132
202408;47694;BEEF MASTER CL 514;PCH COMERCIO DE CARNES LTDA;942362;BEEF MASTER;09429354000120;;GO;ALIMENTÍCIOS;SUDESTE;01/02/2021;15;CELG;0.5;221.026171;0.0;221.026171
202408;92484;MAGAZINE LUIZA - I5;MAGAZINE LUIZA S/A;943002;MAGAZINE L -  LJ 479;47960950048400;CALDAS NOVAS;GO;COMÉRCIO;SUDESTE;01/03/2021;15;CELG;0.054;8.333668;0.0;8.333668
202408;88264;ATACADAO DIA A DIA;ATACADAO DIA A DIA S.A;943568;LUZIÂNIA;17457404000705;LUZIÂNIA;GO;COMÉRCIO;SUDESTE;01/04/2021;15;CELG;0.2;154.187041;0.0;154.187041
202408;47940;SEMENTES GOIAS 174 CL;SEMENTES GOIAS LTDA;943835;SEMENTES GOIAS 174 -;03482332000148;RIO VERDE;GO;METALURGIA E PRODUTOS DE METAL;SUDESTE;01/04/2021;15;CELG;0.99;294.292439;0.0;294.292439
202408;47776;CALCARIO NORTE SUL CL;CALCARIO NORTE-SUL LTDA;944616;CALCARIO NORTE SUL;17439238000110;CAMPINORTE;GO;MINERAIS NÃO-METÁLICOS;SUDESTE;01/05/2021;15;CELG;0.5;94.37306;0.0;94.37306
202408;72262;RIACHUELO LT 2 SE/CO;LOJAS RIACHUELO SA;944858;RCHLO - GOIANIA - LO;33200056042143;GOIÂNIA;GO;COMÉRCIO;SUDESTE;01/06/2021;15;CELG;0.125;35.434226;0.0;35.434226
202408;31523;CALBRAX GO CL 514;CALBRAX CALCARIO AGRICOLA LTDA;944954;CALBRAX GO;07638538000175;;GO;MINERAIS NÃO-METÁLICOS;SUDESTE;01/06/2021;15;CELG;1.0;617.923911;0.0;617.923911
202408;88264;ATACADAO DIA A DIA;ATACADAO DIA A DIA S.A;945010;DIA A DIA - SANTO AN;17457404000888;SANTO ANTÔNIO DO DESCOBERTO;GO;COMÉRCIO;SUDESTE;01/06/2021;15;CELG;0.15;108.765714;0.0;108.765714
202408;71708;DU PONT CL;CORTEVA AGRISCIENCE DO BRASIL LTDA.;945004;DU PONT - ITUMBIARA;61064929003275;ITUMBIARA;GO;ALIMENTÍCIOS;SUDESTE;01/06/2021;15;CELG;1.3;651.227058;0.0;651.227058
202408;25101;ADUBOS ARAGUAIA;ARAGUAIA S.A.;945333;ADUBOS CATALAO - UC;03306578001130;CATALÃO;GO;QUÍMICOS;SUDESTE;01/06/2021;15;CELG;0.196;37.936573;0.0;37.936573
202408;48072;WINDOR CL 514;WINDOR - INDUSTRIA E COMERCIO DE METAIS LTDA;945474;JARDIM ELDORADO;27800666000261;APARECIDA DE GOIÂNIA;GO;METALURGIA E PRODUTOS DE METAL;SUDESTE;01/07/2021;15;CELG;0.89;184.136504;0.0;184.136504
202408;3124;SANTANDER EI;BANCO SANTANDER (BRASIL) S.A.;945491;001-0966 - B JUNDIAI;90400888000142;ANÁPOLIS;GO;SERVIÇOS;SUDESTE;01/07/2021;15;CELG;0.034;8.60528;0.0;8.60528
202408;99292;COMIGO-MATRIZ LIVRE;COOPERATIVA AGROINDUSTRIAL DOS PRODUTORES RURAIS DO SUDOESTE GOIANO;946223;COM-CAIAPÔNIA;02077618004687;CAIAPÔNIA;GO;SERVIÇOS;SUDESTE;01/08/2021;15;CELG;0.85;86.03017;0.0;86.03017
202408;96164;CENTRO OESTE OLEO QUIMICA;CENTRO OESTE OLEO QUIMICA LTDA;946269;ETERBINO;08251405000104;ANÁPOLIS;GO;QUÍMICOS;SUDESTE;01/08/2021;15;CELG;0.22;107.48863;0.0;107.48863
202408;3124;SANTANDER EI;BANCO SANTANDER (BRASIL) S.A.;947488;001-3444 - GOIANIA-C;90400888000142;GOIÂNIA;GO;SERVIÇOS;SUDESTE;01/10/2021;15;CELG;0.088;14.645926;0.0;14.645926
202408;63301;ATACADAO 2;ATACADAO S.A.;947493;ATACADAO LJ 232;75315333023230;APARECIDA DE GOIÂNIA;GO;COMÉRCIO;SUDESTE;01/10/2021;15;CELG;0.135;30.372172;0.0;30.372172
202408;3124;SANTANDER EI;BANCO SANTANDER (BRASIL) S.A.;947548;001-3015 - PCA DO AV;90400888000142;ANÁPOLIS;GO;SERVIÇOS;SUDESTE;01/10/2021;15;CELG;0.09;12.520508;0.0;12.520508
202408;48279;NUTRIEX CL 514;NUTRIEX INDUSTRIA DE NUTRACEUTICOS LTDA;947520;NUTRIEX INDUSTRIA DE;22966065000129;GOIÂNIA;GO;ALIMENTÍCIOS;SUDESTE;01/10/2021;15;CELG;0.9;260.227764;0.0;260.227764
202408;97248;CENTAURO I5 SE;SBF COMERCIO DE PRODUTOS ESPORTIVOS S.A.;948711;CE266 - PASSEIO DAS;06347409033179;GOIÂNIA;GO;COMÉRCIO;SUDESTE;01/12/2021;15;CELG;0.1;16.179304;0.0;16.179304
202408;63677;RENNER MATRIZ SUDESTE;LOJAS RENNER S.A.;948816;RNR454_Jatahy Shoppi;92754738039883;JATAÍ;GO;COMÉRCIO;SUDESTE;01/12/2021;15;CELG;0.16;25.87411;0.0;25.87411
202408;4574;BRASIL TELE SE;OI S.A. - EM RECUPERACAO JUDICIAL;948794;UC 2860030354 - VALP;76535764032851;VALPARAÍSO DE GOIÁS;GO;TELECOMUNICAÇÕES;SUDESTE;01/12/2021;15;CELG;0.09;54.523453;0.0;54.523453
202408;48577;SHOPPING CATALAO CL 514;ASSOCIACAO CATALAO SHOPPING;949212;SHOPPING CATALAO - U;38025518000152;CATALÃO;GO;SERVIÇOS;SUDESTE;01/12/2021;15;CELG;0.65;174.802599;0.0;174.802599
202408;30383;AVESUI NESP;AGROINDUSTRIA DE ALIMENTOS AVESUI LTDA;949268;AVESUI - UC 10035238;22940015000172;MORRINHOS;GO;ALIMENTÍCIOS;SUDESTE;01/12/2021;15;CELG;4.0;1283.907547;0.0;1283.907547
202408;97248;CENTAURO I5 SE;SBF COMERCIO DE PRODUTOS ESPORTIVOS S.A.;949310;CE94 - APARECIDA DE;06347409011523;APARECIDA DE GOIÂNIA;GO;COMÉRCIO;SUDESTE;01/01/2022;15;CELG;0.048;12.580005;0.0;12.580005
202408;83042;CARGILL PGA SE;CARGILL AGRICOLA S A;949775;Cargill Catalão;60498706040884;CATALÃO;GO;ALIMENTÍCIOS;SUDESTE;01/01/2022;15;CELG;0.39;8.120317;0.0;8.120317
202408;48413;TREVO AGROINDUSTRIAL CL 514;TREVO AGROINDUSTRIAL LTDA;949852;Trevo Agroindustrial;03872306000126;INHUMAS;GO;ALIMENTÍCIOS;SUDESTE;01/01/2022;15;CELG;0.5;169.459655;0.0;169.459655
202408;93109;COSTA MULTICANAL;COSTA MULTICANAL S/A;950211;COSTA MULTICANAL INH;27289076000640;GOIÂNIA;GO;COMÉRCIO;SUDESTE;01/02/2022;15;CELG;0.42;155.586131;0.0;155.586131
202408;48657;SANEAGO LIVRE;SANEAMENTO DE GOIAS S/A;951022;EEAT Cascalho - Goiâ;01616929000102;GOIÂNIA;GO;SANEAMENTO;SUDESTE;01/03/2022;15;CELG;0.963;592.860184;0.0;592.860184
202408;48575;TETRAPET CL 514;TETRAPET COMERCIO DE EMBALAGENS LTDA;951011;TETRAPET INDUSTRIA;11635146000120;ANÁPOLIS;GO;MANUFATURADOS DIVERSOS;SUDESTE;01/03/2022;15;CELG;0.5;127.646249;0.0;127.646249
202408;26907;CEREAL OURO;CEREAL OURO SEMENTES LTDA;951180;CEREAL OURO A 951180;04712017000122;RIO VERDE;GO;ALIMENTÍCIOS;SUDESTE;01/04/2022;15;CELG;0.39;130.928524;0.0;130.928524
202408;37946;BRF 482 JATAI CE;BRF S.A.;952152;BRF - GRAOS JATAI;01838723017607;JATAÍ;GO;COMÉRCIO;SUDESTE;01/05/2022;15;CELG;0.299;17.941263;0.0;17.941263
202408;38077;GENNIUS GOIANIA EI SE;GRUPO GENNIUS BRASIL PRODUCAO E COMERCIALIZACAO DE ALIMENTOS S.A;952223;HABIBS GOIANIA - UC;27665906001587;APARECIDA DE GOIÂNIA;GO;ALIMENTÍCIOS;SUDESTE;01/05/2022;15;CELG;0.123;17.859422;0.0;17.859422
202408;38272;CONDUTTI;CONDUTTI INDUSTRIA DE FIOS E CABOS ESPECIAIS LTDA;953834;CONDUTTI;09041432000115;ANÁPOLIS;GO;MANUFATURADOS DIVERSOS;SUDESTE;01/07/2022;15;CELG;0.5;143.818539;0.0;143.818539
202408;40329;LDC BRASIL JATAI KM 71;LOUIS DREYFUS COMPANY BRASIL S.A.;954314;LDC BR - JATAI - UC;47067525012033;JATAÍ;GO;ALIMENTÍCIOS;SUDESTE;01/08/2022;15;CELG;0.11;4.788567;0.0;4.788567
202408;44198;JOFEGE AUTOPRODUTOR;JOFEGE MINERACAO LTDA;954619;JOFEGE;86924701000132;VILA PROPÍCIO;GO;MINERAIS NÃO-METÁLICOS;SUDESTE;01/08/2022;15;CELG;1.5;390.138314;0.0;390.138314
202408;52766;LDC BRASIL PLANALTO;LOUIS DREYFUS COMPANY BRASIL S.A.;957234;LDC BR - PLANALTO -;47067525015806;MONTIVIDIU;GO;ALIMENTÍCIOS;SUDESTE;01/12/2022;15;CELG;0.1;5.662351;0.0;5.662351
202408;30672;AGREX - GOIATUBA ADM;AGREX DO BRASIL LTDA.;957181;AGREX - Goiatuba ADM;10515785000350;GOIATUBA;GO;ALIMENTÍCIOS;SUDESTE;01/12/2022;15;CELG;0.35;123.932787;0.0;123.932787
202408;44206;ODERICH ALIMENTOS CL;ODERICH ALIMENTOS LTDA;957576;ODERICH ALIMENTOS LT;14855352000133;LUZIÂNIA;GO;ALIMENTÍCIOS;SUDESTE;01/12/2022;15;CELG;1.2;774.131772;0.0;774.131772
202408;60443;VIAVAREJO;GRUPO CASAS BAHIA S.A.;958482;FILIAL 1333 - SERRIN;33041260109093;GOIÂNIA;GO;COMÉRCIO;SUDESTE;01/02/2023;15;CELG;0.08;10.518945;0.0;10.518945
202408;43498;RUMO RIO VERDE;RUMO MALHA CENTRAL S.A.;959624;TERMINAL RIO VERDE;33572408000197;RIO VERDE;GO;TRANSPORTE;SUDESTE;01/03/2023;15;CELG;3.5;1317.709415;0.0;1317.709415
202408;52103;CAVA;CAVA- COMERCIAL ATACADISTA E VAREJISTA DE ALIMENTOS LTDA;959697;CAVA - CATALAO;36770574000277;CATALÃO;GO;COMÉRCIO;SUDESTE;01/03/2023;15;CELG;0.25;118.988093;0.0;118.988093
202408;57733;RACOES BEM BOM LIVRE;COMERCIO RACOES BEM BOM LTDA;959753;RACOES BEM BOM;41324359000100;GOIANÉSIA;GO;ALIMENTÍCIOS;SUDESTE;01/03/2023;15;CELG;1.0;335.053257;0.0;335.053257
202408;51062;NARDINI AGROINDUSTRIAL;NARDINI AGROINDUSTRIAL LTDA;959807;NARDINI CONSUMO;48708267001560;APORÉ;GO;MINERAIS NÃO-METÁLICOS;SUDESTE;01/04/2023;4144;LTI;2.0;25.680496;0.0;25.680496
202408;39176;CENCOSUD BRASIL 104 SE;CENCOSUD BRASIL COMERCIAL S.A.;959972;CENCOSUD LOJA 552;39346861023102;GOIÂNIA;GO;COMÉRCIO;SUDESTE;01/04/2023;15;CELG;0.185;98.880624;0.0;98.880624
202408;39176;CENCOSUD BRASIL 104 SE;CENCOSUD BRASIL COMERCIAL S.A.;959970;CENCOSUD LOJA 648;39346861025903;APARECIDA DE GOIÂNIA;GO;COMÉRCIO;SUDESTE;01/04/2023;15;CELG;0.276;93.294686;0.0;93.294686
202408;39176;CENCOSUD BRASIL 104 SE;CENCOSUD BRASIL COMERCIAL S.A.;960691;CENCOSUD LOJA 551;39346861023021;GOIÂNIA;GO;COMÉRCIO;SUDESTE;01/05/2023;15;CELG;0.252;66.58426;0.0;66.58426
202408;39176;CENCOSUD BRASIL 104 SE;CENCOSUD BRASIL COMERCIAL S.A.;960671;CENCOSUD LOJA 640;39346861025660;FORMOSA;GO;COMÉRCIO;SUDESTE;01/05/2023;15;CELG;0.29;77.076872;0.0;77.076872
202408;104619;CRD DIAGNOSTICOS CL 514;CRD - CENTRO DE RECURSOS DIAGNOSTICOS LTDA;961065;ACIDENTADOS - UC 144;01269430000176;GOIÂNIA;GO;SERVIÇOS;SUDESTE;01/05/2023;15;CELG;0.2;63.110789;0.0;63.110789
202408;100962;ITAU AMR I5 SE;ITAU UNIBANCO S.A.;961829;4340_GOIANIA-CAMPINA;60701190198370;GOIÂNIA;GO;SERVIÇOS;SUDESTE;01/06/2023;15;CELG;0.068;13.724469;0.0;13.724469
202408;52403;REDE LUCAS;REDE LUCAS DE SUPERMERCADOS LTDA;962074;Loja 04 UC 690356833;06894782000489;ITUMBIARA;GO;COMÉRCIO;SUDESTE;01/06/2023;15;CELG;0.17;81.658021;0.0;81.658021
202408;25518;B2W CE;AMERICANAS S.A - EM RECUPERACAO JUDICIAL;964427;AMER 1244;00776574167522;GOIANÉSIA;GO;COMÉRCIO;SUDESTE;01/09/2023;15;CELG;0.076;13.566336;0.0;13.566336
202408;25518;B2W CE;AMERICANAS S.A - EM RECUPERACAO JUDICIAL;964754;AMER 112;00776574119714;CALDAS NOVAS;GO;COMÉRCIO;SUDESTE;01/09/2023;15;CELG;0.075;15.523702;0.0;15.523702
202408;25518;B2W CE;AMERICANAS S.A - EM RECUPERACAO JUDICIAL;964835;AMER 1067;00776574016745;FORMOSA;GO;COMÉRCIO;SUDESTE;01/09/2023;15;CELG;0.09;6.807133;0.0;6.807133
202408;25518;B2W CE;AMERICANAS S.A - EM RECUPERACAO JUDICIAL;964891;AMER 1260;00776574167603;MINEIROS;GO;COMÉRCIO;SUDESTE;01/09/2023;15;CELG;0.09;14.747772;0.0;14.747772
202408;25518;B2W CE;AMERICANAS S.A - EM RECUPERACAO JUDICIAL;964913;AMER 1049;00776574009374;;GO;COMÉRCIO;SUDESTE;01/09/2023;15;CELG;0.09;12.478198;0.0;12.478198
202408;101281;BARAO SUPERMERCADOS;BARAO ESPECIALIDADES & DISTRIBUIDORA DE ALIMENTOS SA;965026;Barao Superme 965026;28790260000127;APARECIDA DE GOIÂNIA;GO;COMÉRCIO;SUDESTE;01/09/2023;15;CELG;0.157;69.027938;0.0;69.027938
202408;102529;UNIDOCKS;UNIDOCK'S ASSESSORIA E LOGISTICA DE MATERIAIS LTDA;965781;Aparecida de Goiânia;00233065005650;APARECIDA DE GOIÂNIA;GO;SERVIÇOS;SUDESTE;01/10/2023;15;CELG;0.6;200.330809;0.0;200.330809
202408;105965;SGB BRASILIT ABADIANIA CL;SAINT-GOBAIN DO BRASIL PRODUTOS INDUSTRIAIS E PARA CONSTRUCAO LTDA;965864;SGB BRASILIT ABADIAN;61064838016994;ABADIÂNIA;GO;MINERAIS NÃO-METÁLICOS;SUDESTE;01/10/2023;15;CELG;1.2;420.949283;0.0;420.949283
202408;3846;BRASIL TELECOM;OI S.A. - EM RECUPERACAO JUDICIAL;965913;ID UC 19064 - UC 137;76535764032851;GOIÂNIA;GO;TELECOMUNICAÇÕES;SUDESTE;01/10/2023;15;CELG;0.046;20.235899;0.0;20.235899
202408;99292;COMIGO-MATRIZ LIVRE;COOPERATIVA AGROINDUSTRIAL DOS PRODUTORES RURAIS DO SUDOESTE GOIANO;965967;COMIGO IPORÁ;02077618004334;;GO;COMÉRCIO;SUDESTE;01/10/2023;15;CELG;1.0;133.010712;0.0;133.010712
202408;60443;VIAVAREJO;GRUPO CASAS BAHIA S.A.;966424;1895 - CD HIDROLÂNDI;33041260160447;HIDROLÂNDIA;GO;COMÉRCIO;SUDESTE;01/11/2023;15;CELG;0.2;44.906014;0.0;44.906014
202408;60443;VIAVAREJO;GRUPO CASAS BAHIA S.A.;966479;Filial 1699 - ITUMBI;33041260136066;ITUMBIARA;GO;COMÉRCIO;SUDESTE;01/11/2023;15;CELG;0.095;12.974139;0.0;12.974139
202408;66054;VILLEFORT;CEMA CENTRAL MINEIRA ATACADISTA LTDA;966780;VILLEFORT RECANTO;03083231004272;GOIÂNIA;GO;COMÉRCIO;SUDESTE;01/11/2023;15;CELG;0.225;142.822303;0.0;142.822303
202408;102785;BRITAGRAN;BRITAGRAN BRITAS E GRANITOS MINERADORA LTDA;966900;BRITAGRAN;08528222000193;NOVA VENEZA;GO;MINERAIS NÃO-METÁLICOS;SUDESTE;01/11/2023;15;CELG;0.58;62.671788;0.0;62.671788
202408;117662;TF EMBALAGENS GO;TF EMBALAGENS LTDA;970194;TF Embalagens Ltda;41413565000188;APARECIDA DE GOIÂNIA;GO;MANUFATURADOS DIVERSOS;SUDESTE;01/01/2024;15;CELG;0.5;187.0851;0.0;187.0851
202408;83937;DE HEUS;DE HEUS INDUSTRIA E COMERCIO DE NUTRICAO ANIMAL LTDA;970543;DE HEUS ITABERAI - U;02513991001022;ITABERAÍ;GO;ALIMENTÍCIOS;SUDESTE;01/02/2024;15;CELG;0.12;62.392396;0.0;62.392396
202408;60788;UTEPORTODAGUAS CL;CERRADINHO BIOENERGIA S.A.;971840;PORTO AGUAS II CARGA;08322396000103;CHAPADÃO DO CÉU;GO;MINERAIS NÃO-METÁLICOS;SUDESTE;01/02/2024;4144;LTI;7.0;157.67844;0.0;157.67844
202408;109491;HOSPITAL SÃO FRANCISCO;HOSPITAL SAO FRANCISCO DE ASSIS LTDA;972578;Hospital São Francis;01625151000106;GOIÂNIA;GO;SERVIÇOS;SUDESTE;01/02/2024;15;CELG;0.5;109.198682;0.0;109.198682
202408;93905;COMIGO-MATRIZ ESPECIAL;COOPERATIVA AGROINDUSTRIAL DOS PRODUTORES RURAIS DO SUDOESTE GOIANO;972918;COMIGO IMPLEMENTOS;02077618004172;RIO VERDE;GO;COMÉRCIO;SUDESTE;01/03/2024;15;CELG;0.06;7.297408;0.0;7.297408
202408;128202;URUACU;RUBIATABA INDUSTRIAL S.A.;974062;RUBIATABA INDUSTRIAL;03347747000370;URUAÇU;GO;MINERAIS NÃO-METÁLICOS;SUDESTE;01/03/2024;15;CELG;0.5;6.52639;0.0;6.52639
202408;93905;COMIGO-MATRIZ ESPECIAL;COOPERATIVA AGROINDUSTRIAL DOS PRODUTORES RURAIS DO SUDOESTE GOIANO;974967;COMIGO PARAÚNA 2;02077618002129;PARAÚNA;GO;COMÉRCIO;SUDESTE;01/04/2024;15;CELG;0.06;16.695805;0.0;16.695805
202408;105683;CENCOSUD BRASIL 126 SE;CENCOSUD BRASIL COMERCIAL S.A.;975595;CENCOSUD LOJA 541;39346861022807;GOIÂNIA;GO;COMÉRCIO;SUDESTE;01/04/2024;15;CELG;0.252;71.428674;0.0;71.428674
202408;105683;CENCOSUD BRASIL 126 SE;CENCOSUD BRASIL COMERCIAL S.A.;975678;CENCOSUD LOJA 615;39346861024850;GOIÂNIA;GO;COMÉRCIO;SUDESTE;01/04/2024;15;CELG;0.352;132.32709;0.0;132.32709
202408;3729;PERNAMBUCANAS;ARTHUR LUNDGREN TECIDOS S A CASAS PERNAMBUCANAS;976257;Pernam - Itumbiara;61099834030340;ITUMBIARA;GO;COMÉRCIO;SUDESTE;01/04/2024;15;CELG;0.075;9.018875;0.0;9.018875
202408;126380;GOIANESIA CALCARIO;GOIANESIA CALCARIO DOLOMITICO LTDA;976597;GOIANESIA CALCARIO -;13867739000228;VILA PROPÍCIO;GO;MINERAIS NÃO-METÁLICOS;SUDESTE;01/04/2024;15;CELG;1.2;290.972867;0.0;290.972867
202408;118422;CRV GO;CRV INDUSTRIAL LTDA;977390;CRV GO;03937452000192;CARMO DO RIO VERDE;GO;ALIMENTÍCIOS;SUDESTE;01/05/2024;66348;CHESP DIST;0.95;5.728464;0.0;5.728464
202408;30493;SANEAGO;SANEAMENTO DE GOIAS S/A;977808;SANEAGO - UC 2960007;01616929000102;PLANALTINA;GO;SANEAMENTO;SUDESTE;01/05/2024;15;CELG;0.27;150.385855;0.0;150.385855
202408;30493;SANEAGO;SANEAMENTO DE GOIAS S/A;979245;SANEAGO - UC 1500253;01616929000102;MORRINHOS;GO;SANEAMENTO;SUDESTE;01/06/2024;15;CELG;0.243;146.387049;0.0;146.387049
202408;30493;SANEAGO;SANEAMENTO DE GOIAS S/A;981369;SANEAGO - UC 2000448;01616929000102;APARECIDA DE GOIÂNIA;GO;SANEAMENTO;SUDESTE;01/07/2024;15;CELG;0.3;169.840734;0.0;169.840734
202408;128049;FRIGOIAS;FRIGOIAS INDUSTRIA & COMERCIO DE CARNE LTDA;983562;FRIGOIAS 10009266877;07779699000189;ANÁPOLIS;GO;ALIMENTÍCIOS;SUDESTE;01/07/2024;15;CELG;0.22;35.866075;0.0;35.866075
202408;11732;SJC BIOENERGIA CL;SJC BIOENERGIA LTDA;71543;QUIRINOPOLIS CONSUMO;10249419000135;QUIRINÓPOLIS;GO;SERVIÇOS;SUDESTE;01/07/2011;4078;TER;6.0;18.350486;0.0;18.350486
202408;132544;CMOC FOSFATO OUVIDOR CATALAO;CMOC BRASIL MINERACAO, INDUSTRIA E PARTICIPACOES LTDA.;7498;COPEBRAS OUVIDOR;26108898000533;OUVIDOR;GO;MINERAIS NÃO-METÁLICOS;SUDESTE;01/12/2004;15;CELG;28.5;15776.176555;0.0;15776.176555
202408;1851;MARACA;MINERACAO MARACA INDUSTRIA E COMERCIO S/A;70232;MARACA MINERACAO;86902053000113;ALTO HORIZONTE;GO;EXTRAÇÃO DE MINERAIS METÁLICOS;SUDESTE;01/09/2006;2226;CELG GERATRANS;45.4;30967.183546;0.0;30967.183546
202408;106402;MINERACAO MACEDO;MINERACAO MACEDO LTDA;7148;MINERAÇÃO MACEDO;48656146000116;GOIÁS;GO;EXTRAÇÃO DE MINERAIS METÁLICOS;SUDESTE;01/01/2006;145323;ELETROBRAS FURNAS;2.7;460.815963;0.0;460.815963
202408;1374;SAMA;SAMA S.A. - MINERACOES ASSOCIADAS EM RECUPERACAO JUDICIAL;7465;SAMA-MINACU-GO;15104599000180;MINAÇU;GO;MINERAIS NÃO-METÁLICOS;SUDESTE;01/11/2004;15;CELG;10.7;4928.574383;0.0;4928.574383
202408;58827;BIO JATAI CL;BIOENERGIA JATAI LTDA.;889679;JATAI - CONSUMO;18686104000167;JATAÍ;GO;MINERAIS NÃO-METÁLICOS;SUDESTE;01/04/2013;4078;TER;6.0;117.012907;0.0;117.012907
202408;51592;JBS COUROS CL SE 5;JBS S/A;903713;JBS COUROS MONTES BE;02916265007849;SÃO LUÍS DE MONTES BELOS;GO;MANUFATURADOS DIVERSOS;SUDESTE;01/09/2016;15;CELG;0.85;460.267147;0.0;460.267147
202408;65398;GELNEX CL SE;GELNEX INDUSTRIA E COMERCIO LTDA;902744;GELNEX NAZARIO;02001597000203;NAZÁRIO;GO;ALIMENTÍCIOS;SUDESTE;01/08/2016;15;CELG;4.05;1985.706412;0.0;1985.706412
202408;60806;GEOLAB;GEOLAB INDUSTRIA FARMACEUTICA S/A;900896;GEOLAB;03485572000104;ANÁPOLIS;GO;MANUFATURADOS DIVERSOS;SUDESTE;01/07/2016;15;CELG;2.25;1337.730753;0.0;1337.730753
202408;62541;PIRACANJUBA GO;LATICINIOS BELA VISTA S.A.;901046;LATICINIOS BELA VIST;02089969000530;BELA VISTA DE GOIÁS;GO;ALIMENTÍCIOS;SUDESTE;01/07/2016;15;CELG;7.62;4830.542952;0.0;4830.542952
202408;30963;NESTLE GOIANIA CL;NESTLE NORDESTE ALIMENTOS E BEBIDAS LTDA.;901553;DPAM GOIANIA;08334818000829;GOIÂNIA;GO;ALIMENTÍCIOS;SUDESTE;01/07/2016;15;CELG;2.0;821.9672;0.0;821.9672
202408;82644;BRF 349 JATAI CL;BRF S.A.;909309;BRF - FRIG AVES JATA;01838723018840;JATAÍ;GO;ALIMENTÍCIOS;SUDESTE;01/06/2017;15;CELG;3.025;698.446133;0.0;698.446133
202408;116357;MOSAIC - RIO VERDE;MOSAIC FERTILIZANTES DO BRASIL LTDA.;909697;MOSAIC RIO VERDE;61156501020777;RIO VERDE;GO;QUÍMICOS;SUDESTE;01/07/2017;15;CELG;0.35;49.283857;0.0;49.283857
202408;113237;ITALAC EI;GOIASMINAS INDUSTRIA DE LATICINIOS LTDA;908211;ITALAC CORUMBAIBA;01257995000133;CORUMBAÍBA;GO;ALIMENTÍCIOS;SUDESTE;01/03/2017;15;CELG;6.5;3651.478282;0.0;3651.478282
202408;66602;HERINGER;FERTILIZANTES HERINGER S.A.;910848;CATALAO;22266175004094;CATALÃO;GO;QUÍMICOS;SUDESTE;01/11/2017;15;CELG;0.28;15.908905;0.0;15.908905
202408;32242;MIN PIRINESPUS NESP;MINERACAO PIRINEUS LTDA;907178;MINERACAO PIRINEUS;37588415000308;COCALZINHO DE GOIÁS;GO;MINERAIS NÃO-METÁLICOS;SUDESTE;01/01/2017;15;CELG;1.325;9.421302;0.0;9.421302
202408;27493;PIRACANJUBA QJO2 GO;LATICINIOS BELA VISTA S.A.;911299;PIRACANJUBA QJO2;02089969001692;BELA VISTA DE GOIÁS;GO;SERVIÇOS;SUDESTE;01/12/2017;15;CELG;0.2;75.770862;0.0;75.770862
202408;85889;REFRESCOS BAND IND CL 514;REFRESCOS BANDEIRANTES INDUSTRIA E COMERCIO LTDA;911287;Refrescos Bandeirant;03380763001507;TRINDADE;GO;BEBIDAS;SUDESTE;01/12/2017;15;CELG;2.8;1472.546063;0.0;1472.546063
202408;76906;BRF 331 RIO VERDE CL;BRF S.A.;907020;BRF RIO VERDE;01838723017283;RIO VERDE;GO;ALIMENTÍCIOS;SUDESTE;01/01/2017;15;CELG;32.256;15237.513312;0.0;15237.513312
202408;71708;DU PONT CL;CORTEVA AGRISCIENCE DO BRASIL LTDA.;910524;DU PONT-FORMOSA-GO;61064929003780;FORMOSA;GO;ALIMENTÍCIOS;SUDESTE;01/10/2017;15;CELG;5.27;1926.855287;0.0;1926.855287
202408;7322;HAVAN SE;HAVAN S.A;904048;HAVAN VALPARAISO 74;79379491007781;VALPARAÍSO DE GOIÁS;GO;COMÉRCIO;SUDESTE;01/09/2016;15;CELG;0.39;74.607976;0.0;74.607976
202408;85509;BRASIL TELECOM LIVRE SE/CO;OI S.A. - EM RECUPERACAO JUDICIAL;919555;BR 153;76535764032851;GOIÂNIA;GO;TELECOMUNICAÇÕES;SUDESTE;01/12/2018;15;CELG;1.822;580.639337;0.0;580.639337
202408;27492;PIRACANJUBA JATAI GO;LATICINIOS BELA VISTA S.A.;904059;PIRACANJUBA JATAI;02089969002826;JATAÍ;GO;ALIMENTÍCIOS;SUDESTE;01/09/2016;15;CELG;0.39;63.902788;0.0;63.902788
202408;140003;MILHAO RIO VERDE;MILHAO INDUSTRIA E COMERCIO DE INGREDIENTES E CEREAIS S.A.;904698;LDC BRASIL RIO VERDE;08647384000655;RIO VERDE;GO;ALIMENTÍCIOS;SUDESTE;01/10/2016;15;CELG;4.6;119.069759;0.0;119.069759
202408;16502;BPBUNGE TRP CL;TROPICAL BIOENERGIA S.A.;891502;TROPICAL CONSUMO;08195806000194;EDEIA;GO;MINERAIS NÃO-METÁLICOS;SUDESTE;01/01/2014;4078;TER;4.0;20.452051;0.0;20.452051
202408;107235;MINEIROS;MARFRIG GLOBAL FOODS S.A.;922371;MARFRIG MINEIROS;03853896001200;MINEIROS;GO;ALIMENTÍCIOS;SUDESTE;01/02/2019;15;CELG;4.2;1907.314039;0.0;1907.314039
202408;29965;GERRESHEIMER MATRIZ;''GERRESHEIMER PLASTICOS SAO PAULO LTDA.'';912861;GERRESHEIMER GPP;04797661000493;ANÁPOLIS;GO;MANUFATURADOS DIVERSOS;SUDESTE;01/03/2018;15;CELG;5.0;3394.308657;0.0;3394.308657
202408;46146;GOVIDROS CL 514;GOVIDROS COMERCIAL GOIANIA DE VIDROS LTDA;922545;Govidros Com. Goiâni;02104503000302;APARECIDA DE GOIÂNIA;GO;COMÉRCIO;SUDESTE;01/02/2019;15;CELG;0.755;105.295442;0.0;105.295442
202408;99682;SERRA BRANCA CL 514;MINERACAO DE CALCARIO MONTIVIDIU LTDA;922519;MONTIVDIU - SERRA BR;02174951000536;INDIARA;GO;MINERAIS NÃO-METÁLICOS;SUDESTE;01/02/2019;15;CELG;1.75;514.836447;0.0;514.836447
202408;3999;C&A MODAS;C&A MODAS S.A.;923723;C&A MODAS LTDA. - RV;45242914035669;RIO VERDE;GO;COMÉRCIO;SUDESTE;01/05/2019;15;CELG;0.18;25.562839;0.0;25.562839
202408;46210;BRITENG CL 514;BRITENG BRITAGEM E CONSTRUCOES LTDA;923738;Briteng Ap Go;37878162000137;APARECIDA DE GOIÂNIA;GO;MINERAIS NÃO-METÁLICOS;SUDESTE;01/05/2019;15;CELG;0.73;117.915388;0.0;117.915388
202408;32500;DISTRIB ARAGUAIA ANAPOLIS CL;CDA ALIMENTOS S.A. EM RECUPERACAO JUDICIAL;904844;DIST ARAGUAIA ANAPOL;26651646000122;ANÁPOLIS;GO;SERVIÇOS;SUDESTE;01/10/2016;15;CELG;1.28;171.903919;0.0;171.903919
202408;98333;ALISUL ANAPOLIS CL;ALISUL ALIMENTOS SA;906616;ALISUL ANAPOLIS;89548523001403;ANÁPOLIS;GO;ALIMENTÍCIOS;SUDESTE;01/12/2016;15;CELG;1.69;536.226263;0.0;536.226263
202408;68095;OPEN MALL;J&L REAL ESTATE LTDA;913594;STREET MALL;09531384000143;GOIÂNIA;GO;SERVIÇOS;SUDESTE;01/04/2018;15;CELG;0.25;62.866763;0.0;62.866763
202408;72381;CATUPIRY;LATICINIOS CATUPIRY LTDA;918741;CATUPIRY DOVERLÂNDIA;61087367001908;DOVERLÂNDIA;GO;ALIMENTÍCIOS;SUDESTE;01/10/2018;15;CELG;0.17;88.902719;0.0;88.902719
202408;99713;HALEX ISTAR CL 514;HALEX ISTAR INDUSTRIA FARMACEUTICA SA;904185;HALEX ISTAR;01571702000198;GOIÂNIA;GO;MANUFATURADOS DIVERSOS;SUDESTE;01/09/2016;15;CELG;1.7;981.928575;0.0;981.928575
202408;111754;CARGILL ITB CL514;CARGILL AGRICOLA S A;906365;CARGILL AGRÍCOLA;60498706013054;ITUMBIARA;GO;ALIMENTÍCIOS;SUDESTE;01/12/2016;15;CELG;1.55;897.115145;0.0;897.115145
202408;31874;BONASA GO CL 514;BONASA ALIMENTOS LTDA EM;907173;BONASA GO;03573324002584;NOVA VENEZA;GO;ALIMENTÍCIOS;SUDESTE;01/01/2017;15;CELG;1.15;0.0;0.0;0.0
202408;85498;BEBIDAS IMPERIAL CL 514;INDUSTRIA E COMERCIO DE BEBIDAS IMPERIAL SA -;904825;BEBIDAS IMPERIAL;00552646000181;TRINDADE;GO;BEBIDAS;SUDESTE;01/10/2016;15;CELG;2.85;1057.711007;0.0;1057.711007
202408;46475;DANTAS MINERIOS CL 514;DANTAS MINERIOS LTDA;924935;Dantas Minérios Ltda;17833812000110;GUAPO;GO;MINERAIS NÃO-METÁLICOS;SUDESTE;01/07/2019;15;CELG;0.775;131.119827;0.0;131.119827
202408;51289;PIFPAFMATRIZ FAZ SAO JOSE CL;RIO BRANCO ALIMENTOS S/A;926324;PIF PAF-I FAZ S José;05017780002905;PARAÚNA;GO;ALIMENTÍCIOS;SUDESTE;01/09/2019;15;CELG;0.515;156.719314;0.0;156.719314
202408;92484;MAGAZINE LUIZA - I5;MAGAZINE LUIZA S/A;929200;MAGALU - LOJ274;47960950043602;CATALÃO;GO;COMÉRCIO;SUDESTE;01/11/2019;15;CELG;0.056;6.78557;0.0;6.78557
202408;64004;VCSA EDEALINA;VOTORANTIM CIMENTOS S.A.;905808;VCSA EDEALINA;01637895019232;EDEALINA;GO;MINERAIS NÃO-METÁLICOS;SUDESTE;01/11/2016;15;CELG;20.0;8238.81743;0.0;8238.81743
202408;88208;SUPERVI;SUPERVI DISTRIBUIDOR DE ALIMENTOS LTDA;933983;LOJA 8 - CENTRO;07503617000845;ANÁPOLIS;GO;COMÉRCIO;SUDESTE;01/02/2020;15;CELG;0.065;31.356024;0.0;31.356024
202408;82846;RIACHUELO LT 1 SE/CO;LOJAS RIACHUELO SA;933945;RCHLO LOJA 38;33200056006341;APARECIDA DE GOIÂNIA;GO;COMÉRCIO;SUDESTE;01/02/2020;15;CELG;0.28;73.050256;0.0;73.050256
202408;1477;ASSAI ATACADISTA;SENDAS DISTRIBUIDORA S/A;934743;SENDAS SE/CO - 140 (;06057223022906;GOIÂNIA;GO;COMÉRCIO;SUDESTE;01/03/2020;15;CELG;0.75;272.738585;0.0;272.738585
202408;48806;MONTIVIDIUPIRANHASPCL514;MINERACAO DE CALCARIO MONTIVIDIU LTDA;934998;MONTIVIDIU PIRANHAS;02174951000293;PIRANHAS;GO;COMÉRCIO;SUDESTE;01/03/2020;15;CELG;0.5;51.761759;0.0;51.761759
202408;84077;ACHE LABORATORIOS;ACHE LABORATORIOS FARMACEUTICOS SA;934996;MELCON;60659463003298;ANÁPOLIS;GO;COMÉRCIO;SUDESTE;01/03/2020;15;CELG;1.06;268.626638;0.0;268.626638
202408;82528;L MERLIN 2 SE;LEROY MERLIN COMPANHIA BRASILEIRA DE BRICOLAGEM;935467;Leroy Merlin Goiânia;01438784001926;GOIÂNIA;GO;COMÉRCIO;SUDESTE;01/04/2020;15;CELG;0.54;176.590906;0.0;176.590906
202408;90988;MPL INDUSTRIA;MPL INDUSTRIA E COMERCIO DE ROUPAS LTDA;935836;MPL 10006310450;08007677000163;APARECIDA DE GOIÂNIA;GO;TÊXTEIS;SUDESTE;01/04/2020;15;CELG;0.205;15.828102;0.0;15.828102
202408;46781;CVL TEMPERA CL 514;CVL TEMPERA DE VIDROS LTDA;936009;CVL;13498295000110;APARECIDA DE GOIÂNIA;GO;MINERAIS NÃO-METÁLICOS;SUDESTE;01/04/2020;15;CELG;0.5;135.129663;0.0;135.129663
202408;87014;C CE TFLEX;TFLEX INDUSTRIA E COMERCIO DE TUBOS LTDA;936146;TFLEX UC 10011497066;17496722000181;IPAMERI;GO;MANUFATURADOS DIVERSOS;SUDESTE;01/05/2020;15;CELG;0.25;182.912387;0.0;182.912387
202408;49033;C CL CENTROESTE PLASTICOS;CENTROESTE COMERCIO DE PLASTICOS LTDA;936391;CENTROESTE - UC 1000;10544065000151;GOIÂNIA;GO;SANEAMENTO;SUDESTE;01/05/2020;15;CELG;0.5;200.033719;0.0;200.033719
202408;92091;LOPES VIANDELLI;LOPES VIANDELLI PRODUTOS ALIMENTICIOS LTDA;937130;LOPES V. LOJA 1;26910752000426;GOIANÉSIA;GO;COMÉRCIO;SUDESTE;01/06/2020;15;CELG;0.18;83.935573;0.0;83.935573
202408;92070;ITUMBIARA TEXTIL;ITUMBIARA INDUSTRIA TEXTIL LTDA;937203;Itumbiara Indústria;11457217000141;ITUMBIARA;GO;TÊXTEIS;SUDESTE;01/06/2020;15;CELG;0.5;204.460976;0.0;204.460976
202408;1477;ASSAI ATACADISTA;SENDAS DISTRIBUIDORA S/A;937464;SENDAS SE/CO - 84 (G;06057223034319;GOIÂNIA;GO;COMÉRCIO;SUDESTE;01/07/2020;15;CELG;0.53;149.016264;0.0;149.016264
202408;86668;VD FABRICA DE VIDROS;VD FABRICA DE VIDROS TEMPERADOS LTDA;937775;VD Fabrica de Vidros;17385003000193;APARECIDA DE GOIÂNIA;GO;MINERAIS NÃO-METÁLICOS;SUDESTE;01/07/2020;15;CELG;0.5;85.706949;0.0;85.706949
202408;48788;C CL MILLENIUM PLASTICOS;MILLENIUM PLASTICOS LTDA;937790;MILLENIUM - MATRIZ -;09620902000103;GOIÂNIA;GO;MANUFATURADOS DIVERSOS;SUDESTE;01/07/2020;15;CELG;0.65;142.537905;0.0;142.537905
202408;86666;COMERCIAL REIS;COMERCIAL REIS LTDA;937746;Loja 11;03044201001312;CATALÃO;GO;COMÉRCIO;SUDESTE;01/07/2020;15;CELG;0.149;48.574558;0.0;48.574558
202408;95945;BEAPLAST;BEAPLAST INDUSTRIA E COMERCIO LTDA;939119;BEAPLAST IND E COMER;33667336000161;FORMOSA;GO;COMÉRCIO;SUDESTE;01/09/2020;15;CELG;0.3;66.774621;0.0;66.774621
202408;3309;MARTINS;MARTINS COMERCIO E SERVICOS DE DISTRIBUICAO S/A;939623;MARTINS HIDROLANDIA;43214055004013;HIDROLÂNDIA;GO;COMÉRCIO;SUDESTE;01/10/2020;15;CELG;0.136;64.028533;0.0;64.028533
202408;99292;COMIGO-MATRIZ LIVRE;COOPERATIVA AGROINDUSTRIAL DOS PRODUTORES RURAIS DO SUDOESTE GOIANO;939729;COM-PONTE DE PEDRA;02077618003443;RIO VERDE;GO;SERVIÇOS;SUDESTE;01/10/2020;15;CELG;1.225;89.156856;0.0;89.156856
202408;4574;BRASIL TELE SE;OI S.A. - EM RECUPERACAO JUDICIAL;940696;UC 11071072 - CAM G;76535764032851;GOIÂNIA;GO;TELECOMUNICAÇÕES;SUDESTE;01/12/2020;15;CELG;0.16;65.900629;0.0;65.900629
202408;47398;LUZIANIA RENDERING CL 514;LUZIANIA RENDERING LTDA;940867;LUZIANIA RENDERING;24000570000140;LUZIÂNIA;GO;ALIMENTÍCIOS;SUDESTE;01/12/2020;15;CELG;0.5;128.545946;0.0;128.545946
202408;32243;FRIGORIFICO BEAUVALLET CL 514;BEAUVALLET GOIAS ALIMENTOS LTDA;940932;FRIGORIFICO BEAUVALL;35156596000106;INHUMAS;GO;ALIMENTÍCIOS;SUDESTE;01/12/2020;15;CELG;1.4;878.966703;0.0;878.966703
202408;4574;BRASIL TELE SE;OI S.A. - EM RECUPERACAO JUDICIAL;941358;UC 11071114 GOIANIA;76535764032851;GOIÂNIA;GO;TELECOMUNICAÇÕES;SUDESTE;01/01/2021;15;CELG;0.19;70.013318;0.0;70.013318
202408;89866;CARAMURU ARMAZENS GO;CARAMURU ALIMENTOS  S/A;942084;CARAMURU ARMAZENS JA;00080671004601;JATAÍ;GO;SERVIÇOS;SUDESTE;01/02/2021;15;CELG;0.3;35.432788;0.0;35.432788
202408;46083;MINERADORA AMERICAL CL 514;MINERADORA AMERICAL LTDA;943240;MINERACAO AMERICAL;04317119000143;POSSE;GO;MINERAIS NÃO-METÁLICOS;SUDESTE;01/03/2021;15;CELG;0.5;318.999068;0.0;318.999068
202408;98167;ABL ENERGIA;FMC ENERGIA LTDA;943813;FMC - PLAZA DORO SHO;35585168000190;GOIÂNIA;GO;SERVIÇOS;SUDESTE;01/04/2021;15;CELG;0.5;105.531115;0.0;105.531115
202408;28565;EKOPLASTIC;EKOPLASTIC INDUSTRIA DE EMBALAGENS LTDA;947648;EKOPLASTIC;09491921000179;APARECIDA DE GOIÂNIA;GO;MANUFATURADOS DIVERSOS;SUDESTE;01/10/2021;15;CELG;0.5;112.653474;0.0;112.653474
202408;63677;RENNER MATRIZ SUDESTE;LOJAS RENNER S.A.;948219;RNR097_SHOPPING BOUG;92754738010630;GOIÂNIA;GO;COMÉRCIO;SUDESTE;01/11/2021;15;CELG;0.055;10.785189;0.0;10.785189
202408;47986;CAFE RANCHEIRO CL 514;CAFE RANCHEIRO AGRO INDUSTRIAL LTDA;948413;Café Rancheiro Agro;02924249000119;ANÁPOLIS;GO;ALIMENTÍCIOS;SUDESTE;01/11/2021;15;CELG;0.9;663.966385;0.0;663.966385
202408;24882;ATACADAO DIA A DIA 002;ATACADAO DIA A DIA S.A;948781;DIA A DIA - CALDAS N;17457404001183;CALDAS NOVAS;GO;COMÉRCIO;SUDESTE;01/12/2021;15;CELG;0.24;179.906361;0.0;179.906361
202408;105241;C CL INTERFAST GOIAS;INTERFAST GOIAS SERVICOS E ARMAZENAMENTO DE GRAOS LTDA;948937;INTERFAST - VIANÓPOL;48759688000203;VIANÓPOLIS;GO;SERVIÇOS;SUDESTE;01/12/2021;15;CELG;0.65;22.334641;0.0;22.334641
202408;26879;ICO METAIS;EDSON LUCCA LTDA;948990;ICO METAIS UC 401891;14094415000186;TRINDADE;GO;MANUFATURADOS DIVERSOS;SUDESTE;01/12/2021;15;CELG;0.29;76.651025;0.0;76.651025
202408;33493;ZARA BRASIL SE;INDITEX BRASIL LTDA.;949974;ZR7059_FLAMBOYANT SH;02952485003164;GOIÂNIA;GO;COMÉRCIO;SUDESTE;01/01/2022;15;CELG;0.22;55.064982;0.0;55.064982
202408;96052;TRANSZILLI;TRANSPORTES E ARMAZENAGEM ZILLI LTDA;950813;TRANSZILLI  TRANZILO;81804684001824;APARECIDA DE GOIÂNIA;GO;TRANSPORTE;SUDESTE;01/03/2022;15;CELG;0.885;405.983552;0.0;405.983552
202408;93905;COMIGO-MATRIZ ESPECIAL;COOPERATIVA AGROINDUSTRIAL DOS PRODUTORES RURAIS DO SUDOESTE GOIANO;951472;COMIGO ARM. SERRANOP;02077618003796;SERRANÓPOLIS;GO;SERVIÇOS;SUDESTE;01/04/2022;15;CELG;0.25;4.125581;0.0;4.125581
202408;38045;BRF 488 ESTRELA DALVA CE;BRF S.A.;951445;BRF - GRAOS ESTRELA;01838723018174;JATAÍ;GO;COMÉRCIO;SUDESTE;01/04/2022;15;CELG;0.3;42.425548;0.0;42.425548
202408;86578;TATICO SETOR CENTRO OESTE;CENTRO OESTE COMERCIAL DE ALIMENTOS LTDA;952992;TATICO AGUAS L;24447350001300;;GO;COMÉRCIO;SUDESTE;01/06/2022;15;CELG;0.149;105.031414;0.0;105.031414
202408;60443;VIAVAREJO;GRUPO CASAS BAHIA S.A.;954125;Filial 527 - UC: 100;33041260053870;APARECIDA DE GOIÂNIA;GO;COMÉRCIO;SUDESTE;01/08/2022;15;CELG;0.05;6.826887;0.0;6.826887
202408;28120;NUTRISAL ESP;AGRO-TAURUS BRASIL, INDUSTRIA, COMERCIO, DISTRIBUICAO, AGROPECUARIA E TRANSPORTES LTDA;954617;NUTRISAL - UC 100073;26739698000155;RIO VERDE;GO;ALIMENTÍCIOS;SUDESTE;01/08/2022;15;CELG;0.25;44.028088;0.0;44.028088
202408;37878;BRK GO;BRK AMBIENTAL - GOIAS S.A.;954545;BRK GO - ETE EEE RIO;18123402000491;JATAÍ;GO;SANEAMENTO;SUDESTE;01/08/2022;15;CELG;0.1;128.180397;0.0;128.180397
202408;28120;NUTRISAL ESP;AGRO-TAURUS BRASIL, INDUSTRIA, COMERCIO, DISTRIBUICAO, AGROPECUARIA E TRANSPORTES LTDA;954587;2F ARMAZENS - UC 100;50147588000189;RIO VERDE;GO;SERVIÇOS;SUDESTE;01/08/2022;15;CELG;0.28;18.445836;0.0;18.445836
202408;101161;SM EMPREENDIMENTOS APE SOLAR;SM EMPREENDIMENTOS FARMACEUTICOS LTDA;954591;FAGRON - FSBR I;44015477000620;ANÁPOLIS;GO;MANUFATURADOS DIVERSOS;SUDESTE;01/08/2022;15;CELG;0.8;164.339239;0.0;164.339239
202408;37878;BRK GO;BRK AMBIENTAL - GOIAS S.A.;954592;BRK GO - EEE MIRANDA;18123402000220;TRINDADE;GO;SANEAMENTO;SUDESTE;01/08/2022;15;CELG;0.065;7.215971;0.0;7.215971
202408;39276;SAO SALVADOR AL;SAO SALVADOR ALIMENTOS S/A;954750;S SALVADOR AL 954750;03387396001484;SÃO FRANCISCO DE GOIÁS;GO;ALIMENTÍCIOS;SUDESTE;01/09/2022;15;CELG;0.93;365.78006;0.0;365.78006
202408;52787;LDC BRASIL MONTIVIDIU;LOUIS DREYFUS COMPANY BRASIL S.A.;957180;LDC BR - MONTIVIDIU;47067525007200;MONTIVIDIU;GO;ALIMENTÍCIOS;SUDESTE;01/12/2022;15;CELG;0.11;3.764869;0.0;3.764869
202408;30671;AGREX - GOIATUBA ARMAZEM;AGREX DO BRASIL LTDA.;957209;AGREX - Goiatuba Arm;10515785000350;GOIATUBA;GO;ALIMENTÍCIOS;SUDESTE;01/12/2022;15;CELG;0.16;14.787615;0.0;14.787615
202408;52729;LDC BR MINEIROS;LOUIS DREYFUS COMPANY BRASIL S.A.;957261;LDC BR - MINEIROS -;47067525014915;MINEIROS;GO;ALIMENTÍCIOS;SUDESTE;01/12/2022;15;CELG;0.14;10.848629;0.0;10.848629
202408;60443;VIAVAREJO;GRUPO CASAS BAHIA S.A.;957694;Filial 1331 - ST. CA;33041260108950;GOIÂNIA;GO;COMÉRCIO;SUDESTE;01/01/2023;15;CELG;0.17;25.584872;0.0;25.584872
202408;44864;LF PLASTICOS NESP;LF PLASTICOS LTDA;957869;LF PLÁSTICOS - FILIA;06947499000206;APARECIDA DE GOIÂNIA;GO;MANUFATURADOS DIVERSOS;SUDESTE;01/01/2023;15;CELG;1.0;237.822477;0.0;237.822477
202408;41165;EVOLVE;EVOLVE PARTICIPACOES EM SOCIEDADES S.A.;958232;EVOLVE - GOIÂNIA;34324641000113;GOIÂNIA;GO;SERVIÇOS;SUDESTE;01/01/2023;15;CELG;0.15;21.390372;0.0;21.390372
202408;41165;EVOLVE;EVOLVE PARTICIPACOES EM SOCIEDADES S.A.;958345;EVOLVE - FORMOSA;34324641000113;FORMOSA;GO;SERVIÇOS;SUDESTE;01/01/2023;15;CELG;0.1;23.43806;0.0;23.43806
202408;54810;NAUTICO LIVRE;NAUTICO HOTEIS E PARQUES LTDA;958392;NAUTICO;05513549000101;CALDAS NOVAS;GO;ALIMENTÍCIOS;SUDESTE;01/01/2023;15;CELG;0.5;113.408271;0.0;113.408271
202408;60443;VIAVAREJO;GRUPO CASAS BAHIA S.A.;958480;Filial 1324 - ANÁPOL;33041260108100;ANÁPOLIS;GO;COMÉRCIO;SUDESTE;01/02/2023;15;CELG;0.2;12.052334;0.0;12.052334
202408;62344;DASA;DIAGNOSTICOS DA AMERICA S.A .;958559;D650_AT VILA BRASILI;61486650028940;APARECIDA DE GOIÂNIA;GO;SERVIÇOS;SUDESTE;01/02/2023;15;CELG;0.14;62.876456;0.0;62.876456
202408;62761;TRA-FORTLEV-ES;FORTLEV INDUSTRIA E COMERCIO DE PLASTICOS LTDA;959435;FORTLEV GOIAS;10921911001004;ANÁPOLIS;GO;MANUFATURADOS DIVERSOS;SUDESTE;01/03/2023;15;CELG;0.3;246.441136;0.0;246.441136
202408;112544;CM DE OLIVEIRA ESPECIAL;CM DE OLIVEIRA LTDA;959569;Frigorifico CM Olive;35577404000127;INHUMAS;GO;ALIMENTÍCIOS;SUDESTE;01/03/2023;15;CELG;1.0;312.104838;0.0;312.104838
202408;52103;CAVA;CAVA- COMERCIAL ATACADISTA E VAREJISTA DE ALIMENTOS LTDA;959696;CAVA - MARACANA;36770574000196;ANÁPOLIS;GO;COMÉRCIO;SUDESTE;01/03/2023;15;CELG;0.25;112.333094;0.0;112.333094
202408;101481;WATER PARK LIVRE;ELDORADO WATER PARK LTDA;959720;WATER PARK;07329036000162;CALDAS NOVAS;GO;SERVIÇOS;SUDESTE;01/03/2023;15;CELG;0.5;63.65862;0.0;63.65862
202408;52102;SUPERMERCADO BRJ;SUPERMERCADO BRJ LTDA;959756;JARDIM GOIAS 959756;17350225000170;GOIÂNIA;GO;COMÉRCIO;SUDESTE;01/03/2023;15;CELG;0.25;103.574133;0.0;103.574133
202408;62344;DASA;DIAGNOSTICOS DA AMERICA S.A .;959886;D375 - AT CATEDRAL (;61486650031810;GOIÂNIA;GO;SERVIÇOS;SUDESTE;01/03/2023;15;CELG;0.03;3.222234;0.0;3.222234
202408;60806;GEOLAB;GEOLAB INDUSTRIA FARMACEUTICA S/A;960460;GEOLAB SITE II - UC;03485572000600;ANÁPOLIS;GO;MANUFATURADOS DIVERSOS;SUDESTE;01/05/2023;15;CELG;1.3;723.758907;0.0;723.758907
202408;39176;CENCOSUD BRASIL 104 SE;CENCOSUD BRASIL COMERCIAL S.A.;960710;CENCOSUD LOJA 554;39346861023536;CATALÃO;GO;COMÉRCIO;SUDESTE;01/05/2023;15;CELG;0.304;82.860332;0.0;82.860332
202408;122519;URBANO FORMOSA;URBANO AGROINDUSTRIAL LTDA;961332;NOBRE ALIMENTOS LTDA;84432111002100;FORMOSA;GO;ALIMENTÍCIOS;SUDESTE;01/05/2023;15;CELG;0.5;113.166858;0.0;113.166858
202408;38740;SUPERMERCADO FLORESTA;F G COMERCIAL DE ALIMENTOS LTDA;961284;SUPER FLOREST 961284;14200272000301;ANÁPOLIS;GO;COMÉRCIO;SUDESTE;01/05/2023;15;CELG;0.242;74.389921;0.0;74.389921
202408;146417;MADERO ESP SE;MADERO INDUSTRIA E COMERCIO S.A.;961917;MAD_072_MD_STH_FLAMB;13783221000478;GOIÂNIA;GO;ALIMENTÍCIOS;SUDESTE;01/06/2023;15;CELG;0.12;29.303137;0.0;29.303137
202408;52403;REDE LUCAS;REDE LUCAS DE SUPERMERCADOS LTDA;962112;REDE LUCAS LJ 11 (UC;06894782001108;RIO VERDE;GO;COMÉRCIO;SUDESTE;01/06/2023;15;CELG;0.095;44.427947;0.0;44.427947
202408;4574;BRASIL TELE SE;OI S.A. - EM RECUPERACAO JUDICIAL;962639;ID UC 18988 - UC 115;76535764032851;APARECIDA DE GOIÂNIA;GO;TELECOMUNICAÇÕES;SUDESTE;01/07/2023;15;CELG;0.093;54.401448;0.0;54.401448
202408;93706;UNIMED GO;UNIMED GOIANIA COOPERATIVA DE TRABALHO MEDICO;963281;JARDIM AMERICA (UC 1;02476067001285;GOIÂNIA;GO;SERVIÇOS;SUDESTE;01/08/2023;15;CELG;0.054;10.297308;0.0;10.297308
202408;93706;UNIMED GO;UNIMED GOIANIA COOPERATIVA DE TRABALHO MEDICO;963262;CENTRO ESPECIALIDADE;02476067000394;GOIÂNIA;GO;SERVIÇOS;SUDESTE;01/08/2023;15;CELG;0.133;28.329718;0.0;28.329718
202408;106005;P&G ALIMENTOS;P&G IND. DE ALIMENTOS LTDA;963519;P&G IND. DE ALIMENTO;36397139000168;BELA VISTA DE GOIÁS;GO;ALIMENTÍCIOS;SUDESTE;01/08/2023;15;CELG;0.5;188.467879;0.0;188.467879
202408;25518;B2W CE;AMERICANAS S.A - EM RECUPERACAO JUDICIAL;964247;AMER 190;00776574150395;APARECIDA DE GOIÂNIA;GO;COMÉRCIO;SUDESTE;01/09/2023;15;CELG;0.129;18.096463;0.0;18.096463
202408;93905;COMIGO-MATRIZ ESPECIAL;COOPERATIVA AGROINDUSTRIAL DOS PRODUTORES RURAIS DO SUDOESTE GOIANO;964477;COMIGO ADUTORA;02077618000266;RIO VERDE;GO;COMÉRCIO;SUDESTE;01/09/2023;15;CELG;0.09;43.020912;0.0;43.020912
202408;52403;REDE LUCAS;REDE LUCAS DE SUPERMERCADOS LTDA;964895;Loja 06  - UC 800269;06894782000640;QUIRINÓPOLIS;GO;COMÉRCIO;SUDESTE;01/09/2023;15;CELG;0.175;94.260947;0.0;94.260947
202408;25518;B2W CE;AMERICANAS S.A - EM RECUPERACAO JUDICIAL;964821;AMER 409;00776574119986;NOVO GAMA;GO;COMÉRCIO;SUDESTE;01/09/2023;15;CELG;0.075;8.976645;0.0;8.976645
202408;25518;B2W CE;AMERICANAS S.A - EM RECUPERACAO JUDICIAL;964898;AMER 1135;00776574130360;RIO VERDE;GO;COMÉRCIO;SUDESTE;01/09/2023;15;CELG;0.082;9.38858;0.0;9.38858
202408;101281;BARAO SUPERMERCADOS;BARAO ESPECIALIDADES & DISTRIBUIDORA DE ALIMENTOS SA;965009;Barao Superme 965009;28790260000127;GOIÂNIA;GO;COMÉRCIO;SUDESTE;01/09/2023;15;CELG;0.109;44.85646;0.0;44.85646
202408;101281;BARAO SUPERMERCADOS;BARAO ESPECIALIDADES & DISTRIBUIDORA DE ALIMENTOS SA;965025;Barao Superme 965025;28790260000127;GOIÂNIA;GO;COMÉRCIO;SUDESTE;01/09/2023;15;CELG;0.117;52.778697;0.0;52.778697
202408;86666;COMERCIAL REIS;COMERCIAL REIS LTDA;965917;Loja 18;03044201002041;QUIRINÓPOLIS;GO;COMÉRCIO;SUDESTE;01/10/2023;15;CELG;0.15;62.018689;0.0;62.018689
202408;3846;BRASIL TELECOM;OI S.A. - EM RECUPERACAO JUDICIAL;965960;ID UC 20011 - UC 483;76535764032851;;GO;TELECOMUNICAÇÕES;SUDESTE;01/10/2023;15;CELG;0.03;6.721717;0.0;6.721717
202408;3846;BRASIL TELECOM;OI S.A. - EM RECUPERACAO JUDICIAL;965986;ID UC 19068 - UC 139;76535764032851;MINEIROS;GO;TELECOMUNICAÇÕES;SUDESTE;01/10/2023;15;CELG;0.064;27.35772;0.0;27.35772
202408;60443;VIAVAREJO;GRUPO CASAS BAHIA S.A.;966425;Filial 1553 - RIO VE;33041260109417;RIO VERDE;GO;COMÉRCIO;SUDESTE;01/11/2023;15;CELG;0.1;13.245635;0.0;13.245635
202408;60443;VIAVAREJO;GRUPO CASAS BAHIA S.A.;966442;Filial 425 - ANÁPOLI;33041260000245;ANÁPOLIS;GO;COMÉRCIO;SUDESTE;01/11/2023;15;CELG;0.08;7.255081;0.0;7.255081
202408;98335;SLC AGRICOLA CL 514;SLC AGRICOLA S.A.;966651;SLC PAMPLONA ARM ALG;89096457001127;CRISTALINA;GO;ALIMENTÍCIOS;SUDESTE;01/11/2023;15;CELG;1.08;677.688122;0.0;677.688122
202408;100962;ITAU AMR I5 SE;ITAU UNIBANCO S.A.;966614;209_JATAI-GO (UC 290;60701190070064;JATAÍ;GO;SERVIÇOS;SUDESTE;01/11/2023;15;CELG;0.051;7.684538;0.0;7.684538
202408;4574;BRASIL TELE SE;OI S.A. - EM RECUPERACAO JUDICIAL;966612;ID UC 19003 - UC 120;76535764032851;LUZIÂNIA;GO;TELECOMUNICAÇÕES;SUDESTE;01/11/2023;15;CELG;0.055;35.484805;0.0;35.484805
202408;3729;PERNAMBUCANAS;ARTHUR LUNDGREN TECIDOS S A CASAS PERNAMBUCANAS;971417;Pernambucanas - Anap;61099834041466;ANÁPOLIS;GO;COMÉRCIO;SUDESTE;01/02/2024;15;CELG;0.14;9.704997;0.0;9.704997
202408;100962;ITAU AMR I5 SE;ITAU UNIBANCO S.A.;973787;875_GOIANIA-DERGO (U;60701190096705;GOIÂNIA;GO;SERVIÇOS;SUDESTE;01/03/2024;15;CELG;0.044;9.649794;0.0;9.649794
202408;86578;TATICO SETOR CENTRO OESTE;CENTRO OESTE COMERCIAL DE ALIMENTOS LTDA;974070;TATICO - LUZIANIA;24447350001645;LUZIÂNIA;GO;COMÉRCIO;SUDESTE;01/04/2024;15;CELG;0.25;137.783419;0.0;137.783419
202408;93109;COSTA MULTICANAL;COSTA MULTICANAL S/A;975091;COSTA LUZIANIA;27289076000135;LUZIÂNIA;GO;COMÉRCIO;SUDESTE;01/04/2024;15;CELG;0.3;131.946921;0.0;131.946921
202408;67874;ISOESTE;KINGSPAN - ISOESTE CONSTRUTIVOS ISOTERMICOS S/A;975147;ISOESTE ANAPOLIS I (;00289348000140;ANÁPOLIS;GO;METALURGIA E PRODUTOS DE METAL;SUDESTE;01/04/2024;15;CELG;0.4;135.749998;0.0;135.749998
202408;116157;GOIANESIA;USINA GOIANESIA S/A;975259;GOIANESIA;02460988000105;GOIANÉSIA;GO;ALIMENTÍCIOS;SUDESTE;01/04/2024;15;CELG;1.0;24.809777;0.0;24.809777
202408;30493;SANEAGO;SANEAMENTO DE GOIAS S/A;977475;SANEAGO - UC 1131312;01616929000102;GOIÂNIA;GO;SANEAMENTO;SUDESTE;01/05/2024;15;CELG;0.273;138.418767;0.0;138.418767
202408;93706;UNIMED GO;UNIMED GOIANIA COOPERATIVA DE TRABALHO MEDICO;979869;BEM TE VI (UC 148474;02476067002257;GOIÂNIA;GO;SERVIÇOS;SUDESTE;01/06/2024;15;CELG;0.097;12.219945;0.0;12.219945
202408;86666;COMERCIAL REIS;COMERCIAL REIS LTDA;982530;Loja 20;03044201002475;APARECIDA DE GOIÂNIA;GO;COMÉRCIO;SUDESTE;01/07/2024;15;CELG;0.136;81.926067;0.0;81.926067
202408;111757;CARGILL RVE CL514;CARGILL AGRICOLA S A;70409;CARGILL RVE R VERDE;60498706006600;RIO VERDE;GO;ALIMENTÍCIOS;SUDESTE;01/04/2007;15;CELG;5.717;3440.339547;0.0;3440.339547
202408;87004;ANGLO BARRO ALTO;ANGLO AMERICAN NIQUEL BRASIL LTDA;71155;ANGLO AMERICAN BARRO;42184226001101;BARRO ALTO;GO;METALURGIA E PRODUTOS DE METAL;SUDESTE;01/07/2010;145323;ELETROBRAS FURNAS;210.0;129171.765942;0.0;129171.765942
202408;3949;LASA;LASA LAGO AZUL SA;70621;LAGO AZUL AP;02678100000105;IPAMERI;GO;MINERAIS NÃO-METÁLICOS;SUDESTE;01/07/2008;15;CELG;1.7;751.201838;0.0;751.201838
202408;87851;COG-SPFRANGO CL 514;SAO SALVADOR ALIMENTOS S/A;72034;S FRANGO RAC ITABERI;03387396000240;ITABERAÍ;GO;ALIMENTÍCIOS;SUDESTE;01/05/2012;15;CELG;3.0;1179.516603;0.0;1179.516603
202408;28127;DAN VIGOR MATRIZ CL 6;DAN VIGOR INDUSTRIA E COMERCIO DE LATICINIOS LTDA;903575;VIGOR  - ANÁPOLIS;55566871000916;ANÁPOLIS;GO;COMÉRCIO;SUDESTE;01/09/2016;15;CELG;0.8;0.0;0.0;0.0
202408;57057;NEOVIA INHUMAS CL;NEOVIA NUTRICAO E SAUDE ANIMAL LTDA.;899143;NEOVIA - INHUMAS;18631739000167;INHUMAS;GO;ALIMENTÍCIOS;SUDESTE;01/05/2016;15;CELG;0.9;153.400951;0.0;153.400951
202408;85644;HEINZ CL 514;HEINZ BRASIL S.A.;900979;HEINZ BRASIL FABRICA;50955707000472;NERÓPOLIS;GO;ALIMENTÍCIOS;SUDESTE;01/07/2016;15;CELG;6.7;4500.419655;0.0;4500.419655
202408;44789;SEBO HIDROLANDIA CL 514;SEBO HIDROLANDIA INDUSTRIA E COMERCIO DE PRODUTOS ANIMAIS LTDA;904154;SEBO HIROLANDIA;08596902000144;HIDROLÂNDIA;GO;ALIMENTÍCIOS;SUDESTE;01/09/2016;15;CELG;1.0;358.44065;0.0;358.44065
202408;63301;ATACADAO 2;ATACADAO S.A.;908380;MAKRO LOJA 13;75315333030792;GOIÂNIA;GO;COMÉRCIO;SUDESTE;01/04/2017;15;CELG;0.27;169.066399;0.0;169.066399
202408;50914;FUGA COUROS HIDROLANDIA GO CL;FUGA S/A;904051;FUGA COUROS HIDRO;91302349001377;HIDROLÂNDIA;GO;MANUFATURADOS DIVERSOS;SUDESTE;01/09/2016;15;CELG;0.65;258.719424;0.0;258.719424
202408;45628;REBICA CL 514;REBICA INDUSTRIA E COMERCIO LTDA;908828;REBICA ANAPOLIS;00969944000252;ANÁPOLIS;GO;BEBIDAS;SUDESTE;01/05/2017;15;CELG;0.6;322.811398;0.0;322.811398
202408;100507;WMS SUPERCL 514 23;WMS SUPERMERCADOS DO BRASIL LTDA.;910560;WALMART NORTE;93209765049205;GOIÂNIA;GO;COMÉRCIO;SUDESTE;01/10/2017;15;CELG;0.685;261.374442;0.0;261.374442
202408;100260;HAVANCL 514 23;HAVAN S.A;904049;HAVAN RIO VERDE 77;79379491007943;RIO VERDE;GO;COMÉRCIO;SUDESTE;01/09/2016;15;CELG;0.5;109.066095;0.0;109.066095
202408;85107;LDC BRASIL ITUMBIARA CL SE;LOUIS DREYFUS COMPANY BRASIL S.A.;908057;LDC ITUMBIARA;47067525018406;ITUMBIARA;GO;ALIMENTÍCIOS;SUDESTE;01/03/2017;15;CELG;3.1;1892.000225;0.0;1892.000225
202408;66473;CARREFOUR EI3;CARREFOUR COMERCIO E INDUSTRIA LTDA;906410;CARREFOUR GOP;45543915034914;ANÁPOLIS;GO;COMÉRCIO;SUDESTE;01/12/2016;15;CELG;0.405;151.298941;0.0;151.298941
202408;32179;CONSERVAS ODERICH CL;CONSERVAS ODERICH SA;907158;ODERICH ORIZONA;97191902001085;ORIZONA;GO;ALIMENTÍCIOS;SUDESTE;01/01/2017;15;CELG;1.0;368.01289;0.0;368.01289
202408;31414;CALBRAS CL 514;MINERACAO DE CALCARIO MONTIVIDIU LTDA;922518;MINERACAO DE CALCARI;02174951000455;INDIARA;GO;MINERAIS NÃO-METÁLICOS;SUDESTE;01/02/2019;15;CELG;1.38;367.180987;0.0;367.180987
202408;29342;BIO BOA VISTA CL;BIOENERGETICA BOA VISTA S.A.;918131;USINA BOA VISTA - SE;24222394000190;QUIRINÓPOLIS;GO;MINERAIS NÃO-METÁLICOS;SUDESTE;01/04/2017;4078;TER;12.0;0.000618;0.0;0.000618
202408;84856;CENCOSUD BRASIL 016;CENCOSUD BRASIL COMERCIAL S.A.;923375;Loja 525;39346861034066;GOIÂNIA;GO;COMÉRCIO;SUDESTE;01/04/2019;15;CELG;0.159;68.773969;0.0;68.773969
202408;139812;LAC LELO TRINDADE CL;LATICINIOS SAO JOAO S/A;923763;LATIC OSCAR SALGADO;78269545002139;TRINDADE;GO;ALIMENTÍCIOS;SUDESTE;01/05/2019;15;CELG;0.525;192.756072;0.0;192.756072
202408;19475;AMBEV SA;AMBEV S.A.;914031;AMBEV S.A. - CEBRASA;07526557001009;ANÁPOLIS;GO;BEBIDAS;SUDESTE;01/06/2018;15;CELG;7.8;4686.638968;0.0;4686.638968
202408;65414;NUTRIZA;NUTRIZA AGROINDUSTRIAL DE ALIMENTOS S/A;907018;NUTRIZA GO;37020260000139;PIRES DO RIO;GO;ALIMENTÍCIOS;SUDESTE;01/01/2017;15;CELG;11.5;9692.893546;0.0;9692.893546
202408;97329;BRASILATA RVERDE SE EI;BRASILATA S A EMBALAGENS METALICAS;907069;BRASILATA RV;61160438000806;RIO VERDE;GO;METALURGIA E PRODUTOS DE METAL;SUDESTE;01/01/2017;15;CELG;0.47;92.321759;0.0;92.321759
202408;31231;SHOPPING CERRADO CL;CONDOMINIO SHOPPING CENTER CERRADO;908205;SHOPPING CERRADO;24357174000174;GOIÂNIA;GO;SERVIÇOS;SUDESTE;01/03/2017;15;CELG;1.2;243.865004;0.0;243.865004
202408;32419;FVO BRASILIA CL 514 2022;FVO BRASILIA INDUSTRIA E COMERCIO DE ALIMENTOS S.A.;924505;FVO RIALMA;08471163001306;RIALMA;GO;ALIMENTÍCIOS;SUDESTE;01/06/2019;66348;CHESP DIST;1.4;446.598163;0.0;446.598163
202408;46122;PROEZA CL 514;PETROPOLIS INDUSTRIAL PRODUTOS DE LIMPEZA LTDA;924544;PETROPOLIS IND PRODU;02312244000135;BRAZABRANTES;GO;QUÍMICOS;SUDESTE;01/06/2019;15;CELG;0.5;114.884466;0.0;114.884466
202408;45408;HOTEL MEGA MODA CL 514;MEGA MODA HOTEL LTDA;907177;HOTEL MEGA MODA;17329575000155;GOIÂNIA;GO;SERVIÇOS;SUDESTE;01/01/2017;15;CELG;0.5;96.959005;0.0;96.959005
202408;66541;MEGA MODA;SPE MEGA MODA SHOPPING LTDA;907175;SPE MEGA MODA UND1;14366423000134;GOIÂNIA;GO;SERVIÇOS;SUDESTE;01/01/2017;15;CELG;0.455;108.552593;0.0;108.552593
202408;31456;BRITACAL CL 514;BRITACAL IND E COM DE BRITA E CALCARIO BRASILIA LTDA;926838;BRITACAL CABECEIRAS;26970103000330;CABECEIRAS;GO;MINERAIS NÃO-METÁLICOS;SUDESTE;01/09/2019;15;CELG;1.0;386.292013;0.0;386.292013
202408;85941;CINEMARK SE;CINEMARK BRASIL S.A.;930883;CINEMARK - Goiania -;00779721008800;APARECIDA DE GOIÂNIA;GO;SERVIÇOS;SUDESTE;01/11/2019;15;CELG;0.14;35.855019;0.0;35.855019
202408;82602;STORE;SAS COMERCIO DE SECOS E MOLHADOS LTDA;932346;STORE RIO VERDE - UC;12279637000300;GOIÂNIA;GO;COMÉRCIO;SUDESTE;01/12/2019;15;CELG;0.215;69.898633;0.0;69.898633
202408;89866;CARAMURU ARMAZENS GO;CARAMURU ALIMENTOS  S/A;932769;CARAMURU ARMAZENS CA;00080671005330;CATALÃO;GO;SERVIÇOS;SUDESTE;01/12/2019;15;CELG;0.34;23.003074;0.0;23.003074
202408;89866;CARAMURU ARMAZENS GO;CARAMURU ALIMENTOS  S/A;932731;CARAMURU ARMAZENS MO;00080671004369;MONTIVIDIU;GO;SERVIÇOS;SUDESTE;01/12/2019;15;CELG;0.48;46.719009;0.0;46.719009
202408;46309;CASTRO HOTEIS CL 514;CASTRO HOTEIS E TURISMO LTDA;906364;CASTRO HOTÉIS;02839603000107;GOIÂNIA;GO;SERVIÇOS;SUDESTE;01/12/2016;15;CELG;0.5;208.268676;0.0;208.268676
202408;93724;FILLERCAL NESP;FILLERCAL MINERACAO E COMERCIO LTDA;904823;FILLERCAL;00420347000274;INDIARA;GO;MINERAIS NÃO-METÁLICOS;SUDESTE;01/10/2016;15;CELG;2.4;820.733909;0.0;820.733909
202408;46588;MOINHO JM CL 514;MOINHO DE TRIGO JM - LTDA;932979;MOINHO DE TRIGO JM;01636335000163;LUZIÂNIA;GO;ALIMENTÍCIOS;SUDESTE;01/12/2019;15;CELG;0.5;302.996609;0.0;302.996609
202408;82846;RIACHUELO LT 1 SE/CO;LOJAS RIACHUELO SA;934003;RCHLO LOJA 189;33200056014956;GOIÂNIA;GO;COMÉRCIO;SUDESTE;01/02/2020;15;CELG;0.205;48.690107;0.0;48.690107
202408;90988;MPL INDUSTRIA;MPL INDUSTRIA E COMERCIO DE ROUPAS LTDA;935887;MPL 200596500;08007677000163;APARECIDA DE GOIÂNIA;GO;TÊXTEIS;SUDESTE;01/04/2020;15;CELG;0.295;50.393993;0.0;50.393993
202408;31844;NORTEVIDROS CL 514;NORTEVIDROS COMERCIO DE VIDROS ALUMINIOS E FERRAGENS LTDA;937754;NORTEVIDROS;10867501000123;URUAÇU;GO;MINERAIS NÃO-METÁLICOS;SUDESTE;01/07/2020;15;CELG;1.25;287.033553;0.0;287.033553
202408;86578;TATICO SETOR CENTRO OESTE;CENTRO OESTE COMERCIAL DE ALIMENTOS LTDA;938822;TATICO GARAVELO;24447350000401;APARECIDA DE GOIÂNIA;GO;COMÉRCIO;SUDESTE;01/09/2020;15;CELG;0.35;124.661804;0.0;124.661804
202408;96052;TRANSZILLI;TRANSPORTES E ARMAZENAGEM ZILLI LTDA;939129;TRANSZILLI - BRAVO;81804684000186;APARECIDA DE GOIÂNIA;GO;TRANSPORTE;SUDESTE;01/09/2020;15;CELG;0.85;448.503239;0.0;448.503239
202408;86578;TATICO SETOR CENTRO OESTE;CENTRO OESTE COMERCIAL DE ALIMENTOS LTDA;939582;TATICO AGUAS LINDAS;24447350000754;;GO;COMÉRCIO;SUDESTE;01/10/2020;15;CELG;0.165;72.189019;0.0;72.189019
202408;86578;TATICO SETOR CENTRO OESTE;CENTRO OESTE COMERCIAL DE ALIMENTOS LTDA;939629;TATICO AMERICA;24447350000592;GOIÂNIA;GO;COMÉRCIO;SUDESTE;01/10/2020;15;CELG;0.27;121.176926;0.0;121.176926
202408;93905;COMIGO-MATRIZ ESPECIAL;COOPERATIVA AGROINDUSTRIAL DOS PRODUTORES RURAIS DO SUDOESTE GOIANO;939704;COM-SEDE RIO VERDE;02077618000185;RIO VERDE;GO;COMÉRCIO;SUDESTE;01/10/2020;15;CELG;0.46;75.054422;0.0;75.054422
202408;99292;COMIGO-MATRIZ LIVRE;COOPERATIVA AGROINDUSTRIAL DOS PRODUTORES RURAIS DO SUDOESTE GOIANO;939714;COM-PARAÍSO;02077618003605;JATAÍ;GO;SERVIÇOS;SUDESTE;01/10/2020;15;CELG;0.8;38.73319;0.0;38.73319
202408;4574;BRASIL TELE SE;OI S.A. - EM RECUPERACAO JUDICIAL;940695;UC 11067329 - St S G;76535764032851;GOIÂNIA;GO;TELECOMUNICAÇÕES;SUDESTE;01/12/2020;15;CELG;0.258;95.121942;0.0;95.121942
202408;5716;TELEFONICA SE;TELEFONICA BRASIL S.A.;940689;TELEFONICA (15516430;02558157002297;GOIÂNIA;GO;TELECOMUNICAÇÕES;SUDESTE;01/12/2020;15;CELG;0.07;37.097318;0.0;37.097318
202408;93109;COSTA MULTICANAL;COSTA MULTICANAL S/A;941091;COSTA MULTICANAL 3;27289076000135;GOIÂNIA;GO;COMÉRCIO;SUDESTE;01/01/2021;15;CELG;0.35;176.679285;0.0;176.679285
202408;93109;COSTA MULTICANAL;COSTA MULTICANAL S/A;941074;COSTA MULTICANAL 2;27289076000216;VALPARAÍSO DE GOIÁS;GO;COMÉRCIO;SUDESTE;01/01/2021;15;CELG;0.27;171.845491;0.0;171.845491
202408;47770;PORTO SECO CL 514;PORTO SECO CENTRO OESTE S/A;941390;PORTO SECO CENTRO OE;02680379000153;ANÁPOLIS;GO;SERVIÇOS;SUDESTE;01/01/2021;15;CELG;0.5;109.456128;0.0;109.456128
202408;116345;GO-GNA-LES;V.TAL - REDE NEUTRA DE TELECOMUNICACOES S.A.;942153;UC 11072027 -SET L G;02041460001084;GOIÂNIA;GO;TELECOMUNICAÇÕES;SUDESTE;01/02/2021;15;CELG;0.237;125.896098;0.0;125.896098
202408;98461;STORE SERRINHA;G S COMERCIO DE PRODUTOS ALIMENTICIOS LTDA;942573;STORE SERRINHA;27895447000122;GOIÂNIA;GO;COMÉRCIO;SUDESTE;01/03/2021;15;CELG;0.35;122.931143;0.0;122.931143
202408;99027;FUNDACAO BRADESCO SECO;FUNDACAO BRADESCO;943014;FB APARECIDA GOIANIA;60701521008697;APARECIDA DE GOIÂNIA;GO;SERVIÇOS;SUDESTE;01/03/2021;15;CELG;0.1;23.223586;0.0;23.223586
202408;48775;EMFOLMINERACAOFORMOSACL514;EMFOL EMPRESA DE MINERACAO FORMOSA LTDA;943234;EMFOL MINERAÇÃO;00803791000198;FORMOSA;GO;MINERAIS NÃO-METÁLICOS;SUDESTE;01/03/2021;15;CELG;0.59;174.667296;0.0;174.667296
202408;97960;ACCOR SE/CO;HOTELARIA ACCOR BRASIL S/A;943507;H9331 - IBIS STYLES;09967852020667;GOIÂNIA;GO;SERVIÇOS;SUDESTE;01/04/2021;15;CELG;0.2;126.688187;0.0;126.688187
202408;31245;TAUA HOTEL ALEXANIA CL 514;TAUA HOTEL E CONVENTION ALEXANIA LTDA;944562;Taua Hotel Alexania;25135981000105;ALEXÂNIA;GO;SERVIÇOS;SUDESTE;01/05/2021;15;CELG;1.0;588.165558;0.0;588.165558
202408;47811;NUTREMA CL 514;NUTREMA NUTRICAO ANIMAL LTDA;944632;NUTREMA;11024784000104;BRAZABRANTES;GO;ALIMENTÍCIOS;SUDESTE;01/05/2021;15;CELG;0.5;50.858723;0.0;50.858723
202408;48057;PLANALTO MALLS CL 514;PLANALTO MALLS LTDA;944749;PLANALTO MALLS LTDA;29880078000120;GOIÂNIA;GO;SERVIÇOS;SUDESTE;01/05/2021;15;CELG;0.9;119.900099;0.0;119.900099
202408;26112;ULTRAGAZ - SENADOR CANEDO;COMPANHIA ULTRAGAZ S A;944796;ULTRAGAZ - SENADOR C;61602199027746;SENADOR CANEDO;GO;COMÉRCIO;SUDESTE;01/06/2021;15;CELG;0.3;65.656787;0.0;65.656787
202408;101192;LDC BRASIL SAO SIMAO CL SE;LOUIS DREYFUS COMPANY BRASIL S.A.;944746;LDC BRASIL - ARM SÃO;47067525014672;SÃO SIMÃO;GO;TRANSPORTE;SUDESTE;01/06/2021;15;CELG;0.78;104.106004;0.0;104.106004
202408;66355;ANIMA UNA;BRASIL EDUCACAO S/A;945438;ANIMA BRASIL ITUMBIA;05648257003436;ITUMBIARA;GO;SERVIÇOS;SUDESTE;01/06/2021;15;CELG;0.1;5.496265;0.0;5.496265
202408;4574;BRASIL TELE SE;OI S.A. - EM RECUPERACAO JUDICIAL;946069;UC 12183003 - SETOR;76535764032851;GOIÂNIA;GO;TELECOMUNICAÇÕES;SUDESTE;01/07/2021;15;CELG;0.096;39.767375;0.0;39.767375
202408;25105;C CE SUPERMERCADOS CONQUISTA;CENTRO COMERCIAL CONQUISTA LTDA;946490;CONQUISTA SUPER  -;02003591000348;RIO VERDE;GO;COMÉRCIO;SUDESTE;01/08/2021;15;CELG;0.25;97.67614;0.0;97.67614
202408;30515;PRIMA FOODS SANTA FE CL;PRIMA FOODS S.A.;946924;PRIMA FOODS SANTA FE;16820052001540;SANTA FÉ DE GOIÁS;GO;SERVIÇOS;SUDESTE;01/09/2021;15;CELG;1.5;968.473661;0.0;968.473661
202408;98043;CBL SBC;CBL COMERCIO E RECICLAGEM DE BORRACHAS LTDA;947492;CBL ABADIA;58865114001075;ABADIA DE GOIÁS;GO;SANEAMENTO;SUDESTE;01/10/2021;15;CELG;0.295;39.588066;0.0;39.588066
202408;84391;MARISA SE I5;MARISA LOJAS S.A.;947509;MLJ617_GOIANIA SETOR;61189288026811;GOIÂNIA;GO;COMÉRCIO;SUDESTE;01/10/2021;15;CELG;0.153;22.845756;0.0;22.845756
202408;4574;BRASIL TELE SE;OI S.A. - EM RECUPERACAO JUDICIAL;948754;UC 290054023 - JATAÍ;76535764032851;JATAÍ;GO;TELECOMUNICAÇÕES;SUDESTE;01/12/2021;15;CELG;0.098;49.054847;0.0;49.054847
202408;63677;RENNER MATRIZ SUDESTE;LOJAS RENNER S.A.;948776;RNR306_Buriti - Rio;92754738029306;RIO VERDE;GO;COMÉRCIO;SUDESTE;01/12/2021;15;CELG;0.2;37.108116;0.0;37.108116
202408;82602;STORE;SAS COMERCIO DE SECOS E MOLHADOS LTDA;948721;STORE FAMA;12279637000490;GOIÂNIA;GO;COMÉRCIO;SUDESTE;01/12/2021;15;CELG;0.3;85.311392;0.0;85.311392
202408;88208;SUPERVI;SUPERVI DISTRIBUIDOR DE ALIMENTOS LTDA;949672;SUPERVI LOJA 15 -CID;07503617001574;GOIÂNIA;GO;COMÉRCIO;SUDESTE;01/01/2022;15;CELG;0.093;49.718331;0.0;49.718331
202408;28087;LIDERTEX;LIDERTEX INDUSTRIA E COMERCIO DE TINTAS E REVESTIMENTOS LTDA;949779;LIDERTEX;13711686000170;ANÁPOLIS;GO;QUÍMICOS;SUDESTE;01/01/2022;15;CELG;0.5;40.9653;0.0;40.9653
202408;146417;MADERO ESP SE;MADERO INDUSTRIA E COMERCIO S.A.;950780;MADERO IND. - FLAMBO;13783221004899;GOIÂNIA;GO;ALIMENTÍCIOS;SUDESTE;01/03/2022;15;CELG;0.05;20.445094;0.0;20.445094
202408;38082;BRF 499 7 MILHAS CE;BRF S.A.;952313;BRF - GRAOS 7 MILHAS;01838723033130;MINEIROS;GO;COMÉRCIO;SUDESTE;01/05/2022;15;CELG;0.25;19.084768;0.0;19.084768
202408;37754;ELDORADO EMPREENDIMENTOS;WAM PRIVE ADMINISTRACAO HOTELEIRA LTDA;952459;CLUBE PRIVE;02757474000531;CALDAS NOVAS;GO;ALIMENTÍCIOS;SUDESTE;01/05/2022;15;CELG;0.2;27.127918;0.0;27.127918
202408;37754;ELDORADO EMPREENDIMENTOS;WAM PRIVE ADMINISTRACAO HOTELEIRA LTDA;952493;HOTEL PRIVE;02757474000531;CALDAS NOVAS;GO;ALIMENTÍCIOS;SUDESTE;01/05/2022;15;CELG;0.3;105.121768;0.0;105.121768
202408;38814;BIO INSTINTO;BIO INSTINTO INDUSTRIA E COMERCIO DE COSMETICOS LTDA;953109;BIO INSTINTO IND E C;07882964000150;ANÁPOLIS;GO;QUÍMICOS;SUDESTE;01/06/2022;15;CELG;0.5;196.991723;0.0;196.991723
202408;37878;BRK GO;BRK AMBIENTAL - GOIAS S.A.;954642;BRK GO - EEE CHAPADI;18123402000300;RIO VERDE;GO;SANEAMENTO;SUDESTE;01/08/2022;15;CELG;0.112;12.254481;0.0;12.254481
202408;37878;BRK GO;BRK AMBIENTAL - GOIAS S.A.;954604;BRK GO - EEE BRUACAS;18123402000149;TRINDADE;GO;SANEAMENTO;SUDESTE;01/08/2022;15;CELG;0.065;20.175702;0.0;20.175702
202408;37878;BRK GO;BRK AMBIENTAL - GOIAS S.A.;954542;BRK GO - ETE ST ANTO;18123402000149;APARECIDA DE GOIÂNIA;GO;SANEAMENTO;SUDESTE;01/08/2022;15;CELG;0.1;21.458477;0.0;21.458477
202408;50798;UNIPHAR - JRD FARMACEUT CL 514;J.R.D. INDUSTRIA FARMACEUTICA LTDA;955304;UNIPHAR - JRD FARMAC;03869526000281;ANÁPOLIS;GO;QUÍMICOS;SUDESTE;01/09/2022;15;CELG;0.5;72.767181;0.0;72.767181
202408;41979;CAMBUI ENERGETICA CL;ENERGETICA CAMBUI LTDA;955976;UTE CAMBUI CL;39610160000198;SANTA HELENA DE GOIÁS;GO;SERVIÇOS;SUDESTE;01/10/2022;15;CELG;1.8;27.087793;0.0;27.087793
202408;53718;LATICINIOS SAN MARINO CL 514;LATICINIOS SAN MARINO LTDA;955993;Laticínios San Marin;02971865000120;RIO VERDE;GO;ALIMENTÍCIOS;SUDESTE;01/10/2022;15;CELG;0.5;196.12338;0.0;196.12338
202408;146417;MADERO ESP SE;MADERO INDUSTRIA E COMERCIO S.A.;955853;MADERO - T10 (100360;13783221000478;GOIÂNIA;GO;ALIMENTÍCIOS;SUDESTE;01/10/2022;15;CELG;0.27;38.95429;0.0;38.95429
202408;64298;BURGER KING;ZAMP S.A.;956393;BK - DRIVE AV 136;13574594084438;GOIÂNIA;GO;ALIMENTÍCIOS;SUDESTE;01/11/2022;15;CELG;0.06;29.211963;0.0;29.211963
202408;64298;BURGER KING;ZAMP S.A.;956392;BK - DRIVE AV 85;13574594084357;GOIÂNIA;GO;ALIMENTÍCIOS;SUDESTE;01/11/2022;15;CELG;0.082;33.409526;0.0;33.409526
202408;64298;BURGER KING;ZAMP S.A.;956440;BK - SHOPPING BOUGAI;13574594083628;GOIÂNIA;GO;ALIMENTÍCIOS;SUDESTE;01/11/2022;15;CELG;0.04;12.264887;0.0;12.264887
202408;55065;NOTAVEL INDUSTRIA CL 514;NOTAVEL INDUSTRIA E COMERCIO DE PAPEL LTDA;957533;NOTAVEL INDUSTRIA;11548000000147;POSSE;GO;MADEIRA, PAPEL E CELULOSE;SUDESTE;01/12/2022;15;CELG;0.795;631.488398;0.0;631.488398
202408;82602;STORE;SAS COMERCIO DE SECOS E MOLHADOS LTDA;957715;AMERICA;12279637000148;GOIÂNIA;GO;COMÉRCIO;SUDESTE;01/01/2023;15;CELG;0.17;74.44179;0.0;74.44179
202408;92484;MAGAZINE LUIZA - I5;MAGAZINE LUIZA S/A;958532;MGL1090_GOIÂNIA;47960950111977;GOIÂNIA;GO;COMÉRCIO;SUDESTE;01/02/2023;15;CELG;0.12;19.515146;0.0;19.515146
202408;62344;DASA;DIAGNOSTICOS DA AMERICA S.A .;958558;D370_AT SETOR MARIST;61486650032891;GOIÂNIA;GO;SERVIÇOS;SUDESTE;01/02/2023;15;CELG;0.03;6.977576;0.0;6.977576
202408;57333;CABECAL CL;CABECAL - CALCARIO DE CABECEIRAS MINERACAO LTDA;958928;Cabecal Calcário de;03279056000115;CABECEIRAS;GO;MINERAIS NÃO-METÁLICOS;SUDESTE;01/02/2023;15;CELG;0.59;94.3856;0.0;94.3856
202408;48657;SANEAGO LIVRE;SANEAMENTO DE GOIAS S/A;959425;SANEAGO - EEAT/Reser;01616929000102;GOIÂNIA;GO;SANEAMENTO;SUDESTE;01/03/2023;15;CELG;0.597;397.14438;0.0;397.14438
202408;48657;SANEAGO LIVRE;SANEAMENTO DE GOIAS S/A;959365;SANEAGO - EEAT João;01616929000102;GOIÂNIA;GO;SANEAMENTO;SUDESTE;01/03/2023;15;CELG;3.993;2910.241216;0.0;2910.241216
202408;48657;SANEAGO LIVRE;SANEAMENTO DE GOIAS S/A;959513;SANEAGO - ETA/EEAT M;01616929000102;GOIÂNIA;GO;SANEAMENTO;SUDESTE;01/03/2023;15;CELG;4.02;2739.253166;0.0;2739.253166
202408;52102;SUPERMERCADO BRJ;SUPERMERCADO BRJ LTDA;959757;MARISTA;17350225000251;GOIÂNIA;GO;COMÉRCIO;SUDESTE;01/03/2023;15;CELG;0.25;118.848757;0.0;118.848757
202408;49676;AGROVALE;COOPERATIVA MISTA DOS PRODUTORES RURAIS DO VALE DO PARANAIBA LTDA;961215;AGROVALE - 100275826;02233732000157;QUIRINÓPOLIS;GO;ALIMENTÍCIOS;SUDESTE;01/05/2023;15;CELG;0.06;36.235038;0.0;36.235038
202408;57316;PLASMON;PLASMON SERVICOS LTDA;961266;PLASMON;36090042000108;APARECIDA DE GOIÂNIA;GO;SANEAMENTO;SUDESTE;01/05/2023;15;CELG;0.5;141.439032;0.0;141.439032
202408;64000;TV ANHANGUERA;TELEVISAO ANHANGUERA S/A;960857;MEDANHA (UC 10073188;01534510000101;GOIÂNIA;GO;TELECOMUNICAÇÕES;SUDESTE;01/05/2023;15;CELG;0.115;61.898606;0.0;61.898606
202408;38740;SUPERMERCADO FLORESTA;F G COMERCIAL DE ALIMENTOS LTDA;961243;SUPER FLOREST 961243;14200272000220;ANÁPOLIS;GO;COMÉRCIO;SUDESTE;01/05/2023;15;CELG;0.108;30.562451;0.0;30.562451
202408;92484;MAGAZINE LUIZA - I5;MAGAZINE LUIZA S/A;961693;MGL1030_GOIÂNIA - UC;47960950106620;GOIÂNIA;GO;COMÉRCIO;SUDESTE;01/06/2023;15;CELG;0.071;7.636135;0.0;7.636135
202408;105942;PEROLA ESPECIAL;PEROLA DISTRIBUICAO E LOGISTICA S/A;962210;COMPRE FACIL;06204131000258;ANÁPOLIS;GO;COMÉRCIO;SUDESTE;01/07/2023;15;CELG;0.095;52.258008;0.0;52.258008
202408;99820;UNIP;ASSUPERO ENSINO SUPERIOR LTDA.;962390;UNIP - Goiânia - UC;06099229007386;GOIÂNIA;GO;SERVIÇOS;SUDESTE;01/07/2023;15;CELG;1.39;242.757382;0.0;242.757382
202408;4574;BRASIL TELE SE;OI S.A. - EM RECUPERACAO JUDICIAL;963621;ID UC 18928 - UC 100;76535764032851;PORTELÂNDIA;GO;TELECOMUNICAÇÕES;SUDESTE;01/08/2023;15;CELG;0.03;25.895096;0.0;25.895096
202408;101740;UTE - COOPER RUBI CL;RUBIATABA INDUSTRIAL S.A.;963639;COOPER RUBI (CARGA);03347747000109;RUBIATABA;GO;MINERAIS NÃO-METÁLICOS;SUDESTE;01/08/2023;15;CELG;1.2;0.972427;0.0;0.972427
202408;25518;B2W CE;AMERICANAS S.A - EM RECUPERACAO JUDICIAL;964486;AMER 697;00776574157721;GOIÂNIA;GO;COMÉRCIO;SUDESTE;01/09/2023;15;CELG;0.05;10.377601;0.0;10.377601
202408;101281;BARAO SUPERMERCADOS;BARAO ESPECIALIDADES & DISTRIBUIDORA DE ALIMENTOS SA;964958;Barao Supermercados;28790260000127;GOIÂNIA;GO;COMÉRCIO;SUDESTE;01/09/2023;15;CELG;0.1;44.438839;0.0;44.438839
202408;101281;BARAO SUPERMERCADOS;BARAO ESPECIALIDADES & DISTRIBUIDORA DE ALIMENTOS SA;964963;Barao Superme 964963;28790260000127;JARAGUÁ;GO;COMÉRCIO;SUDESTE;01/09/2023;15;CELG;0.071;63.253356;0.0;63.253356
202408;3846;BRASIL TELECOM;OI S.A. - EM RECUPERACAO JUDICIAL;965924;ID UC 20180 - UC 760;76535764032851;CALDAS NOVAS;GO;TELECOMUNICAÇÕES;SUDESTE;01/10/2023;15;CELG;0.059;31.822981;0.0;31.822981
202408;101281;BARAO SUPERMERCADOS;BARAO ESPECIALIDADES & DISTRIBUIDORA DE ALIMENTOS SA;965865;Barao Supermerc LJ2;28790260000127;GOIÂNIA;GO;COMÉRCIO;SUDESTE;01/10/2023;15;CELG;0.164;61.210166;0.0;61.210166
202408;101281;BARAO SUPERMERCADOS;BARAO ESPECIALIDADES & DISTRIBUIDORA DE ALIMENTOS SA;965937;Barao Supermerc LJ12;28790260000127;GOIÂNIA;GO;COMÉRCIO;SUDESTE;01/10/2023;15;CELG;0.185;100.184544;0.0;100.184544
202408;60443;VIAVAREJO;GRUPO CASAS BAHIA S.A.;966480;Filial 1932 SETOR CA;33041260065290;GOIÂNIA;GO;COMÉRCIO;SUDESTE;01/11/2023;15;CELG;0.07;4.676317;0.0;4.676317
202408;60443;VIAVAREJO;GRUPO CASAS BAHIA S.A.;966423;Filial 1321 - GOIÂNI;33041260108798;GOIÂNIA;GO;COMÉRCIO;SUDESTE;01/11/2023;15;CELG;0.03;12.033978;0.0;12.033978
202408;60789;FACCHINI;FACCHINI S/A;966552;FACCHINI GO - UC 209;03509978003359;ANÁPOLIS;GO;VEÍCULOS;SUDESTE;01/11/2023;15;CELG;0.03;10.691376;0.0;10.691376
202408;112081;SORGATTO;AGROPECUARIA SORGATTO LTDA;967648;Agropecuária Sorgatt;05934769000109;CRISTALINA;GO;MADEIRA, PAPEL E CELULOSE;SUDESTE;01/12/2023;15;CELG;3.0;1836.714019;0.0;1836.714019
202408;105308;VENEZA NUTRICAO ANIMAL;VENEZA NUTRICAO ANIMAL LTDA;967614;VENEZA NUTRIÇÃO ANIM;19948046000165;NOVA VENEZA;GO;ALIMENTÍCIOS;SUDESTE;01/12/2023;15;CELG;0.5;48.412804;0.0;48.412804
202408;100962;ITAU AMR I5 SE;ITAU UNIBANCO S.A.;971386;290_GOIANIA-AV. ANHA;60701190038764;GOIÂNIA;GO;SERVIÇOS;SUDESTE;01/02/2024;15;CELG;0.047;9.528624;0.0;9.528624
202408;23030;PREMIX;MANUFATURACAO DE PRODUTOS PARA ALIMENTACAO ANIMAL PREMIX LTDA;971639;PREMIX ANAPOLIS - UC;50411321002877;ANÁPOLIS;GO;ALIMENTÍCIOS;SUDESTE;01/02/2024;15;CELG;0.306;49.466867;0.0;49.466867
202408;100962;ITAU AMR I5 SE;ITAU UNIBANCO S.A.;974096;7417_APARECIDA DE GO;60701190305207;APARECIDA DE GOIÂNIA;GO;SERVIÇOS;SUDESTE;01/03/2024;15;CELG;0.046;8.790811;0.0;8.790811
202408;105683;CENCOSUD BRASIL 126 SE;CENCOSUD BRASIL COMERCIAL S.A.;975627;CENCOSUD LOJA 633;39346861025318;GOIÂNIA;GO;COMÉRCIO;SUDESTE;01/04/2024;15;CELG;0.248;91.9978;0.0;91.9978
202408;126379;CALCARIO PIRINEUS LTDA;CALCARIO PIRINEUS LTDA;976222;CALCARIO PIRINEUS -;04475491000269;PADRE BERNARDO;GO;MINERAIS NÃO-METÁLICOS;SUDESTE;01/04/2024;15;CELG;1.2;922.768391;0.0;922.768391
202408;104915;BEEF NOBRE;NACIONAL DISTRIBUIDORA DE CARNES BEEF LTDA;980973;NACIONAL DISTRIBUIDO;16995395000220;CIDADE OCIDENTAL;GO;ALIMENTÍCIOS;SUDESTE;01/06/2024;15;CELG;0.75;336.677301;0.0;336.677301
202408;100962;ITAU AMR I5 SE;ITAU UNIBANCO S.A.;984714;4355_PC GETULIO VARG;60701190199423;CATALÃO;GO;SERVIÇOS;SUDESTE;01/08/2024;15;CELG;0.035;7.816401;0.0;7.816401
202408;67574;MINERVA PGO;MINERVA S.A.;70898;MINERVA PALMEIRAS GO;67620377000467;PALMEIRAS DE GOIÁS;GO;ALIMENTÍCIOS;SUDESTE;01/01/2010;15;CELG;6.7;4287.254425;0.0;4287.254425
202408;15;CELG;EQUATORIAL GOIAS DISTRIBUIDORA DE ENERGIA S/A;897193;CELG TER - SE EDEIA;01543032000104;GOIÂNIA;GO;;SUDESTE;01/11/2015;;;25.0;19.117619;0.0;19.117619
202408;32060;MARAJOARA CL 514;MARAJOARA INDUSTRIA DE LATICINIOS LTDA;890442;MARAJOARA LATICINIOS;24849580000154;HIDROLÂNDIA;GO;ALIMENTÍCIOS;SUDESTE;01/08/2013;15;CELG;1.17;521.336564;0.0;521.336564
202408;111712;CARGILL GOIAN CL514;CARGILL AGRICOLA S A;7298;CARGILL - GOIANIA;60498706037077;GOIÂNIA;GO;ALIMENTÍCIOS;SUDESTE;01/03/2004;15;CELG;8.52;5278.820319;0.0;5278.820319
202408;10992;BPBUNGE ITB CL;ITUMBIARA BIOENERGIA S.A.;889136;ITUMBIARA CNAA;08517600000133;ITUMBIARA;GO;ALIMENTÍCIOS;SUDESTE;01/01/2013;15;CELG;3.0;29.435675;0.0;29.435675
202408;3459;URC CL;ATVOS BIOENERGIA RIO CLARO S.A;71210;OER CACU - CARGA;08598391000108;CAÇU;GO;SERVIÇOS;SUDESTE;01/08/2010;3118;CTE T;5.0;0.222266;0.0;0.222266
202408;126968;CMOC NIOBIO;CMOC BRASIL MINERACAO, INDUSTRIA E PARTICIPACOES LTDA.;7149;CMOC BRASIL - NIOBIO;26108898000452;OUVIDOR;GO;METALURGIA E PRODUTOS DE METAL;SUDESTE;01/01/2006;15;CELG;16.45;8509.452357;0.0;8509.452357
202408;132558;CMOC TAILINGS;CMOC BRASIL MINERACAO, INDUSTRIA E PARTICIPACOES LTDA.;71137;TAILINGS;26108898000533;OUVIDOR;GO;EXTRAÇÃO DE MINERAIS METÁLICOS;SUDESTE;01/07/2010;15;CELG;2.035;1165.627728;0.0;1165.627728
202408;83112;ETERNIT GO;ETERNIT S.A  EM RECUPERACAO JUDICIAL;903103;ETERNIT GOIANIA;61092037000505;GOIÂNIA;GO;MINERAIS NÃO-METÁLICOS;SUDESTE;01/08/2016;15;CELG;2.9;1319.656848;0.0;1319.656848
202408;85644;HEINZ CL 514;HEINZ BRASIL S.A.;900977;HEINZ ETE GO;50955707000472;NERÓPOLIS;GO;ALIMENTÍCIOS;SUDESTE;01/07/2016;15;CELG;0.75;267.687078;0.0;267.687078
202408;32069;LABORATORIO TEUTO CL 514;LABORATORIO TEUTO BRASILEIRO S/A;905807;LAB TEUTO BRASILEIRO;17159229000176;ANÁPOLIS;GO;MANUFATURADOS DIVERSOS;SUDESTE;01/11/2016;15;CELG;1.27;611.122569;0.0;611.122569
202408;45676;ALLBOX CL 514;EMBALAGENS ALLBOX LTDA;909695;ALLBOX EMBALAGENS;07570962000125;ANÁPOLIS;GO;MADEIRA, PAPEL E CELULOSE;SUDESTE;01/07/2017;15;CELG;0.86;529.045242;0.0;529.045242
202408;31384;FRESENIUS ANAPOLIS CL 514;FRESENIUS KABI BRASIL LTDA.;908853;NOVA FARMA IND;49324221002077;ANÁPOLIS;GO;MANUFATURADOS DIVERSOS;SUDESTE;01/05/2017;15;CELG;1.4;631.955098;0.0;631.955098
202408;45352;METAL IGUACU GO CL 514;METALGRAFICA IGUACU S A;909090;METAL IGUACU;80227184001480;GOIÂNIA;GO;METALURGIA E PRODUTOS DE METAL;SUDESTE;01/06/2017;15;CELG;0.5;72.237714;0.0;72.237714
202408;85294;BRF 391 BURITI ALEGRE CL;BRF S.A.;907019;BRF BURITI ALEGRE;01838723035001;BURITI ALEGRE;GO;ALIMENTÍCIOS;SUDESTE;01/01/2017;15;CELG;2.7;1174.354014;0.0;1174.354014
202408;98922;CARREFOUR SE2 CL;CARREFOUR COMERCIO E INDUSTRIA LTDA;906438;CARREFOUR GOS;45543915002478;GOIÂNIA;GO;COMÉRCIO;SUDESTE;01/12/2016;15;CELG;1.25;418.474704;0.0;418.474704
202408;87967;JD CATALAO CL 514;JOHN DEERE BRASIL LTDA;906985;JOHN DEERE CATALAO;89674782001049;CATALÃO;GO;MANUFATURADOS DIVERSOS;SUDESTE;01/01/2017;15;CELG;2.5;1196.189625;0.0;1196.189625
202408;46075;GRAFIGEL CL 514;GRAFIGEL EMBALAGENS LTDA EM RECUPERACAO JUDICIAL;921872;Grafigel;02702496000170;GOIÂNIA;GO;MANUFATURADOS DIVERSOS;SUDESTE;01/01/2019;15;CELG;0.85;189.863107;0.0;189.863107
202408;45962;ADIMAX GO CL 514;ADIMAX - INDUSTRIA E COMERCIO DE ALIMENTOS LTDA.;919137;Adimax GO;03887324001234;GOIANÁPOLIS;GO;ALIMENTÍCIOS;SUDESTE;01/11/2018;15;CELG;1.18;446.802312;0.0;446.802312
202408;4496;COG-CPLEMGO;COOPERATIVA MISTA DOS PRODUTORES DE LEITE DE MORRINHOS;923192;COMPLEM-FABRAÇÕES;02667442001517;MORRINHOS;GO;COMÉRCIO;SUDESTE;01/04/2019;15;CELG;0.4;69.012443;0.0;69.012443
202408;45095;BRASIL PARK SHOPPING CL 514;CONDOMINIO DE ADMINISTRACAO DO BRASIL PARK SHOPPING;905340;BRASIL PARK SHOPPING;09099926000150;ANÁPOLIS;GO;SERVIÇOS;SUDESTE;01/11/2016;15;CELG;0.685;135.970238;0.0;135.970238
202408;1442;CBD;COMPANHIA BRASILEIRA DE DISTRIBUICAO;913396;CBD2379 - PCA TAMAND;47508411117932;GOIÂNIA;GO;COMÉRCIO;SUDESTE;01/04/2018;15;CELG;0.32;144.301716;0.0;144.301716
202408;46355;BONANZA CL 514;BONANZA AGROINDUSTRIAL LTDA;918740;BONANZA AGROINDUSTRI;08746379000195;GOIANIRA;GO;ALIMENTÍCIOS;SUDESTE;01/10/2018;15;CELG;0.5;194.070961;0.0;194.070961
202408;50978;ATACADAO CL2;ATACADAO S.A.;907764;ATACADAO LOJA 77;75315333007707;VALPARAÍSO DE GOIÁS;GO;COMÉRCIO;SUDESTE;01/02/2017;15;CELG;0.65;197.372611;0.0;197.372611
202408;45108;BURITI SHOPPING AP GO CL 514;CONDOMINIO DO BURITI SHOPPING;907768;SHOP BURITI AP GOIAN;01003352000163;APARECIDA DE GOIÂNIA;GO;SERVIÇOS;SUDESTE;01/02/2017;15;CELG;0.77;240.035088;0.0;240.035088
202408;83190;CLARO CL 13360;CLARO S.A.;905709;CLARO GOIANIA R. 2;40432544059621;GOIÂNIA;GO;TELECOMUNICAÇÕES;SUDESTE;01/11/2016;15;CELG;0.55;295.471939;0.0;295.471939
202408;46466;PEDREIRA GOIAS CL 514;PEDREIRA GOIAS LTDA;926063;PEDREIRA GOIAS LTDA;00822452000159;ABADIÂNIA;GO;MINERAIS NÃO-METÁLICOS;SUDESTE;01/09/2019;15;CELG;0.67;92.188516;0.0;92.188516
202408;46544;MOINHO VITORIA CL 514;MOINHO VITORIA LTDA;927563;MOINHO VITÓRIA 20027;05388126000360;APARECIDA DE GOIÂNIA;GO;ALIMENTÍCIOS;SUDESTE;01/09/2019;15;CELG;0.5;473.607579;0.0;473.607579
202408;48799;BRASILMINERIOSFILIALESPCL514;BRASIL MINERIOS S/A;932348;BRASIL MINERIOS FILI;02683365000606;SÃO LUÍS DE MONTES BELOS;GO;MINERAIS NÃO-METÁLICOS;SUDESTE;01/12/2019;15;CELG;0.5;353.212076;0.0;353.212076
202408;103023;CAMIL MATRIZ AP GOIANIA EI;CAMIL ALIMENTOS S.A.;932747;CAMIL GOIÂNIA UC 100;64904295004524;APARECIDA DE GOIÂNIA;GO;COMÉRCIO;SUDESTE;01/12/2019;15;CELG;0.75;69.885361;0.0;69.885361
202408;32003;MOINHO CENTRO NORTE CL 514;MOINHO CENTRO NORTE LTDA EM RECUPERACAO JUDICIAL;932723;MOINHO VIT 16078172;34259764000118;GOIÂNIA;GO;ALIMENTÍCIOS;SUDESTE;01/12/2019;15;CELG;0.5;169.750573;0.0;169.750573
202408;44927;SHOP ESTACAO GOIANIA NESP;SHOPPING ESTACAO GOIANIA EMPREENDIMENTOS E EVENTOS S/A;905022;SHOP ESTACAO GOIANIA;06017828000139;GOIÂNIA;GO;SERVIÇOS;SUDESTE;01/10/2016;15;CELG;0.77;299.856691;0.0;299.856691
202408;88208;SUPERVI;SUPERVI DISTRIBUIDOR DE ALIMENTOS LTDA;933949;LOJA 13 - JARAGUA;07503617001302;JARAGUÁ;GO;COMÉRCIO;SUDESTE;01/02/2020;15;CELG;0.04;17.522109;0.0;17.522109
202408;88208;SUPERVI;SUPERVI DISTRIBUIDOR DE ALIMENTOS LTDA;933951;LOJA 11 - JARDIM ALE;07503617001140;ANÁPOLIS;GO;COMÉRCIO;SUDESTE;01/02/2020;15;CELG;0.105;43.267893;0.0;43.267893
202408;99043;ALBIOMA CL 514;ALBIOMA ESPLANADA ENERGIA S.A;935737;ESPLANADA CONSUMO -;29915125000123;GOIANÉSIA;GO;SERVIÇOS;SUDESTE;01/04/2020;15;CELG;1.6;0.221615;0.0;0.221615
202408;47392;MISSIATO JAMEL CL 514;INDUSTRIA MISSIATO DE BEBIDAS LTDA;935891;MISSIATO JAMEL;02295098000420;ANÁPOLIS;GO;BEBIDAS;SUDESTE;01/04/2020;15;CELG;0.66;148.797152;0.0;148.797152
202408;48803;C CL NOROESTE PLASTICOS;NOROESTE COMERCIO E INDUSTRIA DE PLASTICOS LTDA;935835;NOROESTE COM E IND D;09187595000100;GOIANIRA;GO;MANUFATURADOS DIVERSOS;SUDESTE;01/04/2020;15;CELG;0.8;298.589421;0.0;298.589421
202408;5716;TELEFONICA SE;TELEFONICA BRASIL S.A.;936789;TELEFONICA (14181289;02558157061544;GOIÂNIA;GO;TELECOMUNICAÇÕES;SUDESTE;01/06/2020;15;CELG;0.21;147.810629;0.0;147.810629
202408;1477;ASSAI ATACADISTA;SENDAS DISTRIBUIDORA S/A;937524;SENDAS SE/CO - 56 (G;06057223023031;GOIÂNIA;GO;COMÉRCIO;SUDESTE;01/07/2020;15;CELG;0.67;251.161743;0.0;251.161743
202408;86666;COMERCIAL REIS;COMERCIAL REIS LTDA;937740;Loja 07;03044201000936;PIRES DO RIO;GO;COMÉRCIO;SUDESTE;01/07/2020;15;CELG;0.11;53.814056;0.0;53.814056
202408;86666;COMERCIAL REIS;COMERCIAL REIS LTDA;937753;Loja Reis 12;03044201001231;ITUMBIARA;GO;COMÉRCIO;SUDESTE;01/07/2020;15;CELG;0.165;64.602502;0.0;64.602502
202408;86666;COMERCIAL REIS;COMERCIAL REIS LTDA;937745;Loja 06;03044201000693;MORRINHOS;GO;COMÉRCIO;SUDESTE;01/07/2020;15;CELG;0.14;62.044925;0.0;62.044925
202408;86578;TATICO SETOR CENTRO OESTE;CENTRO OESTE COMERCIAL DE ALIMENTOS LTDA;939688;TATICO CENTRAL;24447350000673;GOIÂNIA;GO;COMÉRCIO;SUDESTE;01/10/2020;15;CELG;0.32;151.462528;0.0;151.462528
202408;99292;COMIGO-MATRIZ LIVRE;COOPERATIVA AGROINDUSTRIAL DOS PRODUTORES RURAIS DO SUDOESTE GOIANO;939706;COM-CINQUENTÃO;02077618003362;SANTA HELENA DE GOIÁS;GO;SERVIÇOS;SUDESTE;01/10/2020;15;CELG;1.2;24.411123;0.0;24.411123
202408;99292;COMIGO-MATRIZ LIVRE;COOPERATIVA AGROINDUSTRIAL DOS PRODUTORES RURAIS DO SUDOESTE GOIANO;939728;COM-ESTRELA DALVA;02077618003109;JATAÍ;GO;SERVIÇOS;SUDESTE;01/10/2020;15;CELG;0.9;32.417332;0.0;32.417332
202408;99292;COMIGO-MATRIZ LIVRE;COOPERATIVA AGROINDUSTRIAL DOS PRODUTORES RURAIS DO SUDOESTE GOIANO;939705;COM-ACREÚNA;02077618001319;ACREÚNA;GO;SERVIÇOS;SUDESTE;01/10/2020;15;CELG;0.6;19.148798;0.0;19.148798
202408;117234;SHOP MEGA POLO MODA;CONDOMINIO SHOPPING MEGA POLO MODA GOIANIA;941902;MEGA POLO - GOIANIA;34275221000194;GOIÂNIA;GO;SERVIÇOS;SUDESTE;01/01/2021;15;CELG;0.5;24.783186;0.0;24.783186
202408;46863;BINATURAL CL 514;BINATURAL ENERGIAS RENOVAVEIS S.A;942376;BINATURAL INDUSTRIA;07113559000177;FORMOSA;GO;MINERAIS NÃO-METÁLICOS;SUDESTE;01/02/2021;15;CELG;0.6;431.179844;0.0;431.179844
202408;50881;ESCOLAS ALTA PERFORMANCE;SEB ESCOLAS DE ALTA PERFORMANCE S.A.;943517;SEB COLEGIO VISAO -;33268567001336;GOIÂNIA;GO;SERVIÇOS;SUDESTE;01/04/2021;15;CELG;0.17;10.269101;0.0;10.269101
202408;89866;CARAMURU ARMAZENS GO;CARAMURU ALIMENTOS  S/A;943919;CARAMURU ARMAZENS CH;00080671004288;CHAPADÃO DO CÉU;GO;SERVIÇOS;SUDESTE;01/04/2021;15;CELG;0.53;102.578818;0.0;102.578818
202408;83042;CARGILL PGA SE;CARGILL AGRICOLA S A;944106;CARGILL AGRICOLA S.A;60498706013135;CATALÃO;GO;ALIMENTÍCIOS;SUDESTE;01/05/2021;15;CELG;0.215;7.125959;0.0;7.125959
202408;32135;PIRECAL PIRENOPOLIS CL 514;PIRECAL PIRENOPOLIS CALCARIO LTDA;944395;PIRECAL VILA PROPICI;02787125000139;VILA PROPÍCIO;GO;MINERAIS NÃO-METÁLICOS;SUDESTE;01/05/2021;15;CELG;1.14;1069.939941;0.0;1069.939941
202408;24882;ATACADAO DIA A DIA 002;ATACADAO DIA A DIA S.A;945480;DIA A DIA - BALNEÁRI;17457404000616;GOIÂNIA;GO;COMÉRCIO;SUDESTE;01/07/2021;15;CELG;0.24;159.116841;0.0;159.116841
202408;4574;BRASIL TELE SE;OI S.A. - EM RECUPERACAO JUDICIAL;948915;UC 610024607 - FORMO;76535764032851;FORMOSA;GO;TELECOMUNICAÇÕES;SUDESTE;01/12/2021;15;CELG;0.095;43.614169;0.0;43.614169
202408;26879;ICO METAIS;EDSON LUCCA LTDA;948901;ICO METAIS UC 100127;14094415000186;TRINDADE;GO;MANUFATURADOS DIVERSOS;SUDESTE;01/12/2021;15;CELG;0.16;35.098405;0.0;35.098405
202408;35112;NOVA GALIA CL;NOVA GALIA BIOENERGIA LTDA;948734;NOVA GÁLIA UC 100227;11416268000125;PARAÚNA;GO;SERVIÇOS;SUDESTE;01/12/2021;15;CELG;2.0;9.156965;0.0;9.156965
202408;30492;UNIMED RIO VERDE;UNIMED RIO VERDE COOPERATIVA DE TRABALHO MEDICO;949189;UNIMED RIO VERDE;37275625000419;RIO VERDE;GO;SERVIÇOS;SUDESTE;01/12/2021;15;CELG;0.5;187.948822;0.0;187.948822
202408;27323;AREIA GOIAS;AREIA GOIAS MINERACAO LTDA;949848;AREIA GOIAS;11338568000133;SENADOR CANEDO;GO;MINERAIS NÃO-METÁLICOS;SUDESTE;01/01/2022;15;CELG;0.5;46.96939;0.0;46.96939
202408;64343;C CE COCARI;COCARI - COOPERATIVA AGROPECUARIA E INDUSTRIAL;950156;COCARI - SILVANIA -;78956968005576;SILVÂNIA;GO;COMÉRCIO;SUDESTE;01/02/2022;15;CELG;0.295;42.739463;0.0;42.739463
202408;84391;MARISA SE I5;MARISA LOJAS S.A.;950198;MLJ671_RIO VERDE;61189288031300;RIO VERDE;GO;COMÉRCIO;SUDESTE;01/02/2022;15;CELG;0.146;22.189534;0.0;22.189534
202408;48657;SANEAGO LIVRE;SANEAMENTO DE GOIAS S/A;950959;Booster Abóbora - Ri;01616929000102;RIO VERDE;GO;SANEAMENTO;SUDESTE;01/03/2022;15;CELG;0.637;497.609919;0.0;497.609919
202408;99292;COMIGO-MATRIZ LIVRE;COOPERATIVA AGROINDUSTRIAL DOS PRODUTORES RURAIS DO SUDOESTE GOIANO;951424;COMIGO SANTA HELENA;02077618000509;SANTA HELENA DE GOIÁS;GO;SERVIÇOS;SUDESTE;01/04/2022;15;CELG;1.55;71.865391;0.0;71.865391
202408;37532;ALPES GO;ALPES INDUSTRIA E COMERCIO DE PLASTICOS LTDA;952101;ALPES GO;02877500000212;APARECIDA DE GOIÂNIA;GO;MANUFATURADOS DIVERSOS;SUDESTE;01/05/2022;15;CELG;0.285;137.621589;0.0;137.621589
202408;39241;ENTRE RIOS CL;ENERGETICA ENTRE RIOS LTDA;952278;ENTRE RIOS CARGA CL;38239725000100;TURVELÂNDIA;GO;SERVIÇOS;SUDESTE;01/05/2022;15;CELG;2.5;34.805288;0.0;34.805288
202408;40328;LDC BRASIL CAIAPONIA;LOUIS DREYFUS COMPANY BRASIL S.A.;954352;LDC BR - CAJAPONIA -;47067525020133;CAIAPÔNIA;GO;ALIMENTÍCIOS;SUDESTE;01/08/2022;15;CELG;0.13;10.663178;0.0;10.663178
202408;37878;BRK GO;BRK AMBIENTAL - GOIAS S.A.;954546;BRK GO - EEE BARRO P;18123402000149;TRINDADE;GO;SANEAMENTO;SUDESTE;01/08/2022;15;CELG;0.15;30.770199;0.0;30.770199
202408;39276;SAO SALVADOR AL;SAO SALVADOR ALIMENTOS S/A;954679;SÃO SALVADOR ALIMENT;03387396001301;;GO;ALIMENTÍCIOS;SUDESTE;01/11/2022;15;CELG;0.66;106.641288;0.0;106.641288
202408;38106;PEVE FOODS;PEVE FOODS LTDA;954929;PEVE FOODS F2;20500092000348;MINEIROS;GO;COMÉRCIO;SUDESTE;01/09/2022;15;CELG;0.07;29.059935;0.0;29.059935
202408;60443;VIAVAREJO;GRUPO CASAS BAHIA S.A.;955710;Filial 1733 - PASSEI;33041260144409;GOIÂNIA;GO;COMÉRCIO;SUDESTE;01/10/2022;15;CELG;0.115;9.178902;0.0;9.178902
202408;71101;BURGER KING SE I1;ZAMP S.A.;956412;BK -  DRIVE AV T-63;13574594098226;GOIÂNIA;GO;ALIMENTÍCIOS;SUDESTE;01/11/2022;15;CELG;0.09;26.37655;0.0;26.37655
202408;71101;BURGER KING SE I1;ZAMP S.A.;956395;BK - AV SÃO FRANCISC;13574594084276;ANÁPOLIS;GO;ALIMENTÍCIOS;SUDESTE;01/11/2022;15;CELG;0.035;11.397283;0.0;11.397283
202408;71101;BURGER KING SE I1;ZAMP S.A.;956476;BK - BURITI SHOPPING;13574594083890;APARECIDA DE GOIÂNIA;GO;ALIMENTÍCIOS;SUDESTE;01/11/2022;15;CELG;0.055;18.477627;0.0;18.477627
202408;60443;VIAVAREJO;GRUPO CASAS BAHIA S.A.;958481;Filial 1322 - GOIÂNI;33041260065290;GOIÂNIA;GO;COMÉRCIO;SUDESTE;01/02/2023;15;CELG;0.045;6.278846;0.0;6.278846
202408;41162;JAEPEL ESPECIAL;JAEPEL PAPEIS E EMBALAGENS S.A;958572;JAEPEL CAPTAÇÃO;06142539000161;SENADOR CANEDO;GO;MADEIRA, PAPEL E CELULOSE;SUDESTE;01/02/2023;15;CELG;0.075;42.916304;0.0;42.916304
202408;38814;BIO INSTINTO;BIO INSTINTO INDUSTRIA E COMERCIO DE COSMETICOS LTDA;959586;BIO INSTINTO FILIAL;07882964000311;ANÁPOLIS;GO;SERVIÇOS;SUDESTE;01/04/2023;15;CELG;0.24;134.94972;0.0;134.94972
202408;101931;TOP TELAS CL;TOP TELAS LTDA;959800;TOP TELAS;34014479000137;SENADOR CANEDO;GO;METALURGIA E PRODUTOS DE METAL;SUDESTE;01/03/2023;15;CELG;0.5;111.075375;0.0;111.075375
202408;39176;CENCOSUD BRASIL 104 SE;CENCOSUD BRASIL COMERCIAL S.A.;959968;CENCOSUD LOJA 635;39346861025580;ITUMBIARA;GO;COMÉRCIO;SUDESTE;01/04/2023;15;CELG;0.303;65.464741;0.0;65.464741
202408;42450;CERAMICA ESTRELA;CERAMICA ESTRELA INDUSTRIAL LTDA;961355;CERAMICA PIMENTA;10220913000177;MUTUNÓPOLIS;GO;MINERAIS NÃO-METÁLICOS;SUDESTE;01/05/2023;15;CELG;0.2;0.0;0.0;0.0
202408;38740;SUPERMERCADO FLORESTA;F G COMERCIAL DE ALIMENTOS LTDA;961271;SUPERMERCADO FLOREST;14200272000140;ANÁPOLIS;GO;COMÉRCIO;SUDESTE;01/05/2023;15;CELG;0.15;50.030843;0.0;50.030843
202408;1477;ASSAI ATACADISTA;SENDAS DISTRIBUIDORA S/A;961910;ASSAI - SE/CO - 214;06057223044110;CALDAS NOVAS;GO;COMÉRCIO;SUDESTE;01/06/2023;15;CELG;0.6;240.672082;0.0;240.672082
202408;104951;FETZ;FETZ MINERADORA LTDA.;962120;FETZ - UC 1003127605;30323122000180;RIO VERDE;GO;MINERAIS NÃO-METÁLICOS;SUDESTE;01/06/2023;15;CELG;1.1;92.288032;0.0;92.288032
202408;43512;CCR AEROPORTOS CENTRAL;CONCESSIONARIA DO BLOCO CENTRAL S.A.;962500;Goiânia II;42206269000179;GOIÂNIA;GO;SERVIÇOS;SUDESTE;01/07/2023;15;CELG;0.17;54.976793;0.0;54.976793
202408;101529;SMART FIT - SUDESTE;SMARTFIT ESCOLA DE GINASTICA E DANCA S.A;962378;GOCSBU1 - UC 1001569;07594978000178;GOIÂNIA;GO;SERVIÇOS;SUDESTE;01/07/2023;15;CELG;0.078;23.183723;0.0;23.183723
202408;106859;JOSIDITH APE;AJL - AGRONEGOCIO JOSIDITH LTDA;963456;JOSIDITH CONSUMO;19321410000162;LEOPOLDO DE BULHÕES;GO;ALIMENTÍCIOS;SUDESTE;01/08/2023;15;CELG;0.75;115.085661;0.0;115.085661
202408;25518;B2W CE;AMERICANAS S.A - EM RECUPERACAO JUDICIAL;964208;AMER 312;00776574119129;ANÁPOLIS;GO;COMÉRCIO;SUDESTE;01/09/2023;15;CELG;0.109;13.195837;0.0;13.195837
202408;79624;BRAINFARMA;BRAINFARMA INDUSTRIA QUIMICA E FARMACEUTICA S.A.;964358;BRAINFARMA - ANS;05161069000544;ANÁPOLIS;GO;MANUFATURADOS DIVERSOS;SUDESTE;01/09/2023;15;CELG;11.0;7385.44213;0.0;7385.44213
202408;25518;B2W CE;AMERICANAS S.A - EM RECUPERACAO JUDICIAL;964468;AMER 1254;00776574168847;GOIÂNIA;GO;COMÉRCIO;SUDESTE;01/09/2023;15;CELG;0.065;11.914672;0.0;11.914672
202408;62321;CLARO;CLARO S.A.;964836;CLARO - CELG-D - Pru;40432544000147;ITUMBIARA;GO;TELECOMUNICAÇÕES;SUDESTE;01/09/2023;15;CELG;0.13;81.336761;0.0;81.336761
202408;25518;B2W CE;AMERICANAS S.A - EM RECUPERACAO JUDICIAL;964849;AMER 428;00776574167441;ITUMBIARA;GO;COMÉRCIO;SUDESTE;01/09/2023;15;CELG;0.125;16.774421;0.0;16.774421
202408;107239;AMARILLO;AMARILLO MINERACAO DO BRASIL LTDA;964978;Hochschild Amarillo;42799486000209;MARA ROSA;GO;EXTRAÇÃO DE MINERAIS METÁLICOS;SUDESTE;01/09/2023;15;CELG;18.0;8571.879575;0.0;8571.879575
202408;101281;BARAO SUPERMERCADOS;BARAO ESPECIALIDADES & DISTRIBUIDORA DE ALIMENTOS SA;964944;Barao Superme 964944;28790260000127;GOIÂNIA;GO;COMÉRCIO;SUDESTE;01/09/2023;15;CELG;0.085;36.564504;0.0;36.564504
202408;101281;BARAO SUPERMERCADOS;BARAO ESPECIALIDADES & DISTRIBUIDORA DE ALIMENTOS SA;965862;Barao Supermerc LJ14;28790260000127;GOIÂNIA;GO;COMÉRCIO;SUDESTE;01/10/2023;15;CELG;0.236;116.849466;0.0;116.849466
202408;101281;BARAO SUPERMERCADOS;BARAO ESPECIALIDADES & DISTRIBUIDORA DE ALIMENTOS SA;966019;Barao Supermerc LJ4;28790260000127;APARECIDA DE GOIÂNIA;GO;COMÉRCIO;SUDESTE;01/10/2023;15;CELG;0.116;44.316091;0.0;44.316091
202408;101281;BARAO SUPERMERCADOS;BARAO ESPECIALIDADES & DISTRIBUIDORA DE ALIMENTOS SA;965925;Barao Supermerc LJ26;28790260000127;SENADOR CANEDO;GO;COMÉRCIO;SUDESTE;01/10/2023;15;CELG;0.071;37.35345;0.0;37.35345
202408;3729;PERNAMBUCANAS;ARTHUR LUNDGREN TECIDOS S A CASAS PERNAMBUCANAS;966731;Pernambucanas - Gara;61099834040222;APARECIDA DE GOIÂNIA;GO;COMÉRCIO;SUDESTE;01/11/2023;15;CELG;0.065;10.750154;0.0;10.750154
202408;109449;FEBELA AGROINDUSTRIAL;FEBELA AGROINDUSTRIAL LTDA;970191;Febela Agroindustria;05874260000100;BELA VISTA DE GOIÁS;GO;ALIMENTÍCIOS;SUDESTE;01/01/2024;15;CELG;0.69;245.051327;0.0;245.051327
202408;52102;SUPERMERCADO BRJ;SUPERMERCADO BRJ LTDA;971345;SUPERMECADO BRJ - BE;17350225000170;GOIÂNIA;GO;COMÉRCIO;SUDESTE;01/02/2024;15;CELG;0.2;100.47262;0.0;100.47262
202408;109573;SAO MARCOS IJF;HOSPITAL E MATERNIDADE SAO MARCOS LTDA;972472;IJF PARTICIPACOES LT;17134934000119;GOIÂNIA;GO;SERVIÇOS;SUDESTE;01/02/2024;15;CELG;0.22;14.645307;0.0;14.645307
202408;109573;SAO MARCOS IJF;HOSPITAL E MATERNIDADE SAO MARCOS LTDA;972570;HOSPITAL E 972570;01554104000100;GOIÂNIA;GO;SERVIÇOS;SUDESTE;01/02/2024;15;CELG;0.28;79.486165;0.0;79.486165
202408;3999;C&A MODAS;C&A MODAS S.A.;973857;C&A ANP;45242914046865;ANÁPOLIS;GO;COMÉRCIO;SUDESTE;01/03/2024;15;CELG;0.15;35.717444;0.0;35.717444
202408;105683;CENCOSUD BRASIL 126 SE;CENCOSUD BRASIL COMERCIAL S.A.;975628;CENCOSUD LOJA 516;39346861034147;GOIÂNIA;GO;COMÉRCIO;SUDESTE;01/04/2024;15;CELG;0.305;110.029108;0.0;110.029108
202408;138885;PLUMA FORMOSA;PLUMA AGRO AVICOLA LTDA;976977;PLUMA FORMOSA;04656883002944;FORMOSA;GO;ALIMENTÍCIOS;SUDESTE;01/05/2024;15;CELG;0.25;32.028523;0.0;32.028523
202408;48657;SANEAGO LIVRE;SANEAMENTO DE GOIAS S/A;977849;SANEAGO - UC 2021672;01616929000102;ANÁPOLIS;GO;SANEAMENTO;SUDESTE;01/05/2024;15;CELG;2.83;1965.411378;0.0;1965.411378
202408;101281;BARAO SUPERMERCADOS;BARAO ESPECIALIDADES & DISTRIBUIDORA DE ALIMENTOS SA;978462;BaraoSupermercados3;28790260000984;GOIANIRA;GO;COMÉRCIO;SUDESTE;01/05/2024;15;CELG;0.15;34.755057;0.0;34.755057
202408;30493;SANEAGO;SANEAMENTO DE GOIAS S/A;979218;SANEAGO - UC 1700157;01616929000102;ITAPURANGA;GO;SANEAMENTO;SUDESTE;01/06/2024;15;CELG;0.108;77.321875;0.0;77.321875
202408;74006;ANHANGUERA ESP;ANHANGUERA EDUCACIONAL PARTICIPACOES S/A;981260;Valparaiso Go 981260;04310392006268;VALPARAÍSO DE GOIÁS;GO;SERVIÇOS;SUDESTE;01/07/2024;15;CELG;0.3;6.388533;0.0;6.388533
202408;50433;BRK GO CL 514;BRK AMBIENTAL - GOIAS S.A.;981406;GOC - EEE ARROZAL;18123402000220;TRINDADE;GO;SANEAMENTO;SUDESTE;01/07/2024;15;CELG;0.75;19.671489;0.0;19.671489
202408;30493;SANEAGO;SANEAMENTO DE GOIAS S/A;983114;SANEAGO -  UC 290046;01616929000102;JATAÍ;GO;SANEAMENTO;SUDESTE;01/07/2024;15;CELG;0.21;146.809417;0.0;146.809417
202408;104;ICB;INTERCEMENT BRASIL S.A.;7806;ICB - CEZARINA - GO;62258884013467;CEZARINA;GO;MINERAIS NÃO-METÁLICOS;SUDESTE;01/04/2005;15;CELG;21.5;13483.397768;0.0;13483.397768
202408;8598;HEINEKEN ITU GO CO;HNK BR INDUSTRIA DE BEBIDAS LTDA.;888129;SCHINCARIOL ALEXANIA;50221019001370;ALEXÂNIA;GO;BEBIDAS;SUDESTE;01/09/2012;15;CELG;5.0;1309.789954;0.0;1309.789954
202408;7503;SSA ABATEDOURO;SAO SALVADOR ALIMENTOS S/A;903983;SAO SALVADOR ALI;03387396000160;ITABERAÍ;GO;ALIMENTÍCIOS;SUDESTE;01/09/2016;15;CELG;7.7;7728.29665;0.0;7728.29665
202408;77703;UBV CL;SAO MARTINHO S/A;908391;USINA BOA VISTA - FI;51466860006278;QUIRINÓPOLIS;GO;MINERAIS NÃO-METÁLICOS;SUDESTE;01/04/2017;15;CELG;5.0;192.777555;0.0;192.777555
202408;45546;MARIZA AGUAS CL 514;MARIZA AGUAS MINERAIS LTDA;908499;MARIZA AGUAS;07191574000133;HIDROLÂNDIA;GO;ALIMENTÍCIOS;SUDESTE;01/04/2017;15;CELG;0.72;258.79219;0.0;258.79219
202408;99635;GOIANIA CORPORATE CL;CONDOMINIO GOIANIA CORPORATE FINANCIAL CENTER;909310;GOIANIA CORPORATE;03532908000134;GOIÂNIA;GO;SERVIÇOS;SUDESTE;01/06/2017;15;CELG;1.7;365.724381;0.0;365.724381
202408;30087;RENNER SE;LOJAS RENNER S.A.;909311;RENNER LOJA 277;92754738024932;GOIÂNIA;GO;COMÉRCIO;SUDESTE;01/06/2017;15;CELG;0.205;47.146733;0.0;47.146733
202408;45728;SHOP PORTAL SUL CL 514;CONDOMINIO PORTAL SUL SHOPPING;905827;SHOP PORTAL SUL;22861051000140;GOIÂNIA;GO;SERVIÇOS;SUDESTE;01/11/2016;15;CELG;0.51;145.652397;0.0;145.652397
202408;132980;CMOC MINA;CMOC BRASIL MINERACAO, INDUSTRIA E PARTICIPACOES LTDA.;909711;NIOBIO MINA CATALAO;26108898000614;CATALÃO;GO;EXTRAÇÃO DE MINERAIS METÁLICOS;SUDESTE;01/07/2017;15;CELG;2.0;587.095443;0.0;587.095443
202408;35233;APARECIDA SHOPPING NESP;APARECIDA SHOPPING S.A;909698;APARECIDA SHOPPING;97525711000111;APARECIDA DE GOIÂNIA;GO;SERVIÇOS;SUDESTE;01/07/2017;15;CELG;1.0;297.340722;0.0;297.340722
202408;98743;COSMED GYN CL 514;COSMED INDUSTRIA DE COSMETICOS E MEDICAMENTOS S.A.;909914;COSMED GYN;61082426001289;GOIÂNIA;GO;ALIMENTÍCIOS;SUDESTE;01/08/2017;15;CELG;1.55;731.162099;0.0;731.162099
202408;6342;MEXICHEM JL SE;MEXICHEM BRASIL INDUSTRIA DE TRANSFORMACAO PLASTICA LTDA;904739;MEXICHEM ANAPOLIS;58514928004242;ANÁPOLIS;GO;MANUFATURADOS DIVERSOS;SUDESTE;01/10/2016;15;CELG;0.1;8.558199;0.0;8.558199
202408;45860;BOA VISTA ALIMENTOS CL 514;BOA VISTA - ALIMENTOS LTDA EM RECUPERACAO JUDICIAL;914514;BOA VISTA ALIMENTOS;37356854000115;GOIANIRA;GO;ALIMENTÍCIOS;SUDESTE;01/06/2018;15;CELG;0.86;332.435586;0.0;332.435586
202408;7322;HAVAN SE;HAVAN S.A;904062;HAVAN ANAPOLIS 63;79379491006114;ANÁPOLIS;GO;COMÉRCIO;SUDESTE;01/09/2016;15;CELG;0.42;78.986301;0.0;78.986301
202408;84455;BAL LUZIANIA CL 13360;BUNGE ALIMENTOS S/A;907159;BUNGE LUZIANIA;84046101005748;LUZIÂNIA;GO;ALIMENTÍCIOS;SUDESTE;01/01/2017;15;CELG;4.0;2277.763552;0.0;2277.763552
202408;46677;COND LOG GOIANIA CL;CONDOMINIO LOG GOIANIA;922543;LOG GOIANIA;19565701000104;GOIÂNIA;GO;SERVIÇOS;SUDESTE;01/02/2019;15;CELG;0.65;238.232703;0.0;238.232703
202408;66433;KINOPLEX;EMPRESA CINEMAS SAO LUIZ S.A.;918027;KINOPLEX GOIANIA;33497660015453;GOIÂNIA;GO;SERVIÇOS;SUDESTE;01/09/2018;15;CELG;0.206;59.304586;0.0;59.304586
202408;50698;VITAMEDIC LIVRE;VITAMEDIC INDUSTRIA FARMACEUTICA LTDA;915556;VITAMEDIC INDUSTRIA;30222814000131;ANÁPOLIS;GO;MANUFATURADOS DIVERSOS;SUDESTE;01/08/2018;15;CELG;1.4;939.053114;0.0;939.053114
202408;29464;POLENGHI LIVRE;POLENGHI INDUSTRIAS ALIMENTICIAS LTDA;907016;POLENGHI GOIATUBA;24949232003689;GOIATUBA;GO;ALIMENTÍCIOS;SUDESTE;01/01/2017;15;CELG;1.5;665.804762;0.0;665.804762
202408;64126;FLORA CL SE;FLORA PRODUTOS DE HIGIENE E LIMPEZA S.A;904699;FLORA LUZIANIA;08505736000395;LUZIÂNIA;GO;QUÍMICOS;SUDESTE;01/10/2016;15;CELG;5.35;2228.210325;0.0;2228.210325
202408;98840;OPEN MALL P;J&L REAL ESTATE LTDA;913595;OPEN MALL;09531384000143;GOIÂNIA;GO;SERVIÇOS;SUDESTE;01/04/2018;15;CELG;0.3;51.257084;0.0;51.257084
202408;64320;PASSEIO DAS AGUAS;CONDOMINIO PASSEIO DAS AGUAS SHOPPING;905828;SHOP PASSEIO AGUAS;23282496000139;GOIÂNIA;GO;SERVIÇOS;SUDESTE;01/11/2016;15;CELG;3.95;1369.049745;0.0;1369.049745
202408;76961;CAOA CL;CAOA MONTADORA DE VEICULOS LTDA;893642;CAOA - ANAPOLIS GO;03471344000177;ANÁPOLIS;GO;VEÍCULOS;SUDESTE;01/07/2014;15;CELG;6.955;3999.463431;0.0;3999.463431
202408;46289;COMING CL 514;COMING INDUSTRIA E COMERCIO DE COUROS LTDA EM RECUPERACAO JUDICIAL;917371;COMING INDUSTRIA E C;00129569000151;TRINDADE;GO;MANUFATURADOS DIVERSOS;SUDESTE;01/08/2018;15;CELG;0.8;309.549109;0.0;309.549109
202408;41518;HPE AUTOMOTORES CL;HPE AUTOMOTORES DO BRASIL LTDA;907172;BWP CATALAO;54305743001170;CATALÃO;GO;VEÍCULOS;SUDESTE;01/01/2017;15;CELG;6.7;1913.066029;0.0;1913.066029
202408;50978;ATACADAO CL2;ATACADAO S.A.;907765;ATACADAO LOJA 131;75315333013197;APARECIDA DE GOIÂNIA;GO;COMÉRCIO;SUDESTE;01/02/2017;15;CELG;0.73;255.107419;0.0;255.107419
202408;31605;ITAMBEALIMEN CL 514;ITAMBE ALIMENTOS LTDA.;898070;ITAMBE GOIANIA II;16849231001690;GOIÂNIA;GO;ALIMENTÍCIOS;SUDESTE;01/02/2016;15;CELG;1.2;730.679983;0.0;730.679983
202408;46196;ACPA CL 514;ACPA ANODIZACAO DE CHAPAS E PERFIS DE ALUMINIO LTDA;924724;ACPA ANODIZACAO DE C;01945472000180;APARECIDA DE GOIÂNIA;GO;METALURGIA E PRODUTOS DE METAL;SUDESTE;01/07/2019;15;CELG;0.7;119.662491;0.0;119.662491
202408;35203;SOTRIGO CL 514;SOTRIGO SOCIEDADE TRITICOLA DE GOIAS LTDA;924896;SOTRIGO;04577125000130;ANÁPOLIS;GO;ALIMENTÍCIOS;SUDESTE;01/07/2019;15;CELG;1.0;507.308111;0.0;507.308111
202408;46348;BRITAGO CL 514;BRITAGO MINERACAO INDUSTRIA E COMERCIO LTDA;924934;BRITAGO;03007590000172;SANTA BÁRBARA DE GOIÁS;GO;MINERAIS NÃO-METÁLICOS;SUDESTE;01/07/2019;15;CELG;0.75;187.238404;0.0;187.238404
202408;31198;FRICO CL 514;FRICO INDUSTRIA E COMERCIO DE ALIMENTOS LTDA;924970;Fricó Ind. e Comérci;07014305000100;TRINDADE;GO;ALIMENTÍCIOS;SUDESTE;01/07/2019;15;CELG;1.24;657.951738;0.0;657.951738
202408;86578;TATICO SETOR CENTRO OESTE;CENTRO OESTE COMERCIAL DE ALIMENTOS LTDA;928883;TATICO SETOR CENTRO;24447350000169;GOIÂNIA;GO;COMÉRCIO;SUDESTE;01/10/2019;15;CELG;0.38;167.829081;0.0;167.829081
202408;85397;FRINENSE TRINDADE;FRINENSE ALIMENTOS LTDA;932347;FRINENSE TRINDADE;07042642000100;TRINDADE;GO;ALIMENTÍCIOS;SUDESTE;01/12/2019;15;CELG;0.1;1.153682;0.0;1.153682
202408;3999;C&A MODAS;C&A MODAS S.A.;904595;C&A MODAS GPA123;45242914031248;GOIÂNIA;GO;COMÉRCIO;SUDESTE;01/10/2016;15;CELG;0.25;41.971036;0.0;41.971036
202408;101208;CAMIL CL MABEL;CAMIL ALIMENTOS S.A.;891470;MABEL AP DE GOIANIA;64904295004281;APARECIDA DE GOIÂNIA;GO;ALIMENTÍCIOS;SUDESTE;01/01/2014;15;CELG;1.7;728.393107;0.0;728.393107
202408;63649;GUABI;GUABI NUTRICAO E SAUDE ANIMAL LTDA;904673;GUABI ANAPOLIS;02918654000124;ANÁPOLIS;GO;ALIMENTÍCIOS;SUDESTE;01/10/2016;15;CELG;1.545;663.005763;0.0;663.005763
202408;31313;EQUIPLEX CL 514;EQUIPLEX INDUSTRIA FARMACEUTICA LTDA -;907017;EQUIPLEX;01784792000103;APARECIDA DE GOIÂNIA;GO;MANUFATURADOS DIVERSOS;SUDESTE;01/01/2017;15;CELG;1.169;711.652998;0.0;711.652998
202408;35573;SGB WEBER PLANALTINA EI;SAINT-GOBAIN DO BRASIL PRODUTOS INDUSTRIAIS E PARA CONSTRUCAO LTDA;907160;S GOBAIN BRASILIT;61064838014193;PLANALTINA;GO;QUÍMICOS;SUDESTE;01/01/2017;15;CELG;0.33;69.060696;0.0;69.060696
202408;86562;BOM LIXO;BOMLIXO INDUSTRIA E COMERCIO LTDA;932933;BOMLIXO DO NIQUEL;05324532000289;GOIÂNIA;GO;SANEAMENTO;SUDESTE;01/12/2019;15;CELG;0.3;99.277337;0.0;99.277337
202408;46498;ILHAS DO LAGO CL 514;ILHAS DO LAGO ECO RESORT;932978;ILHAS DO LAGO;30512573000165;CALDAS NOVAS;GO;SERVIÇOS;SUDESTE;01/12/2019;15;CELG;0.55;218.526648;0.0;218.526648
202408;46776;ELBA CL 514;ELBA CALCARIO LTDA;933586;MONTIVIDIU ELBA;02173151000177;MONTIVIDIU;GO;MINERAIS NÃO-METÁLICOS;SUDESTE;01/01/2020;15;CELG;0.69;244.67519;0.0;244.67519
202408;89866;CARAMURU ARMAZENS GO;CARAMURU ALIMENTOS  S/A;933908;CARAMURU ARMAZENS RI;00080671003559;RIO VERDE;GO;SERVIÇOS;SUDESTE;01/02/2020;15;CELG;0.361;16.371345;0.0;16.371345
202408;82846;RIACHUELO LT 1 SE/CO;LOJAS RIACHUELO SA;933964;RCHLO LOJA 39;33200056012902;GOIÂNIA;GO;COMÉRCIO;SUDESTE;01/02/2020;15;CELG;0.15;30.028069;0.0;30.028069
202408;88208;SUPERVI;SUPERVI DISTRIBUIDOR DE ALIMENTOS LTDA;933966;LOJA 6 - PQ RESIDENC;07503617000683;ANÁPOLIS;GO;COMÉRCIO;SUDESTE;01/02/2020;15;CELG;0.08;33.526206;0.0;33.526206
202408;1477;ASSAI ATACADISTA;SENDAS DISTRIBUIDORA S/A;934731;SENDAS SE/CO - 117 (;06057223032375;VALPARAÍSO DE GOIÁS;GO;COMÉRCIO;SUDESTE;01/03/2020;15;CELG;0.63;263.40305;0.0;263.40305
202408;43644;ESTACIO CL;SOCIEDADE DE ENSINO SUPERIOR ESTACIO DE SA LTDA;935507;ESTÁCIO GOIAS;34075739014053;GOIÂNIA;GO;SERVIÇOS;SUDESTE;01/04/2020;15;CELG;0.6;28.870394;0.0;28.870394
202408;96969;SJC BIOENERGIA CL 2;SJC BIOENERGIA LTDA;936784;SJC BIOENERGIA CONSU;10249419000216;QUIRINÓPOLIS;GO;ALIMENTÍCIOS;SUDESTE;01/06/2020;15;CELG;3.0;228.584032;0.0;228.584032
202408;92091;LOPES VIANDELLI;LOPES VIANDELLI PRODUTOS ALIMENTICIOS LTDA;936981;LOPES V. LOJA 2;26910752000183;GOIANÉSIA;GO;COMÉRCIO;SUDESTE;01/06/2020;15;CELG;0.105;50.362868;0.0;50.362868
202408;92091;LOPES VIANDELLI;LOPES VIANDELLI PRODUTOS ALIMENTICIOS LTDA;937072;LOPES V. LOJA 3;26910752000507;GOIANÉSIA;GO;COMÉRCIO;SUDESTE;01/06/2020;15;CELG;0.2;75.303196;0.0;75.303196
202408;48781;MONTIVIDIUSANTATEREZACL514;CALCARIO SANTA TEREZA LTDA;937755;MONTIVIDIU SANTA TER;01059930000183;FORMOSO;GO;MINERAIS NÃO-METÁLICOS;SUDESTE;01/07/2020;15;CELG;0.5;22.114488;0.0;22.114488
202408;86666;COMERCIAL REIS;COMERCIAL REIS LTDA;937752;Loja 14;03044201001584;CALDAS NOVAS;GO;COMÉRCIO;SUDESTE;01/07/2020;15;CELG;0.14;62.896175;0.0;62.896175
202408;86666;COMERCIAL REIS;COMERCIAL REIS LTDA;937774;Loja Reis 13;03044201001401;ITUMBIARA;GO;COMÉRCIO;SUDESTE;01/07/2020;15;CELG;0.135;62.080185;0.0;62.080185
202408;86666;COMERCIAL REIS;COMERCIAL REIS LTDA;937741;Loja 09;03044201000421;ITUMBIARA;GO;COMÉRCIO;SUDESTE;01/07/2020;15;CELG;0.14;71.965844;0.0;71.965844
202408;31270;PIFPAFMATRIZ CL 514;RIO BRANCO ALIMENTOS S/A;938177;PIF PAF - PALM DE GO;05017780002735;PALMEIRAS DE GOIÁS;GO;ALIMENTÍCIOS;SUDESTE;01/08/2020;15;CELG;1.55;206.105097;0.0;206.105097
202408;98955;CROWN RIO VERDE;CROWN EMBALAGENS METALICAS DA AMAZONIA S/A;939930;CROWN RIO VERDE;33174335001319;RIO VERDE;GO;METALURGIA E PRODUTOS DE METAL;SUDESTE;01/11/2020;15;CELG;4.4;2271.187898;0.0;2271.187898
202408;47665;BRMILL CL 514;BRMILL ALIMENTOS LTDA;941388;BRMILL ALIMENTOS LTD;08469992000102;SILVÂNIA;GO;ALIMENTÍCIOS;SUDESTE;01/01/2021;15;CELG;0.7;271.409752;0.0;271.409752
202408;95859;SUPERMERCADO PRO BRASIL;SUPERMERCADO PRO BRASIL LTDA;941286;SUPERM PRO BR JD AMR;37629995000326;GOIÂNIA;GO;COMÉRCIO;SUDESTE;01/01/2021;15;CELG;0.19;84.227169;0.0;84.227169
202408;99081;COMIVA;COOPERATIVA MISTA AGROPECUARIA DO VALE DO ARAGUAIA;941901;COMIVA PORTELANDIA;01167501001010;PORTELÂNDIA;GO;SERVIÇOS;SUDESTE;01/01/2021;15;CELG;0.36;13.620005;0.0;13.620005
202408;89866;CARAMURU ARMAZENS GO;CARAMURU ALIMENTOS  S/A;942170;CARAMURU ARMAZENS NO;00080671000371;SÃO SIMÃO;GO;ALIMENTÍCIOS;SUDESTE;01/02/2021;15;CELG;0.13;11.531569;0.0;11.531569
202408;47797;QUALITY ALIMENTOS CL 514;QUALITY INDUSTRIA DE ALIMENTOS LTDA;942363;QUALITY ALIMENTOS;08906799000191;ANÁPOLIS;GO;ALIMENTÍCIOS;SUDESTE;01/02/2021;15;CELG;0.5;235.886625;0.0;235.886625
202408;47543;EMBALO EMBALAGENS CL 514;EMBALO EMBALAGENS LOGICAS LTDA;942361;EMBALO EMBALAGENS;01500016000126;ANÁPOLIS;GO;MANUFATURADOS DIVERSOS;SUDESTE;01/02/2021;15;CELG;0.5;79.210085;0.0;79.210085
202408;25500;SJC BIOENERGIA CL3;SJC BIOENERGIA LTDA;942431;CACHOEIRA DOUR CONSU;10249419000305;CACHOEIRA DOURADA;GO;ALIMENTÍCIOS;SUDESTE;01/02/2021;15;CELG;3.0;53.669352;0.0;53.669352
202408;31456;BRITACAL CL 514;BRITACAL IND E COM DE BRITA E CALCARIO BRASILIA LTDA;942978;BRITACAL - PLANALTIN;26970103000259;PLANALTINA;GO;MINERAIS NÃO-METÁLICOS;SUDESTE;01/03/2021;15;CELG;0.943;336.976021;0.0;336.976021
202408;98260;BAUMINAS QUIMICA;BAUMINAS QUIMICA LTDA.;943245;BAUMINAS LUZIANIA;19525278001000;LUZIÂNIA;GO;QUÍMICOS;SUDESTE;01/03/2021;15;CELG;0.2;14.643927;0.0;14.643927
202408;66054;VILLEFORT;CEMA CENTRAL MINEIRA ATACADISTA LTDA;943636;VILLEFORT JATAI;03083231003381;JATAÍ;GO;COMÉRCIO;SUDESTE;01/04/2021;15;CELG;0.3;152.055897;0.0;152.055897
202408;83042;CARGILL PGA SE;CARGILL AGRICOLA S A;944230;Cargill Piracanjuba;60498706037581;SANTA CRUZ DE GOIÁS;GO;ALIMENTÍCIOS;SUDESTE;01/05/2021;15;CELG;0.41;19.319558;0.0;19.319558
202408;100386;NUTRON ITPCL 514 23;CARGILL ALIMENTOS LTDA;945007;Cargill Goianira;01961898001441;GOIÂNIA;GO;ALIMENTÍCIOS;SUDESTE;01/06/2021;15;CELG;0.8;117.313311;0.0;117.313311
202408;25101;ADUBOS ARAGUAIA;ARAGUAIA S.A.;945308;ADUBOS DAIA - UC 210;03306578001211;ANÁPOLIS;GO;QUÍMICOS;SUDESTE;01/06/2021;15;CELG;0.245;82.715724;0.0;82.715724
202408;98167;ABL ENERGIA;FMC ENERGIA LTDA;945492;PMC SHOPPING;35585168000190;VALPARAÍSO DE GOIÁS;GO;SERVIÇOS;SUDESTE;01/07/2021;15;CELG;0.3;121.971001;0.0;121.971001
202408;64343;C CE COCARI;COCARI - COOPERATIVA AGROPECUARIA E INDUSTRIAL;946974;COCARI UC 1060106878;78956968000183;CRISTALINA;GO;COMÉRCIO;SUDESTE;01/09/2021;15;CELG;0.3;25.36623;0.0;25.36623
202408;84391;MARISA SE I5;MARISA LOJAS S.A.;947580;MLJ934_URIAS MAGALHA;61189288052570;GOIÂNIA;GO;COMÉRCIO;SUDESTE;01/10/2021;15;CELG;0.15;29.08747;0.0;29.08747
202408;63677;RENNER MATRIZ SUDESTE;LOJAS RENNER S.A.;948668;RNR128_Shop Goiânia;92754738014201;GOIÂNIA;GO;COMÉRCIO;SUDESTE;01/12/2021;15;CELG;0.221;43.652288;0.0;43.652288
202408;63677;RENNER MATRIZ SUDESTE;LOJAS RENNER S.A.;948571;RNR056 - Flamboyant;92754738006870;GOIÂNIA;GO;COMÉRCIO;SUDESTE;01/12/2021;15;CELG;0.09;36.316964;0.0;36.316964
202408;4574;BRASIL TELE SE;OI S.A. - EM RECUPERACAO JUDICIAL;948797;UC 120026995 - LUZIA;76535764032851;LUZIÂNIA;GO;TELECOMUNICAÇÕES;SUDESTE;01/12/2021;15;CELG;0.06;26.669996;0.0;26.669996
202408;4574;BRASIL TELE SE;OI S.A. - EM RECUPERACAO JUDICIAL;948827;UC 20661836 - JLK -;76535764032851;ANÁPOLIS;GO;TELECOMUNICAÇÕES;SUDESTE;01/12/2021;15;CELG;0.058;16.179091;0.0;16.179091
202408;93109;COSTA MULTICANAL;COSTA MULTICANAL S/A;950847;COSTA ANEL VIARI;27289076000569;GOIÂNIA;GO;COMÉRCIO;SUDESTE;01/03/2022;15;CELG;0.3;133.855834;0.0;133.855834
202408;26907;CEREAL OURO;CEREAL OURO SEMENTES LTDA;951195;CEREAL OURO AGRICOLA;04712017000122;RIO VERDE;GO;ALIMENTÍCIOS;SUDESTE;01/04/2022;15;CELG;0.5;80.314843;0.0;80.314843
202408;93905;COMIGO-MATRIZ ESPECIAL;COOPERATIVA AGROINDUSTRIAL DOS PRODUTORES RURAIS DO SUDOESTE GOIANO;951436;COM-PARAÚNA;02077618002200;PARAÚNA;GO;SERVIÇOS;SUDESTE;01/04/2022;15;CELG;0.45;65.772568;0.0;65.772568
202408;44493;CALCARIO RIO VERDE CL 514;CALCARIO RIO VERDE MINERACAO E AGROPECUARIA LTDA;951633;CALCARIO RIO VERDE;02056554000136;CAIAPÔNIA;GO;MINERAIS NÃO-METÁLICOS;SUDESTE;01/04/2022;15;CELG;0.5;161.347793;0.0;161.347793
202408;38048;BRF 1117 CD AP GOIANIA CE;BRF S.A.;954288;BRF - CD AP DE GOIAN;01838723030891;APARECIDA DE GOIÂNIA;GO;COMÉRCIO;SUDESTE;01/09/2022;15;CELG;0.43;282.034543;0.0;282.034543
202408;60443;VIAVAREJO;GRUPO CASAS BAHIA S.A.;954329;Filial 1308 - UC: 10;33041260109336;NOVO GAMA;GO;COMÉRCIO;SUDESTE;01/08/2022;15;CELG;0.09;10.825321;0.0;10.825321
202408;60443;VIAVAREJO;GRUPO CASAS BAHIA S.A.;954335;Filial 1654 - PORTAL;33041260109174;GOIÂNIA;GO;COMÉRCIO;SUDESTE;01/08/2022;15;CELG;0.06;17.745205;0.0;17.745205
202408;84590;LOCALIZA;LOCALIZA RENT A CAR SA;954948;LOCALIZA CDGYN1;16670085000155;APARECIDA DE GOIÂNIA;GO;SERVIÇOS;SUDESTE;01/09/2022;15;CELG;0.06;24.556726;0.0;24.556726
202408;38275;NUTRIEN CRISTALINA;NUTRIEN SOLUCOES AGRICOLAS LTDA;955311;NUTRIEN CRISTALINA;88305859000150;CRISTALINA;GO;SERVIÇOS;SUDESTE;01/09/2022;15;CELG;0.1;6.085771;0.0;6.085771
202408;60443;VIAVAREJO;GRUPO CASAS BAHIA S.A.;955715;Filial 1627 - ÁGUAS;33041260109760;;GO;COMÉRCIO;SUDESTE;01/10/2022;15;CELG;0.1;10.546128;0.0;10.546128
202408;53957;BONABOCA CL 514;BONABOCA INDUSTRIA E COMERCIO DE ALIMENTOS LTDA;956534;Bonaboca Filial;09593374000302;GOIÂNIA;GO;ALIMENTÍCIOS;SUDESTE;01/11/2022;15;CELG;0.5;160.844805;0.0;160.844805
202408;71101;BURGER KING SE I1;ZAMP S.A.;956895;BK - SHOPPING FLAMBO;13574594084861;GOIÂNIA;GO;ALIMENTÍCIOS;SUDESTE;01/12/2022;15;CELG;0.048;17.488642;0.0;17.488642
202408;57038;BRF 570 SAO THOMAS CL;BRF S.A.;957241;BRF - 63035198 - GRA;01838723017445;RIO VERDE;GO;ALIMENTÍCIOS;SUDESTE;01/12/2022;15;CELG;0.585;143.439491;0.0;143.439491
202408;41162;JAEPEL ESPECIAL;JAEPEL PAPEIS E EMBALAGENS S.A;958533;JAEPEL ETE;06142539000161;SENADOR CANEDO;GO;MADEIRA, PAPEL E CELULOSE;SUDESTE;01/02/2023;15;CELG;0.75;380.936312;0.0;380.936312
202408;50978;ATACADAO CL2;ATACADAO S.A.;959359;ATACADAO LJ 231;75315333023150;ITUMBIARA;GO;COMÉRCIO;SUDESTE;01/03/2023;15;CELG;0.6;202.400393;0.0;202.400393
202408;48657;SANEAGO LIVRE;SANEAMENTO DE GOIAS S/A;959410;SANEAGO - EEAB Meia;01616929000102;GOIÂNIA;GO;SANEAMENTO;SUDESTE;01/03/2023;15;CELG;1.15;808.914626;0.0;808.914626
202408;93109;COSTA MULTICANAL;COSTA MULTICANAL S/A;959452;COSTA RIO VERDE;27289076000720;RIO VERDE;GO;COMÉRCIO;SUDESTE;01/03/2023;15;CELG;0.25;107.45017;0.0;107.45017
202408;84391;MARISA SE I5;MARISA LOJAS S.A.;959556;MLJ178_BURITI SHOPPI;61189288018711;APARECIDA DE GOIÂNIA;GO;COMÉRCIO;SUDESTE;01/03/2023;15;CELG;0.17;33.348188;0.0;33.348188
202408;3999;C&A MODAS;C&A MODAS S.A.;960770;C&A SCE;45242914046350;GOIÂNIA;GO;COMÉRCIO;SUDESTE;01/05/2023;15;CELG;0.145;42.338095;0.0;42.338095
202408;57253;ATACADAO DIA A DIA 007;ATACADAO DIA A DIA S.A;960901;DIA A DIA - PLANALTI;17457404001426;PLANALTINA;GO;COMÉRCIO;SUDESTE;01/05/2023;15;CELG;0.3;134.711211;0.0;134.711211
202408;49676;AGROVALE;COOPERATIVA MISTA DOS PRODUTORES RURAIS DO VALE DO PARANAIBA LTDA;961188;AGROVALE - 80043495;02233732000157;QUIRINÓPOLIS;GO;ALIMENTÍCIOS;SUDESTE;01/05/2023;15;CELG;0.33;82.813823;0.0;82.813823
202408;49676;AGROVALE;COOPERATIVA MISTA DOS PRODUTORES RURAIS DO VALE DO PARANAIBA LTDA;961255;AGROVALE - 80067890;02233732000157;QUIRINÓPOLIS;GO;ALIMENTÍCIOS;SUDESTE;01/05/2023;15;CELG;0.06;13.320666;0.0;13.320666
202408;42450;CERAMICA ESTRELA;CERAMICA ESTRELA INDUSTRIAL LTDA;961232;IRMAOS ROSA;10220913000177;ESTRELA DO NORTE;GO;MINERAIS NÃO-METÁLICOS;SUDESTE;01/05/2023;15;CELG;0.4;150.646375;0.0;150.646375
202408;51694;C CE LATICINIOS FORMOSA;INDUSTRIA E COMERCIO DE LATICINIOS FORMOSA LTDA;961220;LAT FORMOSA - ITAUCU;04779723000191;ITAUÇU;GO;ALIMENTÍCIOS;SUDESTE;01/05/2023;15;CELG;0.3;128.563245;0.0;128.563245
202408;103140;SERRANOPOLIS CONSUMO;ENERGETICA SERRANOPOLIS LTDA;961177;ENE SERRANOPO 961177;05643160000172;SERRANÓPOLIS;GO;MINERAIS NÃO-METÁLICOS;SUDESTE;01/05/2023;15;CELG;0.55;9.041749;0.0;9.041749
202408;105942;PEROLA ESPECIAL;PEROLA DISTRIBUICAO E LOGISTICA S/A;961986;AV COMERCIAL;06204131001653;ANÁPOLIS;GO;COMÉRCIO;SUDESTE;01/07/2023;15;CELG;0.22;30.27652;0.0;30.27652
202408;105942;PEROLA ESPECIAL;PEROLA DISTRIBUICAO E LOGISTICA S/A;962046;LUZIANIA 2;06204131001220;ANÁPOLIS;GO;COMÉRCIO;SUDESTE;01/07/2023;15;CELG;0.14;26.067821;0.0;26.067821
202408;52403;REDE LUCAS;REDE LUCAS DE SUPERMERCADOS LTDA;962155;Loja 12 - UC  100276;06894782001299;QUIRINÓPOLIS;GO;COMÉRCIO;SUDESTE;01/06/2023;15;CELG;0.1;47.330178;0.0;47.330178
202408;102523;VMF LIVRE;VMF MINERACAO E CALCARIO LTDA;962540;VMF;37208486000168;ANICUNS;GO;MINERAIS NÃO-METÁLICOS;SUDESTE;01/07/2023;15;CELG;0.525;53.651106;0.0;53.651106
202408;100962;ITAU AMR I5 SE;ITAU UNIBANCO S.A.;962529;1004_CATALAO-GO (UC;60701190120690;CATALÃO;GO;SERVIÇOS;SUDESTE;01/07/2023;15;CELG;0.057;10.530129;0.0;10.530129
202408;104186;AGRISTAR;AGRISTAR DO BRASIL LTDA;962931;AGRISTAR GO;33345950000298;ORIZONA;GO;ALIMENTÍCIOS;SUDESTE;01/07/2023;15;CELG;0.15;41.380466;0.0;41.380466
202408;25518;B2W CE;AMERICANAS S.A - EM RECUPERACAO JUDICIAL;964887;AMER 1331;00776574017040;ITUMBIARA;GO;COMÉRCIO;SUDESTE;01/09/2023;15;CELG;0.08;10.890008;0.0;10.890008
202408;25518;B2W CE;AMERICANAS S.A - EM RECUPERACAO JUDICIAL;964820;AMER 251;00776574009293;ANÁPOLIS;GO;COMÉRCIO;SUDESTE;01/09/2023;15;CELG;0.155;18.774839;0.0;18.774839
202408;101281;BARAO SUPERMERCADOS;BARAO ESPECIALIDADES & DISTRIBUIDORA DE ALIMENTOS SA;965094;Barao Superme 965094;28790260000127;INHUMAS;GO;COMÉRCIO;SUDESTE;01/09/2023;15;CELG;0.103;33.07506;0.0;33.07506
202408;101281;BARAO SUPERMERCADOS;BARAO ESPECIALIDADES & DISTRIBUIDORA DE ALIMENTOS SA;965167;Barao Superme 965167;28790260000127;GOIÂNIA;GO;COMÉRCIO;SUDESTE;01/09/2023;15;CELG;0.114;36.673669;0.0;36.673669
202408;101281;BARAO SUPERMERCADOS;BARAO ESPECIALIDADES & DISTRIBUIDORA DE ALIMENTOS SA;965191;Barao Superme 965191;28790260000127;GOIANIRA;GO;COMÉRCIO;SUDESTE;01/09/2023;15;CELG;0.18;65.050317;0.0;65.050317
202408;101281;BARAO SUPERMERCADOS;BARAO ESPECIALIDADES & DISTRIBUIDORA DE ALIMENTOS SA;965083;Barao Superme 965083;28790260000127;GOIÂNIA;GO;COMÉRCIO;SUDESTE;01/09/2023;15;CELG;0.121;52.339053;0.0;52.339053
202408;101281;BARAO SUPERMERCADOS;BARAO ESPECIALIDADES & DISTRIBUIDORA DE ALIMENTOS SA;965988;Barao Supermerc L10;28790260000127;GOIÂNIA;GO;COMÉRCIO;SUDESTE;01/10/2023;15;CELG;0.158;68.751477;0.0;68.751477
202408;101281;BARAO SUPERMERCADOS;BARAO ESPECIALIDADES & DISTRIBUIDORA DE ALIMENTOS SA;966024;Barao Supermerc LJ7;28790260000127;GOIÂNIA;GO;COMÉRCIO;SUDESTE;01/10/2023;15;CELG;0.147;56.05166;0.0;56.05166
202408;3846;BRASIL TELECOM;OI S.A. - EM RECUPERACAO JUDICIAL;966003;ID UC 19785 - UC 290;76535764032851;NOVO GAMA;GO;TELECOMUNICAÇÕES;SUDESTE;01/11/2023;15;CELG;0.06;26.354269;0.0;26.354269
202408;60443;VIAVAREJO;GRUPO CASAS BAHIA S.A.;966478;Filial 1319 - CALDAS;33041260108445;CALDAS NOVAS;GO;COMÉRCIO;SUDESTE;01/11/2023;15;CELG;0.08;9.881992;0.0;9.881992
202408;60443;VIAVAREJO;GRUPO CASAS BAHIA S.A.;966440;Filial 1783 - UC: 10;33041260149206;GOIANÉSIA;GO;COMÉRCIO;SUDESTE;01/11/2023;15;CELG;0.07;6.13086;0.0;6.13086
202408;62677;SLC AGRICOLA;SLC AGRICOLA S.A.;966634;SLC PAMPLONA SED I;89096457001127;CRISTALINA;GO;ALIMENTÍCIOS;SUDESTE;01/11/2023;15;CELG;0.11;46.370102;0.0;46.370102
202408;4574;BRASIL TELE SE;OI S.A. - EM RECUPERACAO JUDICIAL;966633;ID UC 19860 - UC 335;76535764032851;VALPARAÍSO DE GOIÁS;GO;TELECOMUNICAÇÕES;SUDESTE;01/11/2023;15;CELG;0.05;22.469854;0.0;22.469854
202408;100962;ITAU AMR I5 SE;ITAU UNIBANCO S.A.;966723;4336_GOIANIA-PERIMET;60701190195940;GOIÂNIA;GO;SERVIÇOS;SUDESTE;01/11/2023;15;CELG;0.07;10.322054;0.0;10.322054
202408;37878;BRK GO;BRK AMBIENTAL - GOIAS S.A.;966779;BRK GO- ETE T PROMET;18123402000149;APARECIDA DE GOIÂNIA;GO;SANEAMENTO;SUDESTE;01/11/2023;15;CELG;0.225;6.833933;0.0;6.833933
202408;105446;SEMPRE SEMENTES;SEMPRE AGTECH LTDA;966842;SEMPRE AGTECH LTDA;09536120000263;SANTA HELENA DE GOIÁS;GO;ALIMENTÍCIOS;SUDESTE;01/11/2023;15;CELG;0.8;226.041764;0.0;226.041764
202408;113622;CAÇU;CACU COMERCIO E INDUSTRIA DE ACUCAR E ALCOOL LTDA;967771;CACU COMERCIO;07996345000196;VICENTINÓPOLIS;GO;ALIMENTÍCIOS;SUDESTE;01/12/2023;15;CELG;1.0;10.734526;0.0;10.734526
202408;112347;VR LABEL;VR LABEL INDUSTRIA GRAFICA LTDA;969676;VR Label;97523216000173;APARECIDA DE GOIÂNIA;GO;SERVIÇOS;SUDESTE;01/01/2024;15;CELG;0.5;73.611907;0.0;73.611907
202408;100962;ITAU AMR I5 SE;ITAU UNIBANCO S.A.;971415;3935_PERSONNALITE-GO;60701190169940;GOIÂNIA;GO;SERVIÇOS;SUDESTE;01/02/2024;15;CELG;0.062;8.193001;0.0;8.193001
202408;118105;FRIGO SUINOS;FRIGO SUINOS SOL NASCENTE LTDA;972280;Frigo Suínos Sol Nas;03801328000103;GOIÂNIA;GO;ALIMENTÍCIOS;SUDESTE;01/02/2024;15;CELG;0.95;351.78593;0.0;351.78593
202408;125310;IRRIGACAO URC;ATVOS BIOENERGIA RIO CLARO S.A;973295;Rio Claro Agroindust;08598391000108;CAÇU;GO;MINERAIS NÃO-METÁLICOS;SUDESTE;01/03/2024;15;CELG;2.6;490.194349;0.0;490.194349
202408;105683;CENCOSUD BRASIL 126 SE;CENCOSUD BRASIL COMERCIAL S.A.;975599;CENCOSUD LOJA 645;39346861025822;ANÁPOLIS;GO;COMÉRCIO;SUDESTE;01/04/2024;15;CELG;0.288;65.665474;0.0;65.665474
202408;48657;SANEAGO LIVRE;SANEAMENTO DE GOIAS S/A;977437;SANEAGO - UC 1107207;01616929000102;GOIÂNIA;GO;SANEAMENTO;SUDESTE;01/05/2024;15;CELG;1.191;633.242918;0.0;633.242918
202408;30493;SANEAGO;SANEAMENTO DE GOIAS S/A;977828;SANEAGO - UC 2960119;01616929000102;PLANALTINA;GO;SANEAMENTO;SUDESTE;01/05/2024;15;CELG;0.166;72.246635;0.0;72.246635
202408;30493;SANEAGO;SANEAMENTO DE GOIAS S/A;977779;SANEAGO - UC 1237435;01616929000102;GOIÂNIA;GO;SANEAMENTO;SUDESTE;01/05/2024;15;CELG;0.5;73.877562;0.0;73.877562
202408;101281;BARAO SUPERMERCADOS;BARAO ESPECIALIDADES & DISTRIBUIDORA DE ALIMENTOS SA;978494;BaraoSupermercados2;28790260000984;TRINDADE;GO;COMÉRCIO;SUDESTE;01/05/2024;15;CELG;0.087;27.397068;0.0;27.397068
202408;93706;UNIMED GO;UNIMED GOIANIA COOPERATIVA DE TRABALHO MEDICO;982876;SAU PEDIATRICO (UC 1;02476067001951;GOIÂNIA;GO;SERVIÇOS;SUDESTE;01/07/2024;15;CELG;0.06;21.435553;0.0;21.435553
202408;30493;SANEAGO;SANEAMENTO DE GOIAS S/A;983046;SANEAGO - UC 2901118;01616929000102;JATAÍ;GO;SANEAMENTO;SUDESTE;01/07/2024;15;CELG;0.112;62.861925;0.0;62.861925
202408;54203;BAUTEK;BAUTEK MINERAIS INDUSTRIAIS LTDA.;984570;BAUTEK GO;21229511000230;BARRO ALTO;GO;EXTRAÇÃO DE MINERAIS METÁLICOS;SUDESTE;01/08/2024;15;CELG;0.5;353.358281;0.0;353.358281
202408;3309;MARTINS;MARTINS COMERCIO E SERVICOS DE DISTRIBUICAO S/A;985387;MARTINS 10037613136;43214055004013;HIDROLÂNDIA;GO;COMÉRCIO;SUDESTE;01/08/2024;15;CELG;0.15;155.746023;0.0;155.746023
202408;149190;KRONA NORDESTE FILIAL;KRONA TUBOS E CONEXOES DO NORDESTE LTDA;985202;KRONA NORDESTE - FIL;11907140000245;APARECIDA DE GOIÂNIA;GO;MANUFATURADOS DIVERSOS;SUDESTE;01/08/2024;15;CELG;0.85;220.095311;0.0;220.095311
202408;15;CELG;EQUATORIAL GOIAS DISTRIBUIDORA DE ENERGIA S/A;16;CELG;01543032000104;GOIÂNIA;GO;;SUDESTE;01/08/2000;;;2010.513;1094670.365848;0.0;1094670.365848
202408;24136;JBS FRIBOI CL 18;JBS S/A;7850;JBS - MOZARLANDIA;02916265008306;MOZARLÂNDIA;GO;ALIMENTÍCIOS;SUDESTE;01/05/2005;15;CELG;7.0;4813.8722;0.0;4813.8722
202408;84226;MORRO VERMELHO CL;ATVOS BIOENERGIA BRENCO S.A.;889196;MORRO VERMELHO - CON;08070566000100;MINEIROS;GO;SERVIÇOS;SUDESTE;01/01/2013;4078;TER;5.0;0.591253;0.0;0.591253
202408;84224;AGUA EMENDADA CL;ATVOS BIOENERGIA BRENCO S.A.;889195;AGUA EMENDADA - CONS;08070566000100;PEROLÂNDIA;GO;SERVIÇOS;SUDESTE;01/01/2013;4078;TER;5.0;29.156512;0.0;29.156512
202408;85293;BRF 245 MINEIROS CL;BRF S.A.;902710;BRF RACAO MINEIROS;01838723018921;MINEIROS;GO;ALIMENTÍCIOS;SUDESTE;01/08/2016;15;CELG;2.7;666.314987;0.0;666.314987
202408;31353;OLVEGO CL 514;OLVEGO OLEOS VEGETAIS DE GOIAS LTDA;903160;OLVEGO;02136380000111;PIRES DO RIO;GO;ALIMENTÍCIOS;SUDESTE;01/08/2016;15;CELG;1.35;886.380797;0.0;886.380797
202408;88069;RIO QUENTE RESORT CL 514;COMPANHIA THERMAS DO RIO QUENTE;899937;RIO QUENTE RESORT;01540533000129;RIO QUENTE;GO;SERVIÇOS;SUDESTE;01/06/2016;15;CELG;2.8;1287.680256;0.0;1287.680256
202408;3999;C&A MODAS;C&A MODAS S.A.;900379;C&A MODAS GYN710;45242914001683;GOIÂNIA;GO;COMÉRCIO;SUDESTE;01/07/2016;15;CELG;0.25;56.193322;0.0;56.193322
202408;61211;JAEPEL;JAEPEL PAPEIS E EMBALAGENS S.A;901060;JAEPEL PAPEIS;06142539000161;SENADOR CANEDO;GO;MADEIRA, PAPEL E CELULOSE;SUDESTE;01/07/2016;15;CELG;7.5;5276.19261;0.0;5276.19261
202408;32633;JARDIM GOIAS CL 514 2022;JARDIM GOIAS EMPREENDIMENTOS LTDA;908470;JARDIM GOIAS;02103836000147;GOIÂNIA;GO;SERVIÇOS;SUDESTE;01/04/2017;15;CELG;1.503;405.425331;0.0;405.425331
202408;32051;OURO BRANCO NESP;CALCARIO OURO BRANCO LTDA;909313;OURO BRANCO;37883097000219;INDIARA;GO;MINERAIS NÃO-METÁLICOS;SUDESTE;01/06/2017;15;CELG;1.2;579.902388;0.0;579.902388
202408;1442;CBD;COMPANHIA BRASILEIRA DE DISTRIBUICAO;910358;CBD PA GOIANIA 1018;47508411160196;GOIÂNIA;GO;COMÉRCIO;SUDESTE;01/09/2017;15;CELG;0.31;133.454462;0.0;133.454462
202408;87813;BELOCAL PLANALTINA;MINERACAO BELOCAL LTDA;907171;MINERAÇÃO BELOCAL;06730693000820;PLANALTINA;GO;MINERAIS NÃO-METÁLICOS;SUDESTE;01/01/2017;15;CELG;2.0;893.914875;0.0;893.914875
202408;99122;GEM ALIMENTOS CL 514;GEM AGROINDUSTRIAL E COMERCIAL LTDA;921178;GEM AGROINDUSTRIAL;25006271000185;ACREÚNA;GO;ALIMENTÍCIOS;SUDESTE;01/01/2019;15;CELG;1.7;464.428403;0.0;464.428403
202408;82846;RIACHUELO LT 1 SE/CO;LOJAS RIACHUELO SA;898050;RIACHUELO LJ 154;33200056032423;GOIÂNIA;GO;COMÉRCIO;SUDESTE;01/02/2016;15;CELG;0.225;70.222048;0.0;70.222048
202408;88106;SHOPPING SUL CL 514;CONDOMINIO DO SHOPPING SUL;906599;SHOP SUL VALPARAISO;74155474000149;VALPARAÍSO DE GOIÁS;GO;SERVIÇOS;SUDESTE;01/12/2016;15;CELG;2.3;735.35038;0.0;735.35038
202408;46180;THERMAS BOULEVARD CL 514;CONDOMINIO THERMAS BOULEVARD SUITE HOTEL;922562;CONDOMINIO THERMAS B;12781891000140;CALDAS NOVAS;GO;SERVIÇOS;SUDESTE;01/02/2019;15;CELG;0.5;113.621707;0.0;113.621707
202408;65991;BREJEIRO;PRODUTOS ALIMENTICIOS ORLANDIA S A COMERCIO E INDUSTRIA;922772;BREJEIRO ANÁPOLIS;53309845000200;ANÁPOLIS;GO;ALIMENTÍCIOS;SUDESTE;01/03/2019;15;CELG;2.0;1159.052695;0.0;1159.052695
202408;45498;NUTRATTA CL 514;NUTRATTA NUTRICAO ANIMAL LTDA;922895;NUTRATTA UC 10015188;17316559000128;ITUMBIARA;GO;ALIMENTÍCIOS;SUDESTE;01/03/2019;15;CELG;0.95;125.498743;0.0;125.498743
202408;51241;SHG SEMENTES GRANEL CL 514;SHG SEMENTES E SERVICOS LTDA;906325;MONSANTO SHG2;37302618000116;SANTA HELENA DE GOIÁS;GO;ALIMENTÍCIOS;SUDESTE;01/12/2016;15;CELG;0.5;130.472674;0.0;130.472674
202408;84857;CENCOSUD BRASIL 018;CENCOSUD BRASIL COMERCIAL S.A.;923377;Loja 527;39346861022483;GOIÂNIA;GO;COMÉRCIO;SUDESTE;01/04/2019;15;CELG;0.384;144.811149;0.0;144.811149
202408;99485;LIMAGRAIN BRASIL S/A CL 514;LIMAGRAIN BRASIL S.A.;908189;LIMAGRAIN GOIANESIA;12770927000270;GOIANÉSIA;GO;ALIMENTÍCIOS;SUDESTE;01/03/2017;15;CELG;2.0;252.831576;0.0;252.831576
202408;53172;CMP ANAPOLIS;CMP METALGRAPHICA PAULISTA LTDA;917957;COMPANHIA METALGRAPH;61161139000454;ANÁPOLIS;GO;METALURGIA E PRODUTOS DE METAL;SUDESTE;01/09/2018;15;CELG;0.5;112.168828;0.0;112.168828
202408;45924;FRIVAM CL 514;FRIVAM ALIMENTOS LTDA;917971;FRIVAM;15756574000161;HIDROLÂNDIA;GO;ALIMENTÍCIOS;SUDESTE;01/09/2018;15;CELG;0.8;17.210338;0.0;17.210338
202408;99704;ROAN ALIMENTOS CL 514;ROAN ALIMENTOS LTDA;908212;ROAN ALIMENTOS LTDA;01687284000107;ANÁPOLIS;GO;ALIMENTÍCIOS;SUDESTE;01/03/2017;15;CELG;1.9;854.953275;0.0;854.953275
202408;31754;CEPALGO CL 514;CEPALGO EMBALAGENS FLEXIVEIS LTDA.;905824;CEPALGO;00122473000161;APARECIDA DE GOIÂNIA;GO;MANUFATURADOS DIVERSOS;SUDESTE;01/11/2016;15;CELG;1.22;676.916118;0.0;676.916118
202408;46468;CEREALISTA MEDEIROS CL 514;CEREALISTA MEDEIROS LTDA;925001;CEREALISTA MEDEIROS;02481364000247;GOIÂNIA;GO;ALIMENTÍCIOS;SUDESTE;01/07/2019;15;CELG;0.93;79.788588;0.0;79.788588
202408;100018;BRASIL TELECOMCL 514 23;OI S.A. - EM RECUPERACAO JUDICIAL;926424;CTO - Goiânia - 1250;76535764032851;GOIÂNIA;GO;TELECOMUNICAÇÕES;SUDESTE;01/09/2019;15;CELG;0.53;369.684957;0.0;369.684957
202408;46831;ECOPLAX CL 514;VASAP INDUSTRIA COMERCIO E DISTRIBUICAO LTDA;931724;Ecoplax Ind. e Com.;06271056000167;APARECIDA DE GOIÂNIA;GO;MANUFATURADOS DIVERSOS;SUDESTE;01/11/2019;15;CELG;0.59;110.642416;0.0;110.642416
202408;50978;ATACADAO CL2;ATACADAO S.A.;907761;ATACADAO LOJA 117;75315333011739;RIO VERDE;GO;COMÉRCIO;SUDESTE;01/02/2017;15;CELG;0.64;250.335414;0.0;250.335414
202408;46516;ALTA VISTA RESORT CL 514;ALTA VISTA THERMAS RESORT;932956;ALTA VISTA RESORT;16586005000188;CALDAS NOVAS;GO;SERVIÇOS;SUDESTE;01/12/2019;15;CELG;0.5;104.927627;0.0;104.927627
202408;65791;SAVOY INDUSTRIA;SAVOY INDUSTRIA DE COSMETICOS S.A.;933466;SAVOY COSMETICOS UC;15392876000360;SENADOR CANEDO;GO;QUÍMICOS;SUDESTE;01/01/2020;15;CELG;9.0;4812.992787;0.0;4812.992787
202408;87014;C CE TFLEX;TFLEX INDUSTRIA E COMERCIO DE TUBOS LTDA;933630;TFLEX UC 10014524668;17496722000181;IPAMERI;GO;MANUFATURADOS DIVERSOS;SUDESTE;01/01/2020;15;CELG;0.5;241.295517;0.0;241.295517
202408;88208;SUPERVI;SUPERVI DISTRIBUIDOR DE ALIMENTOS LTDA;933948;LJ 7 JARDIM AMERICA;07503617000764;ANÁPOLIS;GO;COMÉRCIO;SUDESTE;01/02/2020;15;CELG;0.08;30.940476;0.0;30.940476
202408;88208;SUPERVI;SUPERVI DISTRIBUIDOR DE ALIMENTOS LTDA;933965;LOJA 5 - VL STA MARI;07503617000500;ANÁPOLIS;GO;COMÉRCIO;SUDESTE;01/02/2020;15;CELG;0.07;18.858413;0.0;18.858413
202408;88208;SUPERVI;SUPERVI DISTRIBUIDOR DE ALIMENTOS LTDA;933967;LOJA 3 - VILA JAIARA;07503617000330;ANÁPOLIS;GO;COMÉRCIO;SUDESTE;01/02/2020;15;CELG;0.112;57.586231;0.0;57.586231
202408;46939;MOINHO MATOS CL 514;MATOS E RIBEIRO INDUSTRIA E COMERCIO DE FARINACEOS LTDA;934316;MOINHO MATOS;08624640000184;NERÓPOLIS;GO;ALIMENTÍCIOS;SUDESTE;01/02/2020;15;CELG;0.75;333.115345;0.0;333.115345
202408;46702;RA GARRAFAS CL 514;RA GARRAFAS INDUSTRIA E COMERCIO DE EMBALAGENS LTDA;934503;RA GARRAFAS;18801488000111;GOIÂNIA;GO;MANUFATURADOS DIVERSOS;SUDESTE;01/02/2020;15;CELG;0.5;91.805838;0.0;91.805838
202408;90628;GOEMIL;GOEMIL S/A INDUSTRIA DE PRODUTOS ALIMENTICIOS;936392;GOEMIL S/A;07657789000105;;GO;ALIMENTÍCIOS;SUDESTE;01/05/2020;15;CELG;2.2;775.492762;0.0;775.492762
202408;93939;CARGILL ANAPOLIS;CARGILL NOVOS HORIZONTES LTDA;936427;GRANOL;50290329002660;ANÁPOLIS;GO;ALIMENTÍCIOS;SUDESTE;01/05/2020;15;CELG;7.5;3938.727134;0.0;3938.727134
202408;92091;LOPES VIANDELLI;LOPES VIANDELLI PRODUTOS ALIMENTICIOS LTDA;937106;LOPES V. LOJA 4;26910752000345;APARECIDA DE GOIÂNIA;GO;COMÉRCIO;SUDESTE;01/06/2020;15;CELG;0.12;68.385678;0.0;68.385678
202408;96278;LDC BRASIL CHAPADAO DO CEU;LOUIS DREYFUS COMPANY BRASIL S.A.;937490;LDC BRASIL - ARM CHA;47067525005924;CHAPADÃO DO CÉU;GO;ALIMENTÍCIOS;SUDESTE;01/07/2020;15;CELG;0.32;23.565434;0.0;23.565434
202408;86666;COMERCIAL REIS;COMERCIAL REIS LTDA;937739;Loja 04;03044201000260;RIO VERDE;GO;COMÉRCIO;SUDESTE;01/07/2020;15;CELG;0.12;54.504522;0.0;54.504522
202408;86666;COMERCIAL REIS;COMERCIAL REIS LTDA;937744;Loja 05;03044201000774;GOIATUBA;GO;COMÉRCIO;SUDESTE;01/07/2020;15;CELG;0.149;68.801417;0.0;68.801417
202408;90524;C CE SUPERMERCADOS CAMPEAO;CABRAL E MAIA LTDA;938153;CAMPEÃO LJ 01;37630118000103;RIO VERDE;GO;COMÉRCIO;SUDESTE;01/08/2020;15;CELG;0.264;124.378222;0.0;124.378222
202408;62321;CLARO;CLARO S.A.;940665;CLARO - CELG-D R 15;40432544065192;GOIÂNIA;GO;TELECOMUNICAÇÕES;SUDESTE;01/12/2020;15;CELG;0.27;166.790208;0.0;166.790208
202408;95859;SUPERMERCADO PRO BRASIL;SUPERMERCADO PRO BRASIL LTDA;941378;PRO BRASIL PARQUE AM;37629995000679;GOIÂNIA;GO;COMÉRCIO;SUDESTE;01/01/2021;15;CELG;0.085;33.365175;0.0;33.365175
202408;23006;MOINHO JMG;INDUSTRIA DE ALIMENTOS JMG LTDA;941704;MOINHO JMG;33522163000274;GOIÂNIA;GO;ALIMENTÍCIOS;SUDESTE;01/01/2021;15;CELG;2.6;933.245556;0.0;933.245556
202408;31948;RAIADROGASIL LIVRE SECO I50;RAIA DROGASIL S/A;942308;AP GOIANIA;61585865046305;APARECIDA DE GOIÂNIA;GO;COMÉRCIO;SUDESTE;01/02/2021;15;CELG;0.72;189.887909;0.0;189.887909
202408;47825;MORRO ESCURO CL;MINERACAO MORRO ESCURO LTDA;942345;MORRO ESCURO;06251971000190;ITAPACI;GO;MINERAIS NÃO-METÁLICOS;SUDESTE;01/02/2021;15;CELG;0.5;86.027608;0.0;86.027608
202408;86702;METALFORTE;METALFORTE INDUSTRIA METALURGICA LTDA;942676;METALFORTE MATRIZ;02109049000102;APARECIDA DE GOIÂNIA;GO;METALURGIA E PRODUTOS DE METAL;SUDESTE;01/03/2021;15;CELG;0.14;24.425413;0.0;24.425413
202408;64343;C CE COCARI;COCARI - COOPERATIVA AGROPECUARIA E INDUSTRIAL;944372;COCARI UC 1001289203;78956968000183;CATALÃO;GO;COMÉRCIO;SUDESTE;01/05/2021;15;CELG;0.5;48.018001;0.0;48.018001
202408;95859;SUPERMERCADO PRO BRASIL;SUPERMERCADO PRO BRASIL LTDA;944243;PRO BRASIL JD. ATLAN;37629995000750;GOIÂNIA;GO;COMÉRCIO;SUDESTE;01/05/2021;15;CELG;0.115;51.699029;0.0;51.699029
202408;1442;CBD;COMPANHIA BRASILEIRA DE DISTRIBUICAO;944716;CBD -  Vaca Brava -;47508411176351;GOIÂNIA;GO;COMÉRCIO;SUDESTE;01/06/2021;15;CELG;0.35;87.864778;0.0;87.864778
202408;64343;C CE COCARI;COCARI - COOPERATIVA AGROPECUARIA E INDUSTRIAL;944987;COCARI UC 1160007000;78956968001902;CAMPO ALEGRE DE GOIÁS;GO;COMÉRCIO;SUDESTE;01/06/2021;15;CELG;0.4;53.158626;0.0;53.158626
202408;84694;UNA BOM DESPACHO;FACEB EDUCACAO LTDA;945013;ANIMA FACEB JATAI;03099921000575;JATAÍ;GO;SERVIÇOS;SUDESTE;01/06/2021;15;CELG;0.2;6.339274;0.0;6.339274
202408;99292;COMIGO-MATRIZ LIVRE;COOPERATIVA AGROINDUSTRIAL DOS PRODUTORES RURAIS DO SUDOESTE GOIANO;946289;COM - ARM. PALMEIRAS;02077618005306;PALMEIRAS DE GOIÁS;GO;SERVIÇOS;SUDESTE;01/08/2021;15;CELG;2.0;51.716321;0.0;51.716321
202408;32251;TEM VIDROS CL 514;TEM VIDROS INDUSTRIA E COMERCIO DE VIDROS LTDA;947147;TEM VIDROS;13243573000198;APARECIDA DE GOIÂNIA;GO;MINERAIS NÃO-METÁLICOS;SUDESTE;01/09/2021;15;CELG;1.4;283.690448;0.0;283.690448
202408;48351;CONDOMINIO LOZANDES CL 514;CONDOMINIO LOZANDEZ CORPORATE DESIGN;947254;CONDOMÍNIO LOZANDES;28955163000147;GOIÂNIA;GO;SERVIÇOS;SUDESTE;01/09/2021;15;CELG;0.825;280.663395;0.0;280.663395
202408;27374;ALGAR IUB CENTRO;ALGAR TELECOM S/A;948813;IUB CENTRO;71208516010307;ITUMBIARA;GO;TELECOMUNICAÇÕES;SUDESTE;01/12/2021;15;CELG;0.11;20.236774;0.0;20.236774
202408;26879;ICO METAIS;EDSON LUCCA LTDA;949028;ICO METAIS UC 402235;14094415000186;TRINDADE;GO;MANUFATURADOS DIVERSOS;SUDESTE;01/12/2021;15;CELG;0.355;110.549124;0.0;110.549124
202408;24882;ATACADAO DIA A DIA 002;ATACADAO DIA A DIA S.A;949598;DIA A DIA - ÁGUAS LI;17457404001000;;GO;COMÉRCIO;SUDESTE;01/01/2022;15;CELG;0.235;144.490021;0.0;144.490021
202408;64031;ABEC;ASSOCIACAO BRASILEIRA DE EDUCACAO E CULTURA -ABEC;949632;ABEC GOIANIA;60982352005938;GOIÂNIA;GO;SERVIÇOS;SUDESTE;01/01/2022;15;CELG;0.22;43.031195;0.0;43.031195
202408;48430;CITALE CL 514;CITALE BRASIL LTDA;950378;Citale;04336414000147;ITABERAÍ;GO;ALIMENTÍCIOS;SUDESTE;01/02/2022;15;CELG;0.5;55.563749;0.0;55.563749
202408;64434;IGUASPORT;IGUASPORT LTDA;951469;IGUASPORT GOIÂNIA BR;02314041005309;GOIÂNIA;GO;COMÉRCIO;SUDESTE;01/04/2022;15;CELG;0.13;41.030676;0.0;41.030676
202408;49590;PRAIAS DO LAGO CL 514;PRAIAS DO LAGO ECO RESORT;954468;PRAIAS DO LAGO ECO R;39761100000176;CALDAS NOVAS;GO;SERVIÇOS;SUDESTE;01/08/2022;15;CELG;0.8;276.162639;0.0;276.162639
202408;39176;CENCOSUD BRASIL 104 SE;CENCOSUD BRASIL COMERCIAL S.A.;955733;CENCOSUD LOJA 644;39346861024508;APARECIDA DE GOIÂNIA;GO;COMÉRCIO;SUDESTE;01/10/2022;15;CELG;0.3;98.366615;0.0;98.366615
202408;60443;VIAVAREJO;GRUPO CASAS BAHIA S.A.;955708;1301 - GARAVELO 1;33041260048442;APARECIDA DE GOIÂNIA;GO;COMÉRCIO;SUDESTE;01/10/2022;15;CELG;0.1;13.38185;0.0;13.38185
202408;146417;MADERO ESP SE;MADERO INDUSTRIA E COMERCIO S.A.;955801;MADERO - T4 (1003601;13783221000478;GOIÂNIA;GO;ALIMENTÍCIOS;SUDESTE;01/10/2022;15;CELG;0.12;14.573551;0.0;14.573551
202408;38274;NUTRIEN MORRINHOS;NUTRIEN SOLUCOES AGRICOLAS LTDA;956980;NUTRIEN MORRINHOS;88305859000150;MORRINHOS;GO;COMÉRCIO;SUDESTE;01/03/2023;15;CELG;0.276;9.492479;0.0;9.492479
202408;60443;VIAVAREJO;GRUPO CASAS BAHIA S.A.;957692;Filial 1700 - LUZIÂN;33041260136732;LUZIÂNIA;GO;COMÉRCIO;SUDESTE;01/01/2023;15;CELG;0.065;12.125829;0.0;12.125829
202408;92484;MAGAZINE LUIZA - I5;MAGAZINE LUIZA S/A;958536;MGL1091_GOIÂNIA;47960950112191;GOIÂNIA;GO;COMÉRCIO;SUDESTE;01/02/2023;15;CELG;0.085;7.428323;0.0;7.428323
202408;48657;SANEAGO LIVRE;SANEAMENTO DE GOIAS S/A;959440;SANEAGO - EEAB Mauro;01616929000102;GOIÂNIA;GO;SANEAMENTO;SUDESTE;01/03/2023;15;CELG;1.895;806.556448;0.0;806.556448
202408;39176;CENCOSUD BRASIL 104 SE;CENCOSUD BRASIL COMERCIAL S.A.;959971;CENCOSUD LOJA 632;39346861025237;CALDAS NOVAS;GO;COMÉRCIO;SUDESTE;01/04/2023;15;CELG;0.328;95.079919;0.0;95.079919
202408;103781;SOLUTI CL 514;SOLUTI - SOLUCOES EM NEGOCIOS INTELIGENTES S/A;960505;SOLUTI;09461647000195;GOIÂNIA;GO;SERVIÇOS;SUDESTE;01/04/2023;15;CELG;0.5;75.185634;0.0;75.185634
202408;92163;C CE BRASPRESS;BRASPRESS TRANSPORTES URGENTES LTDA;960786;BRASPRESS - ITUMBIAR;48740351015197;ITUMBIARA;GO;TRANSPORTE;SUDESTE;01/05/2023;15;CELG;0.03;3.1629;0.0;3.1629
202408;56211;LINEA ALIMENTOS;LINEA ALIMENTOS INDUSTRIA E COMERCIO S/A;961300;LINEA ALIMENTOS INDU;05207076000297;ANÁPOLIS;GO;ALIMENTÍCIOS;SUDESTE;01/05/2023;15;CELG;0.5;121.77633;0.0;121.77633
202408;54933;ALFLEX;ALFLEX EMBALAGENS LTDA;961283;ALFLEX;27461277000178;GOIÂNIA;GO;MANUFATURADOS DIVERSOS;SUDESTE;01/05/2023;15;CELG;0.22;83.210722;0.0;83.210722
202408;54452;SOCIEDADE ANHANGUERA DE ENSINO;SOCIEDADE ANHANGUERA DE ENSINO LTDA;960757;Sociedade Anhanguera;01088830000185;GOIÂNIA;GO;SERVIÇOS;SUDESTE;01/05/2023;15;CELG;0.75;98.64201;0.0;98.64201
202408;101399;LE JARDIN CL;HPO ADMINISTRACAO DE CLUBES E HOTEIS LTDA;961563;LE JARDIN - CALDAS N;33324195000184;CALDAS NOVAS;GO;SERVIÇOS;SUDESTE;01/06/2023;15;CELG;0.5;141.892961;0.0;141.892961
202408;52403;REDE LUCAS;REDE LUCAS DE SUPERMERCADOS LTDA;962069;REDE LUCAS LJ 14 (UC;06894782001450;ITUMBIARA;GO;COMÉRCIO;SUDESTE;01/06/2023;15;CELG;0.1;31.983797;0.0;31.983797
202408;92484;MAGAZINE LUIZA - I5;MAGAZINE LUIZA S/A;962319;MGL1035_GOIÂNIA - UC;47960950105810;APARECIDA DE GOIÂNIA;GO;COMÉRCIO;SUDESTE;01/07/2023;15;CELG;0.09;7.800416;0.0;7.800416
202408;107948;ULTRABOX GO;OTIMA COMERCIO DE ALIMENTOS S/A;962627;AGUAS LINDAS GO 1003;13197254000606;;GO;COMÉRCIO;SUDESTE;01/07/2023;15;CELG;0.21;117.282279;0.0;117.282279
202408;84590;LOCALIZA;LOCALIZA RENT A CAR SA;962673;LOCALIZA - LJGOI;16670085000155;GOIÂNIA;GO;SERVIÇOS;SUDESTE;01/07/2023;15;CELG;0.05;8.837222;0.0;8.837222
202408;86666;COMERCIAL REIS;COMERCIAL REIS LTDA;963906;Loja 17;03044201002122;JATAÍ;GO;COMÉRCIO;SUDESTE;01/09/2023;15;CELG;0.1;57.612839;0.0;57.612839
202408;25518;B2W CE;AMERICANAS S.A - EM RECUPERACAO JUDICIAL;964428;AMER 492;00776574130521;GOIÂNIA;GO;COMÉRCIO;SUDESTE;01/09/2023;15;CELG;0.082;12.510353;0.0;12.510353
202408;25518;B2W CE;AMERICANAS S.A - EM RECUPERACAO JUDICIAL;964774;AMER 1286;00776574159694;INHUMAS;GO;COMÉRCIO;SUDESTE;01/09/2023;15;CELG;0.08;7.491236;0.0;7.491236
202408;36873;BLAU CL 514;BLAU FARMACEUTICA S.A.;964848;BLAU ANÁPOLIS;58430828001565;ANÁPOLIS;GO;MANUFATURADOS DIVERSOS;SUDESTE;01/09/2023;15;CELG;0.5;247.670464;0.0;247.670464
202408;25518;B2W CE;AMERICANAS S.A - EM RECUPERACAO JUDICIAL;964888;AMER 488;00776574159856;JATAÍ;GO;COMÉRCIO;SUDESTE;01/09/2023;15;CELG;0.08;16.173536;0.0;16.173536
202408;25518;B2W CE;AMERICANAS S.A - EM RECUPERACAO JUDICIAL;964834;AMER 1428;00776574130793;VALPARAÍSO DE GOIÁS;GO;COMÉRCIO;SUDESTE;01/09/2023;15;CELG;0.09;5.702673;0.0;5.702673
202408;60443;VIAVAREJO;GRUPO CASAS BAHIA S.A.;966443;Filial 1463 - JATAÍ;33041260109255;JATAÍ;GO;COMÉRCIO;SUDESTE;01/11/2023;15;CELG;0.075;10.068268;0.0;10.068268
202408;3729;PERNAMBUCANAS;ARTHUR LUNDGREN TECIDOS S A CASAS PERNAMBUCANAS;966714;Pernambucanas 966714;61099834038678;APARECIDA DE GOIÂNIA;GO;COMÉRCIO;SUDESTE;01/11/2023;15;CELG;0.095;14.957382;0.0;14.957382
202408;86666;COMERCIAL REIS;COMERCIAL REIS LTDA;967405;Loja 16;03044201002203;;GO;COMÉRCIO;SUDESTE;01/12/2023;15;CELG;0.12;65.596692;0.0;65.596692
202408;93706;UNIMED GO;UNIMED GOIANIA COOPERATIVA DE TRABALHO MEDICO;967451;UNIMED GO - SAU ADUL;02476067000203;GOIÂNIA;GO;SERVIÇOS;SUDESTE;01/12/2023;15;CELG;0.08;29.693157;0.0;29.693157
202408;106393;BASF EI SE;BASF SA;967448;BASF TRINDADE - UC 1;48539407010938;TRINDADE;GO;COMÉRCIO;SUDESTE;01/12/2023;15;CELG;0.26;270.733271;0.0;270.733271
202408;106017;SERRA VERDE;SERRA VERDE PESQUISA E MINERACAO LTDA;967695;Mineracao Serra Verd;08842895000385;MINAÇU;GO;EXTRAÇÃO DE MINERAIS METÁLICOS;SUDESTE;01/12/2023;15;CELG;12.0;896.091919;0.0;896.091919
202408;7657;AIR LIQUIDE EI;AIR LIQUIDE BRASIL LTDA;968245;AIR LIQUIDE - APAREC;00331788003649;APARECIDA DE GOIÂNIA;GO;QUÍMICOS;SUDESTE;01/01/2024;15;CELG;0.065;9.220115;0.0;9.220115
202408;96268;DEZ ALIMENTOS;DEZ ALIMENTOS LTDA;969530;DEZ ALIMENTOS 100273;04945225000171;MORRINHOS;GO;ALIMENTÍCIOS;SUDESTE;01/01/2024;15;CELG;0.258;75.883198;0.0;75.883198
202408;93706;UNIMED GO;UNIMED GOIANIA COOPERATIVA DE TRABALHO MEDICO;969472;UNIMED GO - SINTA SE;02476067001528;GOIÂNIA;GO;SERVIÇOS;SUDESTE;01/01/2024;15;CELG;0.097;20.150374;0.0;20.150374
202408;4574;BRASIL TELE SE;OI S.A. - EM RECUPERACAO JUDICIAL;970333;ID UC 18943 - UC 105;76535764032851;GOIÂNIA;GO;TELECOMUNICAÇÕES;SUDESTE;01/01/2024;15;CELG;0.042;16.903011;0.0;16.903011
202408;115055;ALUCENTRO VIDROS;ALUCENTRO VIDROS LTDA;970757;ALUCENTRO VIDROS LTD;07721211000162;APARECIDA DE GOIÂNIA;GO;MINERAIS NÃO-METÁLICOS;SUDESTE;01/01/2024;15;CELG;0.5;59.450963;0.0;59.450963
202408;37878;BRK GO;BRK AMBIENTAL - GOIAS S.A.;972077;BRK GO - SEDE OPERAC;18123402000149;APARECIDA DE GOIÂNIA;GO;SANEAMENTO;SUDESTE;01/02/2024;15;CELG;0.1;11.862749;0.0;11.862749
202408;123276;AGROMEN ASA;AGROMEN SEMENTES AGRICOLAS LTDA;974382;Agromen Campo Alegre;50899293001050;CAMPO ALEGRE DE GOIÁS;GO;ALIMENTÍCIOS;SUDESTE;01/03/2024;15;CELG;0.75;91.335597;0.0;91.335597
202408;101529;SMART FIT - SUDESTE;SMARTFIT ESCOLA DE GINASTICA E DANCA S.A;975550;GOCSER1 - UC 1003316;07594978040803;GOIÂNIA;GO;SERVIÇOS;SUDESTE;01/04/2024;15;CELG;0.225;26.625709;0.0;26.625709
202408;105683;CENCOSUD BRASIL 126 SE;CENCOSUD BRASIL COMERCIAL S.A.;975640;CENCOSUD LOJA 631;39346861025156;APARECIDA DE GOIÂNIA;GO;COMÉRCIO;SUDESTE;01/04/2024;15;CELG;0.245;90.196051;0.0;90.196051
202408;105683;CENCOSUD BRASIL 126 SE;CENCOSUD BRASIL COMERCIAL S.A.;975720;CENCOSUD LOJA 656;39346861024184;GOIÂNIA;GO;COMÉRCIO;SUDESTE;01/04/2024;15;CELG;0.371;83.510168;0.0;83.510168
202408;48657;SANEAGO LIVRE;SANEAMENTO DE GOIAS S/A;977436;SANEAGO - UC 1107196;01616929000102;GOIÂNIA;GO;SANEAMENTO;SUDESTE;01/05/2024;15;CELG;0.85;470.979003;0.0;470.979003
202408;67038;NACIONAL GAS;NACIONAL GAS BUTANO DISTRIBUIDORA LTDA;977985;NGD - GOIANIA- UC 19;06980064009562;SENADOR CANEDO;GO;COMÉRCIO;SUDESTE;01/05/2024;15;CELG;0.16;66.288732;0.0;66.288732
202408;45529;ISOESTE CL 514;KINGSPAN - ISOESTE CONSTRUTIVOS ISOTERMICOS S/A;978863;ISOESTE ANAPOLIS II;00289348000140;ANÁPOLIS;GO;METALURGIA E PRODUTOS DE METAL;SUDESTE;01/06/2024;15;CELG;0.567;267.443854;0.0;267.443854
202408;93905;COMIGO-MATRIZ ESPECIAL;COOPERATIVA AGROINDUSTRIAL DOS PRODUTORES RURAIS DO SUDOESTE GOIANO;978918;COMIGO LOJA CAIAPÔNI;02077618004504;CAIAPÔNIA;GO;COMÉRCIO;SUDESTE;01/06/2024;15;CELG;0.05;12.327274;0.0;12.327274
202408;64298;BURGER KING;ZAMP S.A.;979660;BK PLK BURITI SHOP 1;13574594127692;APARECIDA DE GOIÂNIA;GO;ALIMENTÍCIOS;SUDESTE;01/06/2024;15;CELG;0.075;13.157658;0.0;13.157658
202408;74006;ANHANGUERA ESP;ANHANGUERA EDUCACIONAL PARTICIPACOES S/A;981249;1062 - Valparaiso Go;04310392002602;VALPARAÍSO DE GOIÁS;GO;SERVIÇOS;SUDESTE;01/07/2024;15;CELG;0.12;11.14441;0.0;11.14441
202408;30087;RENNER SE;LOJAS RENNER S.A.;983188;RNR593_SH LUZIANIA (;92754738054092;LUZIÂNIA;GO;COMÉRCIO;SUDESTE;01/07/2024;15;CELG;0.13;22.466985;0.0;22.466985
