id_subsistema;nom_subsistema;id_estado;nom_estado;nom_agente_principal;id_subestacao;nom_subestacao;val_niveltensao;id_estacao;num_barra;val_latitude;val_longitude
N;Norte;AM;Amazonas;AZULAO GERACAO;AMAZL;AZULAO;500.0;AMAZL-5A;44932;-2.7147;-58.1944
N;Norte;AM;Amazonas;ENERGISA AMAZONAS;AMCR-1;CRISTIANO ROCHA;230.0;AMCR--21;8551;-2.8928;-60.0321
N;Norte;AM;Amazonas;ENERGISA AMAZONAS;AMJTX;JORG.TEIXEIRA;138.0;AMJTX-1A;8512;-3.0209;-59.8965
N;Norte;AM;Amazonas;ENERGISA AMAZONAS;AMJTX;JORG.TEIXEIRA;230.0;AMJTX-2A;8511;-3.0209;-59.8965
N;Norte;AM;Amazonas;MANAUS TR;AMCRR;LECHUGA;138.0;AMCRR-1A;8751;-2.9191;-60.0154
N;Norte;AM;Amazonas;MANAUS TR;AMCRR;LECHUGA;230.0;AMCRR-2A;8700;-2.9191;-60.0154
N;Norte;AM;Amazonas;MANAUS TR;AMCRR;LECHUGA;500.0;AMCRR-5A;8500;-2.9191;-60.0154
N;Norte;AM;Amazonas;ENERGISA AMAZONAS;AMMN;MANAUS;69.0;AMMN--0A;8523;-3.0823;-59.9912
N;Norte;AM;Amazonas;ENERGISA AMAZONAS;AMMN;MANAUS;230.0;AMMN--2A;8521;-3.0823;-59.9912
N;Norte;AM;Amazonas;AMAZONAS GT;AMMT;MAUA III;138.0;AMMT--1A;8532;-3.1191;-59.9285
N;Norte;AM;Amazonas;AMAZONAS GT;AMMT;MAUA III;230.0;AMMT--2A;8531;-3.1191;-59.9285
N;Norte;AM;Amazonas;PARINTINS AMAZONAS;AMPAR;PARINTINS;138.0;AMPAR-1A;8332;-2.6732;-56.7390
N;Norte;AM;Amazonas;PARINTINS AMAZONAS;AMPAR;PARINTINS;230.0;AMPAR-2A;8331;-2.6732;-56.7390
N;Norte;AM;Amazonas;J&F INVESTIMENTOS;AMMA;PIRARUCU;69.0;AMMA--0B;8548;-2.9369;-60.0124
N;Norte;AM;Amazonas;RAESA;AMCR;PORAQUE;230.0;AMCR--2A;90808;-2.8933;-60.0239
N;Norte;AM;Amazonas;ENERGISA AMAZONAS;AMFG;PR.FIGUEIREDO;69.0;AMFG--0E;44659;-2.0344;-60.0259
N;Norte;AM;Amazonas;ENERGISA AMAZONAS;AMFG;PR.FIGUEIREDO;230.0;AMFG--2A;8541;-2.0344;-60.0259
N;Norte;AM;Amazonas;ENERGISA AMAZONAS;AMBE;SE BALBINA;230.0;AMBE--2A;8501;-1.9198;-59.4800
N;Norte;AM;Amazonas;MANAUS TR;AMITR;SILVES;138.0;AMITR-1A;8451;-2.7110;-58.2730
N;Norte;AM;Amazonas;MANAUS TR;AMITR;SILVES;500.0;AMITR-5A;8400;-2.7110;-58.2730
N;Norte;AM;Amazonas;J&F INVESTIMENTOS;AMTA;TAMBAQUI;69.0;AMTA--0B;8543;-3.1092;-59.9394
N;Norte;AM;Amazonas;J&F INVESTIMENTOS;AMGE;TUCUNARE;69.0;AMGE--0B;8546;-3.0911;-60.0730
N;Norte;AM;Amazonas;AZULAO UTE;AMUTAZ;UTE AZULAO;500.0;AMUTAZ5A;91817;-2.7378;-58.1883
N;Norte;AM;Amazonas;J&F INVESTIMENTOS;AMJA;UTE JARAQUI;69.0;AMJA--0A;8569;-2.9816;-60.0178
N;Norte;AM;Amazonas;J&F INVESTIMENTOS;AMCM;UTE MAUA 3;230.0;AMCM--2A;94457;-3.1174;-59.9296
N;Norte;AM;Amazonas;J&F INVESTIMENTOS;AMCM;UTE MAUA 3;230.0;AMCM--2B;94834;-3.1174;-59.9296
N;Norte;AM;Amazonas;J&F INVESTIMENTOS;AMCM;UTE MAUA 3;230.0;AMCM--2C;94846;-3.1174;-59.9296
N;Norte;AP;Amapá;CACHOEIRA CALDEIRAO;APUCCA;C.CALDEIRAO;230.0;APUCCA2A;8277;0.8528;-51.2967
N;Norte;AP;Amapá;FERREIRA GOMES;APFGO;FERREI.GOMES;230.0;APFGO-2A;8278;0.8557;-51.1968
N;Norte;AP;Amapá;LMTE;APLAL;LARANJAL;69.0;APLAL-0A;8271;-0.8120;-52.4822
N;Norte;AP;Amapá;LMTE;APLAL;LARANJAL;230.0;APLAL-2A;8270;-0.8120;-52.4822
N;Norte;AP;Amapá;LMTE;APMCP;MACAPA;69.0;APMCP-0A;8281;0.0984;-51.1218
N;Norte;AP;Amapá;LMTE;APMCP;MACAPA;230.0;APMCP-2A;8280;0.0984;-51.1218
N;Norte;AP;Amapá;ENERGISA AMAPA;APMCT;MACAPA III;69.0;APMCT-0A;44782;0.0489;-51.1753
N;Norte;AP;Amapá;ENERGISA AMAPA;APMCT;MACAPA III;230.0;APMCT-2A;44781;0.0489;-51.1753
N;Norte;AP;Amapá;ENGIE;APSAJ;STO.ANT.JARI;230.0;APSAJ-2A;8268;-0.6500;-52.5167
N;Norte;AP;Amapá;AXIA NORTE;APCN;US.COA.NUNES;138.0;APCN--1A;94792;0.9032;-51.2599
N;Norte;MA;Maranhão;EATE;MAAC;ACAILANDIA;69.0;MAAC--0A;44637;-4.9190;-47.4036
N;Norte;MA;Maranhão;EATE;MAAC;ACAILANDIA;230.0;MAAC--2A;44636;-4.9190;-47.4036
N;Norte;MA;Maranhão;EATE;MAAC;ACAILANDIA;500.0;MAAC--5A;6700;-4.9190;-47.4036
N;Norte;MA;Maranhão;ARGO;MABAC;BACABEIRA;500.0;MABAC-5A;5684;-3.0224;-44.2965
N;Norte;MA;Maranhão;AXIA NORTE;MABAL;BALSAS;69.0;MABAL-0A;5393;-7.5591;-46.0184
N;Norte;MA;Maranhão;AXIA NORTE;MABAL;BALSAS;230.0;MABAL-2A;5391;-7.5591;-46.0184
N;Norte;MA;Maranhão;ARTEON Z2;MACXD;CAXIAS II;69.0;MACXD-0A;5529;-4.8839;-43.4103
N;Norte;MA;Maranhão;ARTEON Z2;MACXD;CAXIAS II;230.0;MACXD-2A;44118;-4.8839;-43.4103
N;Norte;MA;Maranhão;HORIZON MA II;MACD;CHAPADINHA II;69.0;MACD--0A;5687;-3.7965;-43.4074
N;Norte;MA;Maranhão;HORIZON MA II;MACD;CHAPADINHA II;230.0;MACD--2A;5685;-3.7965;-43.4074
N;Norte;MA;Maranhão;AXIA NORTE;MACH;COELHO NETO;69.0;MACH--0A;5526;-4.2981;-42.9865
N;Norte;MA;Maranhão;AXIA NORTE;MACH;COELHO NETO;230.0;MACH--2A;5525;-4.2981;-42.9865
N;Norte;MA;Maranhão;DELTA 3 I;MADLT;DELTA 3;138.0;MADLT-1A;8007;-2.6380;-42.6426
N;Norte;MA;Maranhão;DELTA 6 I;MADLS;DELTA 6;138.0;MADLS-1A;8011;;
N;Norte;MA;Maranhão;ENCRUZO NOVO;MAEN;ENCRUZO NOVO;69.0;MAEN--0A;6003;-2.2179;-45.8543
N;Norte;MA;Maranhão;ENCRUZO NOVO;MAEN;ENCRUZO NOVO;230.0;MAEN--2A;6001;-2.2179;-45.8543
N;Norte;MA;Maranhão;CE ESTREITO;TOUHET;ESTREITO;500.0;TOUHET5A;5594;-6.5891;-47.4665
N;Norte;MA;Maranhão;GERA MARANHAO;MAGN;GERANORTE;230.0;MAGN--2A;5556;-3.5659;-44.5558
N;Norte;MA;Maranhão;AXIA NORTE;MAIZ;IMPERATRIZ;69.0;MAIZ--0A;5593;-5.4221;-47.4717
N;Norte;MA;Maranhão;AXIA NORTE;MAIZ;IMPERATRIZ;230.0;MAIZ--2A;5591;-5.4221;-47.4717
N;Norte;MA;Maranhão;AXIA NORTE;MAIZ;IMPERATRIZ;500.0;MAIZ--5A;5590;-5.4221;-47.4717
N;Norte;MA;Maranhão;AXIA NORTE;MAMR;MIRANDA II;69.0;MAMR--0E;5543;-3.5676;-44.5354
N;Norte;MA;Maranhão;AXIA NORTE;MAMR;MIRANDA II;138.0;MAMR--1A;5542;-3.5676;-44.5354
N;Norte;MA;Maranhão;AXIA NORTE;MAMR;MIRANDA II;230.0;MAMR--2A;5541;-3.5676;-44.5354
N;Norte;MA;Maranhão;AXIA NORTE;MAMR;MIRANDA II;500.0;MAMR--5A;5540;-3.5676;-44.5354
N;Norte;MA;Maranhão;AXIA NORTE;MAPD;P.DUTRA;69.0;MAPD--0A;5583;-5.2693;-44.4816
N;Norte;MA;Maranhão;AXIA NORTE;MAPD;P.DUTRA;230.0;MAPD--2A;5581;-5.2693;-44.4816
N;Norte;MA;Maranhão;AXIA NORTE;MAPD;P.DUTRA;500.0;MAPD--5A;5580;-5.2693;-44.4816
N;Norte;MA;Maranhão;PARNAIBA I GERAÇÃO;MASEPN;PARNAIBA;500.0;MASEPN5A;5649;-4.8199;-44.3532
N;Norte;MA;Maranhão;OMEGA EI 1;MAPLN;PAULINO NEVES;138.0;MAPLN-1A;6712;-2.7272;-42.5964
N;Norte;MA;Maranhão;OMEGA EI 1;MAPLN;PAULINO NEVES;500.0;MAPLN-5A;5695;-2.7272;-42.5964
N;Norte;MA;Maranhão;AXIA NORTE;MAPR;PERITORO;69.0;MAPR--0A;5533;-4.3679;-44.3303
N;Norte;MA;Maranhão;AXIA NORTE;MAPR;PERITORO;230.0;MAPR--2A;5531;-4.3679;-44.3303
N;Norte;MA;Maranhão;AXIA NORTE;MAPF;PORTO FRANCO;69.0;MAPF--0A;5603;-6.3475;-47.3772
N;Norte;MA;Maranhão;AXIA NORTE;MAPF;PORTO FRANCO;138.0;MAPF--1A;5602;-6.3475;-47.3772
N;Norte;MA;Maranhão;AXIA NORTE;MAPF;PORTO FRANCO;230.0;MAPF--2A;5601;-6.3475;-47.3772
N;Norte;MA;Maranhão;AXIA NORTE;MASO;S.ANTON LOPES;500.0;MASO--5A;5645;-4.8214;-44.3513
N;Norte;MA;Maranhão;AXIA NORTE;MALI;SAO LUIS I;69.0;MALI--0A;5563;-2.5606;-44.2558
N;Norte;MA;Maranhão;AXIA NORTE;MALI;SAO LUIS I;230.0;MALI--2A;5561;-2.5606;-44.2558
N;Norte;MA;Maranhão;AXIA NORTE;MALD;SAO LUIS II;230.0;MALD--2A;5551;-2.7172;-44.3172
N;Norte;MA;Maranhão;AXIA NORTE;MALD;SAO LUIS II;500.0;MALD--5A;5550;-2.7172;-44.3172
N;Norte;MA;Maranhão;AXIA NORTE;MALT;SAO LUIS III;69.0;MALT--0A;5693;-2.5171;-44.1715
N;Norte;MA;Maranhão;AXIA NORTE;MALT;SAO LUIS III;230.0;MALT--2A;5691;-2.5171;-44.1715
N;Norte;MA;Maranhão;HORIZON MA I;MALQ;SAO LUIS IV;69.0;MALQ--0C;5578;-2.7172;-44.3171
N;Norte;MA;Maranhão;HORIZON MA I;MALQ;SAO LUIS IV;230.0;MALQ--2A;5689;-2.7172;-44.3171
N;Norte;MA;Maranhão;HORIZON MA I;MALQ;SAO LUIS IV;500.0;MALQ--5A;5688;-2.7172;-44.3171
N;Norte;MA;Maranhão;TANGARÁ;MASLT;STA LUZIA III;138.0;MASLT-1A;44642;-3.9995;-45.7048
N;Norte;MA;Maranhão;TANGARÁ;MASLT;STA LUZIA III;230.0;MASLT-2A;44641;-3.9995;-45.7048
N;Norte;MA;Maranhão;TANGARÁ;MASLT;STA LUZIA III;500.0;MASLT-5A;44640;-3.9995;-45.7048
N;Norte;MA;Maranhão;PARNAÍBA II;MAUTNV;U.NV.VENECIA2;500.0;MAUTNV5A;93853;-4.8650;-44.3506
N;Norte;MA;Maranhão;PARNAÍBA II;MAUTNV;U.NV.VENECIA2;500.0;MAUTNV5B;96178;-4.8650;-44.3506
N;Norte;MA;Maranhão;PARNAÍBA II;MAUTM3;UT.MARANHAO 3;500.0;MAUTM35A;93971;-4.8221;-44.3547
N;Norte;MA;Maranhão;PARNAÍBA II;MAUTM3;UT.MARANHAO 3;500.0;MAUTM35C;93973;-4.8221;-44.3547
N;Norte;MA;Maranhão;PARNAÍBA II;MAUTM3;UT.MARANHAO 3;500.0;MAUTM35B;93972;-4.8221;-44.3547
N;Norte;MA;Maranhão;PARNAÍBA G C;MAUTM4;UT.MARANHAO 4;500.0;MAUTM45B;93645;-26.2875;-48.8785
N;Norte;MA;Maranhão;PARNAÍBA G C;MAUTM4;UT.MARANHAO 4;500.0;MAUTM45A;93608;-26.2875;-48.8785
N;Norte;MA;Maranhão;PARNAÍBA G C;MAUTM5;UT.MARANHAO 5;500.0;MAUTM55A;93402;-19.7540;-40.3765
N;Norte;MA;Maranhão;PARNAÍBA G C;MAUTM5;UT.MARANHAO 5;500.0;MAUTM55B;93403;-19.7540;-40.3765
N;Norte;MA;Maranhão;PARNAIBA I GERAÇÃO;MAUTP4;UT.PARNAIBA 4;500.0;MAUTP45A;94285;-4.8141;-44.3436
N;Norte;MA;Maranhão;PARNAÍBA G C;MAUTP5;UT.PARNAIBA V;500.0;MAUTP55A;90317;-4.8194;-44.3553
N;Norte;MA;Maranhão;ITAQUI GERACAO;MAUTPI;UT.POR.ITAQUI;230.0;MAUTPI2A;5610;-2.5246;-44.2961
N;Norte;MT;Mato Grosso;ENERGISA MT;MTSPA;SALTO PARAISO;138.0;MTSPA-1A;4469;-9.9455;-56.8319
N;Norte;PA;Pará;AXIA NORTE;PAAT;ALTAMIRA;69.0;PAAT--0A;6523;-3.1369;-52.1798
N;Norte;PA;Pará;AXIA NORTE;PAAT;ALTAMIRA;230.0;PAAT--2A;6521;-3.1369;-52.1798
N;Norte;PA;Pará;NORTE ENERGIA SA;PABM;BELO MONTE;500.0;PABM--5A;6730;-3.1268;-51.7750
N;Norte;PA;Pará;AXIA NORTE;PACJ;CARAJAS;138.0;PACJ--1A;6397;-5.9811;-49.8885
N;Norte;PA;Pará;AXIA NORTE;PACJ;CARAJAS;230.0;PACJ--2A;6407;-5.9811;-49.8885
N;Norte;PA;Pará;CASTANHAL;PACTH;CASTANHAL;138.0;PACN--1A;6485;-1.2958;-47.7867
N;Norte;PA;Pará;CASTANHAL;PACTH;CASTANHAL;230.0;PACTH-2A;6489;-1.2958;-47.7867
N;Norte;PA;Pará;TANGARÁ;PADELI;DOM ELISEU II;69.0;PADELI0A;44639;-4.3412;-47.5379
N;Norte;PA;Pará;TANGARÁ;PADELI;DOM ELISEU II;230.0;PADELI2A;44638;-4.3412;-47.5379
N;Norte;PA;Pará;AXIA NORTE;PAGM;GUAMA;69.0;PAGM--0F;90267;-1.4601;-48.4469
N;Norte;PA;Pará;AXIA NORTE;PAGM;GUAMA;69.0;PAGM--0H;6472;-1.4601;-48.4469
N;Norte;PA;Pará;AXIA NORTE;PAGM;GUAMA;69.0;PAGM--0D;90266;-1.4601;-48.4469
N;Norte;PA;Pará;AXIA NORTE;PAGM;GUAMA;230.0;PAGM--2A;6471;-1.4601;-48.4469
N;Norte;PA;Pará;AXIA NORTE;PAIG;INTEGRADORA;230.0;PAIG--2A;6561;-6.4389;-50.0221
N;Norte;PA;Pará;AXIA NORTE;PAIG;INTEGRADORA;500.0;PAIG--5A;6560;-6.4389;-50.0221
N;Norte;PA;Pará;ATE III;PAIT;ITACAIUNAS;138.0;PAIN--1A;8174;-5.4566;-49.1473
N;Norte;PA;Pará;ATE III;PAIT;ITACAIUNAS;230.0;PAIT--2A;6441;-5.4566;-49.1473
N;Norte;PA;Pará;ATE III;PAIT;ITACAIUNAS;500.0;PAIT--5A;6440;-5.4566;-49.1473
N;Norte;PA;Pará;LXTE;PAJRP;JURUPARI;69.0;PAJRP-0C;8255;-1.5455;-52.7694
N;Norte;PA;Pará;LXTE;PAJRP;JURUPARI;230.0;PAJRP-2A;8250;-1.5455;-52.7694
N;Norte;PA;Pará;LXTE;PAJRP;JURUPARI;500.0;PAJRP-5A;8200;-1.5455;-52.7694
N;Norte;PA;Pará;PARINTINS AMAZONAS;PAJUR;JURUTI;138.0;PAJUR-1A;8322;-2.2587;-56.0592
N;Norte;PA;Pará;PARINTINS AMAZONAS;PAJUR;JURUTI;230.0;PAJUR-2A;8321;-2.2587;-56.0592
N;Norte;PA;Pará;AXIA NORTE;PAMB;MARABA;69.0;PAMB--0A;6403;-5.1999;-49.0235
N;Norte;PA;Pará;AXIA NORTE;PAMB;MARABA;230.0;PAMB--2A;6401;-5.1999;-49.0235
N;Norte;PA;Pará;AXIA NORTE;PAMB;MARABA;500.0;PAMB--5A;6400;-5.1999;-49.0235
N;Norte;PA;Pará;BELEM TRANSMISSORA7;PAMAR;MARITUBA;69.0;PAMAR-0A;6662;-1.4109;-48.3608
N;Norte;PA;Pará;BELEM TRANSMISSORA7;PAMAR;MARITUBA;230.0;PAMAR-2A;6661;-1.4109;-48.3608
N;Norte;PA;Pará;BELEM TRANSMISSORA7;PAMAR;MARITUBA;500.0;PAMAR-5A;6660;-1.4109;-48.3608
N;Norte;PA;Pará;AXIA NORTE;PAMD;MIRAMAR;69.0;PAMD--0A;6713;-1.4112;-48.4868
N;Norte;PA;Pará;AXIA NORTE;PAMD;MIRAMAR;230.0;PAMD--2A;6710;-1.4112;-48.4868
N;Norte;PA;Pará;OURILANDIA;PAON;ONCA PUMA;138.0;PAON--1A;6567;-6.5771;-51.0925
N;Norte;PA;Pará;OURILANDIA;PAON;ONCA PUMA;230.0;PAON--2A;6565;-6.5771;-51.0925
N;Norte;PA;Pará;LMTE;PAORX;ORIXIMINA;138.0;PAORX-1A;8351;-1.5825;-55.7238
N;Norte;PA;Pará;LMTE;PAORX;ORIXIMINA;230.0;PAORX-2A;8311;-1.5825;-55.7238
N;Norte;PA;Pará;LMTE;PAORX;ORIXIMINA;500.0;PAORX-5A;8300;-1.5825;-55.7238
N;Norte;PA;Pará;AXIA NORTE;PARU;RUROPOLIS;138.0;PARU--1A;6542;-4.0739;-54.8975
N;Norte;PA;Pará;AXIA NORTE;PARU;RUROPOLIS;230.0;PARU--2A;6541;-4.0739;-54.8975
N;Norte;PA;Pará;ENERGISA PARÁ I;PASNA;SANT. ARAGUAIA;138.0;PASNA-1A;6563;-9.3271;-50.3917
N;Norte;PA;Pará;ENERGISA PARÁ I;PASNA;SANT. ARAGUAIA;230.0;PASNA-2A;6562;-9.3271;-50.3917
N;Norte;PA;Pará;AXIA NORTE;PASR;SANTA MARIA;69.0;PASR--0D;90270;-1.3423;-47.5698
N;Norte;PA;Pará;AXIA NORTE;PASR;SANTA MARIA;69.0;PASR--0A;6493;-1.3423;-47.5698
N;Norte;PA;Pará;AXIA NORTE;PASR;SANTA MARIA;138.0;PASR--1A;6492;-1.3423;-47.5698
N;Norte;PA;Pará;AXIA NORTE;PASR;SANTA MARIA;230.0;PASR--2A;6491;-1.3423;-47.5698
N;Norte;PA;Pará;NORTE ENERGIA SA;PAPM;SE PIMENTAL;230.0;PAPM--2A;6554;-3.4412;-51.9479
N;Norte;PA;Pará;NOVO ESTADO;PASPL;SERRA PELADA;138.0;PASPL-5B;6721;-6.0808;-49.6848
N;Norte;PA;Pará;NOVO ESTADO;PASPL;SERRA PELADA;500.0;PASPL-5A;6754;-6.0808;-49.6848
N;Norte;PA;Pará;TAPAJOS TRANSMISSORA;PATA2;TAPAJOS II;138.0;PATA2-1A;6553;-2.6168;-54.6758
N;Norte;PA;Pará;TAPAJOS TRANSMISSORA;PATA2;TAPAJOS II;230.0;PATA2-2A;6551;-2.6168;-54.6758
N;Norte;PA;Pará;ETEPA;PATE;TOME ACU;138.0;PATE--1A;6536;-2.3549;-48.1400
N;Norte;PA;Pará;ETEPA;PATE;TOME ACU;230.0;PATE--2A;6535;-2.3549;-48.1400
N;Norte;PA;Pará;AXIA NORTE;PATM;TRANSAMAZONIC;230.0;PATM--2A;6531;-3.7075;-53.7151
N;Norte;PA;Pará;AXIA NORTE;PATC;TUCURUI;69.0;PATC--0A;6413;-3.8238;-49.6546
N;Norte;PA;Pará;AXIA NORTE;PATC;TUCURUI;138.0;PATC--1A;6450;-3.8238;-49.6546
N;Norte;PA;Pará;AXIA NORTE;PATC;TUCURUI;230.0;PATC--2A;6416;-3.8238;-49.6546
N;Norte;PA;Pará;AXIA NORTE;PATC;TUCURUI;500.0;PATC--5A;6430;-3.8238;-49.6546
N;Norte;PA;Pará;NORTE ENERGIA SA;PAUPIM;UHE PIMENTAL;230.0;PAUPIM2A;93620;-3.1268;-51.7750
N;Norte;PA;Pará;CELBA 2;PANTB;UT NT BARCARENA;230.0;PANTB-2A;8422;-1.5487;-48.7456
N;Norte;PA;Pará;PORTOCEM;PASEPC;UTE PORTOCEM I;500.0;PASEPC5A;92507;-1.5508;-48.7478
N;Norte;PA;Pará;AXIA NORTE;PAUG;UTINGA;69.0;PAUG--0A;6482;-1.3356;-48.3808
N;Norte;PA;Pará;AXIA NORTE;PAUG;UTINGA;69.0;PAUG--0E;90283;-1.3356;-48.3808
N;Norte;PA;Pará;AXIA NORTE;PAUG;UTINGA;69.0;PAUG--0C;90281;-1.3356;-48.3808
N;Norte;PA;Pará;AXIA NORTE;PAUG;UTINGA;69.0;PAUG--0D;90282;-1.3356;-48.3808
N;Norte;PA;Pará;AXIA NORTE;PAUG;UTINGA;230.0;PAUG--2A;6481;-1.3356;-48.3808
N;Norte;PA;Pará;AXIA NORTE;PAVC;VILA DO CONDE;69.0;PAVC--0A;6463;-1.5720;-48.7331
N;Norte;PA;Pará;AXIA NORTE;PAVC;VILA DO CONDE;230.0;PAVC--2A;6461;-1.5720;-48.7331
N;Norte;PA;Pará;AXIA NORTE;PAVC;VILA DO CONDE;500.0;PAVC--5A;6460;-1.5720;-48.7331
N;Norte;PA;Pará;LXTE;PAXIN;XINGU;230.0;PAXNG-2A;8106;-3.1065;-51.6926
N;Norte;PA;Pará;LXTE;PAXIN;XINGU;500.0;PAXIN-5A;8100;-3.1065;-51.6926
N;Norte;PA;Pará;LXTE;PAXIN;XINGU;800.0;PAXNG-8A;95473;-3.1065;-51.6926
N;Norte;PA;Pará;ATLANTICO;PAXG;XINGUARA 2;138.0;PAXG--1A;6572;-7.0730;-49.9213
N;Norte;PA;Pará;ATLANTICO;PAXG;XINGUARA 2;230.0;PAXG--2A;6571;-7.0730;-49.9213
N;Norte;RR;Roraima;AXIA NORTE;RRBV;BOA VISTA;69.0;RRBV--0D;8853;2.9436;-60.7167
N;Norte;RR;Roraima;AXIA NORTE;RRBV;BOA VISTA;230.0;RRBV--2A;8851;2.9436;-60.7167
N;Norte;RR;Roraima;AXIA NORTE;RRBV;BOA VISTA;500.0;RRBV--5A;8850;2.9436;-60.7167
N;Norte;RR;Roraima;TRANSNORTE;RREQ;EQUADOR;500.0;RREQ--5A;8800;0.3677;-60.5084
N;Norte;RR;Roraima;AZULAO GERACAO;RRJII;JAGUATIRICA II;230.0;RRJII-2A;8883;2.9651;-60.6758
N;Norte;TO;Tocantins;AXIA NORTE;TOCO;COLINAS;138.0;TOCO--1A;7308;-7.9708;-48.4548
N;Norte;TO;Tocantins;AXIA NORTE;TOCO;COLINAS;500.0;TOCO--5A;7300;-7.9708;-48.4548
N;Norte;TO;Tocantins;AXIA ENERGIA;TOSTGU;GURUPI;138.0;TOSTGU1A;7107;-11.7356;-49.0117
N;Norte;TO;Tocantins;AXIA ENERGIA;TOSTGU;GURUPI;230.0;TOSTGU2A;7106;-11.7356;-49.0117
N;Norte;TO;Tocantins;AXIA ENERGIA;TOSTGU;GURUPI;500.0;TOSTGU5A;7100;-11.7356;-49.0117
N;Norte;TO;Tocantins;AXIA NORTE;TOMC;MIRACEMA;138.0;TOMC--1A;7202;-9.5409;-48.5213
N;Norte;TO;Tocantins;AXIA NORTE;TOMC;MIRACEMA;500.0;TOMC--5A;7200;-9.5409;-48.5213
N;Norte;TO;Tocantins;MIRACEMA;TOPAL;PALMAS;138.0;TOPAL-1A;7222;-10.1772;-48.2937
N;Norte;TO;Tocantins;MIRACEMA;TOPAL;PALMAS;230.0;TOPAL-2A;7221;-10.1772;-48.2937
N;Norte;TO;Tocantins;INTESA;TOPEI2;PEIXE 2;500.0;TOPEI25A;7113;-12.1632;-48.5519
N;Norte;TO;Tocantins;MIRACEMA;TOLJ;SE LAJEADO;230.0;TOLJ--2A;7207;-9.7471;-48.3666
N;Norte;TO;Tocantins;MIRACEMA;TOLJ;SE LAJEADO;500.0;TOLJ--5A;7204;-9.7471;-48.3666
NE;Nordeste;AL;Alagoas;AXIA NORDESTE;ALART;ARAPIRACA III;69.0;ALART-0A;6083;-9.7868;-36.6488
NE;Nordeste;AL;Alagoas;AXIA NORDESTE;ALART;ARAPIRACA III;230.0;ALART-2A;6081;-9.7868;-36.6488
NE;Nordeste;AL;Alagoas;AXIA NORDESTE;ALMCO;MACEIO;69.0;ALMCO-0E;5313;-9.5788;-35.7856
NE;Nordeste;AL;Alagoas;AXIA NORDESTE;ALMCO;MACEIO;69.0;ALMCO-0A;90160;-9.5788;-35.7856
NE;Nordeste;AL;Alagoas;AXIA NORDESTE;ALMCO;MACEIO;69.0;ALMCO-0F;91443;-9.5788;-35.7856
NE;Nordeste;AL;Alagoas;AXIA NORDESTE;ALMCO;MACEIO;69.0;ALMCO-0G;91444;-9.5788;-35.7856
NE;Nordeste;AL;Alagoas;AXIA NORDESTE;ALMCO;MACEIO;230.0;ALMCO-2A;5311;-9.5788;-35.7856
NE;Nordeste;AL;Alagoas;AXIA NORDESTE;ALMCD;MACEIO II;69.0;ALMCD-0A;5314;-9.5286;-35.7502
NE;Nordeste;AL;Alagoas;AXIA NORDESTE;ALMCD;MACEIO II;230.0;ALMCD-2A;5312;-9.5286;-35.7502
NE;Nordeste;AL;Alagoas;AXIA NORDESTE;ALMSI;MESSIAS;230.0;ALMSI-2A;5301;-9.4027;-35.8421
NE;Nordeste;AL;Alagoas;AXIA NORDESTE;ALMSI;MESSIAS;500.0;ALMSI-5A;5300;-9.4027;-35.8421
NE;Nordeste;AL;Alagoas;AXIA NORDESTE;ALPEN;PENEDO;69.0;ALPEN-0A;5293;-10.2430;-36.5629
NE;Nordeste;AL;Alagoas;AXIA NORDESTE;ALPEN;PENEDO;230.0;ALPEN-2A;5291;-10.2430;-36.5629
NE;Nordeste;AL;Alagoas;AXIA NORDESTE;ALRLD;RIO LARGO II;69.0;ALRLD-0A;5113;-9.5039;-35.8380
NE;Nordeste;AL;Alagoas;AXIA NORDESTE;ALRLD;RIO LARGO II;230.0;ALRLD-2A;5111;-9.5039;-35.8380
NE;Nordeste;AL;Alagoas;BRE 3;ALSTII;SANTANA II;69.0;ALSTII0A;5733;-9.3652;-37.2787
NE;Nordeste;AL;Alagoas;BRE 3;ALSTII;SANTANA II;230.0;ALSTII2A;5732;-9.3652;-37.2787
NE;Nordeste;AL;Alagoas;AXIA NORDESTE;ALUXG;USINA XINGO;500.0;ALUXG-5A;5060;-9.6196;-37.7926
NE;Nordeste;AL;Alagoas;AXIA NORDESTE;BAZBU;ZEBU;69.0;ALZBU-0C;6265;-9.3558;-38.2028
NE;Nordeste;AL;Alagoas;AXIA NORDESTE;BAZBU;ZEBU;230.0;BAZBU-2A;6262;-9.3558;-38.2028
NE;Nordeste;BA;Bahia;AXIA NORDESTE;BAABX;ABAIXADORA;69.0;BAABX-0A;6203;-9.3958;-38.2007
NE;Nordeste;BA;Bahia;AXIA NORDESTE;BAABX;ABAIXADORA;230.0;BAABX-2A;44106;-9.3958;-38.2007
NE;Nordeste;BA;Bahia;BRE 2;BAALG;ALAGOINHAS II;69.0;BAALG-0A;5796;-12.0609;-38.3945
NE;Nordeste;BA;Bahia;BRE 2;BAALG;ALAGOINHAS II;230.0;BAALG-2A;6000;-12.0609;-38.3945
NE;Nordeste;BA;Bahia;AXIA NORDESTE;BAUAS;APOLONIO SALES;230.0;BAUAS-2B;5028;-9.3581;-38.2085
NE;Nordeste;BA;Bahia;AXIA NORDESTE;BAUAS;APOLONIO SALES;230.0;BAUAS-2A;5029;-9.3581;-38.2085
NE;Nordeste;BA;Bahia;EOL DOS ARAÇAS;BAARA;ARACAS;230.0;BAARA-2A;6371;-14.1028;-42.6094
NE;Nordeste;BA;Bahia;AXIA NORDESTE;BABJS;B.JESUS LAPA;69.0;BABJS-0A;6353;-13.3059;-43.3525
NE;Nordeste;BA;Bahia;AXIA NORDESTE;BABJS;B.JESUS LAPA;230.0;BABJS-2A;6351;-13.3059;-43.3525
NE;Nordeste;BA;Bahia;CVER;BABBC;BABIL. CENTRO;500.0;BABBC-5A;45220;-11.0172;-41.3040
NE;Nordeste;BA;Bahia;CVER;BABBS;BABILONIA SUL;230.0;BABBS-2A;8389;-11.1200;-41.2908
NE;Nordeste;BA;Bahia;AXIA NORDESTE;BABRA;BARREIRAS;69.0;BABRA-0A;6363;-12.1344;-44.9468
NE;Nordeste;BA;Bahia;AXIA NORDESTE;BABRA;BARREIRAS;138.0;BABRA-1A;6365;-12.1344;-44.9468
NE;Nordeste;BA;Bahia;AXIA NORDESTE;BABRA;BARREIRAS;230.0;BABRA-2A;6361;-12.1344;-44.9468
NE;Nordeste;BA;Bahia;PTE;BABRD;BARREIRAS II;230.0;BABRD-2A;6315;-12.1716;-44.8083
NE;Nordeste;BA;Bahia;PTE;BABRD;BARREIRAS II;500.0;BABRD-5A;6360;-12.1716;-44.8083
NE;Nordeste;BA;Bahia;ECOENGERGIA;BABRT1;BARREIRAS III;500.0;BABRT-51;44601;-12.0614;-45.0659
NE;Nordeste;BA;Bahia;TAESA;BABJD;BOM.JES.LAPA II;230.0;BABJD-2A;6358;-13.3100;-43.3436
NE;Nordeste;BA;Bahia;TAESA;BABJD;BOM.JES.LAPA II;500.0;BABJD-5A;6349;-13.3100;-43.3436
NE;Nordeste;BA;Bahia;AXIA NORDESTE;BABMC;BROTAS.MACAUBAS;230.0;BABMC-2A;6334;-12.3084;-42.3433
NE;Nordeste;BA;Bahia;AFLUENTE;BABDD;BRUMADO II;69.0;BABDD-0A;5944;-14.2138;-41.6363
NE;Nordeste;BA;Bahia;AFLUENTE;BABDD;BRUMADO II;138.0;BABDD-1A;5947;-14.2138;-41.6363
NE;Nordeste;BA;Bahia;AFLUENTE;BABDD;BRUMADO II;230.0;BABDD-2A;5941;-14.2138;-41.6363
NE;Nordeste;BA;Bahia;BURITIRAMA TRANS;BABRT;BURITIRAMA;500.0;BABRT-5A;6075;-10.6007;-44.0319
NE;Nordeste;BA;Bahia;CAETITÉ 2;BACTT;CAETITE 123;230.0;BACTT-2A;6204;-14.1863;-42.4934
NE;Nordeste;BA;Bahia;CAETITE A;BACTA;CAETITE A;230.0;BACTA-2A;6621;-14.1381;-42.4782
NE;Nordeste;BA;Bahia;NEOENERGIA COELBA;BACMC;CAMACA;138.0;BACMC-1A;5908;-15.4191;-39.4989
NE;Nordeste;BA;Bahia;AXIA NORDESTE;BACMD;CAMACARI II;69.0;BACMD-0I;93123;-12.6205;-38.3459
NE;Nordeste;BA;Bahia;AXIA NORDESTE;BACMD;CAMACARI II;69.0;BACMD-0A;5757;-12.6205;-38.3459
NE;Nordeste;BA;Bahia;AXIA NORDESTE;BACMD;CAMACARI II;230.0;BACMD-2A;5751;-12.6205;-38.3459
NE;Nordeste;BA;Bahia;AXIA NORDESTE;BACMD;CAMACARI II;500.0;BACMD-5A;5750;-12.6205;-38.3459
NE;Nordeste;BA;Bahia;AXIA NORDESTE;BACMQ;CAMACARI IV;230.0;BACMQ-2A;5756;-12.6176;-38.3434
NE;Nordeste;BA;Bahia;AXIA NORDESTE;BACMQ;CAMACARI IV;500.0;BACMQ-5A;5752;-12.6176;-38.3434
NE;Nordeste;BA;Bahia;AXIA NORDESTE;BACFO;CAMPO FORMOSO;230.0;BACFO-2A;6107;-10.5842;-40.6132
NE;Nordeste;BA;Bahia;CLWP EÓLICA I;BACLA;CAMPO LARGO;230.0;BACLA-2A;6771;-10.4545;-41.4660
NE;Nordeste;BA;Bahia;EÓLICA CANUDOS II;BACAN;CANUDOS I;500.0;BACAN-5A;7284;-10.1305;-38.7515
NE;Nordeste;BA;Bahia;AXIA NORDESTE;BACTU;CATU;69.0;BACTU-0A;5786;-12.3986;-38.3637
NE;Nordeste;BA;Bahia;AXIA NORDESTE;BACTU;CATU;230.0;BACTU-2A;5782;-12.3986;-38.3637
NE;Nordeste;BA;Bahia;AXIA NORDESTE;BACCD;CICERO DANTAS;69.0;BACCD-0A;5703;-10.5973;-38.3671
NE;Nordeste;BA;Bahia;AXIA NORDESTE;BACCD;CICERO DANTAS;230.0;BACCD-2A;5701;-10.5973;-38.3671
NE;Nordeste;BA;Bahia;SÃO VITOR 01;BASVT;COL SAO VITOR;230.0;BASVT-2A;8984;-10.9567;-42.5380
NE;Nordeste;BA;Bahia;ENEVA;BAFFUT;COMPLEXO_FUTURA;500.0;BAFFUT5A;92440;-9.6608;-40.6860
NE;Nordeste;BA;Bahia;AXIA NORDESTE;BACTG;COTEGIPE;69.0;BACTG-0A;5803;-12.7941;-38.4225
NE;Nordeste;BA;Bahia;AXIA NORDESTE;BACTG;COTEGIPE;230.0;BACTG-2A;5802;-12.7941;-38.4225
NE;Nordeste;BA;Bahia;CRISTALANDIA I;BACRL;CRISTALANDIA;230.0;BACRL-2A;5726;-14.0315;-41.5328
NE;Nordeste;BA;Bahia;NEOENERGIA COELBA;CECTF;CTR IND TXR FRT;138.0;CECTF-1A;90226;;
NE;Nordeste;BA;Bahia;NEOENERGIA COELBA;BADAM;DARIO MEIRA;138.0;BADAM-1A;5906;-14.4404;-39.8813
NE;Nordeste;BA;Bahia;EOL DELFINA A;BADFN;DELFINA;230.0;BADFN-2A;6716;-10.0072;-40.9299
NE;Nordeste;BA;Bahia;AXIA NORDESTE;BAENP;EUNAPOLIS;138.0;BAENP-1A;5974;-16.3390;-39.5501
NE;Nordeste;BA;Bahia;AXIA NORDESTE;BAENP;EUNAPOLIS;230.0;BAENP-2A;5972;-16.3390;-39.5501
NE;Nordeste;BA;Bahia;NEOENERGIA COELBA;BAEUN;EUNAPOLIS I;138.0;BAEUN-1A;48877;-16.3738;-39.5647
NE;Nordeste;BA;Bahia;NEOENERGIA COELBA;BAEUT;EUNAPOLIS III;138.0;BAEUT-1A;48878;;
NE;Nordeste;BA;Bahia;FS TRANSMISSORA;BAFS3;F. SANTANA III;69.0;BAFS3-0A;5798;-12.1263;-38.9338
NE;Nordeste;BA;Bahia;FS TRANSMISSORA;BAFS3;F. SANTANA III;230.0;BAFS3-2A;5797;-12.1263;-38.9338
NE;Nordeste;BA;Bahia;SÃO JANUÁRIO 01;BAFLA;FOLHA LARGA;230.0;BAFLA-2A;8161;-10.3545;-40.4382
NE;Nordeste;BA;Bahia;SÃO BENTO;BAFLS;FOLHA LARGA SUL;230.0;BAFLS-2A;8136;-10.4582;-40.5172
NE;Nordeste;BA;Bahia;AFLUENTE;BAFRD;FORD;230.0;BAFRD-2A;5755;-12.6590;-38.2741
NE;Nordeste;BA;Bahia;AXIA NORDESTE;BAFNL;FUNIL;138.0;BAFNL-1A;5904;-14.2324;-39.4629
NE;Nordeste;BA;Bahia;AXIA NORDESTE;BAFNL;FUNIL;230.0;BAFNL-2A;5902;-14.2324;-39.4629
NE;Nordeste;BA;Bahia;AXIA NORDESTE;BAGVM;G.MANGABEIRA;69.0;BAGVM-0A;5883;-12.6071;-39.0346
NE;Nordeste;BA;Bahia;AXIA NORDESTE;BAGVM;G.MANGABEIRA;230.0;BAGVM-2A;5881;-12.6071;-39.0346
NE;Nordeste;BA;Bahia;ASSURUÁ 1 II;BAGOI;GENTIO OURO I;230.0;BAGOI-2A;6620;-11.1174;-42.6615
NE;Nordeste;BA;Bahia;ARGO VII;BAGOR;GENTIO OURO II;230.0;BAGOR-2A;6061;-11.2800;-42.6674
NE;Nordeste;BA;Bahia;ARGO VII;BAGOR;GENTIO OURO II;500.0;BAGOR-5A;6060;-11.2800;-42.6674
NE;Nordeste;BA;Bahia;CEC CANDEIAS;BAGBL;GLOBAL;230.0;BAGBL-2A;5819;-12.7275;-38.4829
NE;Nordeste;BA;Bahia;TAESA;BAICA;IBICOARA;138.0;BAICA-1A;6364;-13.4397;-41.3741
NE;Nordeste;BA;Bahia;TAESA;BAICA;IBICOARA;230.0;BAICA-2A;6362;-13.4397;-41.3741
NE;Nordeste;BA;Bahia;TAESA;BAICA;IBICOARA;500.0;BAICA-5A;6359;-13.4397;-41.3741
NE;Nordeste;BA;Bahia;AXIA NORDESTE;BAIGD;IGAPORA II;69.0;BAIGD-0A;6173;-14.0304;-42.6245
NE;Nordeste;BA;Bahia;AXIA NORDESTE;BAIGD;IGAPORA II;230.0;BAIGD-2A;6171;-14.0304;-42.6245
NE;Nordeste;BA;Bahia;AXIA NORDESTE;BAIGT;IGAPORA III;230.0;BAIGT-2A;6221;-13.9832;-42.6140
NE;Nordeste;BA;Bahia;AXIA NORDESTE;BAIGT;IGAPORA III;500.0;BAIGT-5A;6220;-13.9832;-42.6140
NE;Nordeste;BA;Bahia;AXIA NORDESTE;BAIRE;IRECE;69.0;BAIRE-0A;6343;-11.3086;-41.8079
NE;Nordeste;BA;Bahia;AXIA NORDESTE;BAIRE;IRECE;138.0;BAIRE-1A;6342;-11.3086;-41.8079
NE;Nordeste;BA;Bahia;AXIA NORDESTE;BAIRE;IRECE;230.0;BAIRE-2A;6341;-11.3086;-41.8079
NE;Nordeste;BA;Bahia;NEOENERGIA COELBA;BAILD;ITABELA II;138.0;BAILD-1A;48876;-16.5797;-39.5460
NE;Nordeste;BA;Bahia;ARTEON Z3;BAITB3;ITABUNA III;138.0;BAITB31A;5790;-14.8583;-39.2716
NE;Nordeste;BA;Bahia;ARTEON Z3;BAITB3;ITABUNA III;230.0;BAITB32A;5787;-14.8583;-39.2716
NE;Nordeste;BA;Bahia;AFLUENTE;BAIGB;ITAGIBA;230.0;BAIGB-2A;5912;-14.2348;-39.7168
NE;Nordeste;BA;Bahia;NEOENERGIA COELBA;BAITU;ITAMARAJU;138.0;BAITU-1A;5995;-17.0290;-39.5433
NE;Nordeste;BA;Bahia;AXIA NORDESTE;BAUITP;ITAPEBI SE;230.0;BAUITP2A;5970;-15.9694;-39.5847
NE;Nordeste;BA;Bahia;AXIA NORDESTE;BAJCR;JACARACANGA;69.0;BAJCR-0A;5826;-12.6971;-38.4826
NE;Nordeste;BA;Bahia;AXIA NORDESTE;BAJCR;JACARACANGA;230.0;BAJCR-2A;5822;-12.6971;-38.4826
NE;Nordeste;BA;Bahia;AXIA NORDESTE;BAJGR;JAGUARARI-SE;230.0;BAJGR-2A;6321;-9.8656;-39.8581
NE;Nordeste;BA;Bahia;AXIA NORDESTE;BAJRB;JEREMOABO;500.0;BAJRB-5A;7280;-10.1629;-38.2991
NE;Nordeste;BA;Bahia;AXIA NORDESTE;BAJZD;JUAZEIRO II;69.0;BAJZD-0A;6313;-9.4809;-40.4765
NE;Nordeste;BA;Bahia;AXIA NORDESTE;BAJZD;JUAZEIRO II;230.0;BAJZD-2A;6311;-9.4809;-40.4765
NE;Nordeste;BA;Bahia;ARGO V;BAJZT;JUAZEIRO III;69.0;BAJZT-0B;6503;-9.4864;-40.5193
NE;Nordeste;BA;Bahia;ARGO V;BAJZT;JUAZEIRO III;230.0;BAJZT-2A;6501;-9.4864;-40.5193
NE;Nordeste;BA;Bahia;ARGO V;BAJZT;JUAZEIRO III;500.0;BAJZT-5A;6500;-9.4864;-40.5193
NE;Nordeste;BA;Bahia;AXIA NORDESTE;BAMTT;MATATU;69.0;BAMTT-0A;5856;-12.9776;-38.4831
NE;Nordeste;BA;Bahia;AXIA NORDESTE;BAMTT;MATATU;230.0;BAMTT-2A;5852;-12.9776;-38.4831
NE;Nordeste;BA;Bahia;MORRO DO CHAPEU;BAMDN2;MEDEIROS NETOII;230.0;BAMDN22A;7996;-17.3375;-40.1806
NE;Nordeste;BA;Bahia;MORRO DO CHAPEU;BAMDN2;MEDEIROS NETOII;500.0;BAMDN25A;7995;-17.3375;-40.1806
NE;Nordeste;BA;Bahia;EOL MORRÃO;BAMOR;MORRAO;230.0;BAMOR-2A;6380;-14.1287;-42.6814
NE;Nordeste;BA;Bahia;AXIA NORDESTE;BAMPD;MORRO CHAPEU II;69.0;BAMPD-0A;6293;-11.7139;-41.3968
NE;Nordeste;BA;Bahia;AXIA NORDESTE;BAMPD;MORRO CHAPEU II;230.0;BAMPD-2A;6291;-11.7139;-41.3968
NE;Nordeste;BA;Bahia;AXIA NORDESTE;BAMPD;MORRO CHAPEU II;500.0;BAMPD-5A;6290;-11.7139;-41.3968
NE;Nordeste;BA;Bahia;SE NARANDIBA;BANRD;NARANDIBA;69.0;BANRD-0A;5983;-12.9541;-38.4448
NE;Nordeste;BA;Bahia;SE NARANDIBA;BANRD;NARANDIBA;230.0;BANRD-2A;5981;-12.9541;-38.4448
NE;Nordeste;BA;Bahia;AXIA NORDESTE;BAOLD;OLINDINA;69.0;BAOLD-0C;6797;-11.3177;-38.3835
NE;Nordeste;BA;Bahia;AXIA NORDESTE;BAOLD;OLINDINA;230.0;BAOLD-2A;44155;-11.3177;-38.3835
NE;Nordeste;BA;Bahia;AXIA NORDESTE;BAOLD;OLINDINA;500.0;BAOLD-5A;5740;-11.3177;-38.3835
NE;Nordeste;BA;Bahia;ARGO VII;BAOUR;OUROLANDIA II;230.0;BAOUR-2A;6071;-10.8744;-41.3399
NE;Nordeste;BA;Bahia;ARGO VII;BAOUR;OUROLANDIA II;500.0;BAOUR-5A;6070;-10.8744;-41.3399
NE;Nordeste;BA;Bahia;AXIA NORDESTE;BAUSU;P. AFONSO I;230.0;BAUSU-2A;95239;-9.3981;-38.2029
NE;Nordeste;BA;Bahia;AXIA NORDESTE;BAUSD;P. AFONSO II;230.0;BAUSD-2A;93799;-9.3969;-38.2027
NE;Nordeste;BA;Bahia;AXIA NORDESTE;BAUSD;P. AFONSO II;230.0;BAUSD-2B;90029;-9.3969;-38.2027
NE;Nordeste;BA;Bahia;AXIA NORDESTE;BAPAQ;P. AFONSO IV_SE;230.0;BAPAQ-2A;44098;-9.4138;-38.1995
NE;Nordeste;BA;Bahia;AXIA NORDESTE;BAPAQ;P. AFONSO IV_SE;230.0;BAPAQ-2B;44099;-9.4138;-38.1995
NE;Nordeste;BA;Bahia;AXIA NORDESTE;BAPAQ;P. AFONSO IV_SE;500.0;BAPAQ-5A;5001;-9.4138;-38.1995
NE;Nordeste;BA;Bahia;AXIA NORDESTE;BAPAF;P.AFONSO III;230.0;BAPAF-2A;5003;-9.4015;-38.1967
NE;Nordeste;BA;Bahia;VOTORANTIM CIMENTOS;BAUCV;P.DO CAVALO;230.0;BAUCV-2A;5882;-12.5835;-38.9980
NE;Nordeste;BA;Bahia;ENEL;BAPPT;PEDRA PINTADA;500.0;BAPPT-5A;44604;-10.7710;-41.2134
NE;Nordeste;BA;Bahia;AXIA NORDESTE;BAPND;PINDAI II;69.0;BAPND-0A;6226;-14.4188;-42.6174
NE;Nordeste;BA;Bahia;AXIA NORDESTE;BAPND;PINDAI II;230.0;BAPND-2A;6225;-14.4188;-42.6174
NE;Nordeste;BA;Bahia;MEZ 1 ENERGIA;BAPRJ;PIRAJA;69.0;BAPRJ-0A;5833;-12.9048;-50.4579
NE;Nordeste;BA;Bahia;MEZ 1 ENERGIA;BAPRJ;PIRAJA;230.0;BAPRJ-2A;5832;-12.9048;-50.4579
NE;Nordeste;BA;Bahia;AXIA NORDESTE;BAPTU;PITUACU;69.0;BAPTU-0A;5843;-12.9371;-38.4205
NE;Nordeste;BA;Bahia;AXIA NORDESTE;BAPTU;PITUACU;230.0;BAPTU-2A;5842;-12.9371;-38.4205
NE;Nordeste;BA;Bahia;AXIA NORDESTE;BAPOD;POCOES II;138.0;BAPOD-1A;5862;-14.5176;-40.3768
NE;Nordeste;BA;Bahia;AXIA NORDESTE;BAPOD;POCOES II;230.0;BAPOD-2A;5861;-14.5176;-40.3768
NE;Nordeste;BA;Bahia;EDTE;BAPOT;POCOES III;230.0;BAPOT-2A;5292;-14.5149;-40.3854
NE;Nordeste;BA;Bahia;EDTE;BAPOT;POCOES III;500.0;BAPOT-5A;5860;-14.5149;-40.3854
NE;Nordeste;BA;Bahia;AXIA NORDESTE;BAPLO;POLO;69.0;BAPLO-0B;5763;-12.6590;-38.2740
NE;Nordeste;BA;Bahia;AXIA NORDESTE;BAPLO;POLO;230.0;BAPLO-2A;5761;-12.6590;-38.2740
NE;Nordeste;BA;Bahia;NEOENERGIA COELBA;BAPAS;PONTO ASTERIO;138.0;BAPAS-1A;5907;-14.9542;-39.8953
NE;Nordeste;BA;Bahia;TAESA;BARDE;RIO DAS EGUAS;230.0;BARDE-2A;8171;-13.8546;-46.1754
NE;Nordeste;BA;Bahia;TAESA;BARDE;RIO DAS EGUAS;500.0;BARDE-5A;6444;-13.8546;-46.1754
NE;Nordeste;BA;Bahia;RIO FORMOSO;BARFM;RIO FORMOSO II;138.0;BARFM-1A;8173;-14.5835;-45.8787
NE;Nordeste;BA;Bahia;RIO FORMOSO;BARFM;RIO FORMOSO II;230.0;BARFM-2A;8172;-14.5835;-45.8787
NE;Nordeste;BA;Bahia;NEOENERGIA COELBA;BARGR;RIO GRANDE;138.0;BARGR-1A;7945;;
NE;Nordeste;BA;Bahia;SPEDRO;BARGD;RIO GRANDE II;138.0;BARGD-1A;6317;-12.8447;-45.4912
NE;Nordeste;BA;Bahia;SPEDRO;BARGD;RIO GRANDE II;230.0;BARGD-2A;6316;-12.8447;-45.4912
NE;Nordeste;BA;Bahia;NEOENERGIA COELBA;BARGT;RIO GRANDE III;138.0;BARGT-1A;44628;-12.6984;-45.1605
NE;Nordeste;BA;Bahia;TAESA;BASPU;SAPEACU;230.0;BASPU-2A;6368;-12.7172;-39.1856
NE;Nordeste;BA;Bahia;TAESA;BASPU;SAPEACU;500.0;BASPU-5A;6369;-12.7172;-39.1856
NE;Nordeste;BA;Bahia;HNK BR INDUSTRIA;BASCH;SCHINCARIOL;230.0;BASCH-2A;42251;-12.1571;-38.4024
NE;Nordeste;BA;Bahia;ETB;BASDS;SOL DO SERTAO;500.0;BASDS-5A;8714;-12.3235;-42.6109
NE;Nordeste;BA;Bahia;AXIA NORDESTE;BASNB;SR.BONFIM II;69.0;BASNB-0A;6333;-10.4441;-40.1880
NE;Nordeste;BA;Bahia;AXIA NORDESTE;BASNB;SR.BONFIM II;138.0;BASNB-1A;6332;-10.4441;-40.1880
NE;Nordeste;BA;Bahia;AXIA NORDESTE;BASNB;SR.BONFIM II;230.0;BASNB-2A;6331;-10.4441;-40.1880
NE;Nordeste;BA;Bahia;AXIA NORDESTE;BASTJ;STO.A.JESUS;69.0;BASTJ-0A;5893;-12.9728;-39.2207
NE;Nordeste;BA;Bahia;AXIA NORDESTE;BASTJ;STO.A.JESUS;230.0;BASTJ-2A;5891;-12.9728;-39.2207
NE;Nordeste;BA;Bahia;AXIA NORDESTE;BATBV;TABOCAS BRJ VLH;230.0;BATBV-2A;6062;-12.5837;-44.1077
NE;Nordeste;BA;Bahia;AXIA NORDESTE;BATXF;TEIX FREITAS II;138.0;BATXF-1A;5993;-17.5699;-39.7308
NE;Nordeste;BA;Bahia;AXIA NORDESTE;BATXF;TEIX FREITAS II;230.0;BATXF-2A;5991;-17.5699;-39.7308
NE;Nordeste;BA;Bahia;NEOENERGIA COELBA;BATEF;TEIXEIRA FREITA;138.0;BATEF-1A;48875;-17.5329;-39.7211
NE;Nordeste;BA;Bahia;PETROBRAS;BAUTA;TERMOBAHIA;230.0;BAUTA-2A;5821;-12.7038;-38.5669
NE;Nordeste;BA;Bahia;AFLUENTE;BATMB;TOMBA;69.0;BATMB-0A;5873;-12.2881;-38.9679
NE;Nordeste;BA;Bahia;AFLUENTE;BATMB;TOMBA;230.0;BATMB-2A;5871;-12.2881;-38.9679
NE;Nordeste;BA;Bahia;TUCANO F2;BATUC;TUCANO;500.0;BATUC-5A;7907;-11.2859;-38.7912
NE;Nordeste;BA;Bahia;AXIA NORDESTE;BAUSB;U.SOBRADINHO;230.0;BAUSB-2A;6301;-9.4302;-40.8272
NE;Nordeste;BA;Bahia;AXIA NORDESTE;BAUSB;U.SOBRADINHO;500.0;BAUSB-5A;6300;-9.4302;-40.8272
NE;Nordeste;BA;Bahia;GERDAU COSIGUA;BAUSA;USIBA;230.0;BAUSA-2A;8046;;
NE;Nordeste;BA;Bahia;CEC CANDEIAS;BAUGU;UTE GLOBAL I;230.0;BAUGU-2B;90022;-12.7302;-38.4812
NE;Nordeste;BA;Bahia;CEC CANDEIAS;BAUGU;UTE GLOBAL I;230.0;BAUGU-2A;90021;-12.7302;-38.4812
NE;Nordeste;BA;Bahia;CEC CANDEIAS;BAUGD;UTE GLOBAL II;230.0;BAUGD-2B;90017;-12.7300;-38.4821
NE;Nordeste;BA;Bahia;CEC CANDEIAS;BAUGD;UTE GLOBAL II;230.0;BAUGD-2A;93770;-12.7300;-38.4821
NE;Nordeste;BA;Bahia;IMETAME;BAUPR;UTE PROSPERIDAD;230.0;BAUPR-2A;5021;-12.4992;-38.2072
NE;Nordeste;BA;Bahia;STATKRAFT;BAVSE;VTS STA EUGENIA;500.0;BAVSE-5A;8377;-11.4287;-42.1681
NE;Nordeste;CE;Ceará;AXIA NORDESTE;CEABA;ABAIARA;230.0;CEABA-2A;8344;-7.3915;-38.9718
NE;Nordeste;CE;Ceará;LIGHT MILAGRES I;CEABA2;ABAIARA II;230.0;CEAB2-2A;95788;-7.3915;-38.9708
NE;Nordeste;CE;Ceará;AXIA NORDESTE;CEAUD;ACARAU II;69.0;CEAUD-0B;6112;-2.9274;-40.1136
NE;Nordeste;CE;Ceará;AXIA NORDESTE;CEAUD;ACARAU II;230.0;CEAUD-2A;5486;-2.9274;-40.1136
NE;Nordeste;CE;Ceará;ARGO;CEAUT;ACARAU III;230.0;CEAUT-2A;5923;-2.9355;-40.1054
NE;Nordeste;CE;Ceará;ARGO;CEAUT;ACARAU III;500.0;CEAUT-5A;5318;-2.9355;-40.1054
NE;Nordeste;CE;Ceará;AXIA NORDESTE;CEALX;ALEX;230.0;CEALX-2A;8163;-5.2704;-37.9675
NE;Nordeste;CE;Ceará;AXIA NORDESTE;CEAQR;AQUIRAZ II;69.0;CEAQR-0A;5383;-3.9275;-38.4020
NE;Nordeste;CE;Ceará;AXIA NORDESTE;CEAQR;AQUIRAZ II;230.0;CEAQR-2A;5381;-3.9275;-38.4020
NE;Nordeste;CE;Ceará;CPFL ENERGIAS;CEARC2;ARACATI II;230.0;CEARC22A;5434;-4.4880;-37.7631
NE;Nordeste;CE;Ceará;AXIA NORDESTE;CEBNB;BANABUIU;69.0;CEBNB-0A;5423;-5.3051;-38.9126
NE;Nordeste;CE;Ceará;AXIA NORDESTE;CEBNB;BANABUIU;230.0;CEBNB-2A;5421;-5.3051;-38.9126
NE;Nordeste;CE;Ceará;APODI I;CECAL;CALCARIO;230.0;CECAL-2A;5035;-5.0347;-37.7850
NE;Nordeste;CE;Ceará;AXIA NORDESTE;CECPE;CAUIPE;69.0;CECPE-0A;5653;-3.6943;-38.8705
NE;Nordeste;CE;Ceará;AXIA NORDESTE;CECPE;CAUIPE;230.0;CECPE-2A;5651;-3.6943;-38.8705
NE;Nordeste;CE;Ceará;DOM PEDRO II;CECRA2;CRATO II;69.0;CECRA20A;8320;-7.1908;-39.3803
NE;Nordeste;CE;Ceará;DOM PEDRO II;CECRA2;CRATO II;230.0;CECRA22A;8319;-7.1908;-39.3803
NE;Nordeste;CE;Ceará;AXIA NORDESTE;CEDMG;DELM. GOUVEIA;69.0;CEDMG-0A;5473;-3.7874;-38.5155
NE;Nordeste;CE;Ceará;AXIA NORDESTE;CEDMG;DELM. GOUVEIA;230.0;CEDMG-2A;5471;-3.7874;-38.5155
NE;Nordeste;CE;Ceará;PORTO PECEM;CEPCM;ENERGIA PECEM;230.0;CEPCM-2A;5656;-3.5820;-38.8726
NE;Nordeste;CE;Ceará;ALEX I;CEUFAL;FAZENDA ALEX;230.0;CEUFAL2A;92381;-5.2697;-37.9679
NE;Nordeste;CE;Ceará;AXIA NORDESTE;CEFTZ;FORTALEZA;69.0;CEFTZ-0A;5453;-3.8284;-38.5404
NE;Nordeste;CE;Ceará;AXIA NORDESTE;CEFTZ;FORTALEZA;230.0;CEFTZ-2A;5452;-3.8284;-38.5404
NE;Nordeste;CE;Ceará;AXIA NORDESTE;CEFZD;FORTALEZA II;230.0;CEFZD-2A;5458;-3.8325;-38.5426
NE;Nordeste;CE;Ceará;AXIA NORDESTE;CEFZD;FORTALEZA II;500.0;CEFZD-5A;5451;-3.8325;-38.5426
NE;Nordeste;CE;Ceará;AXIA NORDESTE;CEIBD;IBIAPINA II;69.0;CEIBD-0A;6013;-3.8994;-41.1887
NE;Nordeste;CE;Ceará;AXIA NORDESTE;CEIBD;IBIAPINA II;230.0;CEIBD-2A;6011;-3.8994;-41.1887
NE;Nordeste;CE;Ceará;EOL ICARAÍ I;CESEIC;ICARAI;230.0;CESEIC2A;6766;-3.0953;-39.6016
NE;Nordeste;CE;Ceará;CPFL ENERGIAS;CEUCZS;ICARAIZINHO SE;230.0;CEUCZS2A;5537;-3.0190;-39.6791
NE;Nordeste;CE;Ceará;AXIA NORDESTE;CEICO;ICO;69.0;CEICO-0A;5633;-6.4093;-38.8815
NE;Nordeste;CE;Ceará;AXIA NORDESTE;CEICO;ICO;230.0;CEICO-2A;5631;-6.4093;-38.8815
NE;Nordeste;CE;Ceará;ITAREMA V;CEITC;ITAREMA V;230.0;CEITC-2A;6649;-2.9653;-39.8894
NE;Nordeste;CE;Ceará;DUNAS;CEJGII;JAGUARUANA II;230.0;CEJGII2A;5925;-4.9291;-37.6836
NE;Nordeste;CE;Ceará;DUNAS;CEJGII;JAGUARUANA II;500.0;CEJGII5A;5924;-4.9291;-37.6836
NE;Nordeste;CE;Ceará;E DOS VENTOS VII;CESJAN;JANDAIA;230.0;CESJAN2A;8240;-4.4088;-37.8442
NE;Nordeste;CE;Ceará;CPFL MARACANAÚ;CEMAU;MARACANAU II;69.0;CEMAU-0A;5083;-3.9083;-38.6476
NE;Nordeste;CE;Ceará;CPFL MARACANAÚ;CEMAU;MARACANAU II;230.0;CEMAU-2A;5081;-3.9083;-38.6476
NE;Nordeste;CE;Ceará;FORMOSA;CEMPD;MASSAPE II;230.0;CEMPD-2A;5527;-3.5630;-40.3427
NE;Nordeste;CE;Ceará;AXIA NORDESTE;CEMTD;MAURITI II;230.0;CEMTD-2A;7911;-7.3660;-38.7810
NE;Nordeste;CE;Ceará;AXIA NORDESTE;CEMLG;MILAGRES;69.0;CEMLG-0C;5413;-7.3069;-38.9384
NE;Nordeste;CE;Ceará;AXIA NORDESTE;CEMLG;MILAGRES;230.0;CEMLG-2A;5411;-7.3069;-38.9384
NE;Nordeste;CE;Ceará;AXIA NORDESTE;CEMLG;MILAGRES;500.0;CEMLG-5A;5408;-7.3069;-38.9384
NE;Nordeste;CE;Ceará;ARGO VIII;CEMLD;MILAGRES II;500.0;CEMLD-5A;5380;-7.3443;-38.9240
NE;Nordeste;CE;Ceará;DUNAS;CEPCT;PACATUBA;69.0;CEPCT-0A;5855;-3.9004;-38.5412
NE;Nordeste;CE;Ceará;DUNAS;CEPCT;PACATUBA;230.0;CEPCT-2A;5853;-3.9004;-38.5412
NE;Nordeste;CE;Ceará;DUNAS;CEPCT;PACATUBA;500.0;CEPCT-5A;5841;-3.9004;-38.5412
NE;Nordeste;CE;Ceará;EOL BURITI;CEPPG;PAPAGAIO;69.0;CEPPG-0A;44858;-2.8843;-39.9949
NE;Nordeste;CE;Ceará;AXIA NORDESTE;CEPCE;PECEM II;230.0;CEPCE-2A;5371;-3.5955;-38.8768
NE;Nordeste;CE;Ceará;AXIA NORDESTE;CEPCE;PECEM II;500.0;CEPCE-5A;5370;-3.5955;-38.8768
NE;Nordeste;CE;Ceará;AXIA NORDESTE;CEPCD;PICI II;69.0;CEPCD-0A;5643;-3.7444;-38.5833
NE;Nordeste;CE;Ceará;AXIA NORDESTE;CEPCD;PICI II;230.0;CEPCD-2A;5641;-3.7444;-38.5833
NE;Nordeste;CE;Ceará;ENERGIA DOS VENTOS 1;CEPTM;PITOMBEIRA;230.0;CEPTM-2A;7184;-4.6054;-37.6474
NE;Nordeste;CE;Ceará;PORTO PECEM;CEUTPC;PORTO PECEM I;230.0;CEUTPC2B;95007;-3.5524;-38.8085
NE;Nordeste;CE;Ceará;PORTO PECEM;CEUTPC;PORTO PECEM I;230.0;CEUTPC2A;93748;-3.5524;-38.8085
NE;Nordeste;CE;Ceará;PECEM II;CEUTPD;PORTO PECEM II;230.0;CEUTPD2A;90042;-3.5918;-38.8661
NE;Nordeste;CE;Ceará;CPFL ENERGIAS;CEUFMS;PRAIA FORMOS SE;230.0;CEUFMS2A;5449;-2.9187;-41.0313
NE;Nordeste;CE;Ceará;AXIA NORDESTE;CEQXA;QUIXADA;500.0;CEQXA-5A;5428;-4.9538;-38.9287
NE;Nordeste;CE;Ceará;AXIA NORDESTE;CEQXR;QUIXERE;230.0;CEQXR-2A;5337;-5.0346;-37.7855
NE;Nordeste;CE;Ceará;AXIA NORDESTE;CERSD;RUSSAS II;69.0;CERSD-0B;5433;-4.9492;-37.9953
NE;Nordeste;CE;Ceará;AXIA NORDESTE;CERSD;RUSSAS II;230.0;CERSD-2A;5431;-4.9492;-37.9953
NE;Nordeste;CE;Ceará;SANTO INÁCIO III;RNSTI;SANTO INACIO;230.0;RNSTI-2A;6734;-4.7869;-37.3060
NE;Nordeste;CE;Ceará;AXIA NORDESTE;CESBD;SOBRAL II;69.0;CESBD-0A;5483;-3.6997;-40.3823
NE;Nordeste;CE;Ceará;AXIA NORDESTE;CESBD;SOBRAL II;230.0;CESBD-2A;5481;-3.6997;-40.3823
NE;Nordeste;CE;Ceará;AXIA NORDESTE;CESBT;SOBRAL III;230.0;CESBT-2A;5488;-3.6914;-40.2985
NE;Nordeste;CE;Ceará;AXIA NORDESTE;CESBT;SOBRAL III;500.0;CESBT-5A;5480;-3.6914;-40.2985
NE;Nordeste;CE;Ceará;AXIA NORDESTE;CETAA;TAUA II;69.0;CETAA-0A;5613;-6.0012;-40.2756
NE;Nordeste;CE;Ceará;AXIA NORDESTE;CETAA;TAUA II;230.0;CETAA-2A;5611;-6.0012;-40.2756
NE;Nordeste;CE;Ceará;ARGO;CETIA;TIANGUA II;230.0;CETIA-2A;5917;-3.7714;-41.0287
NE;Nordeste;CE;Ceará;ARGO;CETIA;TIANGUA II;500.0;CETIA-5A;5176;-3.7714;-41.0287
NE;Nordeste;CE;Ceará;MARACANAÚ GERAÇÃO;CEMRU;UT.MARACANAU1;69.0;CEUMU-0E;91527;-3.8730;-38.6165
NE;Nordeste;CE;Ceará;PETROBRAS;CEUSCJ;UT.TERMOCEARA;230.0;CEUSCJ2A;93978;-3.6925;-38.8717
NE;Nordeste;CE;Ceará;PETROBRAS;CEUSCJ;UT.TERMOCEARA;230.0;CEUSCJ2B;90037;-3.6925;-38.8717
NE;Nordeste;PB;Paraíba;AXIA NORDESTE;PBCGD;C.GRANDE II;69.0;PBCGD-0A;5226;-7.2659;-35.9088
NE;Nordeste;PB;Paraíba;AXIA NORDESTE;PBCGD;C.GRANDE II;138.0;PBCGD-1A;5235;-7.2659;-35.9088
NE;Nordeste;PB;Paraíba;AXIA NORDESTE;PBCGD;C.GRANDE II;230.0;PBCGD-2A;5222;-7.2659;-35.9088
NE;Nordeste;PB;Paraíba;AXIA NORDESTE;PBCGT;C.GRANDE III;230.0;PBCGT-2A;5202;-7.2533;-35.9803
NE;Nordeste;PB;Paraíba;AXIA NORDESTE;PBCGT;C.GRANDE III;500.0;PBCGT-5A;5200;-7.2533;-35.9803
NE;Nordeste;PB;Paraíba;AXIA NORDESTE;PBCMA;COREMAS;69.0;PBCMA-0A;5623;-7.0162;-37.9554
NE;Nordeste;PB;Paraíba;AXIA NORDESTE;PBCMA;COREMAS;230.0;PBCMA-2A;5621;-7.0162;-37.9554
NE;Nordeste;PB;Paraíba;AXIA NORDESTE;PBCTM;COTEMINAS;230.0;PBCTM-2A;5216;-7.2801;-35.8957
NE;Nordeste;PB;Paraíba;EPASA;PBEPA;EPASA;230.0;PBEPA-2A;5217;-7.2080;-34.9213
NE;Nordeste;PB;Paraíba;BORBOREMA;PBJPII;JOAO PESSOA II;69.0;PBJPII0B;5838;-7.2191;-34.9270
NE;Nordeste;PB;Paraíba;BORBOREMA;PBJPII;JOAO PESSOA II;230.0;PBJPII2A;5837;-7.2191;-34.9270
NE;Nordeste;PB;Paraíba;BORBOREMA;PBJPII;JOAO PESSOA II;500.0;PBJPII5A;5836;-7.2191;-34.9270
NE;Nordeste;PB;Paraíba;AXIA NORDESTE;PBMRD;MUSSURE II;69.0;PBMRD-0A;5213;-7.1820;-34.8937
NE;Nordeste;PB;Paraíba;AXIA NORDESTE;PBMRD;MUSSURE II;230.0;PBMRD-2A;5211;-7.1820;-34.8937
NE;Nordeste;PB;Paraíba;TAESA;PBNFL;NORFIL;230.0;PBNFL-2A;5212;-7.1959;-34.9003
NE;Nordeste;PB;Paraíba;AXIA NORDESTE;RNRID;RIACHAO II;230.0;RNRID-2A;45086;-6.5170;-35.6331
NE;Nordeste;PB;Paraíba;COREMAS I;PBRAL;RIO ALTO;230.0;PBRAL-2A;5958;-6.9661;-37.9892
NE;Nordeste;PB;Paraíba;SANTA LUZIA;RNSTL;SANTA LUZIA II;138.0;PBSLD-1A;7978;-6.9117;-36.9836
NE;Nordeste;PB;Paraíba;SANTA LUZIA;RNSTL;SANTA LUZIA II;500.0;RNSTL-5A;5926;-6.9117;-36.9836
NE;Nordeste;PB;Paraíba;AXIA NORDESTE;PBSRD;SANTA RITA II;69.0;PBSRD-0A;5273;-7.1555;-35.0096
NE;Nordeste;PB;Paraíba;AXIA NORDESTE;PBSRD;SANTA RITA II;230.0;PBSRD-2A;5271;-7.1555;-35.0096
NE;Nordeste;PB;Paraíba;NEO REN;PBLZA;SUB LUZIA;138.0;PBLZA-1A;92301;-6.8408;-36.9329
NE;Nordeste;PB;Paraíba;EPASA;PBUTN;TERMONORDESTE;230.0;PBUTN-2A;44109;-7.1614;-34.8603
NE;Nordeste;PB;Paraíba;EPASA;PBUTP;TERMOPARAIBA;230.0;PBUTP-2A;44108;-7.2096;-34.9230
NE;Nordeste;PB;Paraíba;BORBOREMA ENERGETICA;PBUCG;UT.CAM.GRANDE;230.0;PBUCG-2A;44110;-7.2307;-35.8900
NE;Nordeste;PE;Pernambuco;EPESA;PEADE;ALDEIA;230.0;PEADE-2A;47640;-7.8601;-35.0180
NE;Nordeste;PE;Pernambuco;AXIA NORDESTE;PEAGL;ANGELIM;69.0;PEAGL-0A;5103;-8.8938;-36.2944
NE;Nordeste;PE;Pernambuco;AXIA NORDESTE;PEAGL;ANGELIM;230.0;PEAGL-2A;5101;-8.8938;-36.2944
NE;Nordeste;PE;Pernambuco;AXIA NORDESTE;PEAGD;ANGELIM II;230.0;PEAGD-2B;90298;-8.8963;-36.2971
NE;Nordeste;PE;Pernambuco;AXIA NORDESTE;PEAGD;ANGELIM II;230.0;PEAGD-2A;90297;-8.8963;-36.2971
NE;Nordeste;PE;Pernambuco;AXIA NORDESTE;PEAGD;ANGELIM II;500.0;PEAGD-5A;5100;-8.8963;-36.2971
NE;Nordeste;PE;Pernambuco;ARCOVERDE;PEARD;ARCOVERDE II;69.0;PEARD-0A;5093;-8.4987;-37.0041
NE;Nordeste;PE;Pernambuco;ARCOVERDE;PEARD;ARCOVERDE II;230.0;PEARD-2A;5092;-8.4987;-37.0041
NE;Nordeste;PE;Pernambuco;AXIA NORDESTE;PEBNO;BOM NOME;69.0;PEBNO-0A;5403;-7.9974;-38.6275
NE;Nordeste;PE;Pernambuco;AXIA NORDESTE;PEBNO;BOM NOME;138.0;PEBNO-1B;5402;-7.9974;-38.6275
NE;Nordeste;PE;Pernambuco;AXIA NORDESTE;PEBNO;BOM NOME;230.0;PEBNO-2A;5401;-7.9974;-38.6275
NE;Nordeste;PE;Pernambuco;AXIA NORDESTE;PEBGI;BONGI;69.0;PEBGI-0A;48344;-8.0637;-34.9281
NE;Nordeste;PE;Pernambuco;AXIA NORDESTE;PEBGI;BONGI;230.0;PEBGI-2A;5152;-8.0637;-34.9281
NE;Nordeste;PE;Pernambuco;ARCOVERDE;PECE2;CAETES II;230.0;PECE2-2A;5098;-8.8433;-36.7601
NE;Nordeste;PE;Pernambuco;ECM II;BAUTCD;CAM. MURICY II;230.0;PEUTCD2A;46600;-7.8604;-35.0167
NE;Nordeste;PE;Pernambuco;AXIA NORDESTE;PEFLD;FLORESTA II;230.0;PEFLD-2A;5420;-8.7491;-38.3425
NE;Nordeste;PE;Pernambuco;IE GARANHUNS;PEGRD;GARANHUNS II;69.0;PEGRD-0B;5099;-8.8827;-36.4033
NE;Nordeste;PE;Pernambuco;IE GARANHUNS;PEGRD;GARANHUNS II;230.0;PEGRD-2A;5091;-8.8827;-36.4033
NE;Nordeste;PE;Pernambuco;IE GARANHUNS;PEGRD;GARANHUNS II;500.0;PEGRD-5A;5090;-8.8827;-36.4033
NE;Nordeste;PE;Pernambuco;AXIA NORDESTE;PEGNN;GOIANINHA;69.0;PEGNN-0A;5203;-7.5873;-35.0894
NE;Nordeste;PE;Pernambuco;AXIA NORDESTE;PEGNN;GOIANINHA;230.0;PEGNN-2A;5201;-7.5873;-35.0894
NE;Nordeste;PE;Pernambuco;AXIA NORDESTE;PEJBD;JABOATAO II;69.0;PEJBD-0A;5347;-8.1772;-34.9864
NE;Nordeste;PE;Pernambuco;AXIA NORDESTE;PEJBD;JABOATAO II;230.0;PEJBD-2A;5346;-8.1772;-34.9864
NE;Nordeste;PE;Pernambuco;AXIA NORDESTE;PEVZD;JOAIRAM;69.0;PEVZD-0A;5333;-8.0813;-34.9813
NE;Nordeste;PE;Pernambuco;AXIA NORDESTE;PEVZD;JOAIRAM;230.0;PEVZD-2A;5331;-8.0813;-34.9813
NE;Nordeste;PE;Pernambuco;BRE;PELAGC;LAGOA DO CARRO;69.0;PELAGC0A;6664;-7.8629;-35.3399
NE;Nordeste;PE;Pernambuco;BRE;PELAGC;LAGOA DO CARRO;230.0;PELAGC2A;6663;-7.8629;-35.3399
NE;Nordeste;PE;Pernambuco;ITAMARACA;PEFIAT;MATA NORTE;69.0;PEFIAT0A;91894;-7.6274;-34.9591
NE;Nordeste;PE;Pernambuco;ITAMARACA;PEFIAT;MATA NORTE;230.0;PEFIAT2A;44629;-7.6274;-34.9591
NE;Nordeste;PE;Pernambuco;AXIA NORDESTE;PEMRR;MIRUEIRA;69.0;PEMRR-0A;5193;-7.9551;-34.8913
NE;Nordeste;PE;Pernambuco;AXIA NORDESTE;PEMRR;MIRUEIRA;230.0;PEMRR-2A;5191;-7.9551;-34.8913
NE;Nordeste;PE;Pernambuco;AXIA NORDESTE;PEMID;MIRUEIRA II;69.0;PEMID-0A;5343;-7.9571;-34.8916
NE;Nordeste;PE;Pernambuco;AXIA NORDESTE;PEMID;MIRUEIRA II;230.0;PEMID-2A;5341;-7.9571;-34.8916
NE;Nordeste;PE;Pernambuco;SERRA DAS VACAS I;PEPAR;PARANATAMA;230.0;PEPAR-2A;5155;-8.9084;-36.7332
NE;Nordeste;PE;Pernambuco;AXIA NORDESTE;PEPFE;PAU FERRO;69.0;PEPFE-0A;5183;-7.8592;-35.0205
NE;Nordeste;PE;Pernambuco;AXIA NORDESTE;PEPFE;PAU FERRO;230.0;PEPFE-2A;5181;-7.8592;-35.0205
NE;Nordeste;PE;Pernambuco;AXIA NORDESTE;PEPFE;PAU FERRO;500.0;PEPFE-5A;5180;-7.8592;-35.0205
NE;Nordeste;PE;Pernambuco;PETROLINA;PECEPT;PETROLINA;69.0;PECEPT0A;91876;-9.3974;-40.5000
NE;Nordeste;PE;Pernambuco;AXIA NORDESTE;PEPRD;PIRAPAMA II;69.0;PEPRD-0A;5133;-8.2714;-35.0272
NE;Nordeste;PE;Pernambuco;AXIA NORDESTE;PEPRD;PIRAPAMA II;230.0;PEPRD-2A;5131;-8.2714;-35.0272
NE;Nordeste;PE;Pernambuco;AXIA NORDESTE;PERCD;RECIFE II;230.0;PERCD-2A;5141;-8.1145;-35.0368
NE;Nordeste;PE;Pernambuco;AXIA NORDESTE;PERCD;RECIFE II;500.0;PERCD-5A;5140;-8.1145;-35.0368
NE;Nordeste;PE;Pernambuco;AXIA NORDESTE;PERIB;RIBEIRAO;69.0;PERIB-0A;5283;-8.4698;-35.3973
NE;Nordeste;PE;Pernambuco;AXIA NORDESTE;PERIB;RIBEIRAO;230.0;PERIB-2A;5281;-8.4698;-35.3973
NE;Nordeste;PE;Pernambuco;NEOENERGIA PE;PESPT;SECC. PETROLINA;69.0;PESPT-0A;90299;;
NE;Nordeste;PE;Pernambuco;AXIA NORDESTE;PESUD;SUAPE II;230.0;PESUD-2A;5361;-8.3896;-35.0473
NE;Nordeste;PE;Pernambuco;AXIA NORDESTE;PESUD;SUAPE II;500.0;PESUD-5A;5360;-8.3896;-35.0473
NE;Nordeste;PE;Pernambuco;AXIA NORDESTE;PESUT;SUAPE III;69.0;PESUT-0A;5363;-8.3981;-35.0165
NE;Nordeste;PE;Pernambuco;AXIA NORDESTE;PESUT;SUAPE III;230.0;PESUT-2A;5362;-8.3981;-35.0165
NE;Nordeste;PE;Pernambuco;AXIA NORDESTE;PETAC;TACAIMBO;69.0;PETAC-0A;5123;-8.3309;-36.2231
NE;Nordeste;PE;Pernambuco;AXIA NORDESTE;PETAC;TACAIMBO;230.0;PETAC-2A;5121;-8.3309;-36.2231
NE;Nordeste;PE;Pernambuco;AXIA NORDESTE;PETAT;TACARATU;230.0;PETAT-2A;5378;-9.0596;-38.1325
NE;Nordeste;PE;Pernambuco;TERMOCABO;PETPRD;TERMOCABO;69.0;PETPRD0A;95365;-8.2689;-35.0245
NE;Nordeste;PE;Pernambuco;TERMOPERNAMBUCO;PEUTPE;TERMOPERNAMBU;230.0;PEUTPE2A;5150;-8.3991;-34.9569
NE;Nordeste;PE;Pernambuco;AXIA NORDESTE;PEULG;US. L.GONZAGA;500.0;PEULG-5A;5050;-9.1435;-38.3124
NE;Nordeste;PE;Pernambuco;PECÉM ENERGIA;PEUTPM;UTE PECEM II;230.0;PEUTPM2A;46602;-7.8584;-35.0160
NE;Nordeste;PE;Pernambuco;UTE PERNAMBUCO III;PEUTPT;UTE PERNAMB.3;230.0;PEUTPT2A;5184;-7.8585;-35.0080
NE;Nordeste;PE;Pernambuco;SUAPE II;PEUTSD;UTE SUAPE II;230.0;PEUTSD2A;5364;-8.3520;-35.0230
NE;Nordeste;PI;Piauí;AXIA NORDESTE;PIBEA;B. ESPERANCA;69.0;PIBEA-0B;5678;-6.7478;-43.5670
NE;Nordeste;PI;Piauí;AXIA NORDESTE;PIBEA;B. ESPERANCA;230.0;PIBEA-2A;5511;-6.7478;-43.5670
NE;Nordeste;PI;Piauí;AXIA NORDESTE;PIBEA;B. ESPERANCA;500.0;PIBEA-5A;5510;-6.7478;-43.5670
NE;Nordeste;PI;Piauí;SPEDRO;BABSD;BOM JESUS II;69.0;BABSD-0A;7183;-9.1033;-44.3119
NE;Nordeste;PI;Piauí;SPEDRO;BABSD;BOM JESUS II;230.0;BABSD-2A;7181;-9.1033;-44.3119
NE;Nordeste;PI;Piauí;SIMOES;PICHP1;CHAPADA I;138.0;PICHP11A;5327;-7.5625;-40.7154
NE;Nordeste;PI;Piauí;SIMOES;PICHP1;CHAPADA I;230.0;PICHP12A;5303;-7.5625;-40.7154
NE;Nordeste;PI;Piauí;SIMOES;PICHP2;CHAPADA II;230.0;PICHP22A;6631;-7.4761;-40.7583
NE;Nordeste;PI;Piauí;SIMOES;PICHP3;CHAPADA III;230.0;PICHP32A;5305;-7.3910;-40.6831
NE;Nordeste;PI;Piauí;MARANGATU 1;PIFMRG;COL MARANGATU;230.0;PIFMRG2A;93725;-4.0822;-41.2730
NE;Nordeste;PI;Piauí;EDP NORDESTE;PICNP;CURRAL PIAUI II;230.0;PICNP-2A;6641;-8.0339;-40.6387
NE;Nordeste;PI;Piauí;EDP NORDESTE;PICNP;CURRAL PIAUI II;500.0;PICNP-5A;6640;-8.0339;-40.6387
NE;Nordeste;PI;Piauí;AXIA NORDESTE;PIELM;ELISEU MARTINS;69.0;PIELM-0A;5683;-8.0987;-43.6705
NE;Nordeste;PI;Piauí;AXIA NORDESTE;PIELM;ELISEU MARTINS;230.0;PIELM-2A;5681;-8.0987;-43.6705
NE;Nordeste;PI;Piauí;SPEDRO;PIGBD;GILBUES II;69.0;PIGBD-0D;7193;-9.7520;-45.3473
NE;Nordeste;PI;Piauí;SPEDRO;PIGBD;GILBUES II;230.0;PIGBD-2A;7191;-9.7520;-45.3473
NE;Nordeste;PI;Piauí;SPEDRO;PIGBD;GILBUES II;500.0;PIGBD-5A;7190;-9.7520;-45.3473
NE;Nordeste;PI;Piauí;SANTA ANGELA 1;PILDV;LAG. DOS VENTOS;138.0;PILDV-1A;8728;-8.7345;-41.5109
NE;Nordeste;PI;Piauí;SANTA ANGELA 1;PILDV;LAG. DOS VENTOS;500.0;PILDV-5A;8198;-8.7345;-41.5109
NE;Nordeste;PI;Piauí;LAGOA DO BARRO I;PILDB;LAGOA BARRO I;230.0;PILDB-2A;5037;-8.6737;-41.6057
NE;Nordeste;PI;Piauí;SÃO ROQUE 01;PILV3;LAGOA VENTOS 3;500.0;PILV3-5A;5699;-8.8729;-41.5952
NE;Nordeste;PI;Piauí;SITE;PIMRG;MARANGATU;230.0;PIMRG-2A;44609;-4.1382;-41.4589
NE;Nordeste;PI;Piauí;NEO;BAOIT;OITIS;500.0;BAOIT-5A;8338;-9.0403;-41.7347
NE;Nordeste;PI;Piauí;ARGO;PIPNB;PARNAIBA III;138.0;PIPNB-1A;5737;-3.1228;-41.7636
NE;Nordeste;PI;Piauí;ARGO;PIPNB;PARNAIBA III;230.0;PIPNB-2A;5734;-3.1228;-41.7636
NE;Nordeste;PI;Piauí;ARGO;PIPNB;PARNAIBA III;500.0;PIPNB-5A;5679;-3.1228;-41.7636
NE;Nordeste;PI;Piauí;AXIA NORDESTE;PIPIC;PICOS;69.0;PIPIC-0A;5673;-7.1105;-41.4140
NE;Nordeste;PI;Piauí;AXIA NORDESTE;PIPIC;PICOS;230.0;PIPIC-2A;5671;-7.1105;-41.4140
NE;Nordeste;PI;Piauí;AXIA NORDESTE;PIPRI;PIRIPIRI;69.0;PIPRI-0A;5493;-4.2844;-41.7550
NE;Nordeste;PI;Piauí;AXIA NORDESTE;PIPRI;PIRIPIRI;138.0;PIPRI-1A;5492;-4.2844;-41.7550
NE;Nordeste;PI;Piauí;AXIA NORDESTE;PIPRI;PIRIPIRI;230.0;PIPRI-2A;5491;-4.2844;-41.7550
NE;Nordeste;PI;Piauí;SERTANEJA;PIQMN;QUEIMADA NOVA 2;500.0;PIQMN-5A;5325;-8.5884;-41.4270
NE;Nordeste;PI;Piauí;TAESA;PIRGO;RIB.GONCALVES;69.0;PIRGV-0A;5432;-7.6323;-45.2063
NE;Nordeste;PI;Piauí;TAESA;PIRGO;RIB.GONCALVES;230.0;PIRGV-2A;5430;-7.6323;-45.2063
NE;Nordeste;PI;Piauí;TAESA;PIRGO;RIB.GONCALVES;500.0;PIRGO-5A;5436;-7.6323;-45.2063
NE;Nordeste;PI;Piauí;AXIA NORDESTE;PISJI;S.JOAO PIAUI;69.0;PISJI-0A;5573;-8.3574;-42.2289
NE;Nordeste;PI;Piauí;AXIA NORDESTE;PISJI;S.JOAO PIAUI;230.0;PISJI-2A;5571;-8.3574;-42.2289
NE;Nordeste;PI;Piauí;AXIA NORDESTE;PISJI;S.JOAO PIAUI;500.0;PISJI-5A;5570;-8.3574;-42.2289
NE;Nordeste;PI;Piauí;EOL BRITE;PISBA;SAO BASILIO;230.0;PISBA-2A;6017;-7.3965;-40.5799
NE;Nordeste;PI;Piauí;EGP SAO GONCALO 1;PISGO;SAO GONCALO;500.0;PISGO-5A;8188;-10.1039;-45.2824
NE;Nordeste;PI;Piauí;AXIA NORDESTE;PITSA;TERESINA;69.0;PITSA-0A;5503;-5.1285;-42.8008
NE;Nordeste;PI;Piauí;AXIA NORDESTE;PITSA;TERESINA;230.0;PITSA-2A;5501;-5.1285;-42.8008
NE;Nordeste;PI;Piauí;AXIA NORDESTE;PITSD;TERESINA II;69.0;PITSD-0E;5677;-5.2574;-42.7258
NE;Nordeste;PI;Piauí;AXIA NORDESTE;PITSD;TERESINA II;230.0;PITSD-2A;5502;-5.2574;-42.7258
NE;Nordeste;PI;Piauí;AXIA NORDESTE;PITSD;TERESINA II;500.0;PITSD-5A;5500;-5.2574;-42.7258
NE;Nordeste;PI;Piauí;AXIA NORDESTE;PITST;TERESINA III;69.0;PITST-0A;5323;-5.0886;-42.6873
NE;Nordeste;PI;Piauí;AXIA NORDESTE;PITST;TERESINA III;230.0;PITST-2A;5321;-5.0886;-42.6873
NE;Nordeste;PI;Piauí;AXIA NORDESTE;PIUBE;UB.ESPERANCA;69.0;PIUBE-0E;5513;-6.7535;-43.5627
NE;Nordeste;PI;Piauí;AXIA NORDESTE;PIUBE;UB.ESPERANCA;230.0;PIUBE-2A;44095;-6.7535;-43.5627
NE;Nordeste;RN;Rio Grande do Norte;AXIA NORDESTE;RNACD;ACU II;69.0;RNACD-0A;5463;-5.5931;-36.9079
NE;Nordeste;RN;Rio Grande do Norte;AXIA NORDESTE;RNACD;ACU II;138.0;RNACD-1A;5468;-5.5931;-36.9079
NE;Nordeste;RN;Rio Grande do Norte;AXIA NORDESTE;RNACD;ACU II;230.0;RNACD-2A;5461;-5.5931;-36.9079
NE;Nordeste;RN;Rio Grande do Norte;ARGO VI;RNACT;ACU III;230.0;RNACT-2A;5351;-5.5790;-37.0297
NE;Nordeste;RN;Rio Grande do Norte;ARGO VI;RNACT;ACU III;500.0;RNACT-5A;5350;-5.5790;-37.0297
NE;Nordeste;RN;Rio Grande do Norte;NEW ENERGY;RNALG;ALEGRIA;230.0;RNALG-2A;5518;-5.1243;-36.3833
NE;Nordeste;RN;Rio Grande do Norte;EOL MAR E TERRA;RNABR;AREIA BRANCA;230.0;RNABR-2A;6040;-4.9637;-36.9170
NE;Nordeste;RN;Rio Grande do Norte;DUNAS;RNCRB;CARAUBAS II;69.0;RNCRB-0A;7182;-5.7119;-37.5089
NE;Nordeste;RN;Rio Grande do Norte;DUNAS;RNCRB;CARAUBAS II;230.0;RNCRB-2A;8160;-5.7119;-37.5089
NE;Nordeste;RN;Rio Grande do Norte;CARCARÁ II;RNCAD;CARCARA II;230.0;RNCAD-2A;5352;-4.9814;-36.9967
NE;Nordeste;RN;Rio Grande do Norte;AXIA NORDESTE;RNCMM;CEARA MIRIM 2;230.0;RNCMM-2A;6132;-5.6733;-35.4514
NE;Nordeste;RN;Rio Grande do Norte;AXIA NORDESTE;RNCMM;CEARA MIRIM 2;500.0;RNCMM-5A;6130;-5.6733;-35.4514
NE;Nordeste;RN;Rio Grande do Norte;CUMARU I;RNCMR;COL CUMARU;230.0;RNCMR-2A;8374;-5.1616;-35.8014
NE;Nordeste;RN;Rio Grande do Norte;LAGOA NOVA;RNCRN;CURR NOVOS II;69.0;RNCRN-0A;5263;-6.2654;-36.5451
NE;Nordeste;RN;Rio Grande do Norte;LAGOA NOVA;RNCRN;CURR NOVOS II;230.0;RNCRN-2A;5262;-6.2654;-36.5451
NE;Nordeste;RN;Rio Grande do Norte;ENERGIA EOLICA CUTIA;RNCUT;CUTIA;230.0;RNCUT-2A;5041;-5.1194;-35.9289
NE;Nordeste;RN;Rio Grande do Norte;AXIA NORDESTE;RNETD;EXTREMOZ II;69.0;RNETD-0A;6133;-5.7378;-35.3042
NE;Nordeste;RN;Rio Grande do Norte;AXIA NORDESTE;RNETD;EXTREMOZ II;230.0;RNETD-2A;6131;-5.7378;-35.3042
NE;Nordeste;RN;Rio Grande do Norte;BRASVENTOS EOLO;RNGLH;GALINHOS;230.0;RNGLH-2A;6032;-5.1178;-36.1634
NE;Nordeste;RN;Rio Grande do Norte;SPE GAMELEIRA;RNGAM;GAMELEIRA;230.0;RNGAM-2A;8154;-5.2418;-35.4880
NE;Nordeste;RN;Rio Grande do Norte;AXIA NORDESTE;RNJCT;J. CAMARA III;138.0;RNJCT-1B;5168;-5.3798;-35.8862
NE;Nordeste;RN;Rio Grande do Norte;AXIA NORDESTE;RNJCT;J. CAMARA III;138.0;RNJCT-1A;6142;-5.3798;-35.8862
NE;Nordeste;RN;Rio Grande do Norte;AXIA NORDESTE;RNJCT;J. CAMARA III;230.0;RNJCT-2A;5128;-5.3798;-35.8862
NE;Nordeste;RN;Rio Grande do Norte;AXIA NORDESTE;RNJCT;J. CAMARA III;500.0;RNJCT-5A;6140;-5.3798;-35.8862
NE;Nordeste;RN;Rio Grande do Norte;ARGO VI;RNJND;JANDAIRA II;500.0;RNJND-5A;6783;-5.4111;-36.0195
NE;Nordeste;RN;Rio Grande do Norte;STATKRAFT;RNJER;JERUSALEM;500.0;RNJER-5A;8142;-5.6597;-36.1217
NE;Nordeste;RN;Rio Grande do Norte;AXIA NORDESTE;RNJCD;JOAO CAMARA 2;69.0;RNJCD-0A;6143;-5.3021;-35.8752
NE;Nordeste;RN;Rio Grande do Norte;AXIA NORDESTE;RNJCD;JOAO CAMARA 2;230.0;RNJCD-2A;6141;-5.3021;-35.8752
NE;Nordeste;RN;Rio Grande do Norte;AXIA NORDESTE;RNLND;LAGOA NOVA II;69.0;RNLND-0A;5073;-6.0621;-36.5258
NE;Nordeste;RN;Rio Grande do Norte;AXIA NORDESTE;RNLND;LAGOA NOVA II;230.0;RNLND-2A;5071;-6.0621;-36.5258
NE;Nordeste;RN;Rio Grande do Norte;BRASVENTOS MIASSABA;RNMIT;MIASSABA 3;230.0;RNMIT-2A;5470;-5.1475;-36.4899
NE;Nordeste;RN;Rio Grande do Norte;VDSF1;RNMDR;MONTE DO RONCA;230.0;RNMDR-2A;8148;-5.1763;-36.0320
NE;Nordeste;RN;Rio Grande do Norte;ARGO VI;RNMTV;MONTE VERDE;500.0;RNMTV-2A;8145;-5.4464;-36.2155
NE;Nordeste;RN;Rio Grande do Norte;AXIA NORDESTE;RNMSD;MOSSORO II;69.0;RNMSD-0A;5443;-5.1499;-37.3498
NE;Nordeste;RN;Rio Grande do Norte;AXIA NORDESTE;RNMSD;MOSSORO II;230.0;RNMSD-2A;5441;-5.1499;-37.3498
NE;Nordeste;RN;Rio Grande do Norte;AXIA NORDESTE;RNMSQ;MOSSORO IV;230.0;RNMSQ-2A;6091;-4.8540;-37.2909
NE;Nordeste;RN;Rio Grande do Norte;SPE2 MUNDO NOVO;RNMNV;MUNDO NOVO;230.0;RNMNV-2A;8755;-5.1854;-35.6493
NE;Nordeste;RN;Rio Grande do Norte;AXIA NORDESTE;RNNTD;NATAL II;69.0;RNNTD-0A;5243;-5.8090;-35.2394
NE;Nordeste;RN;Rio Grande do Norte;AXIA NORDESTE;RNNTD;NATAL II;230.0;RNNTD-2A;5241;-5.8090;-35.2394
NE;Nordeste;RN;Rio Grande do Norte;AXIA NORDESTE;RNNTS;NATAL III;69.0;RNNTS-0A;5246;-5.8717;-35.3169
NE;Nordeste;RN;Rio Grande do Norte;AXIA NORDESTE;RNNTS;NATAL III;230.0;RNNTS-2A;5245;-5.8717;-35.3169
NE;Nordeste;RN;Rio Grande do Norte;ELERA RENOVAVEIS;RNCSER;OESTE SERIDO;500.0;RNCSER5A;44531;-6.7863;-36.6694
NE;Nordeste;RN;Rio Grande do Norte;AXIA NORDESTE;RNPRS;PARAISO;138.0;RNPRS-1A;5255;-6.2368;-36.0051
NE;Nordeste;RN;Rio Grande do Norte;AXIA NORDESTE;RNPRS;PARAISO;230.0;RNPRS-2A;5254;-6.2368;-36.0051
NE;Nordeste;RN;Rio Grande do Norte;CEP;RNUPU;POTIGUAR;69.0;RNUPU-0A;90467;-5.8706;-35.2933
NE;Nordeste;RN;Rio Grande do Norte;CEP;RNUPT;POTIGUAR III;69.0;RNUPT-0A;92075;-5.8688;-35.3046
NE;Nordeste;RN;Rio Grande do Norte;CVER;RNRDV;RIO DO VENTO;500.0;RNRDV-5A;8151;-5.8908;-35.9608
NE;Nordeste;RN;Rio Grande do Norte;ENGIE;RNSAG;SANTO AGOSTINHO;500.0;RNSAG-5A;44493;-5.5754;-36.2180
NE;Nordeste;RN;Rio Grande do Norte;CVER;RNTGS;SER TIGRE SUL;500.0;RNTGS-5A;47511;-6.2335;-36.2680
NE;Nordeste;RN;Rio Grande do Norte;VENTOS DE V CEARÁ II;RNSDM;SERRA DO MEL;500.0;RNSDM-5A;8207;-5.1302;-37.0497
NE;Nordeste;RN;Rio Grande do Norte;POTIGUAR B31;RNSDM2;SERRA DO MEL 2;500.0;RNSDM25A;8791;-5.2249;-37.1164
NE;Nordeste;RN;Rio Grande do Norte;DUNAMIS;RNSPL;SIMPLICE;230.0;RNSPL-2A;44705;-5.8169;-36.6469
NE;Nordeste;RN;Rio Grande do Norte;AXIA NORDESTE;RNTRS;TOUROS;69.0;RNTRS-0A;6103;-5.1819;-35.6567
NE;Nordeste;RN;Rio Grande do Norte;AXIA NORDESTE;RNTRS;TOUROS;230.0;RNTRS-2A;6101;-5.1819;-35.6567
NE;Nordeste;RN;Rio Grande do Norte;EOL POTIGUAR;RNUVT;UNIAO  VENTOS;230.0;RNUVT-2A;6210;-5.0942;-35.8861
NE;Nordeste;RN;Rio Grande do Norte;PETROBRAS;RNUTAC;VALE DO ACU;230.0;RNUTAC2A;5462;-5.3825;-36.8186
NE;Nordeste;SE;Sergipe;AXIA NORDESTE;SEITB;ITABAIANA;69.0;SEITB-0A;5713;-10.6621;-37.4557
NE;Nordeste;SE;Sergipe;AXIA NORDESTE;SEITB;ITABAIANA;230.0;SEITB-2A;5711;-10.6621;-37.4557
NE;Nordeste;SE;Sergipe;AXIA NORDESTE;SEITH;ITABAIANINHA;69.0;SEITH-0A;5963;-11.2882;-37.7186
NE;Nordeste;SE;Sergipe;AXIA NORDESTE;SEITH;ITABAIANINHA;230.0;SEITH-2A;5961;-11.2882;-37.7186
NE;Nordeste;SE;Sergipe;AXIA NORDESTE;SEJDM;JARDIM;69.0;SEJDM-0A;5723;-10.8821;-37.1489
NE;Nordeste;SE;Sergipe;AXIA NORDESTE;SEJDM;JARDIM;230.0;SEJDM-2A;5721;-10.8821;-37.1489
NE;Nordeste;SE;Sergipe;AXIA NORDESTE;SEJDM;JARDIM;500.0;SEJDM-5A;5720;-10.8821;-37.1489
NE;Nordeste;SE;Sergipe;AXIA NORDESTE;SENSC;NSA.SRA.SOCORRO;69.0;SENSC-0A;5743;-10.8751;-37.1469
NE;Nordeste;SE;Sergipe;AXIA NORDESTE;SENSC;NSA.SRA.SOCORRO;230.0;SENSC-2A;5741;-10.8751;-37.1469
NE;Nordeste;SE;Sergipe;CELSE;SEUPS1;PORTO SERGIPE I;500.0;SEUPS15A;5725;-10.8156;-36.9371
S;Sul;PR;Paraná;COPEL-GT;PRADA2;ANDIRA LESTE;138.0;PRADA21A;9891;-23.0781;-50.1933
S;Sul;PR;Paraná;COPEL-GT;PRADA2;ANDIRA LESTE;230.0;PRADA22A;9892;-23.0781;-50.1933
S;Sul;PR;Paraná;COPEL-GT;PRAPA;APUCARANA;138.0;PRAPA-1A;879;-23.5344;-51.4471
S;Sul;PR;Paraná;COPEL-GT;PRAPA;APUCARANA;230.0;PRAPA-2A;878;-23.5344;-51.4471
S;Sul;PR;Paraná;AXIA SUL;PRARE;AREIA;138.0;PRARE-1A;823;-25.9686;-51.6025
S;Sul;PR;Paraná;AXIA SUL;PRARE;AREIA;230.0;PRARE-2A;934;-25.9686;-51.6025
S;Sul;PR;Paraná;AXIA SUL;PRARE;AREIA;500.0;PRARE-5A;933;-25.9686;-51.6025
S;Sul;PR;Paraná;COPEL-GT;PRBXI;BAIXO IGUACU;230.0;PRBXI-2A;9354;-25.5084;-53.6776
S;Sul;PR;Paraná;COPEL-GT;PRBTA;BATEIAS;138.0;PRBTA-1A;2359;-25.4115;-49.5334
S;Sul;PR;Paraná;COPEL-GT;PRBTA;BATEIAS;230.0;PRBTA-2A;814;-25.4115;-49.5334
S;Sul;PR;Paraná;COPEL-GT;PRBTA;BATEIAS;500.0;PRBTA-5A;895;-25.4115;-49.5334
S;Sul;PR;Paraná;FDA GERAÇÃO;PRGBM;BENTO MUNHOZ;500.0;PRGBM-5A;824;-26.0098;-51.6660
S;Sul;PR;Paraná;COPEL-GT;PRCCO;C.COMPRIDO;69.0;PRCCO-0A;2363;-25.4311;-49.3693
S;Sul;PR;Paraná;COPEL-GT;PRCCO;C.COMPRIDO;230.0;PRCCO-2A;816;-25.4311;-49.3693
S;Sul;PR;Paraná;COPEL-GT;PRCIC;C.I.CURITIBA;69.0;PRCIC-0A;2368;-25.5259;-49.3323
S;Sul;PR;Paraná;COPEL-GT;PRCIC;C.I.CURITIBA;230.0;PRCIC-2A;815;-25.5259;-49.3323
S;Sul;PR;Paraná;AXIA SUL;PRCMO;C.MOURAO;138.0;PRCMO-1A;860;-24.0750;-52.3664
S;Sul;PR;Paraná;AXIA SUL;PRCMO;C.MOURAO;230.0;PRCMO-2A;954;-24.0750;-52.3664
S;Sul;PR;Paraná;COPEL-GT;PRCSO;CAMPO ASSOBIO;138.0;PRCSO-1A;2354;-25.6687;-49.1835
S;Sul;PR;Paraná;COPEL-GT;PRCSO;CAMPO ASSOBIO;230.0;PRCSO-2A;2353;-25.6687;-49.1835
S;Sul;PR;Paraná;COPEL-GT;PRCEL;CASCAVEL;138.0;PRCEL-1A;840;-24.9953;-53.4562
S;Sul;PR;Paraná;COPEL-GT;PRCEL;CASCAVEL;230.0;PRCEL-2A;839;-24.9953;-53.4562
S;Sul;PR;Paraná;CAIUÁ TRANSMISSORA;PRCTE;CASCAVEL NORT;138.0;PRCTE-1A;9539;-25.0290;-53.5325
S;Sul;PR;Paraná;CAIUÁ TRANSMISSORA;PRCTE;CASCAVEL NORT;230.0;PRCTE-2A;9538;-25.0290;-53.5325
S;Sul;PR;Paraná;COPEL-GT;PRCVO;CASCAVEL OEST;230.0;PRCVO-2A;2458;-25.0290;-53.5325
S;Sul;PR;Paraná;COPEL-GT;PRCVO;CASCAVEL OEST;500.0;PRCVO-5A;896;-25.0290;-53.5325
S;Sul;PR;Paraná;GRALHA AZUL;PRCNT;CASTRO NORTE;138.0;PRCNT-1A;10139;-24.7755;-50.0585
S;Sul;PR;Paraná;GRALHA AZUL;PRCNT;CASTRO NORTE;230.0;PRCNT-2A;10138;-24.7755;-50.0585
S;Sul;PR;Paraná;COPEL-GT;PRCPNN;CURIT. CENTRO;69.0;PRCTC-0C;10033;-25.4369;-49.2532
S;Sul;PR;Paraná;COPEL-GT;PRCPNN;CURIT. CENTRO;230.0;PRCPNN2A;10032;-25.4369;-49.2532
S;Sul;PR;Paraná;MARUMBI;PRCBL;CURIT.LESTE;230.0;PRCBL-2A;9543;-25.5711;-49.0801
S;Sul;PR;Paraná;MARUMBI;PRCBL;CURIT.LESTE;500.0;PRCBL-5A;9542;-25.5711;-49.0801
S;Sul;PR;Paraná;AXIA SUL;PRCBA;CURITIBA;230.0;PRCBA-2A;960;-25.5947;-49.3167
S;Sul;PR;Paraná;AXIA SUL;PRCBA;CURITIBA;500.0;PRCBA-5A;959;-25.5947;-49.3167
S;Sul;PR;Paraná;COPEL-GT;PRCBN;CURITIBA NORT;138.0;PRCBN-1A;9698;-25.2344;-49.3177
S;Sul;PR;Paraná;COPEL-GT;PRCBN;CURITIBA NORT;230.0;PRCBN-2A;9697;-25.2344;-49.3177
S;Sul;PR;Paraná;COPEL-GT;PRDJP;D.S.J.PINHAIS;69.0;PRDJP-0D;9320;-25.5296;-49.1283
S;Sul;PR;Paraná;COPEL-GT;PRDJP;D.S.J.PINHAIS;230.0;PRDJP-2A;818;-25.5296;-49.1283
S;Sul;PR;Paraná;EVOLTZ VII;PRFON;F.IGUACUNORTE;138.0;PRFON-1A;2447;-25.4879;-54.5447
S;Sul;PR;Paraná;EVOLTZ VII;PRFON;F.IGUACUNORTE;230.0;PRFON-2A;843;-25.4879;-54.5447
S;Sul;PR;Paraná;COPEL-GT;PRFRA;FIGUEIRA;138.0;PRFRA-1A;2485;-23.8495;-50.3881
S;Sul;PR;Paraná;COPEL-GT;PRFRA;FIGUEIRA;230.0;PRFRA-2A;884;-23.8495;-50.3881
S;Sul;PR;Paraná;COPEL-GT;PRFOC;FOZ DO CHOPIM;138.0;PRFOC-1A;848;-25.5238;-53.0966
S;Sul;PR;Paraná;COPEL-GT;PRFOC;FOZ DO CHOPIM;230.0;PRFOC-2A;898;-25.5238;-53.0966
S;Sul;PR;Paraná;COPEL-GT;PRGRL;GRALHA AZUL;230.0;PRGRL-2A;813;-25.5869;-49.3548
S;Sul;PR;Paraná;COPEL-GT;PRGUA;GUAIRA;138.0;PRGUA-1A;847;-24.1026;-54.2261
S;Sul;PR;Paraná;COPEL-GT;PRGUA;GUAIRA;230.0;PRGUA-2A;978;-24.1026;-54.2261
S;Sul;PR;Paraná;COPEL-GT;PRGUA;GUAIRA;500.0;PRGUA-5A;873;-24.1026;-54.2261
S;Sul;PR;Paraná;GRALHA AZUL;PRGUO;GUARAPUAVA OEST;138.0;PRGUO-1A;10137;-25.4318;-51.5977
S;Sul;PR;Paraná;GRALHA AZUL;PRGUO;GUARAPUAVA OEST;230.0;PRGUO-2A;10136;-25.4318;-51.5977
S;Sul;PR;Paraná;COPEL-GT;PRIBP;IBIPORA;138.0;PRIBP-1A;887;-23.2922;-51.0771
S;Sul;PR;Paraná;COPEL-GT;PRIBP;IBIPORA;230.0;PRIBP-2A;886;-23.2922;-51.0771
S;Sul;PR;Paraná;GRALHA AZUL;PRIRN;IRATI NORTE;138.0;PRIRN-1A;10141;-25.3681;-50.6666
S;Sul;PR;Paraná;GRALHA AZUL;PRIRN;IRATI NORTE;230.0;PRIRN-2A;10140;-25.3681;-50.6666
S;Sul;PR;Paraná;AXIA SUL;PRIVP;IVAIPORA ELS;500.0;PRIVP-5A;999;-24.4292;-51.6778
S;Sul;PR;Paraná;COPEL-GT;PRJGI;JAGUARIAIVA;138.0;PRJGI-1A;2423;-24.2341;-49.6945
S;Sul;PR;Paraná;COPEL-GT;PRJGI;JAGUARIAIVA;230.0;PRJGI-2A;827;-24.2341;-49.6945
S;Sul;PR;Paraná;COPEL-GT;PRKCL;KLABIN CELULOSE;230.0;PRKCL-2A;9988;-24.2526;-50.7354
S;Sul;PR;Paraná;COPEL-GT;PRLNA;LONDRINA COT;138.0;PRLNA-1A;890;-23.2757;-51.2374
S;Sul;PR;Paraná;COPEL-GT;PRLNA;LONDRINA COT;230.0;PRLNA-2A;889;-23.2757;-51.2374
S;Sul;PR;Paraná;AXIA SUL;PRLON;LONDRINA ESU;230.0;PRLON-2A;1028;-23.4625;-51.1419
S;Sul;PR;Paraná;AXIA SUL;PRLON;LONDRINA ESU;500.0;PRLON-5A;1027;-23.4625;-51.1419
S;Sul;PR;Paraná;GUAIRA;PRLOS;LONDRINA SUL;138.0;PRLOS-1A;10002;-23.3898;-51.2357
S;Sul;PR;Paraná;GUAIRA;PRLOS;LONDRINA SUL;230.0;PRLOS-2A;10001;-23.3898;-51.2357
S;Sul;PR;Paraná;COPEL-GT;PRMGA;MARINGA;138.0;PRMGA-1A;869;-23.4485;-51.9881
S;Sul;PR;Paraná;COPEL-GT;PRMGA;MARINGA;230.0;PRMGA-2A;868;-23.4485;-51.9881
S;Sul;PR;Paraná;COPEL-GT;PRMNO;MEDIANEIRA NT;138.0;PRMNO-1A;10253;-25.2725;-54.0959
S;Sul;PR;Paraná;COPEL-GT;PRMNO;MEDIANEIRA NT;230.0;PRMNO-2A;10005;-25.2725;-54.0959
S;Sul;PR;Paraná;IE IVAI;PRPVN;PARANAVAI NOR;138.0;PRPVN-1A;10004;-23.0333;-52.4472
S;Sul;PR;Paraná;IE IVAI;PRPVN;PARANAVAI NOR;230.0;PRPVN-2A;10003;-23.0333;-52.4472
S;Sul;PR;Paraná;COPEL-GT;PRGPS;PARIGOT SOUZA;138.0;PRGPS-1A;2373;-25.2532;-48.7619
S;Sul;PR;Paraná;COPEL-GT;PRGPS;PARIGOT SOUZA;230.0;PRGPS-2A;817;-25.2532;-48.7619
S;Sul;PR;Paraná;COPEL-GT;PRPTO;PATO BRANCO;138.0;PRPTO-1A;853;-26.2102;-52.6724
S;Sul;PR;Paraná;COPEL-GT;PRPTO;PATO BRANCO;230.0;PRPTO-2A;852;-26.2102;-52.6724
S;Sul;PR;Paraná;COPEL-GT;PRPOX;PEROXIDOS;230.0;PRPOX-2A;9350;-25.5509;-49.3195
S;Sul;PR;Paraná;COPEL-GT;PRPIL;PILARZINHO;69.0;PRPIL-0A;2387;-25.3719;-49.2755
S;Sul;PR;Paraná;COPEL-GT;PRPIL;PILARZINHO;230.0;PRPIL-2A;819;-25.3719;-49.2755
S;Sul;PR;Paraná;COPEL-GT;PRPGN;PONTA G NORTE;138.0;PRPGN-1A;830;-25.0447;-50.1401
S;Sul;PR;Paraná;COPEL-GT;PRPGN;PONTA G NORTE;230.0;PRPGN-2A;829;-25.0447;-50.1401
S;Sul;PR;Paraná;COPEL-GT;PRPGS;PONTA G SUL;138.0;PRPGS-1A;2437;-25.1753;-50.0993
S;Sul;PR;Paraná;COPEL-GT;PRPGS;PONTA G SUL;230.0;PRPGS-2A;831;-25.1753;-50.0993
S;Sul;PR;Paraná;GRALHA AZUL;PRGR;PONTA GROSSA;230.0;PRGR--2A;10009;-25.0908;-50.3220
S;Sul;PR;Paraná;GRALHA AZUL;PRGR;PONTA GROSSA;500.0;PRGR--5A;10008;-25.0908;-50.3220
S;Sul;PR;Paraná;COPEL-GT;PRPFL;POSTO FISCAL;138.0;PRPFL-1A;2383;-25.5532;-48.5643
S;Sul;PR;Paraná;COPEL-GT;PRPFL;POSTO FISCAL;230.0;PRPFL-2A;2459;-25.5532;-48.5643
S;Sul;PR;Paraná;COPEL-GT;PRRZS;REALEZA SUL;138.0;PRRZS-1A;10132;-25.7826;-53.5177
S;Sul;PR;Paraná;COPEL-GT;PRRZS;REALEZA SUL;230.0;PRRZS-2A;9890;-25.7826;-53.5177
S;Sul;PR;Paraná;COPEL-GT;PRREP;REPAR;230.0;PRREP-2A;9399;-25.5795;-49.3627
S;Sul;PR;Paraná;AXIA SUL;PRSOS;S. OSORIO;230.0;PRSOS-2A;1047;-25.5400;-53.0128
S;Sul;PR;Paraná;COPEL-GT;PRSMS;S.MATEUS SUL;230.0;PRSMS-2A;834;-25.8537;-50.4021
S;Sul;PR;Paraná;AXIA SUL;PRSSA;S.SANTIAGO;500.0;PRSSA-5A;1060;-25.6308;-52.6228
S;Sul;PR;Paraná;COPEL-GT;PRGJR-;SALTO CAXIAS;500.0;PRGJR-5A;897;-25.5435;-53.4976
S;Sul;PR;Paraná;COPEL-GT;PRSMC;SANTA MONICA;69.0;PRSMC-0B;2478;-25.3636;-49.1442
S;Sul;PR;Paraná;COPEL-GT;PRSMC;SANTA MONICA;230.0;PRSMC-2A;2477;-25.3636;-49.1442
S;Sul;PR;Paraná;CAIUÁ TRANSMISSORA;PRSQU;SANTAQUITERIA;69.0;PRSQU-0A;2397;-25.4610;-49.3118
S;Sul;PR;Paraná;CAIUÁ TRANSMISSORA;PRSQU;SANTAQUITERIA;230.0;PRSQU-2A;9537;-25.4610;-49.3118
S;Sul;PR;Paraná;COPEL-GT;PRSDI;SARANDI;138.0;PRSDI-1A;2472;-23.4428;-51.8280
S;Sul;PR;Paraná;COPEL-GT;PRSDI;SARANDI;230.0;PRSDI-2A;872;-23.4428;-51.8280
S;Sul;PR;Paraná;COPEL-GT;PRSDI;SARANDI;500.0;PRSDI-5A;10000;-23.4428;-51.8280
S;Sul;PR;Paraná;COPEL-GT;PRMUA;SE.MAUA;230.0;PRMUA-2A;981;-24.0401;-50.6926
S;Sul;PR;Paraná;COPEL-GT;PRSGD1;SEGREDO;500.0;PRSGD-51;856;-25.7885;-52.0967
S;Sul;PR;Paraná;UEG ARAUCÁRIA;PRARC;U.ARAUCARIA;230.0;PRARC-2A;93771;-25.5883;-49.3559
S;Sul;PR;Paraná;UEG ARAUCÁRIA;PRARC;U.ARAUCARIA;230.0;PRARC-2B;93772;-25.5883;-49.3559
S;Sul;PR;Paraná;GRALHA AZUL;PRUVN;U.VITORIA NORTE;138.0;PRUVN-1A;10135;-26.1343;-51.1452
S;Sul;PR;Paraná;GRALHA AZUL;PRUVN;U.VITORIA NORTE;230.0;PRUVN-2A;10134;-26.1343;-51.1452
S;Sul;PR;Paraná;COPEL-GT;PRUBR;UBERABA;69.0;PRUBR-0A;2401;-25.4770;-49.2084
S;Sul;PR;Paraná;COPEL-GT;PRUBR;UBERABA;230.0;PRUBR-2A;820;-25.4770;-49.2084
S;Sul;PR;Paraná;COPEL-GT;PRUMB;UMBARA;69.0;PRUMB-0A;2402;-25.5914;-49.3179
S;Sul;PR;Paraná;COPEL-GT;PRUMB;UMBARA;230.0;PRUMB-2A;821;-25.5914;-49.3179
S;Sul;PR;Paraná;COSTA OESTE;PRUMU2;UMUARAMA SUL;138.0;PRUMU21A;9726;-23.7930;-53.2864
S;Sul;PR;Paraná;COSTA OESTE;PRUMU2;UMUARAMA SUL;230.0;PRUMU22A;9725;-23.7930;-53.2864
S;Sul;RS;Rio Grande do Sul;CERAN;RSUHQJ;14 DE JULHO;230.0;RSUHQJ2A;1153;-29.0648;-51.6749
S;Sul;RS;Rio Grande do Sul;CPFL T;RSALE2;ALEGRETE2;69.0;RSALE20A;1185;-29.7772;-55.7228
S;Sul;RS;Rio Grande do Sul;CPFL T;RSALE2;ALEGRETE2;230.0;RSALE22A;1186;-29.7772;-55.7228
S;Sul;RS;Rio Grande do Sul;AXIA SUL;RSATL2;ATLANTIDA 2;69.0;RSATL20A;1331;-29.7824;-50.0546
S;Sul;RS;Rio Grande do Sul;AXIA SUL;RSATL2;ATLANTIDA 2;230.0;RSATL22A;1330;-29.7824;-50.0546
S;Sul;RS;Rio Grande do Sul;CPFL T;RSBAG2;BAGE2;69.0;RSBAG20A;1189;-31.2881;-54.0708
S;Sul;RS;Rio Grande do Sul;CPFL T;RSBAG2;BAGE2;230.0;RSBAG22A;1188;-31.2881;-54.0708
S;Sul;RS;Rio Grande do Sul;CPFL T;RSCIN;C.INDUSTRIAL;138.0;RSCIN-1A;1257;-29.8914;-51.1778
S;Sul;RS;Rio Grande do Sul;CPFL T;RSCIN;C.INDUSTRIAL;230.0;RSCIN-2A;1258;-29.8914;-51.1778
S;Sul;RS;Rio Grande do Sul;CPFL T;RSCAC3;CACHOEIRINHA3;138.0;RSCAC31A;9305;-29.8985;-51.1017
S;Sul;RS;Rio Grande do Sul;CPFL T;RSCAC3;CACHOEIRINHA3;230.0;RSCAC32A;9304;-29.8985;-51.1017
S;Sul;RS;Rio Grande do Sul;CPFL T;RSCAM;CAMAQUA;69.0;RSCAM-0A;1195;-30.8275;-51.8161
S;Sul;RS;Rio Grande do Sul;CPFL T;RSCAM;CAMAQUA;230.0;RSCAM-2A;1194;-30.8275;-51.8161
S;Sul;RS;Rio Grande do Sul;AXIA SUL;RSCAM3;CAMAQUA 3;69.0;RSCAM30A;9570;-30.8095;-51.8086
S;Sul;RS;Rio Grande do Sul;AXIA SUL;RSCAM3;CAMAQUA 3;230.0;RSCAM32A;9569;-30.8095;-51.8086
S;Sul;RS;Rio Grande do Sul;CPFL T;RSCBO;CAMPO BOM;69.0;RSCBO-0A;1196;-29.6931;-51.0647
S;Sul;RS;Rio Grande do Sul;CPFL T;RSCBO;CAMPO BOM;230.0;RSCBO-2A;1198;-29.6931;-51.0647
S;Sul;RS;Rio Grande do Sul;TESB;RSCDL2;CANDELARIA 2;69.0;RSCDL20A;9591;-29.6496;-52.7954
S;Sul;RS;Rio Grande do Sul;TESB;RSCDL2;CANDELARIA 2;230.0;RSCDL22A;9590;-29.6496;-52.7954
S;Sul;RS;Rio Grande do Sul;AXIA ENERGIA;RSCTA;CANDIOTA;230.0;RSCTA-2A;9785;-31.5719;-53.6892
S;Sul;RS;Rio Grande do Sul;AXIA ENERGIA;RSCTA;CANDIOTA;500.0;RSCTA-5A;9786;-31.5719;-53.6892
S;Sul;RS;Rio Grande do Sul;CHIMARRÃO;RSCTA2;CANDIOTA 2;230.0;RSCTA22A;9952;-31.5699;-53.6887
S;Sul;RS;Rio Grande do Sul;CHIMARRÃO;RSCTA2;CANDIOTA 2;500.0;RSCTA25A;9951;-31.5699;-53.6887
S;Sul;RS;Rio Grande do Sul;PETROBRAS;RSUTCA;CANOAS;230.0;RSUTCA2A;90483;-29.8764;-51.1469
S;Sul;RS;Rio Grande do Sul;PETROBRAS;RSUTCA;CANOAS;230.0;RSUTCA2B;90484;-29.8764;-51.1469
S;Sul;RS;Rio Grande do Sul;CPFL T;RSCNA1;CANOAS 1;230.0;RSCNA12A;1190;-29.9472;-51.1908
S;Sul;RS;Rio Grande do Sul;CPFL T;RSCNA2;CANOAS 2;230.0;RSCNA22A;1248;-29.8746;-51.1441
S;Sul;RS;Rio Grande do Sul;PAMPA TRANSMISSORA;RSCAP;CAPIVARI SUL;138.0;RSCAP-1A;1038;-30.1037;-50.4385
S;Sul;RS;Rio Grande do Sul;PAMPA TRANSMISSORA;RSCAP;CAPIVARI SUL;230.0;RSCAP-2A;1037;-30.1037;-50.4385
S;Sul;RS;Rio Grande do Sul;PAMPA TRANSMISSORA;RSCAP;CAPIVARI SUL;500.0;RSCAP-5A;1036;-30.1037;-50.4385
S;Sul;RS;Rio Grande do Sul;CPFL T;RSCTT;CASTERTECH;230.0;RSCTT-2A;9278;-29.1464;-51.1481
S;Sul;RS;Rio Grande do Sul;CERAN;RSUHCA;CASTRO ALVES;230.0;RSUHCA2A;1154;-29.0053;-51.3844
S;Sul;RS;Rio Grande do Sul;AXIA SUL;RSCAX;CAXIAS;230.0;RSCAX-2A;965;-29.2772;-51.2010
S;Sul;RS;Rio Grande do Sul;AXIA SUL;RSCAX;CAXIAS;500.0;RSCAX-5A;964;-29.2772;-51.2010
S;Sul;RS;Rio Grande do Sul;AXIA SUL;RSCAX6;CAXIAS 6;69.0;RSCAX60A;1387;-29.1658;-51.1228
S;Sul;RS;Rio Grande do Sul;AXIA SUL;RSCAX6;CAXIAS 6;230.0;RSCAX62A;1386;-29.1658;-51.1228
S;Sul;RS;Rio Grande do Sul;EVRECY;RSCXN;CAXIAS NORTE;138.0;RSCXN-1A;10217;-29.0988;-51.2642
S;Sul;RS;Rio Grande do Sul;EVRECY;RSCXN;CAXIAS NORTE;230.0;RSCXN-2A;10216;-29.0988;-51.2642
S;Sul;RS;Rio Grande do Sul;EVRECY;RSCXN;CAXIAS NORTE;500.0;RSCXN-5A;10215;-29.0988;-51.2642
S;Sul;RS;Rio Grande do Sul;CPFL T;RSCAX2;CAXIAS SUL 2;69.0;RSCAX20A;1201;-29.1414;-51.1575
S;Sul;RS;Rio Grande do Sul;CPFL T;RSCAX2;CAXIAS SUL 2;230.0;RSCAX22A;1200;-29.1414;-51.1575
S;Sul;RS;Rio Grande do Sul;CPFL T;RSCAX5;CAXIAS SUL 5;69.0;RSCAX50C;1193;-29.1325;-51.1917
S;Sul;RS;Rio Grande do Sul;CPFL T;RSCAX5;CAXIAS SUL 5;230.0;RSCAX52A;1192;-29.1325;-51.1917
S;Sul;RS;Rio Grande do Sul;TAESA;RSCCH;CERRO CHATO;230.0;RSCCH-2A;9731;-30.8148;-55.7055
S;Sul;RS;Rio Grande do Sul;AXIA SUL;RSCHA;CHARQUEADAS;230.0;RSCHA-2A;951;-29.9519;-51.6211
S;Sul;RS;Rio Grande do Sul;MEZ 5 ENERGIA;RSCHR3;CHARQUEADAS3;69.0;RSCHR30A;10277;-29.9610;-51.5997
S;Sul;RS;Rio Grande do Sul;MEZ 5 ENERGIA;RSCHR3;CHARQUEADAS3;230.0;RSCHR32A;10276;-29.9610;-51.5997
S;Sul;RS;Rio Grande do Sul;MEZ 4 ENERGIA;RSCAL2;CRUZ ALTA 2;69.0;RSCAL20A;10219;-28.6643;-53.6455
S;Sul;RS;Rio Grande do Sul;MEZ 4 ENERGIA;RSCAL2;CRUZ ALTA 2;230.0;RSCAL22A;10218;-28.6643;-53.6455
S;Sul;RS;Rio Grande do Sul;TAESA;RSGBI1;CV.GARABI 1;140.0;RSGBI10A;93616;-28.2557;-55.6707
S;Sul;RS;Rio Grande do Sul;TAESA;RSGBI1;CV.GARABI 1;500.0;RSGBI15B;972;-28.2557;-55.6707
S;Sul;RS;Rio Grande do Sul;TAESA;RSGBI1;CV.GARABI 1;500.0;RSGBI15A;970;-28.2557;-55.6707
S;Sul;RS;Rio Grande do Sul;TAESA;RSGBI2;CV.GARABI 2;140.0;RSGBI20A;93618;-28.2540;-55.6710
S;Sul;RS;Rio Grande do Sul;TAESA;RSGBI2;CV.GARABI 2;500.0;RSGBI25A;971;-28.2540;-55.6710
S;Sul;RS;Rio Grande do Sul;TAESA;RSGBI2;CV.GARABI 2;500.0;RSGBI25B;973;-28.2540;-55.6710
S;Sul;RS;Rio Grande do Sul;CPFL T;RSELD;ELDORADO SUL;230.0;RSELD-2A;1212;-30.0142;-51.3172
S;Sul;RS;Rio Grande do Sul;AXIA SUL;RSFAR;FARROUPILHA;69.0;RSFAR-0G;90247;-29.2186;-51.3239
S;Sul;RS;Rio Grande do Sul;AXIA SUL;RSFAR;FARROUPILHA;69.0;RSFAR-0A;92883;-29.2186;-51.3239
S;Sul;RS;Rio Grande do Sul;AXIA SUL;RSFAR;FARROUPILHA;69.0;RSFAR-0F;94184;-29.2186;-51.3239
S;Sul;RS;Rio Grande do Sul;AXIA SUL;RSFAR;FARROUPILHA;230.0;RSFAR-2A;962;-29.2186;-51.3239
S;Sul;RS;Rio Grande do Sul;CPFL T;RSFIB;FIBRAPLAC;230.0;RSFIB-2A;41450;-29.8969;-50.7664
S;Sul;RS;Rio Grande do Sul;AXIA SUL;SCFCO;FOZ CHAPECO;138.0;RSFCO-1A;1062;-27.1400;-53.0528
S;Sul;RS;Rio Grande do Sul;AXIA SUL;SCFCO;FOZ CHAPECO;230.0;SCFCO-2A;1071;-27.1400;-53.0528
S;Sul;RS;Rio Grande do Sul;CPFL T;RSGAR1;GARIBALDI 1;69.0;RSGAR10A;1205;-29.2372;-51.5119
S;Sul;RS;Rio Grande do Sul;CPFL T;RSGAR1;GARIBALDI 1;230.0;RSGAR12A;1206;-29.2372;-51.5119
S;Sul;RS;Rio Grande do Sul;AXIA SUL;RSGRA;GRAVATAI;230.0;RSGRA-2C;94189;-29.8847;-51.0614
S;Sul;RS;Rio Grande do Sul;AXIA SUL;RSGRA;GRAVATAI;230.0;RSGRA-2A;94187;-29.8847;-51.0614
S;Sul;RS;Rio Grande do Sul;AXIA SUL;RSGRA;GRAVATAI;230.0;RSGRA-2B;94188;-29.8847;-51.0614
S;Sul;RS;Rio Grande do Sul;AXIA SUL;RSGRA;GRAVATAI;500.0;RSGRA-5A;976;-29.8847;-51.0614
S;Sul;RS;Rio Grande do Sul;CPFL T;RSGRA2;GRAVATAI2;69.0;RSGRA20A;1209;-29.8853;-51.0642
S;Sul;RS;Rio Grande do Sul;CPFL T;RSGRA2;GRAVATAI2;230.0;RSGRA22A;1210;-29.8853;-51.0642
S;Sul;RS;Rio Grande do Sul;AXIA SUL;RSGRA3;GRAVATAI3;69.0;RSGRA30A;1314;-29.8944;-50.9833
S;Sul;RS;Rio Grande do Sul;AXIA SUL;RSGRA3;GRAVATAI3;230.0;RSGRA32A;1313;-29.8944;-50.9833
S;Sul;RS;Rio Grande do Sul;CPFL T;RSGUA2;GUAIBA 2;69.0;RSGUA20A;1197;-30.1299;-51.3817
S;Sul;RS;Rio Grande do Sul;CPFL T;RSGUA2;GUAIBA 2;230.0;RSGUA22A;1199;-30.1299;-51.3817
S;Sul;RS;Rio Grande do Sul;CHIMARRÃO;RSGUA3;GUAIBA 3;230.0;RSGUA32A;975;-30.0483;-51.5293
S;Sul;RS;Rio Grande do Sul;CHIMARRÃO;RSGUA3;GUAIBA 3;500.0;RSGUA35A;974;-30.0483;-51.5293
S;Sul;RS;Rio Grande do Sul;CPFL T;RSGRT;GUARITA;69.0;RSGRT-0A;1214;-27.6119;-53.5694
S;Sul;RS;Rio Grande do Sul;CPFL T;RSGRT;GUARITA;230.0;RSGRT-2A;1213;-27.6119;-53.5694
S;Sul;RS;Rio Grande do Sul;AXIA SUL;RSIJU2;IJUI 2;69.0;RSIJU20A;1322;-28.3637;-53.9041
S;Sul;RS;Rio Grande do Sul;AXIA SUL;RSIJU2;IJUI 2;230.0;RSIJU22A;1323;-28.3637;-53.9041
S;Sul;RS;Rio Grande do Sul;CSN;RSUITA;ITAUBA;230.0;RSUITA2A;1215;-29.2607;-53.2359
S;Sul;RS;Rio Grande do Sul;TESB;RSJBO;JARDIM BOTANICO;69.0;RSJBO-0A;10007;-30.0423;-51.1727
S;Sul;RS;Rio Grande do Sul;TESB;RSJBO;JARDIM BOTANICO;230.0;RSJBO-2A;9262;-30.0423;-51.1727
S;Sul;RS;Rio Grande do Sul;TESB;RSJBOG;JBO LT GRA2;230.0;RSJBOG2A;10256;-30.0556;-51.1683
S;Sul;RS;Rio Grande do Sul;TESB;RSJBOP;JBO LT PA10;230.0;RSJBOP2A;10257;-30.0556;-51.1684
S;Sul;RS;Rio Grande do Sul;AXIA SUL;RSLGR;L.GRANDE;138.0;RSLGR-1A;9594;-28.9908;-50.5568
S;Sul;RS;Rio Grande do Sul;AXIA SUL;RSLGR;L.GRANDE;230.0;RSLGR-2A;1163;-28.9908;-50.5568
S;Sul;RS;Rio Grande do Sul;ETAU;RSLVE2;L.VERMELHA 2;138.0;RSLVE21A;1326;-28.1856;-51.5229
S;Sul;RS;Rio Grande do Sul;ETAU;RSLVE2;L.VERMELHA 2;230.0;RSLVE22A;1325;-28.1856;-51.5229
S;Sul;RS;Rio Grande do Sul;CPFL T;RSLAJ2;LAJEADO 2;69.0;RSLAJ20A;2081;-29.4656;-51.9845
S;Sul;RS;Rio Grande do Sul;CPFL T;RSLAJ2;LAJEADO 2;230.0;RSLAJ22A;1218;-29.4656;-51.9845
S;Sul;RS;Rio Grande do Sul;VINEYARDS;RSLAJ3;LAJEADO III;69.0;RSLAJ30A;9782;-29.1754;-51.4717
S;Sul;RS;Rio Grande do Sul;VINEYARDS;RSLAJ3;LAJEADO III;230.0;RSLAJ32A;9783;-29.1754;-51.4717
S;Sul;RS;Rio Grande do Sul;CPFL T;RSLIV2;LIVRAMENTO 2;69.0;RSLIV20A;9204;-30.8614;-55.5422
S;Sul;RS;Rio Grande do Sul;CPFL T;RSLIV2;LIVRAMENTO 2;230.0;RSLIV22A;1230;-30.8614;-55.5422
S;Sul;RS;Rio Grande do Sul;SANTANA;RSLIV3;LIVRAMENTO 3;230.0;RSLIV32A;2080;-30.7863;-55.7536
S;Sul;RS;Rio Grande do Sul;CPFL T;RSMBR;MACAMBARA;69.0;RSMBR-0A;1235;-29.1497;-56.0647
S;Sul;RS;Rio Grande do Sul;CPFL T;RSMBR;MACAMBARA;230.0;RSMBR-2A;1225;-29.1497;-56.0647
S;Sul;RS;Rio Grande do Sul;SANTANA;RSMBR3;MACAMBARA 3;230.0;RSMBR32A;9970;-29.1575;-56.0639
S;Sul;RS;Rio Grande do Sul;AXIA SUL;RSMRO;MARMELEIRO 2;500.0;RSMRO-5A;9820;-33.1395;-52.9900
S;Sul;RS;Rio Grande do Sul;AXIA SUL;RSMIS;MISSOES;69.0;RSMIS-0A;2079;-28.3883;-54.9327
S;Sul;RS;Rio Grande do Sul;AXIA SUL;RSMIS;MISSOES;230.0;RSMIS-2A;2078;-28.3883;-54.9327
S;Sul;RS;Rio Grande do Sul;AXIA SUL;RSMCL;MONTE CLARO;230.0;RSMCL-2A;963;-29.0133;-51.5356
S;Sul;RS;Rio Grande do Sul;AXIA SUL;RSNPE2;N.PETROPOLIS2;69.0;RSNPE20A;9548;-29.3518;-51.0034
S;Sul;RS;Rio Grande do Sul;AXIA SUL;RSNPE2;N.PETROPOLIS2;230.0;RSNPE22A;9547;-29.3518;-51.0034
S;Sul;RS;Rio Grande do Sul;CPFL T;RSNPR2;NOVA PRATA 2;69.0;RSNPR20A;1226;-28.8053;-51.6122
S;Sul;RS;Rio Grande do Sul;CPFL T;RSNPR2;NOVA PRATA 2;230.0;RSNPR22A;1228;-28.8053;-51.6122
S;Sul;RS;Rio Grande do Sul;AXIA SUL;RSPOL;NOVA STA RITA;230.0;RSPOL-2A;980;-29.8233;-51.3352
S;Sul;RS;Rio Grande do Sul;AXIA SUL;RSPOL;NOVA STA RITA;500.0;RSPOL-5A;979;-29.8233;-51.3352
S;Sul;RS;Rio Grande do Sul;CPFL T;RSOSO2;OSORIO 2;69.0;RSOSO20A;1232;-29.8950;-50.3139
S;Sul;RS;Rio Grande do Sul;CPFL T;RSOSO2;OSORIO 2;230.0;RSOSO22A;1231;-29.8950;-50.3139
S;Sul;RS;Rio Grande do Sul;CPFL SUL II;RSOSO3;OSORIO 3;230.0;RSOSO32A;9901;-29.9064;-50.3171
S;Sul;RS;Rio Grande do Sul;CPFL T;RSPA12;P ALEGRE 12.D;69.0;RSPA120A;9247;;
S;Sul;RS;Rio Grande do Sul;CPFL T;RSPPE;P.PETROQUIMIC;69.0;RSPPE-0A;2077;-29.8692;-51.3881
S;Sul;RS;Rio Grande do Sul;CPFL T;RSPPE;P.PETROQUIMIC;230.0;RSPPE-2A;1204;-29.8692;-51.3881
S;Sul;RS;Rio Grande do Sul;AXIA SUL;RSPFU;PASSO FUNDO;138.0;RSPFU-1A;1042;-27.4831;-52.7181
S;Sul;RS;Rio Grande do Sul;AXIA SUL;RSPFU;PASSO FUNDO;230.0;RSPFU-2A;1041;-27.4831;-52.7181
S;Sul;RS;Rio Grande do Sul;CSN;RSUPRE;PASSO REAL;138.0;RSUPRE1A;1242;-29.0170;-53.1900
S;Sul;RS;Rio Grande do Sul;CSN;RSUPRE;PASSO REAL;230.0;RSUPRE2A;1243;-29.0170;-53.1900
S;Sul;RS;Rio Grande do Sul;CPFL T;RSPEL3;PELOTAS3;138.0;RSPEL31A;1240;-31.7269;-52.4069
S;Sul;RS;Rio Grande do Sul;CPFL T;RSPEL3;PELOTAS3;230.0;RSPEL32A;1236;-31.7269;-52.4069
S;Sul;RS;Rio Grande do Sul;CPFL T;RSPAL8;PORTO ALEGRE8;69.0;RSPAL80A;1271;-30.0083;-51.1406
S;Sul;RS;Rio Grande do Sul;CPFL T;RSPAL8;PORTO ALEGRE8;230.0;RSPAL82A;1264;-30.0083;-51.1406
S;Sul;RS;Rio Grande do Sul;CPFL T;RSPAL9;PORTO ALEGRE9;69.0;RSPAL90A;1266;-29.9711;-51.1958
S;Sul;RS;Rio Grande do Sul;CPFL T;RSPAL9;PORTO ALEGRE9;230.0;RSPAL92A;1267;-29.9711;-51.1958
S;Sul;RS;Rio Grande do Sul;CPFL SUL II;RSPA01;PORTOALEGRE 1;69.0;RSPA010A;9962;-30.0165;-51.1712
S;Sul;RS;Rio Grande do Sul;CPFL SUL II;RSPA01;PORTOALEGRE 1;230.0;RSPA012A;9961;-30.0165;-51.1712
S;Sul;RS;Rio Grande do Sul;MEZ 5 ENERGIA;RSPAL4;PORTOALEGRE 4;230.0;RSPAL42A;1259;-30.0469;-51.2282
S;Sul;RS;Rio Grande do Sul;CPFL T;RSPA10;PORTOALEGRE10;69.0;RSPA100C;1269;-30.0458;-51.1961
S;Sul;RS;Rio Grande do Sul;CPFL T;RSPA10;PORTOALEGRE10;230.0;RSPA102A;1268;-30.0458;-51.1961
S;Sul;RS;Rio Grande do Sul;CPFL T;RSPA13;PORTOALEGRE13;230.0;RSPA132A;1270;-30.0947;-51.2253
S;Sul;RS;Rio Grande do Sul;CPFL T;RSPAL6;PORTOALEGRE6;69.0;RSPAL60A;1262;-30.0633;-51.1431
S;Sul;RS;Rio Grande do Sul;CPFL T;RSPAL6;PORTOALEGRE6;230.0;RSPAL62A;1263;-30.0633;-51.1431
S;Sul;RS;Rio Grande do Sul;AXIA SUL;RSPNO;POVO NOVO;230.0;RSPNO-2A;9819;-31.9295;-52.3410
S;Sul;RS;Rio Grande do Sul;AXIA SUL;RSPNO;POVO NOVO;500.0;RSPNO-5A;9818;-31.9295;-52.3410
S;Sul;RS;Rio Grande do Sul;CPFL T;RSPME;PRE.MEDICI;138.0;RSPME-1A;1238;-31.5522;-53.6809
S;Sul;RS;Rio Grande do Sul;CPFL T;RSPME;PRE.MEDICI;230.0;RSPME-2A;1239;-31.5522;-53.6809
S;Sul;RS;Rio Grande do Sul;CPFL T;RSQUI;QUINTA;69.0;RSQUI-0A;1245;-32.0753;-52.2672
S;Sul;RS;Rio Grande do Sul;CPFL T;RSQUI;QUINTA;138.0;RSQUI-1A;1247;-32.0753;-52.2672
S;Sul;RS;Rio Grande do Sul;CPFL T;RSQUI;QUINTA;230.0;RSQUI-2A;1246;-32.0753;-52.2672
S;Sul;RS;Rio Grande do Sul;TESB;RSRES;RESTINGA;69.0;RSRES-0A;9303;-30.1243;-51.1635
S;Sul;RS;Rio Grande do Sul;TESB;RSRES;RESTINGA;230.0;RSRES-2A;9302;-30.1243;-51.1635
S;Sul;RS;Rio Grande do Sul;AXIA SUL;RSSVP;S V PALMAR 2;138.0;RSSVP-1A;9823;-33.4753;-53.3006
S;Sul;RS;Rio Grande do Sul;AXIA SUL;RSSVP;S V PALMAR 2;500.0;RSSVP-5A;9822;-33.4753;-53.3006
S;Sul;RS;Rio Grande do Sul;CPFL T;RSSVI;S.VICENTE SUL;69.0;RSSVI-0A;1289;-29.6939;-54.6958
S;Sul;RS;Rio Grande do Sul;CPFL T;RSSVI;S.VICENTE SUL;230.0;RSSVI-2A;1286;-29.6939;-54.6958
S;Sul;RS;Rio Grande do Sul;CPFL T;RSSCR1;SANTA CRUZ1;69.0;RSSCR10A;2088;-29.7125;-52.5472
S;Sul;RS;Rio Grande do Sul;CPFL T;RSSCR1;SANTA CRUZ1;230.0;RSSCR12A;1256;-29.7125;-52.5472
S;Sul;RS;Rio Grande do Sul;CPFL T;RSSMA3;SANTA MARIA 3;69.0;RSSMA30A;2087;-29.6811;-53.8758
S;Sul;RS;Rio Grande do Sul;CPFL T;RSSMA3;SANTA MARIA 3;138.0;RSSMA31A;1383;-29.6811;-53.8758
S;Sul;RS;Rio Grande do Sul;CPFL T;RSSMA3;SANTA MARIA 3;230.0;RSSMA32A;1278;-29.6811;-53.8758
S;Sul;RS;Rio Grande do Sul;CPFL T;RSSMT;SANTA MARTA;69.0;RSSMT-0A;1279;-28.2833;-52.4286
S;Sul;RS;Rio Grande do Sul;CPFL T;RSSMT;SANTA MARTA;138.0;RSSMT-1A;1275;-28.2833;-52.4286
S;Sul;RS;Rio Grande do Sul;CPFL T;RSSMT;SANTA MARTA;230.0;RSSMT-2A;1281;-28.2833;-52.4286
S;Sul;RS;Rio Grande do Sul;CPFL T;RSSRO;SANTA ROSA 1;69.0;RSSRO-0A;1282;-27.8758;-54.4569
S;Sul;RS;Rio Grande do Sul;CPFL T;RSSRO;SANTA ROSA 1;230.0;RSSRO-2A;1283;-27.8758;-54.4569
S;Sul;RS;Rio Grande do Sul;AXIA SUL;RSSTA;SANTO ANGELO;230.0;RSSTA-2A;1046;-28.2801;-54.3261
S;Sul;RS;Rio Grande do Sul;AXIA SUL;RSSTA;SANTO ANGELO;500.0;RSSTA-5A;1045;-28.2801;-54.3261
S;Sul;RS;Rio Grande do Sul;CPFL T;RSSAG2;SANTO ANGELO2;69.0;RSSAG20A;1251;-28.3033;-54.2856
S;Sul;RS;Rio Grande do Sul;CPFL T;RSSAG2;SANTO ANGELO2;230.0;RSSAG22A;1250;-28.3033;-54.2856
S;Sul;RS;Rio Grande do Sul;CPFL T;RSSBO2;SAO BORJA2;69.0;RSSBO20A;1253;-28.6889;-55.9958
S;Sul;RS;Rio Grande do Sul;CPFL T;RSSBO2;SAO BORJA2;230.0;RSSBO22A;1254;-28.6889;-55.9958
S;Sul;RS;Rio Grande do Sul;CPFL T;RSSCH;SCHARLAU;230.0;RSSCH-2A;2086;-29.7197;-51.1514
S;Sul;RS;Rio Grande do Sul;CPFL T;RSSCH;SCHARLAU;230.0;RSSCH-2B;91013;-29.7197;-51.1514
S;Sul;RS;Rio Grande do Sul;IE SUL;RSSCH2;SCHARLAU 2;138.0;RSSCH21C;92280;-29.7173;-51.1507
S;Sul;RS;Rio Grande do Sul;IE SUL;RSSCH2;SCHARLAU 2;138.0;RSSCH21A;94135;-29.7173;-51.1507
S;Sul;RS;Rio Grande do Sul;IE SUL;RSSCH2;SCHARLAU 2;138.0;RSSCH21B;92279;-29.7173;-51.1507
S;Sul;RS;Rio Grande do Sul;IE SUL;RSSCH2;SCHARLAU 2;230.0;RSSCH22A;9780;-29.7173;-51.1507
S;Sul;RS;Rio Grande do Sul;CPFL T;RSTPR2;TAPERA 2;69.0;RSTPR20A;1292;-28.6736;-52.8681
S;Sul;RS;Rio Grande do Sul;CPFL T;RSTPR2;TAPERA 2;230.0;RSTPR22A;1291;-28.6736;-52.8681
S;Sul;RS;Rio Grande do Sul;CPFL T;RSTAQ;TAQUARA;138.0;RSTAQ-1A;2094;-29.6556;-50.7922
S;Sul;RS;Rio Grande do Sul;CPFL T;RSTAQ;TAQUARA;230.0;RSTAQ-2A;1249;-29.6556;-50.7922
S;Sul;RS;Rio Grande do Sul;EDP LITORAL SUL;RSTOR2;TORRES 2;69.0;RSTOR20A;9694;-29.3110;-49.8040
S;Sul;RS;Rio Grande do Sul;EDP LITORAL SUL;RSTOR2;TORRES 2;230.0;RSTOR22A;9693;-29.3110;-49.8040
S;Sul;RS;Rio Grande do Sul;DFESA;RSUDFR;U.D.FRANCISCA;230.0;RSUDFR2A;1223;-29.4491;-53.2850
S;Sul;RS;Rio Grande do Sul;CERAN;RSUHMC;U.MONTE CLARO;230.0;RSUHMC2A;1161;-29.0308;-51.5213
S;Sul;RS;Rio Grande do Sul;CPFL T;RSUTUR;U.URUGUAIANA;230.0;RSUTUR2A;1294;-29.7599;-56.9905
S;Sul;RS;Rio Grande do Sul;CPFL T;RSURU5;URUGUAIANA5;69.0;RSURU50A;1295;-29.8075;-57.0033
S;Sul;RS;Rio Grande do Sul;CPFL T;RSURU5;URUGUAIANA5;230.0;RSURU52A;1296;-29.8075;-57.0033
S;Sul;RS;Rio Grande do Sul;PAMPA SUL;RSUTMW;UTE PAMPA SUL;500.0;RSUTMW5A;997;-31.4509;-53.7790
S;Sul;RS;Rio Grande do Sul;CPFL T;RSVAI;V.AIRES;69.0;RSVAI-0A;1298;-29.6336;-52.1553
S;Sul;RS;Rio Grande do Sul;CPFL T;RSVAI;V.AIRES;230.0;RSVAI-2A;1299;-29.6336;-52.1553
S;Sul;RS;Rio Grande do Sul;TESB;RSVIA3;VIAMAO 3;69.0;RSVIA30A;9264;-30.0362;-51.0634
S;Sul;RS;Rio Grande do Sul;TESB;RSVIA3;VIAMAO 3;230.0;RSVIA32A;9263;-30.0362;-51.0634
S;Sul;RS;Rio Grande do Sul;CPFL SUL II;RSVMA;VILA MARIA;138.0;RSVMA-1A;9921;-28.5546;-52.0821
S;Sul;RS;Rio Grande do Sul;CPFL SUL II;RSVMA;VILA MARIA;230.0;RSVMA-2A;9920;-28.5546;-52.0821
S;Sul;RS;Rio Grande do Sul;VINEYARDS;RSVIN;VINHEDOS;69.0;RSVIN-0A;9837;-29.4372;-51.9020
S;Sul;RS;Rio Grande do Sul;VINEYARDS;RSVIN;VINHEDOS;230.0;RSVIN-2A;9836;-29.4372;-51.9020
S;Sul;SC;Santa Catarina;ETSE;SCATA;ABDON BATISTA;230.0;SCATA-2A;9739;-27.5713;-51.0715
S;Sul;SC;Santa Catarina;ETSE;SCATA;ABDON BATISTA;500.0;SCATA-5A;9738;-27.5713;-51.0715
S;Sul;SC;Santa Catarina;ETAU;SCBGR;BARRA GRANDE;230.0;SCBGR-2A;936;-27.7692;-51.1844
S;Sul;SC;Santa Catarina;AXIA SUL;SCBIG;BIGUACU;138.0;SCBIG-1A;948;-27.4847;-48.7326
S;Sul;SC;Santa Catarina;AXIA SUL;SCBIG;BIGUACU;230.0;SCBIG-2A;947;-27.4847;-48.7326
S;Sul;SC;Santa Catarina;AXIA SUL;SCBIG;BIGUACU;500.0;SCBIG-5A;946;-27.4847;-48.7326
S;Sul;SC;Santa Catarina;AXIA SUL;SCBLU;BLUMENAU;138.0;SCBLU-1A;940;-26.7806;-49.0803
S;Sul;SC;Santa Catarina;AXIA SUL;SCBLU;BLUMENAU;230.0;SCBLU-2A;939;-26.7806;-49.0803
S;Sul;SC;Santa Catarina;AXIA SUL;SCBLU;BLUMENAU;500.0;SCBLU-5A;938;-26.7806;-49.0803
S;Sul;SC;Santa Catarina;AXIA SUL;SCCNO;C.NOVOS;138.0;SCCNO-1A;958;-27.5395;-51.4175
S;Sul;SC;Santa Catarina;AXIA SUL;SCCNO;C.NOVOS;230.0;SCCNO-2A;956;-27.5395;-51.4175
S;Sul;SC;Santa Catarina;AXIA SUL;SCCNO;C.NOVOS;500.0;SCCNO-5A;955;-27.5395;-51.4175
S;Sul;SC;Santa Catarina;AXIA SUL;SCCAN;CANOINHAS ESU;138.0;SCCAN-1C;92342;-26.1972;-50.4031
S;Sul;SC;Santa Catarina;AXIA SUL;SCCAN;CANOINHAS ESU;138.0;SCCAN-1A;92340;-26.1972;-50.4031
S;Sul;SC;Santa Catarina;AXIA SUL;SCCAN;CANOINHAS ESU;138.0;SCCAN-1B;92341;-26.1972;-50.4031
S;Sul;SC;Santa Catarina;AXIA SUL;SCCAN;CANOINHAS ESU;230.0;SCCAN-2A;943;-26.1972;-50.4031
S;Sul;SC;Santa Catarina;NOVA ERA CATARINA;SCCHSE;CHAPECOENSE;138.0;SCCHSE1A;10214;-27.0216;-52.7082
S;Sul;SC;Santa Catarina;NOVA ERA CATARINA;SCCHSE;CHAPECOENSE;230.0;SCCHSE2A;10213;-27.0216;-52.7082
S;Sul;SC;Santa Catarina;AXIA SUL;SCFIL;DESTERRO;138.0;SCFIL-1A;2706;-27.6705;-48.5141
S;Sul;SC;Santa Catarina;AXIA SUL;SCFIL;DESTERRO;230.0;SCFIL-2A;945;-27.6705;-48.5141
S;Sul;SC;Santa Catarina;IE SUL;SCFHA;FORQUILHINHA;69.0;SCFHA-0A;2749;-28.7514;-49.5235
S;Sul;SC;Santa Catarina;IE SUL;SCFHA;FORQUILHINHA;230.0;SCFHA-2A;961;-28.7514;-49.5235
S;Sul;SC;Santa Catarina;ETSE;SCGAS2;GASPAR 2;138.0;SCGAS21A;9534;-26.8746;-49.0212
S;Sul;SC;Santa Catarina;ETSE;SCGAS2;GASPAR 2;230.0;SCGAS22A;9533;-26.8746;-49.0212
S;Sul;SC;Santa Catarina;ETSE;SCGAS2;GASPAR 2;500.0;SCGAS25A;10081;-26.8746;-49.0212
S;Sul;SC;Santa Catarina;VALE DO ITAJAI;SCIND;INDAIAL;138.0;SCIND-1A;10095;-26.9028;-49.2745
S;Sul;SC;Santa Catarina;VALE DO ITAJAI;SCIND;INDAIAL;230.0;SCIND-2A;10094;-26.9028;-49.2745
S;Sul;SC;Santa Catarina;AXIA SUL;SCYTA;ITA;230.0;SCYTA-2A;10212;-27.2726;-52.4061
S;Sul;SC;Santa Catarina;AXIA SUL;SCYTA;ITA;500.0;SCYTA-5A;995;-27.2726;-52.4061
S;Sul;SC;Santa Catarina;AXIA SUL;SCITJ;ITAJAI;138.0;SCITJ-1A;992;-26.9730;-48.7814
S;Sul;SC;Santa Catarina;AXIA SUL;SCITJ;ITAJAI;230.0;SCITJ-2A;991;-26.9730;-48.7814
S;Sul;SC;Santa Catarina;VALE DO ITAJAI;SCITJ2;ITAJAI 2;138.0;SCITJ21A;10071;-26.9633;-48.6997
S;Sul;SC;Santa Catarina;VALE DO ITAJAI;SCITJ2;ITAJAI 2;230.0;SCITJ22A;10070;-26.9633;-48.6997
S;Sul;SC;Santa Catarina;VALE DO ITAJAI;SCITJ2;ITAJAI 2;500.0;SCITJ25B;10069;-26.9633;-48.6997
S;Sul;SC;Santa Catarina;AXIA SUL;SCJLA;J.LACERDA-A;69.0;SCJLA-0A;1008;-28.4489;-48.9697
S;Sul;SC;Santa Catarina;AXIA SUL;SCJLA;J.LACERDA-A;138.0;SCJLA-1A;1007;-28.4489;-48.9697
S;Sul;SC;Santa Catarina;AXIA SUL;SCJLA;J.LACERDA-A;230.0;SCJLA-2A;1006;-28.4489;-48.9697
S;Sul;SC;Santa Catarina;AXIA SUL;SCJLB;J.LACERDA-B;230.0;SCJLB-2A;1010;-28.4560;-48.9697
S;Sul;SC;Santa Catarina;VALE DO ITAJAI;SCJGSL;JARAGUA DO SUL;138.0;SCJGSL1A;10088;-26.4368;-49.1645
S;Sul;SC;Santa Catarina;VALE DO ITAJAI;SCJGSL;JARAGUA DO SUL;230.0;SCJGSL2A;10087;-26.4368;-49.1645
S;Sul;SC;Santa Catarina;AXIA SUL;SCJNO;JOINV.NORTE;138.0;SCJNO-1A;2724;-26.2518;-48.9012
S;Sul;SC;Santa Catarina;AXIA SUL;SCJNO;JOINV.NORTE;230.0;SCJNO-2A;1020;-26.2518;-48.9012
S;Sul;SC;Santa Catarina;AXIA SUL;SCJOI;JOINVILLE;69.0;SCJOI-0A;1017;-26.2919;-48.8867
S;Sul;SC;Santa Catarina;AXIA SUL;SCJOI;JOINVILLE;138.0;SCJOI-1A;1016;-26.2919;-48.8867
S;Sul;SC;Santa Catarina;AXIA SUL;SCJOI;JOINVILLE;230.0;SCJOI-2A;1015;-26.2919;-48.8867
S;Sul;SC;Santa Catarina;VALE DO ITAJAI;SCJINS;JOINVILLE SUL;230.0;SCJINS2A;10056;-26.3902;-48.9480
S;Sul;SC;Santa Catarina;VALE DO ITAJAI;SCJINS;JOINVILLE SUL;500.0;SCJINS5B;10055;-26.3902;-48.9480
S;Sul;SC;Santa Catarina;STC;SCLAG;LAGES;138.0;SCLAG-1A;2805;-27.7563;-50.3368
S;Sul;SC;Santa Catarina;STC;SCLAG;LAGES;230.0;SCLAG-2A;950;-27.7563;-50.3368
S;Sul;SC;Santa Catarina;AXIA SUL;SCMCH;MACHADINHO;500.0;SCMCH-5A;1030;-27.5277;-51.7900
S;Sul;SC;Santa Catarina;AXIA SUL;SCPAL;PALHOCA  ESU;138.0;SCPAL-1A;1035;-27.6419;-48.6906
S;Sul;SC;Santa Catarina;AXIA SUL;SCPAL;PALHOCA  ESU;230.0;SCPAL-2A;1034;-27.6419;-48.6906
S;Sul;SC;Santa Catarina;AXIA SUL;PRPIN;PINHALZINHO 2;138.0;PRPIN-1A;9841;-26.8209;-53.0236
S;Sul;SC;Santa Catarina;AXIA SUL;PRPIN;PINHALZINHO 2;230.0;PRPIN-2A;9840;-26.8209;-53.0236
S;Sul;SC;Santa Catarina;IE BIGUAÇU;SCRTN;RATONES;138.0;SCRTN-1A;9993;-27.4840;-48.5016
S;Sul;SC;Santa Catarina;IE BIGUAÇU;SCRTN;RATONES;230.0;SCRTN-2A;9992;-27.4840;-48.5016
S;Sul;SC;Santa Catarina;STC;SCRSU;RIO DO SUL;138.0;SCRSU-1A;2847;-27.1639;-49.6090
S;Sul;SC;Santa Catarina;STC;SCRSU;RIO DO SUL;230.0;SCRSU-2A;949;-27.1639;-49.6090
S;Sul;SC;Santa Catarina;AXIA SUL;SCSID;SIDEROPOL.ESU;69.0;SCSID-0A;1058;-28.6019;-49.4117
S;Sul;SC;Santa Catarina;AXIA SUL;SCSID;SIDEROPOL.ESU;230.0;SCSID-2A;1057;-28.6019;-49.4117
S;Sul;SC;Santa Catarina;EDP ALIANCA;SCSID2;SIDEROPOLIS 2;230.0;SCSID22A;1056;-28.5559;-49.4101
S;Sul;SC;Santa Catarina;EDP ALIANCA;SCSID2;SIDEROPOLIS 2;500.0;SCSID25A;1055;-28.5559;-49.4101
S;Sul;SC;Santa Catarina;EDP LITORAL SUL;SCTSU;TUBARAO SUL;69.0;SCTSU-0A;1065;-28.5410;-49.1030
S;Sul;SC;Santa Catarina;EDP LITORAL SUL;SCTSU;TUBARAO SUL;138.0;SCTSU-1A;1064;-28.5410;-49.1030
S;Sul;SC;Santa Catarina;EDP LITORAL SUL;SCTSU;TUBARAO SUL;230.0;SCTSU-2A;1063;-28.5410;-49.1030
S;Sul;SC;Santa Catarina;ENERCAN;SCUHCN;U.C NOVOS;230.0;SCUHCN2A;953;-27.6041;-51.3271
S;Sul;SC;Santa Catarina;ENGIE;SCUHIT;U.ITA;500.0;SCUHIT5A;996;-27.2767;-52.3822
S;Sul;SC;Santa Catarina;DIAMANTE GERAÇÃO;SCUTLA;U.JLACERDA A;138.0;SCUTLA1C;94252;-28.4542;-48.9691
S;Sul;SC;Santa Catarina;DIAMANTE GERAÇÃO;SCUTLA;U.JLACERDA A;138.0;SCUTLA1A;94250;-28.4542;-48.9691
S;Sul;SC;Santa Catarina;DIAMANTE GERAÇÃO;SCUTLB;U.JLACERDA B;230.0;SCUTLB2A;94256;-28.4542;-48.9691
S;Sul;SC;Santa Catarina;RIO CANOAS;SCGAR;UHE GARIBALDI;230.0;SCGAR-2A;9737;-27.6247;-50.9839
S;Sul;SC;Santa Catarina;SÃO ROQUE;SCUHSR;UHE SAO ROQUE;230.0;SCUHSR2A;9741;-27.4978;-50.8046
S;Sul;SC;Santa Catarina;EVOLTZ VI;SCVID;VIDEIRA;138.0;SCVID-1A;2891;-26.9987;-51.0924
S;Sul;SC;Santa Catarina;EVOLTZ VI;SCVID;VIDEIRA;230.0;SCVID-2A;1074;-26.9987;-51.0924
S;Sul;SC;Santa Catarina;AXIA SUL;SCXAN;XANXERE ESU;138.0;SCXAN-1D;90518;-26.8619;-52.3931
S;Sul;SC;Santa Catarina;AXIA SUL;SCXAN;XANXERE ESU;138.0;SCXAN-1A;94385;-26.8619;-52.3931
S;Sul;SC;Santa Catarina;AXIA SUL;SCXAN;XANXERE ESU;138.0;SCXAN-1C;90517;-26.8619;-52.3931
S;Sul;SC;Santa Catarina;AXIA SUL;SCXAN;XANXERE ESU;138.0;SCXAN-1B;90516;-26.8619;-52.3931
S;Sul;SC;Santa Catarina;AXIA SUL;SCXAN;XANXERE ESU;230.0;SCXAN-2A;1069;-26.8619;-52.3931
SE;Sudeste/Centro-Oeste;AC;Acre;ACRE;ACCS;CRUZEIRO SUL;69.0;ACCS--0A;6992;-7.6924;-72.6386
SE;Sudeste/Centro-Oeste;AC;Acre;ACRE;ACCS;CRUZEIRO SUL;230.0;ACCS--2A;6990;-7.6924;-72.6386
SE;Sudeste/Centro-Oeste;AC;Acre;ACRE;ACFJ;FEIJO;69.0;ACFJ--0A;6991;-8.1918;-70.5546
SE;Sudeste/Centro-Oeste;AC;Acre;ACRE;ACFJ;FEIJO;230.0;ACFJ--2A;6980;-8.1918;-70.5546
SE;Sudeste/Centro-Oeste;AC;Acre;AXIA NORTE;ACRB;RIO BRANCO I;69.0;ACRB--0A;6952;-10.0107;-67.7298
SE;Sudeste/Centro-Oeste;AC;Acre;AXIA NORTE;ACRB;RIO BRANCO I;138.0;ACRB--1A;6951;-10.0107;-67.7298
SE;Sudeste/Centro-Oeste;AC;Acre;AXIA NORTE;ACRB;RIO BRANCO I;230.0;ACRB--2A;6950;-10.0107;-67.7298
SE;Sudeste/Centro-Oeste;AC;Acre;EDP NORTE;ACTC;TUCUMA;69.0;ACTC--0A;7032;-10.0440;-67.9352
SE;Sudeste/Centro-Oeste;AC;Acre;EDP NORTE;ACTC;TUCUMA;230.0;ACTC--2A;7031;-10.0440;-67.9352
SE;Sudeste/Centro-Oeste;DF;Distrito Federal;AXIA ENERGIA;DFSTBG;BRAS. GERAL;230.0;DFSTBG2A;227;-15.8127;-47.9514
SE;Sudeste/Centro-Oeste;DF;Distrito Federal;AXIA ENERGIA;DFSTBS;BRAS. SUL;138.0;DFSTBS1A;236;-15.8623;-48.0681
SE;Sudeste/Centro-Oeste;DF;Distrito Federal;AXIA ENERGIA;DFSTBS;BRAS. SUL;230.0;DFSTBS2A;228;-15.8623;-48.0681
SE;Sudeste/Centro-Oeste;DF;Distrito Federal;AXIA ENERGIA;DFSTBS;BRAS. SUL;345.0;DFSTBS3A;219;-15.8623;-48.0681
SE;Sudeste/Centro-Oeste;DF;Distrito Federal;VSBTE;DFSTBL;BRAS.LESTE;138.0;DFSTBL1A;3698;-15.8074;-47.7087
SE;Sudeste/Centro-Oeste;DF;Distrito Federal;VSBTE;DFSTBL;BRAS.LESTE;500.0;DFSTBL5A;3699;-15.8074;-47.7087
SE;Sudeste/Centro-Oeste;DF;Distrito Federal;AXIA ENERGIA;DFSTSB;SAMAMBAIA;138.0;DFSTSB1A;237;-15.9250;-48.1725
SE;Sudeste/Centro-Oeste;DF;Distrito Federal;AXIA ENERGIA;DFSTSB;SAMAMBAIA;345.0;DFSTSB3A;234;-15.9250;-48.1725
SE;Sudeste/Centro-Oeste;DF;Distrito Federal;AXIA ENERGIA;DFSTSB;SAMAMBAIA;500.0;DFSTSB5A;233;-15.9250;-48.1725
SE;Sudeste/Centro-Oeste;ES;Espírito Santo;IE ITAÚNAS;ESSJND;JOAO NEIVA 2;138.0;ESSJND1A;3036;-19.7741;-40.3935
SE;Sudeste/Centro-Oeste;ES;Espírito Santo;IE ITAÚNAS;ESSJND;JOAO NEIVA 2;345.0;ESSJND3A;3035;-19.7741;-40.3935
SE;Sudeste/Centro-Oeste;ES;Espírito Santo;IE ITAÚNAS;ESSJND;JOAO NEIVA 2;500.0;ESSJND5A;3034;-19.7741;-40.3935
SE;Sudeste/Centro-Oeste;ES;Espírito Santo;AXIA ENERGIA;ESLNR;LINHARES;138.0;ESLNR-1A;3024;-19.4028;-40.1072
SE;Sudeste/Centro-Oeste;ES;Espírito Santo;AXIA ENERGIA;ESLNR;LINHARES;230.0;ESLNR-2A;3022;-19.4028;-40.1072
SE;Sudeste/Centro-Oeste;ES;Espírito Santo;GRAUNA TR;ESSEMA;MASCARENHAS;138.0;ESSEMA1A;2655;-19.5032;-40.9182
SE;Sudeste/Centro-Oeste;ES;Espírito Santo;GRAUNA TR;ESSEMA;MASCARENHAS;230.0;ESSEMA2A;2654;-19.5032;-40.9182
SE;Sudeste/Centro-Oeste;ES;Espírito Santo;ETC CAPIXABA;ESSRNS;RIO NOVO SUL;138.0;ESSRNS1A;3033;-20.8579;-40.8832
SE;Sudeste/Centro-Oeste;ES;Espírito Santo;ETC CAPIXABA;ESSRNS;RIO NOVO SUL;345.0;ESSRNS3A;3032;-20.8579;-40.8832
SE;Sudeste/Centro-Oeste;ES;Espírito Santo;ETC CAPIXABA;ESSRNS;RIO NOVO SUL;500.0;ESSRNS5A;3061;-20.8579;-40.8832
SE;Sudeste/Centro-Oeste;ES;Espírito Santo;HORIZON TRANSMISSAO;ESSSMD;SAO MATEUS 2;138.0;ESSSMD1A;3030;-18.7516;-39.7663
SE;Sudeste/Centro-Oeste;ES;Espírito Santo;HORIZON TRANSMISSAO;ESSSMD;SAO MATEUS 2;230.0;ESSSMD2A;3029;-18.7516;-39.7663
SE;Sudeste/Centro-Oeste;ES;Espírito Santo;TEVISA;ESUTEV;UTE VIANA;345.0;ESUTEV3A;2590;-20.3740;-40.4293
SE;Sudeste/Centro-Oeste;ES;Espírito Santo;ETES;ESSTVE;VERONA;138.0;ESSTVE1A;2909;-18.7441;-40.4540
SE;Sudeste/Centro-Oeste;ES;Espírito Santo;ETES;ESSTVE;VERONA;230.0;ESSTVE2A;2910;-18.7441;-40.4540
SE;Sudeste/Centro-Oeste;ES;Espírito Santo;AXIA ENERGIA;ESSTAE;VIANA;138.0;ESSTAE1A;2619;-20.3700;-40.4367
SE;Sudeste/Centro-Oeste;ES;Espírito Santo;AXIA ENERGIA;ESSTAE;VIANA;345.0;ESSTAE3A;90;-20.3700;-40.4367
SE;Sudeste/Centro-Oeste;ES;Espírito Santo;MGE TRASMI;ESSTVD;VIANA 2;345.0;ESSTVD3A;3019;-20.3824;-40.5081
SE;Sudeste/Centro-Oeste;ES;Espírito Santo;MGE TRASMI;ESSTVD;VIANA 2;500.0;ESSTVD5A;3021;-20.3824;-40.5081
SE;Sudeste/Centro-Oeste;ES;Espírito Santo;AXIA ENERGIA;ESSTVT;VITORIA;138.0;ESSTVT1D;90056;-20.1935;-40.2931
SE;Sudeste/Centro-Oeste;ES;Espírito Santo;AXIA ENERGIA;ESSTVT;VITORIA;138.0;ESSTVT1C;90055;-20.1935;-40.2931
SE;Sudeste/Centro-Oeste;ES;Espírito Santo;AXIA ENERGIA;ESSTVT;VITORIA;138.0;ESSTVT1B;90054;-20.1935;-40.2931
SE;Sudeste/Centro-Oeste;ES;Espírito Santo;AXIA ENERGIA;ESSTVT;VITORIA;138.0;ESSTVT1E;44302;-20.1935;-40.2931
SE;Sudeste/Centro-Oeste;ES;Espírito Santo;AXIA ENERGIA;ESSTVT;VITORIA;138.0;ESSTVT1A;177;-20.1935;-40.2931
SE;Sudeste/Centro-Oeste;ES;Espírito Santo;AXIA ENERGIA;ESSTVT;VITORIA;345.0;ESSTVT3A;149;-20.1935;-40.2931
SE;Sudeste/Centro-Oeste;GO;Goiás;EDP GOIAS;GOALD;AGUAS LINDAS;69.0;GOALD-0A;2974;-15.7682;-48.2751
SE;Sudeste/Centro-Oeste;GO;Goiás;EDP GOIAS;GOALD;AGUAS LINDAS;230.0;GOALD-2A;2987;-15.7682;-48.2751
SE;Sudeste/Centro-Oeste;GO;Goiás;EDP GOIAS;GOANH;ANHANGUERA;69.0;GOANH-0B;762;-16.7905;-49.2347
SE;Sudeste/Centro-Oeste;GO;Goiás;EDP GOIAS;GOANH;ANHANGUERA;138.0;GOANH-1A;761;-16.7905;-49.2347
SE;Sudeste/Centro-Oeste;GO;Goiás;EDP GOIAS;GOANH;ANHANGUERA;230.0;GOANH-2A;760;-16.7905;-49.2347
SE;Sudeste/Centro-Oeste;GO;Goiás;GOYAZ;GOASO2;ASOLO 2;230.0;GOASO22A;45680;-17.9478;-49.8544
SE;Sudeste/Centro-Oeste;GO;Goiás;AXIA ENERGIA;GOSTBD;BANDEIRANTES;230.0;GOSTBD2A;226;-16.7932;-49.2340
SE;Sudeste/Centro-Oeste;GO;Goiás;AXIA ENERGIA;GOSTBD;BANDEIRANTES;345.0;GOSTBD3A;218;-16.7932;-49.2340
SE;Sudeste/Centro-Oeste;GO;Goiás;COQUEIROS;GOBCO;BAR.COQUEIROS;230.0;GOBCO-2A;9444;-18.7275;-50.9863
SE;Sudeste/Centro-Oeste;GO;Goiás;AXIA ENERGIA;GOSTBT;BARRO ALTO;69.0;GOSTBT0A;2980;-15.1194;-48.9259
SE;Sudeste/Centro-Oeste;GO;Goiás;AXIA ENERGIA;GOSTBT;BARRO ALTO;230.0;GOSTBT2A;229;-15.1194;-48.9259
SE;Sudeste/Centro-Oeste;GO;Goiás;ENELcdsa;GOUCD;C. DOURADA;138.0;GOUCD-1A;755;-18.5043;-49.4902
SE;Sudeste/Centro-Oeste;GO;Goiás;ENELcdsa;GOUCD;C. DOURADA;230.0;GOUCD-2A;749;-18.5043;-49.4902
SE;Sudeste/Centro-Oeste;GO;Goiás;ENGIE;GOUHCB;CANA BRAVA;230.0;GOUHCB2A;3965;-13.4024;-48.1433
SE;Sudeste/Centro-Oeste;GO;Goiás;EDP GOIAS;GOCJA;CARAJAS;138.0;GOCJA-1A;3715;-16.7192;-49.3525
SE;Sudeste/Centro-Oeste;GO;Goiás;EDP GOIAS;GOCJA;CARAJAS;230.0;GOCJA-2A;3714;-16.7192;-49.3525
SE;Sudeste/Centro-Oeste;GO;Goiás;AXIA ENERGIA;GOUSCB;CORUMBA;138.0;GOUSCB1A;3970;-17.9879;-48.5323
SE;Sudeste/Centro-Oeste;GO;Goiás;AXIA ENERGIA;GOUSCB;CORUMBA;345.0;GOUSCB3A;220;-17.9879;-48.5323
SE;Sudeste/Centro-Oeste;GO;Goiás;DAIA;GOENDA;DAIA;138.0;GOENDA1A;91601;-16.3964;-48.9304
SE;Sudeste/Centro-Oeste;GO;Goiás;TRANSENER RENOVAVEL;GOEDA;EDEIA;138.0;GOEDA-1A;2944;-17.2973;-49.9114
SE;Sudeste/Centro-Oeste;GO;Goiás;TRANSENER RENOVAVEL;GOEDA;EDEIA;230.0;GOEDA-2A;3018;-17.2973;-49.9114
SE;Sudeste/Centro-Oeste;GO;Goiás;EDP GOIAS;GOFIR;FIRMINOPOLIS;138.0;GOFIR-1A;780;-16.5921;-50.3279
SE;Sudeste/Centro-Oeste;GO;Goiás;EDP GOIAS;GOFIR;FIRMINOPOLIS;230.0;GOFIR-2A;2992;-16.5921;-50.3279
SE;Sudeste/Centro-Oeste;GO;Goiás;EDP GOIAS;GOGOL;GOIANIA LESTE;230.0;GOGOL-2A;763;-16.6839;-49.2359
SE;Sudeste/Centro-Oeste;GO;Goiás;COQUEIROS;GOIGU;ITAGUACU;230.0;GOIGU-2A;9441;-19.0083;-50.6712
SE;Sudeste/Centro-Oeste;GO;Goiás;COQUEIROS;GOIGU;ITAGUACU;500.0;GOIGU-5A;9440;-19.0083;-50.6712
SE;Sudeste/Centro-Oeste;GO;Goiás;EDP GOIAS;GOITP;ITAPACI;69.0;GOITP-0A;2989;-14.9448;-49.5238
SE;Sudeste/Centro-Oeste;GO;Goiás;EDP GOIAS;GOITP;ITAPACI;138.0;GOITP-1A;7070;-14.9448;-49.5238
SE;Sudeste/Centro-Oeste;GO;Goiás;EDP GOIAS;GOITP;ITAPACI;230.0;GOITP-2A;2988;-14.9448;-49.5238
SE;Sudeste/Centro-Oeste;GO;Goiás;TRANSENER RENOVAVEL;GOJAT;JATAI;138.0;GOJAT-1A;1081;-17.7862;-52.0911
SE;Sudeste/Centro-Oeste;GO;Goiás;TRANSENER RENOVAVEL;GOJAT;JATAI;230.0;GOJAT-2A;1084;-17.7862;-52.0911
SE;Sudeste/Centro-Oeste;GO;Goiás;FOZ DO RIO CLARO;GOFRCL;JLM.G.PEREIRA;230.0;GOUFRC2A;9457;-19.1171;-50.6457
SE;Sudeste/Centro-Oeste;GO;Goiás;SMTE;GOLUZI;LUZIANIA;138.0;GOLUZ-1A;3025;-16.3488;-47.8317
SE;Sudeste/Centro-Oeste;GO;Goiás;SMTE;GOLUZI;LUZIANIA;500.0;GOLUZI5A;3007;-16.3488;-47.8317
SE;Sudeste/Centro-Oeste;GO;Goiás;EQUATORIAL GOIÁS;GOMAJ;MARAJOARA;138.0;GOMAJ-1A;797;-22.7223;-43.6337
SE;Sudeste/Centro-Oeste;GO;Goiás;AXIA ENERGIA;GOSTNQ;NIQUELANDIA;69.0;GOSTNI0A;3762;-14.4725;-48.4899
SE;Sudeste/Centro-Oeste;GO;Goiás;AXIA ENERGIA;GOSTNQ;NIQUELANDIA;230.0;GOSTNQ2A;787;-14.4725;-48.4899
SE;Sudeste/Centro-Oeste;GO;Goiás;EDP GOIAS;GOPAL;PALMEIRAS;69.0;GOPAL-0A;2991;-16.7848;-49.9415
SE;Sudeste/Centro-Oeste;GO;Goiás;EDP GOIAS;GOPAL;PALMEIRAS;230.0;GOPAL-2A;2990;-16.7848;-49.9415
SE;Sudeste/Centro-Oeste;GO;Goiás;PALMEIRAS CEPASA;GOUTP;PALMEIRAS GO;230.0;GOUTP-2A;3725;-16.8060;-49.9150
SE;Sudeste/Centro-Oeste;GO;Goiás;EDP GOIAS;GOPRB;PARANAIBA;69.0;GOPRB-0A;2950;-18.3713;-49.2104
SE;Sudeste/Centro-Oeste;GO;Goiás;EDP GOIAS;GOPRB;PARANAIBA;230.0;GOPRB-2A;2978;-18.3713;-49.2104
SE;Sudeste/Centro-Oeste;GO;Goiás;AXIA ENERGIA;GOSTPP;PIRINEUS;230.0;GOSTPP2A;3723;-16.3853;-48.8666
SE;Sudeste/Centro-Oeste;GO;Goiás;AXIA ENERGIA;GOSTPP;PIRINEUS;345.0;GOSTPS3A;3518;-16.3853;-48.8666
SE;Sudeste/Centro-Oeste;GO;Goiás;EDP GOIAS;GOPRS;PIRINEUS CELG;138.0;GOPRS-1A;3724;-16.3846;-48.8663
SE;Sudeste/Centro-Oeste;GO;Goiás;EDP GOIAS;GOPRS;PIRINEUS CELG;230.0;GOPRS-2A;91438;-16.3846;-48.8663
SE;Sudeste/Centro-Oeste;GO;Goiás;EDP GOIAS;GOPLA;PLANALTO;69.0;GOPLA-0A;2951;-17.8124;-49.2312
SE;Sudeste/Centro-Oeste;GO;Goiás;EDP GOIAS;GOPLA;PLANALTO;230.0;GOPLA-2A;790;-17.8124;-49.2312
SE;Sudeste/Centro-Oeste;GO;Goiás;TRANSENER RENOVAVEL;GOQUI2;QUIRINOPOLIS2;138.0;GOQUI21A;9461;-18.4854;-50.5772
SE;Sudeste/Centro-Oeste;GO;Goiás;TRANSENER RENOVAVEL;GOQUI2;QUIRINOPOLIS2;230.0;GOQUI22A;9450;-18.4854;-50.5772
SE;Sudeste/Centro-Oeste;GO;Goiás;ITE;GOID;R.VERDE NORTE;230.0;GORVN-2A;7079;-17.7226;-50.8626
SE;Sudeste/Centro-Oeste;GO;Goiás;ITE;GOID;R.VERDE NORTE;500.0;GOID--5A;4531;-17.7226;-50.8626
SE;Sudeste/Centro-Oeste;GO;Goiás;MEZ 3 ENERGIA;GOCL2;RIO CLARO 2;138.0;GOCL2-1A;3502;-17.6296;-51.6889
SE;Sudeste/Centro-Oeste;GO;Goiás;MEZ 3 ENERGIA;GOCL2;RIO CLARO 2;230.0;GOCL2-2A;3501;-17.6296;-51.6889
SE;Sudeste/Centro-Oeste;GO;Goiás;AXIA ENERGIA;GOSTRV;RIO VERDE FUR;138.0;GOSTRV1A;238;-17.7611;-50.8836
SE;Sudeste/Centro-Oeste;GO;Goiás;AXIA ENERGIA;GOSTRV;RIO VERDE FUR;230.0;GOSTRV2A;231;-17.7611;-50.8836
SE;Sudeste/Centro-Oeste;GO;Goiás;AXIA ENERGIA;GOSTSM;S.DA MESA;138.0;GOSTSM1A;239;-13.8228;-48.2990
SE;Sudeste/Centro-Oeste;GO;Goiás;AXIA ENERGIA;GOSTSM;S.DA MESA;230.0;GOSTSM2A;230;-13.8228;-48.2990
SE;Sudeste/Centro-Oeste;GO;Goiás;AXIA ENERGIA;GOSTSM;S.DA MESA;500.0;GOSTSM5A;235;-13.8228;-48.2990
SE;Sudeste/Centro-Oeste;GO;Goiás;CBA;GOSV;S.R.VERDINHO;230.0;GOSRV-2A;9459;-19.1427;-50.7539
SE;Sudeste/Centro-Oeste;GO;Goiás;RIO VERDE;GOST;SALTO;230.0;GOUHST2A;9460;-18.8082;-51.1710
SE;Sudeste/Centro-Oeste;GO;Goiás;INTESA;GOSME2;SERRA MESA 2;500.0;GOSME25A;299;-13.7657;-48.0464
SE;Sudeste/Centro-Oeste;GO;Goiás;SILVANIA;GOSILN;SILVANIA;500.0;GOSILN5A;7536;-16.5834;-48.3038
SE;Sudeste/Centro-Oeste;GO;Goiás;EQUATORIAL GOIÁS;GOSMG;STA.MARIA CELG;138.0;GOSMG-1A;757;-16.0286;-48.0362
SE;Sudeste/Centro-Oeste;GO;Goiás;GOIAS TRASMI;GOTRI;TRINDADE;230.0;GOTRI-2A;4571;-16.6196;-49.5777
SE;Sudeste/Centro-Oeste;GO;Goiás;GOIAS TRASMI;GOTRI;TRINDADE;500.0;GOTRI-5A;4570;-16.6196;-49.5777
SE;Sudeste/Centro-Oeste;GO;Goiás;KINROSS;GOUHBC;UH BCOQUEIROS;230.0;GOUHBC2A;90078;-18.7217;-51.0028
SE;Sudeste/Centro-Oeste;GO;Goiás;KINROSS;GOCACU;UHE CACU;230.0;GOUCAC2A;9458;-18.5306;-51.1478
SE;Sudeste/Centro-Oeste;GO;Goiás;EDP GOIAS;GOXAV;XAVANTES;138.0;GOXAV-1A;768;-16.5812;-49.2593
SE;Sudeste/Centro-Oeste;GO;Goiás;EDP GOIAS;GOXAV;XAVANTES;230.0;GOXAV-2A;766;-16.5812;-49.2593
SE;Sudeste/Centro-Oeste;MG;Minas Gerais;ALIANÇA;MGAIMO;AIMORES;230.0;MGAIMO2C;90102;-19.4571;-41.0980
SE;Sudeste/Centro-Oeste;MG;Minas Gerais;ALIANÇA;MGAIMO;AIMORES;230.0;MGAIMO2A;90100;-19.4571;-41.0980
SE;Sudeste/Centro-Oeste;MG;Minas Gerais;ALIANÇA;MGAIMO;AIMORES;230.0;MGAIMO2B;90101;-19.4571;-41.0980
SE;Sudeste/Centro-Oeste;MG;Minas Gerais;GRAUNA TR;MGAISE;AIMORES-SE;230.0;MGAISE2A;4043;-19.5000;-41.0235
SE;Sudeste/Centro-Oeste;MG;Minas Gerais;APERAM;MGACES;APERAM;230.0;MGACES2A;1596;-19.5343;-42.6375
SE;Sudeste/Centro-Oeste;MG;Minas Gerais;TRANSIRAPÉ;MGACU2;ARACUAI 2;138.0;MGACU21A;4081;-16.8350;-42.0201
SE;Sudeste/Centro-Oeste;MG;Minas Gerais;TRANSIRAPÉ;MGACU2;ARACUAI 2;230.0;MGACU22A;4070;-16.8350;-42.0201
SE;Sudeste/Centro-Oeste;MG;Minas Gerais;IE MINAS GERAIS;MGARX3;ARAXA 3;138.0;MGARX31A;7411;-19.7119;-46.9974
SE;Sudeste/Centro-Oeste;MG;Minas Gerais;IE MINAS GERAIS;MGARX3;ARAXA 3;345.0;MGARX33A;7410;-19.7119;-46.9974
SE;Sudeste/Centro-Oeste;MG;Minas Gerais;ARGO IX;MGARI2;ARINOS 2;500.0;MGARI25A;4349;-15.7515;-45.9715
SE;Sudeste/Centro-Oeste;MG;Minas Gerais;CEMIG GT;MGBDE3;B.DESPACHO 3;500.0;MGBDE35A;4050;-19.7934;-45.3113
SE;Sudeste/Centro-Oeste;MG;Minas Gerais;BAGUARI I GERAÇÃO;MGUBAG;BAGUARI;230.0;MGUBAG2C;90200;-19.0216;-42.1249
SE;Sudeste/Centro-Oeste;MG;Minas Gerais;BAGUARI I GERAÇÃO;MGUBAG;BAGUARI;230.0;MGUBAG2D;90201;-19.0216;-42.1249
SE;Sudeste/Centro-Oeste;MG;Minas Gerais;BAGUARI I GERAÇÃO;MGUBAG;BAGUARI;230.0;MGUBAG2B;90199;-19.0216;-42.1249
SE;Sudeste/Centro-Oeste;MG;Minas Gerais;BAGUARI I GERAÇÃO;MGUBAG;BAGUARI;230.0;MGUBAG2A;93480;-19.0216;-42.1249
SE;Sudeste/Centro-Oeste;MG;Minas Gerais;CEMIG GT;MGBGR;BAGUARI-SE;230.0;MGBGR-2A;1495;-19.0132;-42.1233
SE;Sudeste/Centro-Oeste;MG;Minas Gerais;CEMIG GT;MGCVBC;BARAO COCAIS3;230.0;MGCVBC2A;9004;-19.8530;-43.4415
SE;Sudeste/Centro-Oeste;MG;Minas Gerais;CEMIG GT;MGBARB;BARBACENA 2;138.0;MGBARB1A;309;-21.1863;-43.7545
SE;Sudeste/Centro-Oeste;MG;Minas Gerais;CEMIG GT;MGBARB;BARBACENA 2;345.0;MGBARB3A;308;-21.1863;-43.7545
SE;Sudeste/Centro-Oeste;MG;Minas Gerais;CEMIG GT;MGBARR;BARREIRO 1;138.0;MGBARR1A;314;-20.0004;-43.9912
SE;Sudeste/Centro-Oeste;MG;Minas Gerais;CEMIG GT;MGBARR;BARREIRO 1;345.0;MGBARR3A;313;-20.0004;-43.9912
SE;Sudeste/Centro-Oeste;MG;Minas Gerais;AXIA ENERGIA;MGSTBB;BARRO BRANCO;345.0;MGSTBB3A;4040;-20.4322;-43.3181
SE;Sudeste/Centro-Oeste;MG;Minas Gerais;MANTIQUEIRA TRANSMIS;MGBET;BETIM 6;138.0;MGBET-1A;4339;-19.8940;-44.2371
SE;Sudeste/Centro-Oeste;MG;Minas Gerais;MANTIQUEIRA TRANSMIS;MGBET;BETIM 6;345.0;MGBET-3A;4337;-19.8940;-44.2371
SE;Sudeste/Centro-Oeste;MG;Minas Gerais;MANTIQUEIRA TRANSMIS;MGBRAU;BRAUNAS;138.0;MGBRAU1A;9064;-19.1143;-42.7294
SE;Sudeste/Centro-Oeste;MG;Minas Gerais;MANTIQUEIRA TRANSMIS;MGBRAU;BRAUNAS;161.0;MGBRAU1B;9063;-19.1143;-42.7294
SE;Sudeste/Centro-Oeste;MG;Minas Gerais;MANTIQUEIRA TRANSMIS;MGBRAU;BRAUNAS;230.0;MGBRAU2A;9051;-19.1143;-42.7294
SE;Sudeste/Centro-Oeste;MG;Minas Gerais;ISA ENERGIA BRASIL;MGCAP3;CAPELINHA 3;500.0;MGCAP35A;7823;-17.7243;-42.4471
SE;Sudeste/Centro-Oeste;MG;Minas Gerais;BOA SORTE 9;MGBST2;COL BOA SORTE 2;500.0;MGBST25A;45751;;
SE;Sudeste/Centro-Oeste;MG;Minas Gerais;CEMIG GT;MGCPEN;CONSE. PENA;69.0;MGCPEN0C;9014;-19.1803;-41.4826
SE;Sudeste/Centro-Oeste;MG;Minas Gerais;CEMIG GT;MGCPEN;CONSE. PENA;230.0;MGCPEN2A;319;-19.1803;-41.4826
SE;Sudeste/Centro-Oeste;MG;Minas Gerais;CEMIG GT;MGEMBO;EMBORCACAO;138.0;MGEMBO1A;321;-18.4572;-47.9867
SE;Sudeste/Centro-Oeste;MG;Minas Gerais;CEMIG GT;MGEMBO;EMBORCACAO;500.0;MGEMBO5A;320;-18.4572;-47.9867
SE;Sudeste/Centro-Oeste;MG;Minas Gerais;LTT;MGSTES;ESTREITO;345.0;MGSTES3A;3012;-20.2587;-47.1779
SE;Sudeste/Centro-Oeste;MG;Minas Gerais;LTT;MGSTES;ESTREITO;500.0;MGSTES5A;3010;-20.2587;-47.1779
SE;Sudeste/Centro-Oeste;MG;Minas Gerais;LTT;MGSTES;ESTREITO;800.0;MGEST-8A;93385;-20.2587;-47.1779
SE;Sudeste/Centro-Oeste;MG;Minas Gerais;AXIA ENERGIA;MGUSFU;FURNAS;138.0;MGUSFU1A;;-20.6692;-46.3183
SE;Sudeste/Centro-Oeste;MG;Minas Gerais;AXIA ENERGIA;MGUSFU;FURNAS;345.0;MGUSFU3A;136;-20.6692;-46.3183
SE;Sudeste/Centro-Oeste;MG;Minas Gerais;CEMIG GT;MGGVAL;G.VALADARES 2;138.0;MGGVAL1A;348;-18.8498;-41.9801
SE;Sudeste/Centro-Oeste;MG;Minas Gerais;CEMIG GT;MGGVAL;G.VALADARES 2;230.0;MGGVAL2A;394;-18.8498;-41.9801
SE;Sudeste/Centro-Oeste;MG;Minas Gerais;PARAÍSO TPE;MGGVA6;G.VALADARES 6;230.0;MGGVA62A;4358;-18.8101;-41.9716
SE;Sudeste/Centro-Oeste;MG;Minas Gerais;PARAÍSO TPE;MGGVA6;G.VALADARES 6;500.0;MGGVA65A;4352;-18.8101;-41.9716
SE;Sudeste/Centro-Oeste;MG;Minas Gerais;ISA ENERGIA BRASIL;MGGOB;GERDAU O.BRANCO;345.0;MGGOB-3A;45595;-20.5351;-43.7292
SE;Sudeste/Centro-Oeste;MG;Minas Gerais;CEMIG GT;MGGASE;GUIL AMORIM-SE;230.0;MGGASE2A;1529;-19.6750;-42.9236
SE;Sudeste/Centro-Oeste;MG;Minas Gerais;GUILMAN AMORIM;MGGUIL;GUILMA AMORIM;230.0;MGGUIL2A;90659;-19.7083;-42.9600
SE;Sudeste/Centro-Oeste;MG;Minas Gerais;CEMIG GT;MGIPAT;IPATINGA 1;138.0;MGIPAT1B;1535;-19.4389;-42.5576
SE;Sudeste/Centro-Oeste;MG;Minas Gerais;CEMIG GT;MGIPAT;IPATINGA 1;230.0;MGIPAT2A;1530;-19.4389;-42.5576
SE;Sudeste/Centro-Oeste;MG;Minas Gerais;TRANSLESTE;MGIRAE;IRAPE-SE;230.0;MGIRAE2A;4071;-16.7297;-42.5708
SE;Sudeste/Centro-Oeste;MG;Minas Gerais;TRANSLESTE;MGIRAE;IRAPE-SE;345.0;MGIRAE3A;4065;-16.7297;-42.5708
SE;Sudeste/Centro-Oeste;MG;Minas Gerais;CEMIG GT;MGITAB;ITABIRA 2;69.0;MGITAB0A;1537;-19.5955;-43.1998
SE;Sudeste/Centro-Oeste;MG;Minas Gerais;CEMIG GT;MGITAB;ITABIRA 2;230.0;MGITAB2A;1534;-19.5955;-43.1998
SE;Sudeste/Centro-Oeste;MG;Minas Gerais;CEMIG GT;MGITB4;ITABIRA 4;230.0;MGITB42A;9024;-19.6028;-43.2855
SE;Sudeste/Centro-Oeste;MG;Minas Gerais;MANTIQUEIRA TRANSMIS;MGITB5;ITABIRA 5;230.0;MGITB52A;4076;-19.6000;-43.3340
SE;Sudeste/Centro-Oeste;MG;Minas Gerais;MANTIQUEIRA TRANSMIS;MGITB5;ITABIRA 5;500.0;MGITB55A;4075;-19.6000;-43.3340
SE;Sudeste/Centro-Oeste;MG;Minas Gerais;MONTES CLAROS;MGITB2;ITABIRITO 2;345.0;MGITB23A;9017;-20.3286;-43.7850
SE;Sudeste/Centro-Oeste;MG;Minas Gerais;MONTES CLAROS;MGITB2;ITABIRITO 2;500.0;MGITB25A;9016;-20.3286;-43.7850
SE;Sudeste/Centro-Oeste;MG;Minas Gerais;CEMIG GT;MGITJ3;ITAJUBA 3;138.0;MGITJ31A;1504;-22.4679;-45.5154
SE;Sudeste/Centro-Oeste;MG;Minas Gerais;CEMIG GT;MGITJ3;ITAJUBA 3;500.0;MGITJ35A;1503;-22.4679;-45.5154
SE;Sudeste/Centro-Oeste;MG;Minas Gerais;AXIA ENERGIA;MGUSIM;ITUMBIARA;230.0;MGUSIM2A;225;-18.4236;-49.1183
SE;Sudeste/Centro-Oeste;MG;Minas Gerais;AXIA ENERGIA;MGUSIM;ITUMBIARA;345.0;MGUSIM3A;217;-18.4236;-49.1183
SE;Sudeste/Centro-Oeste;MG;Minas Gerais;AXIA ENERGIA;MGUSIM;ITUMBIARA;500.0;MGUSIM5A;210;-18.4236;-49.1183
SE;Sudeste/Centro-Oeste;MG;Minas Gerais;AXIA ENERGIA;MGSTIT;ITUTINGA;345.0;MGSTIT3A;138;-21.2963;-44.6292
SE;Sudeste/Centro-Oeste;MG;Minas Gerais;CEMIG GT;MGITSE;ITUTINGA-SE;138.0;MGITSE1A;323;-21.2962;-44.6291
SE;Sudeste/Centro-Oeste;MG;Minas Gerais;CEMIG GT;MGITSE;ITUTINGA-SE;345.0;MGITSE3A;7442;-21.2962;-44.6291
SE;Sudeste/Centro-Oeste;MG;Minas Gerais;CEMIG ITUTINGA;MGITUT;ITUTINGA-US;138.0;MGITUT1A;93061;-21.2921;-44.6253
SE;Sudeste/Centro-Oeste;MG;Minas Gerais;CEMIG GT;MGJMON;J.MONLEVADE 2;230.0;MGJMON2A;1520;-19.8168;-43.1347
SE;Sudeste/Centro-Oeste;MG;Minas Gerais;MANTIQUEIRA TRANSMIS;MGJMO4;J.MONLEVADE 4;69.0;MGJMO40A;4326;-19.8086;-43.1073
SE;Sudeste/Centro-Oeste;MG;Minas Gerais;MANTIQUEIRA TRANSMIS;MGJMO4;J.MONLEVADE 4;230.0;MGJMO42A;4331;-19.8086;-43.1073
SE;Sudeste/Centro-Oeste;MG;Minas Gerais;CEMIG GT;MGJGSE;JAGUARA-345;138.0;MGJGSE1A;330;-20.0188;-47.4381
SE;Sudeste/Centro-Oeste;MG;Minas Gerais;CEMIG GT;MGJGSE;JAGUARA-345;345.0;MGJGSE3A;326;-20.0188;-47.4381
SE;Sudeste/Centro-Oeste;MG;Minas Gerais;CEMIG GT;MGJGS1;JAGUARA-500;345.0;MGJGSE32;91394;-20.0130;-47.4382
SE;Sudeste/Centro-Oeste;MG;Minas Gerais;CEMIG GT;MGJGS1;JAGUARA-500;345.0;MGJGSE33;91395;-20.0130;-47.4382
SE;Sudeste/Centro-Oeste;MG;Minas Gerais;CEMIG GT;MGJGS1;JAGUARA-500;345.0;MGJGSE31;91322;-20.0130;-47.4382
SE;Sudeste/Centro-Oeste;MG;Minas Gerais;CEMIG GT;MGJGS1;JAGUARA-500;500.0;MGJGSE51;325;-20.0130;-47.4382
SE;Sudeste/Centro-Oeste;MG;Minas Gerais;SOLARIS;MGJAB;JAIBA;138.0;MGJAB-1A;4391;-15.2928;-43.7153
SE;Sudeste/Centro-Oeste;MG;Minas Gerais;SOLARIS;MGJAB;JAIBA;230.0;MGJAB-2A;3389;-15.2928;-43.7153
SE;Sudeste/Centro-Oeste;MG;Minas Gerais;SOLARIS;MGJAB;JAIBA;500.0;MGJAB-5A;7816;-15.2928;-43.7153
SE;Sudeste/Centro-Oeste;MG;Minas Gerais;MANTIQUEIRA TRANSMIS;MGJBA3;JANAUBA 3;138.0;MGJBA31A;4312;-15.9228;-43.3270
SE;Sudeste/Centro-Oeste;MG;Minas Gerais;MANTIQUEIRA TRANSMIS;MGJBA3;JANAUBA 3;230.0;MGJBA32A;4311;-15.9228;-43.3270
SE;Sudeste/Centro-Oeste;MG;Minas Gerais;MANTIQUEIRA TRANSMIS;MGJBA3;JANAUBA 3;500.0;MGJBA35A;4350;-15.9228;-43.3270
SE;Sudeste/Centro-Oeste;MG;Minas Gerais;ISA ENERGIA BRASIL;MGJBA6;JANAUBA 6;500.0;MGJBA65A;7818;-16.1647;-43.5739
SE;Sudeste/Centro-Oeste;MG;Minas Gerais;CEMIG GT;MGVSB;JECEABA;345.0;MGVSB-3A;9013;-20.5836;-43.9700
SE;Sudeste/Centro-Oeste;MG;Minas Gerais;CEMIG GT;MGJFOR;JUIZ DE FORA1;138.0;MGJFOR1A;332;-21.7111;-43.4028
SE;Sudeste/Centro-Oeste;MG;Minas Gerais;CEMIG GT;MGJFOR;JUIZ DE FORA1;345.0;MGJFOR3A;331;-21.7111;-43.4028
SE;Sudeste/Centro-Oeste;MG;Minas Gerais;CEMIG GT;MGLAFA;LAFAIETE 1;138.0;MGLAFA1A;337;-20.6635;-43.8229
SE;Sudeste/Centro-Oeste;MG;Minas Gerais;CEMIG GT;MGLAFA;LAFAIETE 1;345.0;MGLAFA3A;336;-20.6635;-43.8229
SE;Sudeste/Centro-Oeste;MG;Minas Gerais;RIO-MINAS SPE;MGLPD2;LEOPOLDINA2;138.0;MGLPD21A;7402;-21.4646;-42.6985
SE;Sudeste/Centro-Oeste;MG;Minas Gerais;RIO-MINAS SPE;MGLPD2;LEOPOLDINA2;345.0;MGLPD23A;7401;-21.4646;-42.6985
SE;Sudeste/Centro-Oeste;MG;Minas Gerais;AXIA ENERGIA;MGUSMM;M. MORAES;138.0;MGUSMM1A;187;-20.2863;-47.0644
SE;Sudeste/Centro-Oeste;MG;Minas Gerais;AXIA ENERGIA;MGUSMM;M. MORAES;345.0;MGUSMM3A;131;-20.2863;-47.0644
SE;Sudeste/Centro-Oeste;MG;Minas Gerais;AXIA ENERGIA;MGUSMR;MARIMBONDO;345.0;MGUSMR3A;213;-20.3030;-49.1977
SE;Sudeste/Centro-Oeste;MG;Minas Gerais;AXIA ENERGIA;MGUSMR;MARIMBONDO;500.0;MGUSMR5A;100;-20.3030;-49.1977
SE;Sudeste/Centro-Oeste;MG;Minas Gerais;GTE;MGMR2;MARIMBONDO II;500.0;MGMR2-5A;4598;-20.2547;-49.2222
SE;Sudeste/Centro-Oeste;MG;Minas Gerais;CEMIG GT;MGMESQ;MESQUITA;230.0;MGMESQ2A;345;-19.4167;-42.5486
SE;Sudeste/Centro-Oeste;MG;Minas Gerais;CEMIG GT;MGMESQ;MESQUITA;500.0;MGMESQ5A;344;-19.4167;-42.5486
SE;Sudeste/Centro-Oeste;MG;Minas Gerais;IE MINAS GERAIS;MGMAM2;MONTE ALEGRE2;138.0;MGMAM21A;7409;-18.7971;-49.0033
SE;Sudeste/Centro-Oeste;MG;Minas Gerais;IE MINAS GERAIS;MGMAM2;MONTE ALEGRE2;345.0;MGMAM23A;7408;-18.7971;-49.0033
SE;Sudeste/Centro-Oeste;MG;Minas Gerais;CEMIG GT;MGMCL2;MONTESCLAROS2;138.0;MGMCL21A;342;-16.6700;-43.8253
SE;Sudeste/Centro-Oeste;MG;Minas Gerais;CEMIG GT;MGMCL2;MONTESCLAROS2;345.0;MGMCL23A;341;-16.6700;-43.8253
SE;Sudeste/Centro-Oeste;MG;Minas Gerais;TCC CAMINHO DO CAFÉ;MGMTUM;MUTUM;500.0;MGMTUM5A;4353;-19.8955;-41.4482
SE;Sudeste/Centro-Oeste;MG;Minas Gerais;CEMIG GT;MGNEVE;NEVES 1;138.0;MGNEVE1A;353;-19.8233;-44.1035
SE;Sudeste/Centro-Oeste;MG;Minas Gerais;CEMIG GT;MGNEVE;NEVES 1;345.0;MGNEVE3A;350;-19.8233;-44.1035
SE;Sudeste/Centro-Oeste;MG;Minas Gerais;CEMIG GT;MGNEVE;NEVES 1;500.0;MGNEVE5A;349;-19.8233;-44.1035
SE;Sudeste/Centro-Oeste;MG;Minas Gerais;CEMIG GT;MGNERA;NOVA ERA 2;230.0;MGNERA2A;1545;-19.7037;-43.0472
SE;Sudeste/Centro-Oeste;MG;Minas Gerais;CEMIG GT;MGVARG;NOVA LIMA 6;345.0;MGVARG3A;9015;-20.1910;-43.8639
SE;Sudeste/Centro-Oeste;MG;Minas Gerais;CEMIG GT;MGNPON;NOVA PONTE;345.0;MGNPON3A;7407;-19.1296;-47.6970
SE;Sudeste/Centro-Oeste;MG;Minas Gerais;CEMIG GT;MGNPON;NOVA PONTE;500.0;MGNPON5A;360;-19.1296;-47.6970
SE;Sudeste/Centro-Oeste;MG;Minas Gerais;NEO ALTO PARANAIBA;MGNP3;NOVA PONTE 3;500.0;MGNP3-5A;7820;-19.3443;-47.7063
SE;Sudeste/Centro-Oeste;MG;Minas Gerais;CEMIG GT;MGOPR2;OURO PRETO 2;138.0;MGOPR21A;386;-20.2975;-43.7586
SE;Sudeste/Centro-Oeste;MG;Minas Gerais;CEMIG GT;MGOPR2;OURO PRETO 2;345.0;MGOPR23A;385;-20.2975;-43.7586
SE;Sudeste/Centro-Oeste;MG;Minas Gerais;CEMIG GT;MGOPR2;OURO PRETO 2;500.0;MGOPR25A;384;-20.2975;-43.7586
SE;Sudeste/Centro-Oeste;MG;Minas Gerais;AXIA ENERGIA;MGUSCL;P. COLOMBIA;138.0;MGUSCL1A;190;-20.1242;-48.5719
SE;Sudeste/Centro-Oeste;MG;Minas Gerais;AXIA ENERGIA;MGUSCL;P. COLOMBIA;345.0;MGUSCL3A;216;-20.1242;-48.5719
SE;Sudeste/Centro-Oeste;MG;Minas Gerais;MANTIQUEIRA TRANSMIS;MGPJU;P. JUSCELINO;345.0;MGPJU-3A;4333;-18.6720;-44.0917
SE;Sudeste/Centro-Oeste;MG;Minas Gerais;MANTIQUEIRA TRANSMIS;MGPJU;P. JUSCELINO;500.0;MGPJU-5A;4332;-18.6720;-44.0917
SE;Sudeste/Centro-Oeste;MG;Minas Gerais;MONTES CLAROS;MGPDF;PADRE FIALHO;138.0;MGPDF-1A;3338;-20.3539;-42.3570
SE;Sudeste/Centro-Oeste;MG;Minas Gerais;MONTES CLAROS;MGPDF;PADRE FIALHO;345.0;MGPDF-3A;3344;-20.3539;-42.3570
SE;Sudeste/Centro-Oeste;MG;Minas Gerais;SMTE;MGPAT4;PARACATU 4;138.0;MGPAT41A;4066;-17.0693;-47.1128
SE;Sudeste/Centro-Oeste;MG;Minas Gerais;SMTE;MGPAT4;PARACATU 4;500.0;MGPAT45A;3008;-17.0693;-47.1128
SE;Sudeste/Centro-Oeste;MG;Minas Gerais;PARAÍSO TPE;MGPPA2;PE. PARAISO 2;500.0;MGPPA25A;4351;-17.0091;-41.4823
SE;Sudeste/Centro-Oeste;MG;Minas Gerais;CEMIG GT;MGPIME;PIMENTA;138.0;MGPIME1A;368;-20.4681;-45.7936
SE;Sudeste/Centro-Oeste;MG;Minas Gerais;CEMIG GT;MGPIME;PIMENTA;345.0;MGPIME3A;367;-20.4681;-45.7936
SE;Sudeste/Centro-Oeste;MG;Minas Gerais;SPTE;MGPIRD;PIRAPORA 2;138.0;MGPIRD1A;1569;-17.3387;-44.8700
SE;Sudeste/Centro-Oeste;MG;Minas Gerais;SPTE;MGPIRD;PIRAPORA 2;345.0;MGPIRD3A;4051;-17.3387;-44.8700
SE;Sudeste/Centro-Oeste;MG;Minas Gerais;SPTE;MGPIRD;PIRAPORA 2;500.0;MGPIRD5A;4049;-17.3387;-44.8700
SE;Sudeste/Centro-Oeste;MG;Minas Gerais;AXIA ENERGIA;MGSTPC;POCOS CALDAS;138.0;MGSTPC1A;170;-21.7978;-46.6132
SE;Sudeste/Centro-Oeste;MG;Minas Gerais;AXIA ENERGIA;MGSTPC;POCOS CALDAS;345.0;MGSTPC3A;120;-21.7978;-46.6132
SE;Sudeste/Centro-Oeste;MG;Minas Gerais;AXIA ENERGIA;MGSTPC;POCOS CALDAS;500.0;MGSTPC5A;102;-21.7978;-46.6132
SE;Sudeste/Centro-Oeste;MG;Minas Gerais;PORTO ESTRELA;MGPORT;PORTO ESTRELA;230.0;MGPORT2A;1592;-19.1159;-42.6625
SE;Sudeste/Centro-Oeste;MG;Minas Gerais;ALTO SERTAO TRANS;MGSDA2;S. DAS ALMAS II;500.0;MGSDA25A;44504;-14.8613;-42.7702
SE;Sudeste/Centro-Oeste;MG;Minas Gerais;CEMIG GT;MGSGPA;S. G. DO PARA;138.0;MGSGPA1A;377;-20.0731;-44.8410
SE;Sudeste/Centro-Oeste;MG;Minas Gerais;CEMIG GT;MGSGPA;S. G. DO PARA;500.0;MGSGPA5A;378;-20.0731;-44.8410
SE;Sudeste/Centro-Oeste;MG;Minas Gerais;CEMIG GT;MGSAB3;SABARA 3;230.0;MGSAB32A;1497;-19.8674;-43.7356
SE;Sudeste/Centro-Oeste;MG;Minas Gerais;ESDE;MGSDU;SANT.DUMONT 2;138.0;MGSDU-1A;4095;-21.4738;-43.5334
SE;Sudeste/Centro-Oeste;MG;Minas Gerais;ESDE;MGSDU;SANT.DUMONT 2;345.0;MGSDU-3A;4098;-21.4738;-43.5334
SE;Sudeste/Centro-Oeste;MG;Minas Gerais;CEMIG GT;MGSGOT;SAO GOTARDO 2;138.0;MGSGOT1A;9049;-19.3374;-46.0142
SE;Sudeste/Centro-Oeste;MG;Minas Gerais;CEMIG GT;MGSGOT;SAO GOTARDO 2;345.0;MGSGOT3A;391;-19.3374;-46.0142
SE;Sudeste/Centro-Oeste;MG;Minas Gerais;CEMIG GT;MGSGOT;SAO GOTARDO 2;500.0;MGSGOT5A;390;-19.3374;-46.0142
SE;Sudeste/Centro-Oeste;MG;Minas Gerais;CEMIG GT;MGSSSE;SAO SIMAO-SE;500.0;MGSSSE5A;370;-19.0221;-50.4916
SE;Sudeste/Centro-Oeste;MG;Minas Gerais;SSIMAO ENERGIA;MGSSUS;SAO SIMAO-US;500.0;MGSSUS5B;95311;-19.0183;-50.4986
SE;Sudeste/Centro-Oeste;MG;Minas Gerais;SSIMAO ENERGIA;MGSSUS;SAO SIMAO-US;500.0;MGSSUS5E;95331;-19.0183;-50.4986
SE;Sudeste/Centro-Oeste;MG;Minas Gerais;MANTIQUEIRA TRANSMIS;MGSAR;SARZEDO;345.0;MGSAR-3A;4338;-20.0436;-44.1748
SE;Sudeste/Centro-Oeste;MG;Minas Gerais;SETE LAGOAS;MGSLA4;SETE LAGOAS 4;138.0;MGSLA41A;1478;-19.5174;-44.3244
SE;Sudeste/Centro-Oeste;MG;Minas Gerais;SETE LAGOAS;MGSLA4;SETE LAGOAS 4;345.0;MGSLA43A;1475;-19.5174;-44.3244
SE;Sudeste/Centro-Oeste;MG;Minas Gerais;CEMIG GT;MGTAQU;TAQUARIL;138.0;MGTAQU1A;376;-19.9314;-43.8519
SE;Sudeste/Centro-Oeste;MG;Minas Gerais;CEMIG GT;MGTAQU;TAQUARIL;230.0;MGTAQU2A;373;-19.9314;-43.8519
SE;Sudeste/Centro-Oeste;MG;Minas Gerais;CEMIG GT;MGTAQU;TAQUARIL;345.0;MGTAQU3A;372;-19.9314;-43.8519
SE;Sudeste/Centro-Oeste;MG;Minas Gerais;CEMIG GT;MGTIMO;TIMOTEO 1;230.0;MGTIMO2A;91949;-19.5379;-42.6363
SE;Sudeste/Centro-Oeste;MG;Minas Gerais;TIMOTEO MESQUITA;MGTIM2;TIMOTEO 2;69.0;MGTIM20A;4313;-19.5355;-42.6036
SE;Sudeste/Centro-Oeste;MG;Minas Gerais;TIMOTEO MESQUITA;MGTIM2;TIMOTEO 2;230.0;MGTIM22A;4072;-19.5355;-42.6036
SE;Sudeste/Centro-Oeste;MG;Minas Gerais;CEMIG GT;MGTMSE;TRES MARIAS-SE;138.0;MGTMSE1A;382;-18.2125;-45.2566
SE;Sudeste/Centro-Oeste;MG;Minas Gerais;CEMIG GT;MGTMSE;TRES MARIAS-SE;289.0;MGTMSE2A;381;-18.2125;-45.2566
SE;Sudeste/Centro-Oeste;MG;Minas Gerais;CEMIG GT;MGTMSE;TRES MARIAS-SE;345.0;MGTMSE3A;380;-18.2125;-45.2566
SE;Sudeste/Centro-Oeste;MG;Minas Gerais;IE MINAS GERAIS;MGUB10;UBERLANDIA 10;138.0;MGUB101A;7413;-18.9508;-48.0862
SE;Sudeste/Centro-Oeste;MG;Minas Gerais;IE MINAS GERAIS;MGUB10;UBERLANDIA 10;345.0;MGUB103A;7412;-18.9508;-48.0862
SE;Sudeste/Centro-Oeste;MG;Minas Gerais;USIMINAS;MGUSI1;USIMINAS;230.0;MGUSI12A;9040;-19.4850;-42.5480
SE;Sudeste/Centro-Oeste;MG;Minas Gerais;MANTIQUEIRA TRANSMIS;MGVGAQ;VARGINHA 4;138.0;MGVGAQ1A;4361;-21.5050;-45.3945
SE;Sudeste/Centro-Oeste;MG;Minas Gerais;MANTIQUEIRA TRANSMIS;MGVGAQ;VARGINHA 4;345.0;MGVGAQ3A;4360;-21.5050;-45.3945
SE;Sudeste/Centro-Oeste;MG;Minas Gerais;CEMIG GT;MGHVAL;VARZEA PALMA 4;345.0;MGHVAL3A;7784;-17.5788;-44.6426
SE;Sudeste/Centro-Oeste;MG;Minas Gerais;CEMIG GT;MGVPAL;VARZEA PALMA1;138.0;MGVPAL1A;399;-17.5921;-44.7362
SE;Sudeste/Centro-Oeste;MG;Minas Gerais;CEMIG GT;MGVPAL;VARZEA PALMA1;345.0;MGVPAL3A;398;-17.5921;-44.7362
SE;Sudeste/Centro-Oeste;MG;Minas Gerais;CEMIG GT;MGVPND;VESPASIANO 2;138.0;MGVPND1A;4027;-19.7391;-43.9069
SE;Sudeste/Centro-Oeste;MG;Minas Gerais;CEMIG GT;MGVPND;VESPASIANO 2;500.0;MGVPND5A;4028;-19.7391;-43.9069
SE;Sudeste/Centro-Oeste;MG;Minas Gerais;CEMIG GT;MGVGSE;VOLTA GRANDE-SE;345.0;MGVGSE3A;396;-20.0404;-48.2244
SE;Sudeste/Centro-Oeste;MS;Mato Grosso do Sul;AXIA SUL;MSANA;ANASTACIO;138.0;MSANA-1A;1079;-20.5672;-55.8419
SE;Sudeste/Centro-Oeste;MS;Mato Grosso do Sul;AXIA SUL;MSANA;ANASTACIO;138.0;MSANA-1B;1080;-20.5672;-55.8419
SE;Sudeste/Centro-Oeste;MS;Mato Grosso do Sul;AXIA SUL;MSANA;ANASTACIO;230.0;MSANA-2A;1078;-20.5672;-55.8419
SE;Sudeste/Centro-Oeste;MS;Mato Grosso do Sul;ENERGISA MS;MSAQU;AQUIDAUANA;138.0;MSAQU-1A;1131;-20.4983;-55.8081
SE;Sudeste/Centro-Oeste;MS;Mato Grosso do Sul;PANTANAL TRA;MSCGR2;CAMPO GRANDE2;138.0;MSCGR21A;1026;-20.4409;-54.4900
SE;Sudeste/Centro-Oeste;MS;Mato Grosso do Sul;PANTANAL TRA;MSCGR2;CAMPO GRANDE2;230.0;MSCGR22A;1025;-20.4409;-54.4900
SE;Sudeste/Centro-Oeste;MS;Mato Grosso do Sul;ITATIM;MSCAO;CHAPADAO;138.0;MSCAO-1A;1099;-18.9112;-52.3893
SE;Sudeste/Centro-Oeste;MS;Mato Grosso do Sul;ITATIM;MSCAO;CHAPADAO;230.0;MSCAO-2A;1089;-18.9112;-52.3893
SE;Sudeste/Centro-Oeste;MS;Mato Grosso do Sul;LTC;MSCOB;CORUMBA 2;138.0;MSCOB-1A;1019;-19.0385;-57.6190
SE;Sudeste/Centro-Oeste;MS;Mato Grosso do Sul;LTC;MSCOB;CORUMBA 2;230.0;MSCOB-2A;1018;-19.0385;-57.6190
SE;Sudeste/Centro-Oeste;MS;Mato Grosso do Sul;ENERGISA MS;MSDOS;D.SANTA CRUZ;138.0;MSDOS-1A;1142;-22.2675;-54.9928
SE;Sudeste/Centro-Oeste;MS;Mato Grosso do Sul;AXIA SUL;MSDOU;DOURADOS;138.0;MSDOU-1D;91781;-22.2687;-54.9920
SE;Sudeste/Centro-Oeste;MS;Mato Grosso do Sul;AXIA SUL;MSDOU;DOURADOS;138.0;MSDOU-1A;93757;-22.2687;-54.9920
SE;Sudeste/Centro-Oeste;MS;Mato Grosso do Sul;AXIA SUL;MSDOU;DOURADOS;138.0;MSDOU-1B;90230;-22.2687;-54.9920
SE;Sudeste/Centro-Oeste;MS;Mato Grosso do Sul;AXIA SUL;MSDOU;DOURADOS;138.0;MSDOU-1C;90231;-22.2687;-54.9920
SE;Sudeste/Centro-Oeste;MS;Mato Grosso do Sul;AXIA SUL;MSDOU;DOURADOS;230.0;MSDOU-2A;1086;-22.2687;-54.9920
SE;Sudeste/Centro-Oeste;MS;Mato Grosso do Sul;DOURADOS;MSDOU2;DOURADOS 2;138.0;MSDOU21A;10102;-22.2259;-54.6983
SE;Sudeste/Centro-Oeste;MS;Mato Grosso do Sul;DOURADOS;MSDOU2;DOURADOS 2;230.0;MSDOU22A;10101;-22.2259;-54.6983
SE;Sudeste/Centro-Oeste;MS;Mato Grosso do Sul;ITATIM;MSISO2;IL.SOLTEIRA 2;230.0;MSISO22A;1077;-20.3196;-51.4171
SE;Sudeste/Centro-Oeste;MS;Mato Grosso do Sul;ITATIM;MSISO2;IL.SOLTEIRA 2;440.0;MSISO24A;1076;-20.3196;-51.4171
SE;Sudeste/Centro-Oeste;MS;Mato Grosso do Sul;PORTO PRIMAVERA;MSIMB;IMBIRUSSU;138.0;MSIMB-1A;94140;-20.5476;-54.7511
SE;Sudeste/Centro-Oeste;MS;Mato Grosso do Sul;PORTO PRIMAVERA;MSIMB;IMBIRUSSU;230.0;MSIMB-2A;1889;-20.5476;-54.7511
SE;Sudeste/Centro-Oeste;MS;Mato Grosso do Sul;ITATIM;MSINO;INOCENCIA;230.0;MSINO-2A;1090;-19.6523;-51.4005
SE;Sudeste/Centro-Oeste;MS;Mato Grosso do Sul;BRILHANTE;MSIVI2;IVINHEMA 2;138.0;MSIVI21A;1094;-22.4175;-53.5748
SE;Sudeste/Centro-Oeste;MS;Mato Grosso do Sul;BRILHANTE;MSIVI2;IVINHEMA 2;230.0;MSIVI22A;1088;-22.4175;-53.5748
SE;Sudeste/Centro-Oeste;MS;Mato Grosso do Sul;MRTE;SPMRR;MARECH.RONDON;138.0;SPMRR-1A;4304;-20.7964;-51.6387
SE;Sudeste/Centro-Oeste;MS;Mato Grosso do Sul;MRTE;SPMRR;MARECH.RONDON;440.0;SPMRR-4A;530;-20.7964;-51.6387
SE;Sudeste/Centro-Oeste;MS;Mato Grosso do Sul;TRANSMISSORA 11;MSPAS2;PARAISO 2;138.0;MSPAS21A;1899;-19.2711;-52.8604
SE;Sudeste/Centro-Oeste;MS;Mato Grosso do Sul;TRANSMISSORA 11;MSPAS2;PARAISO 2;230.0;MSPAS22A;1898;-19.2711;-52.8604
SE;Sudeste/Centro-Oeste;MS;Mato Grosso do Sul;BRILHANTE;MSRBE;RIO BRILHANTE;138.0;MSRBE-1A;1095;-21.5400;-53.8185
SE;Sudeste/Centro-Oeste;MS;Mato Grosso do Sul;BRILHANTE;MSRBE;RIO BRILHANTE;230.0;MSRBE-2A;1087;-21.5400;-53.8185
SE;Sudeste/Centro-Oeste;MS;Mato Grosso do Sul;BRILHANTE;MSSIA2;SIDROLANDIA 2;138.0;MSSIA21B;1075;-20.8948;-54.9260
SE;Sudeste/Centro-Oeste;MS;Mato Grosso do Sul;BRILHANTE;MSSIA2;SIDROLANDIA 2;230.0;MSSIA22A;1085;-20.8948;-54.9260
SE;Sudeste/Centro-Oeste;MT;Mato Grosso;AXIA NORTE;MTBP;BARRA PEIXE;138.0;MTBP--1A;4503;-16.4961;-52.6166
SE;Sudeste/Centro-Oeste;MT;Mato Grosso;AXIA NORTE;MTBP;BARRA PEIXE;230.0;MTBP--2A;4502;-16.4961;-52.6166
SE;Sudeste/Centro-Oeste;MT;Mato Grosso;BRASNORTE;MTMGG;BRASNORTE;138.0;MTMGG-1A;4871;-12.8755;-58.0692
SE;Sudeste/Centro-Oeste;MT;Mato Grosso;BRASNORTE;MTMGG;BRASNORTE;230.0;MTMGG-2A;4868;-12.8755;-58.0692
SE;Sudeste/Centro-Oeste;MT;Mato Grosso;CANARANA;MTCAN;CANARANA;138.0;MTCAN-1A;4683;-13.5232;-52.2906
SE;Sudeste/Centro-Oeste;MT;Mato Grosso;CANARANA;MTCAN;CANARANA;230.0;MTCAN-2A;4684;-13.5232;-52.2906
SE;Sudeste/Centro-Oeste;MT;Mato Grosso;MATRINCHA;MTCLD;CLAUDIA;500.0;MTCLD-5A;4495;-11.2909;-55.3342
SE;Sudeste/Centro-Oeste;MT;Mato Grosso;AXIA ENERGIA;MTCLR;COLIDER;500.0;MTCLR-5A;4465;-10.9848;-55.7660
SE;Sudeste/Centro-Oeste;MT;Mato Grosso;AXIA NORTE;MTCX;COXIPO;138.0;MTCX--1A;4533;-15.6282;-55.9978
SE;Sudeste/Centro-Oeste;MT;Mato Grosso;AXIA NORTE;MTCX;COXIPO;230.0;MTCX--2A;4532;-15.6282;-55.9978
SE;Sudeste/Centro-Oeste;MT;Mato Grosso;EBTE;MTDD;DARDANELOS;230.0;MTDD--2A;4892;-10.1633;-59.4642
SE;Sudeste/Centro-Oeste;MT;Mato Grosso;ENELPOWER;MTFAZ;FAZENDA;138.0;MTFAZ-1A;4477;;
SE;Sudeste/Centro-Oeste;MT;Mato Grosso;TANGARÁ ENERGIA;MTUGUA;GUAPORE;138.0;MTUGUA1A;4805;-15.1239;-58.9647
SE;Sudeste/Centro-Oeste;MT;Mato Grosso;ITIQUIRA;MTUIQ1;ITIQUIRA I;230.0;MTUIQ12A;4521;-17.0906;-54.8307
SE;Sudeste/Centro-Oeste;MT;Mato Grosso;ITIQUIRA;MTUIQ2;ITIQUIRA II;230.0;MTUIQ22A;90257;-17.0906;-54.8307
SE;Sudeste/Centro-Oeste;MT;Mato Grosso;ITIQUIRA;MTUIQ2;ITIQUIRA II;230.0;MTUIQ22B;90258;-17.0906;-54.8307
SE;Sudeste/Centro-Oeste;MT;Mato Grosso;AXIA NORTE;MTJU;JAURU;138.0;MTJU--1B;91807;-15.3816;-58.8300
SE;Sudeste/Centro-Oeste;MT;Mato Grosso;AXIA NORTE;MTJU;JAURU;138.0;MTJU--1A;90246;-15.3816;-58.8300
SE;Sudeste/Centro-Oeste;MT;Mato Grosso;AXIA NORTE;MTJU;JAURU;230.0;MTJU--2A;4862;-15.3816;-58.8300
SE;Sudeste/Centro-Oeste;MT;Mato Grosso;AXIA NORTE;MTJU;JAURU;500.0;MTJU--5A;4700;-15.3816;-58.8300
SE;Sudeste/Centro-Oeste;MT;Mato Grosso;BRASNORTE;MTJBA;JUBA;138.0;MTJBA-1A;4870;-15.3819;-58.8293
SE;Sudeste/Centro-Oeste;MT;Mato Grosso;BRASNORTE;MTJBA;JUBA;230.0;MTJBA-2A;4869;-15.3819;-58.8293
SE;Sudeste/Centro-Oeste;MT;Mato Grosso;EBTE;MTJUI;JUINA;138.0;MTJUI-1A;4895;-11.2927;-58.7422
SE;Sudeste/Centro-Oeste;MT;Mato Grosso;EBTE;MTJUI;JUINA;230.0;MTJUI-2A;4894;-11.2927;-58.7422
SE;Sudeste/Centro-Oeste;MT;Mato Grosso;AXIA NORTE;MTSLRV;L.D.RIO VERDE;138.0;MTSLRV1A;7537;-13.0104;-55.9300
SE;Sudeste/Centro-Oeste;MT;Mato Grosso;AXIA NORTE;MTSLRV;L.D.RIO VERDE;230.0;MTSLRV2A;4573;-13.0104;-55.9300
SE;Sudeste/Centro-Oeste;MT;Mato Grosso;AXIA ENERGIA;MTUSMS;MANSO;230.0;MTUSMS2A;4592;-14.8712;-55.7853
SE;Sudeste/Centro-Oeste;MT;Mato Grosso;AXIA NORTE;MTNB;NOBRES;138.0;MTNB--1A;4544;-14.7255;-56.2968
SE;Sudeste/Centro-Oeste;MT;Mato Grosso;AXIA NORTE;MTNB;NOBRES;230.0;MTNB--2A;4542;-14.7255;-56.2968
SE;Sudeste/Centro-Oeste;MT;Mato Grosso;AXIA NORTE;MTNM;NOVA MUTUM;69.0;MTNM--0A;4554;-13.8277;-56.0769
SE;Sudeste/Centro-Oeste;MT;Mato Grosso;AXIA NORTE;MTNM;NOVA MUTUM;69.0;MTNM--0E;94632;-13.8277;-56.0769
SE;Sudeste/Centro-Oeste;MT;Mato Grosso;AXIA NORTE;MTNM;NOVA MUTUM;69.0;MTNM--0C;90766;-13.8277;-56.0769
SE;Sudeste/Centro-Oeste;MT;Mato Grosso;AXIA NORTE;MTNM;NOVA MUTUM;230.0;MTNM--2A;4552;-13.8277;-56.0769
SE;Sudeste/Centro-Oeste;MT;Mato Grosso;MATRINCHA;MTPRT;PARANAITA;138.0;MTPRT-1A;4471;-9.3535;-56.8431
SE;Sudeste/Centro-Oeste;MT;Mato Grosso;MATRINCHA;MTPRT;PARANAITA;500.0;MTPRT-5A;4494;-9.3535;-56.8431
SE;Sudeste/Centro-Oeste;MT;Mato Grosso;MATRINCHA;MTPRG;PARANATINGA;230.0;MTPRG-2A;4599;-14.1579;-54.4311
SE;Sudeste/Centro-Oeste;MT;Mato Grosso;MATRINCHA;MTPRG;PARANATINGA;500.0;MTPRG-5A;4565;-14.1579;-54.4311
SE;Sudeste/Centro-Oeste;MT;Mato Grosso;EBTE;MTPIS;PARECIS;138.0;MTPIS-1A;4874;-13.0713;-58.9640
SE;Sudeste/Centro-Oeste;MT;Mato Grosso;EBTE;MTPIS;PARECIS;230.0;MTPIS-2A;4448;-13.0713;-58.9640
SE;Sudeste/Centro-Oeste;MT;Mato Grosso;ENGIE;MTPP;PONTE PEDRA;230.0;MTPP--2A;4594;-17.6078;-54.8273
SE;Sudeste/Centro-Oeste;MT;Mato Grosso;ITE;MTRB;RIBEIRAOZINHO;230.0;MTRB--2A;4518;-16.4748;-52.6378
SE;Sudeste/Centro-Oeste;MT;Mato Grosso;ITE;MTRB;RIBEIRAOZINHO;500.0;MTRB--5A;4517;-16.4748;-52.6378
SE;Sudeste/Centro-Oeste;MT;Mato Grosso;AXIA NORTE;MTRP;RONDONOPOLIS;138.0;MTRP--1D;91410;-16.4706;-54.5992
SE;Sudeste/Centro-Oeste;MT;Mato Grosso;AXIA NORTE;MTRP;RONDONOPOLIS;138.0;MTRP--1C;95162;-16.4706;-54.5992
SE;Sudeste/Centro-Oeste;MT;Mato Grosso;AXIA NORTE;MTRP;RONDONOPOLIS;138.0;MTRP--1B;91820;-16.4706;-54.5992
SE;Sudeste/Centro-Oeste;MT;Mato Grosso;AXIA NORTE;MTRP;RONDONOPOLIS;138.0;MTRP--1A;94858;-16.4706;-54.5992
SE;Sudeste/Centro-Oeste;MT;Mato Grosso;AXIA NORTE;MTRP;RONDONOPOLIS;230.0;MTRP--2A;4522;-16.4706;-54.5992
SE;Sudeste/Centro-Oeste;MT;Mato Grosso;ENERGISA MT;MTALFL;SE A. FLORESTA;138.0;MTALFL1A;4973;-9.8945;-56.1021
SE;Sudeste/Centro-Oeste;MT;Mato Grosso;ENERGISA MT;MTCDER;SE COLIDER;138.0;MTCDER1A;4963;-10.8055;-55.4494
SE;Sudeste/Centro-Oeste;MT;Mato Grosso;AETE;MTCB;SE CUIABA;230.0;MTCB--2A;4515;-15.6855;-55.8535
SE;Sudeste/Centro-Oeste;MT;Mato Grosso;AETE;MTCB;SE CUIABA;500.0;MTCB--5A;4514;-15.6855;-55.8535
SE;Sudeste/Centro-Oeste;MT;Mato Grosso;ENERGISA MT;MTSINP;SE SINOP;138.0;MTSINP1A;4933;-11.8918;-55.5374
SE;Sudeste/Centro-Oeste;MT;Mato Grosso;AXIA NORTE;MTSP;SINOP;138.0;MTSP--1A;4583;-11.9839;-55.5204
SE;Sudeste/Centro-Oeste;MT;Mato Grosso;AXIA NORTE;MTSP;SINOP;230.0;MTSP--2A;4582;-11.9839;-55.5204
SE;Sudeste/Centro-Oeste;MT;Mato Grosso;AXIA NORTE;MTSP;SINOP;500.0;MTSP--5A;4720;-11.9839;-55.5204
SE;Sudeste/Centro-Oeste;MT;Mato Grosso;AXIA NORTE;MTSS;SORRISO;69.0;MTSS--0A;7542;-12.5746;-55.7632
SE;Sudeste/Centro-Oeste;MT;Mato Grosso;AXIA NORTE;MTSS;SORRISO;230.0;MTSS--2A;4562;-12.5746;-55.7632
SE;Sudeste/Centro-Oeste;MT;Mato Grosso;AXIA NORTE;MTMTSR;SORRISO II;230.0;MTMTSR2A;7736;-12.4336;-55.6493
SE;Sudeste/Centro-Oeste;MT;Mato Grosso;CIA ENERGÉTICA SINOP;MTSI;UHE SINOP;500.0;MTSI--5A;4479;-11.2667;-55.4500
SE;Sudeste/Centro-Oeste;MT;Mato Grosso;QUEIROZ GALVÃO;MTUJAU;USI JAURU;138.0;MTUJAU1A;4808;-15.2356;-58.7278
SE;Sudeste/Centro-Oeste;MT;Mato Grosso;ETVG;MTVG-1;VARZ.GRANDE 2;138.0;MTVG--11;4712;-15.7123;-56.1860
SE;Sudeste/Centro-Oeste;MT;Mato Grosso;ETVG;MTVG-1;VARZ.GRANDE 2;230.0;MTVG--2A;4711;-15.7123;-56.1860
SE;Sudeste/Centro-Oeste;PA;Pará;UHE SAO MANOEL;PAUSMA;SAO MANOEL;500.0;PAUSMA5A;4491;-9.1903;-57.0522
SE;Sudeste/Centro-Oeste;PA;Pará;TELES PIRES;MTUHTP;TELES PIRES;500.0;MTUHTP5A;4493;-9.3515;-56.7780
SE;Sudeste/Centro-Oeste;PR;Paraná;AXIA ENERGIA;PRSTF5;F.IGUACU 50HZ;127.0;PRSTF51A;91986;-25.4677;-54.5422
SE;Sudeste/Centro-Oeste;PR;Paraná;AXIA ENERGIA;PRSTF5;F.IGUACU 50HZ;500.0;PRSTF55A;85;-25.4677;-54.5422
SE;Sudeste/Centro-Oeste;PR;Paraná;AXIA ENERGIA;PRSTF5;F.IGUACU 50HZ;600.0;PRSTF56A;91988;-25.4677;-54.5422
SE;Sudeste/Centro-Oeste;PR;Paraná;AXIA ENERGIA;PRSTF6;F.IGUACU 60HZ;500.0;PRSTF65A;61;-25.4638;-54.5411
SE;Sudeste/Centro-Oeste;PR;Paraná;AXIA ENERGIA;PRSTF6;F.IGUACU 60HZ;765.0;PRSTF67A;60;-25.4638;-54.5411
SE;Sudeste/Centro-Oeste;PR;Paraná;ITAIPU;PRIT60;ITAIPU 60 HZ;500.0;PRIT605A;1106;-25.4083;-54.5874
SE;Sudeste/Centro-Oeste;PR;Paraná;AXIA ENERGIA;PRSTIV;IVAIPORA FUR;69.0;PRSTIV0B;57;-24.4216;-51.6746
SE;Sudeste/Centro-Oeste;PR;Paraná;AXIA ENERGIA;PRSTIV;IVAIPORA FUR;69.0;PRSTIV0A;67;-24.4216;-51.6746
SE;Sudeste/Centro-Oeste;PR;Paraná;AXIA ENERGIA;PRSTIV;IVAIPORA FUR;69.0;PRSTIV0C;56;-24.4216;-51.6746
SE;Sudeste/Centro-Oeste;PR;Paraná;AXIA ENERGIA;PRSTIV;IVAIPORA FUR;500.0;PRSTIV5B;41415;-24.4216;-51.6746
SE;Sudeste/Centro-Oeste;PR;Paraná;AXIA ENERGIA;PRSTIV;IVAIPORA FUR;500.0;PRSTIV5A;66;-24.4216;-51.6746
SE;Sudeste/Centro-Oeste;PR;Paraná;AXIA ENERGIA;PRSTIV;IVAIPORA FUR;500.0;PRSTIV5C;41416;-24.4216;-51.6746
SE;Sudeste/Centro-Oeste;PR;Paraná;AXIA ENERGIA;PRSTIV;IVAIPORA FUR;765.0;PRSTIV7A;65;-24.4216;-51.6746
SE;Sudeste/Centro-Oeste;RJ;Rio de Janeiro;AXIA ENERGIA;RJSTAD;ADRIANOPOLIS;138.0;RJSTAD1A;173;-22.6656;-43.4768
SE;Sudeste/Centro-Oeste;RJ;Rio de Janeiro;AXIA ENERGIA;RJSTAD;ADRIANOPOLIS;345.0;RJSTAD3A;140;-22.6656;-43.4768
SE;Sudeste/Centro-Oeste;RJ;Rio de Janeiro;AXIA ENERGIA;RJSTAD;ADRIANOPOLIS;500.0;RJSTAD5A;106;-22.6656;-43.4768
SE;Sudeste/Centro-Oeste;RJ;Rio de Janeiro;ELETRONUCLEAR;RJUSA2;ANGRA 2;500.0;RJUSA25A;92139;-23.0072;-44.4588
SE;Sudeste/Centro-Oeste;RJ;Rio de Janeiro;AXIA ENERGIA;RJSTAN;ANGRA FUR;138.0;RJSTAN1A;185;-23.0071;-44.4562
SE;Sudeste/Centro-Oeste;RJ;Rio de Janeiro;AXIA ENERGIA;RJSTAN;ANGRA FUR;500.0;RJSTAN5A;105;-23.0071;-44.4562
SE;Sudeste/Centro-Oeste;RJ;Rio de Janeiro;AXIA ENERGIA;RJSTBF;B. FLUMINENSE;500.0;RJSTBF5A;9626;-22.7211;-43.6425
SE;Sudeste/Centro-Oeste;RJ;Rio de Janeiro;PETROBRAS;RJUTBF;B.FLUMINENSE;500.0;RJUTBF5A;94307;-22.7222;-43.6430
SE;Sudeste/Centro-Oeste;RJ;Rio de Janeiro;AXIA ENERGIA;RJSTCM;CAMPOS;138.0;RJSTCM1A;175;-21.7186;-41.3375
SE;Sudeste/Centro-Oeste;RJ;Rio de Janeiro;AXIA ENERGIA;RJSTCM;CAMPOS;345.0;RJSTCM3A;147;-21.7186;-41.3375
SE;Sudeste/Centro-Oeste;RJ;Rio de Janeiro;GUANABARA;RJCMP2;CAMPOS 2;500.0;RJCMP25A;117;-21.8305;-41.3503
SE;Sudeste/Centro-Oeste;RJ;Rio de Janeiro;AXIA ENERGIA;RJCPJ;COMPERJ;345.0;RJCPJ-3A;46537;-22.6496;-42.8590
SE;Sudeste/Centro-Oeste;RJ;Rio de Janeiro;TERNIUM;RJCSA;DO ATLANTICO;138.0;RJCSA-1B;9602;-22.9099;-43.7396
SE;Sudeste/Centro-Oeste;RJ;Rio de Janeiro;TERNIUM;RJCSA;DO ATLANTICO;500.0;RJCSA-5A;93778;-22.9099;-43.7396
SE;Sudeste/Centro-Oeste;RJ;Rio de Janeiro;AXIA ENERGIA;RJSTGR;GRAJAU;138.0;RJSTGR1A;178;-22.9278;-43.2647
SE;Sudeste/Centro-Oeste;RJ;Rio de Janeiro;AXIA ENERGIA;RJSTGR;GRAJAU;500.0;RJSTGR5A;107;-22.9278;-43.2647
SE;Sudeste/Centro-Oeste;RJ;Rio de Janeiro;AXIA ENERGIA;RJSTJP;JACAREPAGUA;138.0;RJSTJP1A;180;-22.9240;-43.4216
SE;Sudeste/Centro-Oeste;RJ;Rio de Janeiro;AXIA ENERGIA;RJSTJP;JACAREPAGUA;345.0;RJSTJP3A;144;-22.9240;-43.4216
SE;Sudeste/Centro-Oeste;RJ;Rio de Janeiro;LAGOS SPE;RJLGO;LAGOS;138.0;RJLGO-1A;9505;-22.4099;-41.9857
SE;Sudeste/Centro-Oeste;RJ;Rio de Janeiro;LAGOS SPE;RJLGO;LAGOS;345.0;RJLGO-3A;9506;-22.4099;-41.9857
SE;Sudeste/Centro-Oeste;RJ;Rio de Janeiro;LAGOS SPE;RJLGO;LAGOS;500.0;RJLGO-5A;9509;-22.4099;-41.9857
SE;Sudeste/Centro-Oeste;RJ;Rio de Janeiro;AXIA ENERGIA;RJSTMH;MACAE MERCHAN;345.0;RJSTMH3A;3966;-22.3051;-41.8728
SE;Sudeste/Centro-Oeste;RJ;Rio de Janeiro;LIGHT GT;RJNLP;NILO PECANHA;138.0;RJNLP-1A;251;-22.6833;-43.8733
SE;Sudeste/Centro-Oeste;RJ;Rio de Janeiro;LIGHT GT;RJNLP;NILO PECANHA;230.0;RJNLP-2A;252;-22.6833;-43.8733
SE;Sudeste/Centro-Oeste;RJ;Rio de Janeiro;NORTE FLUMINENSE;RJUTNF;NO.FLUMINENSE;345.0;RJUTNF3A;44307;-22.3028;-41.8730
SE;Sudeste/Centro-Oeste;RJ;Rio de Janeiro;LTTE;RJSTNV;NOVA IGUACU;138.0;RJSTNV1A;3519;-22.7536;-43.5401
SE;Sudeste/Centro-Oeste;RJ;Rio de Janeiro;LTTE;RJSTNV;NOVA IGUACU;345.0;RJSTNV3A;9609;-22.7536;-43.5401
SE;Sudeste/Centro-Oeste;RJ;Rio de Janeiro;LTTE;RJSTNV;NOVA IGUACU;500.0;RJSTNV5A;9608;-22.7536;-43.5401
SE;Sudeste/Centro-Oeste;RJ;Rio de Janeiro;AXIA ENERGIA;RJSTRS;RESENDE;138.0;RJSTRS1B;84;-22.5007;-44.5151
SE;Sudeste/Centro-Oeste;RJ;Rio de Janeiro;AXIA ENERGIA;RJSTRS;RESENDE;500.0;RJSTRS5A;87;-22.5007;-44.5151
SE;Sudeste/Centro-Oeste;RJ;Rio de Janeiro;AXIA ENERGIA;RJSTRL;ROCHA LEAO;138.0;RJSTRL1A;174;-22.4264;-42.0227
SE;Sudeste/Centro-Oeste;RJ;Rio de Janeiro;AXIA ENERGIA;RJSTSJ;SAO JOSE;138.0;RJSTSJ1A;169;-22.7489;-43.3324
SE;Sudeste/Centro-Oeste;RJ;Rio de Janeiro;AXIA ENERGIA;RJSTSJ;SAO JOSE;500.0;RJSTSJ5A;108;-22.7489;-43.3324
SE;Sudeste/Centro-Oeste;RJ;Rio de Janeiro;XRTE;RJTRIO;TERMINAL RIO;500.0;RJTRIO5A;9605;-22.6542;-43.7678
SE;Sudeste/Centro-Oeste;RJ;Rio de Janeiro;XRTE;RJTRIO;TERMINAL RIO;800.0;RJTRIO8A;95827;-22.6542;-43.7678
SE;Sudeste/Centro-Oeste;RJ;Rio de Janeiro;PETROBRAS;RJUTTR;TERMORIO;138.0;RJUTTR1A;4202;-22.7096;-43.2458
SE;Sudeste/Centro-Oeste;RJ;Rio de Janeiro;PETROBRAS;RJUTME;UT TERMOMACAE;345.0;RJUTME3A;90407;-22.3059;-41.8658
SE;Sudeste/Centro-Oeste;RJ;Rio de Janeiro;UTE GNA I GERACAO;RJNVT;UTE GNA I;345.0;RJNVT-3A;52;-21.8372;-41.0420
SE;Sudeste/Centro-Oeste;RJ;Rio de Janeiro;UTE GNA II;RJGNA2;UTE GNA II;500.0;RJGNA25A;44328;-21.8431;-41.0132
SE;Sudeste/Centro-Oeste;RJ;Rio de Janeiro;MARLIM AZUL;RJMAE;UTE MARLIM AZUL;500.0;RJMAE-5A;44330;-22.3623;-41.8695
SE;Sudeste/Centro-Oeste;RJ;Rio de Janeiro;PEDRAS;RJSTVP;VENDA PEDRAS;138.0;RJSTVP1A;8719;-22.7348;-42.7946
SE;Sudeste/Centro-Oeste;RJ;Rio de Janeiro;PEDRAS;RJSTVP;VENDA PEDRAS;345.0;RJSTVP3A;1781;-22.7348;-42.7946
SE;Sudeste/Centro-Oeste;RJ;Rio de Janeiro;AXIA ENERGIA;RJSTZO;ZONA OESTE;138.0;RJSTZO1A;4120;-22.8739;-43.7133
SE;Sudeste/Centro-Oeste;RJ;Rio de Janeiro;AXIA ENERGIA;RJSTZO;ZONA OESTE;500.0;RJSTZO5A;9601;-22.8739;-43.7133
SE;Sudeste/Centro-Oeste;RO;Rondônia;AXIA NORTE;ROAN;ABUNA;138.0;ROAN--1A;6931;-9.7099;-65.1674
SE;Sudeste/Centro-Oeste;RO;Rondônia;AXIA NORTE;ROAN;ABUNA;230.0;ROAN--2A;6930;-9.7099;-65.1674
SE;Sudeste/Centro-Oeste;RO;Rondônia;AXIA NORTE;ROAQ;ARIQUEMES;69.0;ROAQ--0A;6881;-9.9267;-63.0118
SE;Sudeste/Centro-Oeste;RO;Rondônia;AXIA NORTE;ROAQ;ARIQUEMES;230.0;ROAQ--2A;6880;-9.9267;-63.0118
SE;Sudeste/Centro-Oeste;RO;Rondônia;AXIA NORTE;ROCPH;C.PORTO VELHO;69.0;ROCPV-0N;7049;-8.9142;-63.9592
SE;Sudeste/Centro-Oeste;RO;Rondônia;AXIA NORTE;ROCPH;C.PORTO VELHO;230.0;ROCPH-2A;7054;-8.9142;-63.9592
SE;Sudeste/Centro-Oeste;RO;Rondônia;AXIA NORTE;ROCPH;C.PORTO VELHO;500.0;ROCPH-5A;7055;-8.9142;-63.9592
SE;Sudeste/Centro-Oeste;RO;Rondônia;AXIA NORTE;ROCPH;C.PORTO VELHO;600.0;ROCPH-6A;94366;-8.9142;-63.9592
SE;Sudeste/Centro-Oeste;RO;Rondônia;AXIA NORTE;ROJR;JARU;69.0;ROJR--0A;6871;-10.4235;-62.4542
SE;Sudeste/Centro-Oeste;RO;Rondônia;AXIA NORTE;ROJR;JARU;138.0;ROJR--1A;6869;-10.4235;-62.4542
SE;Sudeste/Centro-Oeste;RO;Rondônia;AXIA NORTE;ROJR;JARU;230.0;ROJR--2A;6870;-10.4235;-62.4542
SE;Sudeste/Centro-Oeste;RO;Rondônia;AXIA NORTE;ROJP;JI-PARANA;69.0;ROJP--0A;6842;-10.8625;-61.8944
SE;Sudeste/Centro-Oeste;RO;Rondônia;AXIA NORTE;ROJP;JI-PARANA;138.0;ROJP--1A;6841;-10.8625;-61.8944
SE;Sudeste/Centro-Oeste;RO;Rondônia;AXIA NORTE;ROJP;JI-PARANA;230.0;ROJP--2A;6840;-10.8625;-61.8944
SE;Sudeste/Centro-Oeste;RO;Rondônia;JIRAU ENERGIA;ROJIMD;JIRAU MAR.DIR;500.0;ROJIMD5A;7056;-9.2698;-64.6430
SE;Sudeste/Centro-Oeste;RO;Rondônia;JIRAU ENERGIA;ROJIME;JIRAU MAR.ESQ;500.0;ROJIME5A;7060;-9.2524;-64.6422
SE;Sudeste/Centro-Oeste;RO;Rondônia;AXIA NORTE;ROPB;PIMENTA BUENO;138.0;ROPB--1A;6821;-11.6069;-61.1362
SE;Sudeste/Centro-Oeste;RO;Rondônia;AXIA NORTE;ROPB;PIMENTA BUENO;230.0;ROPB--2A;6820;-11.6069;-61.1362
SE;Sudeste/Centro-Oeste;RO;Rondônia;AXIA NORTE;ROPV;PORTO VELHO;69.0;ROPV--0A;6901;-8.7979;-63.8183
SE;Sudeste/Centro-Oeste;RO;Rondônia;AXIA NORTE;ROPV;PORTO VELHO;230.0;ROPV--2A;6900;-8.7979;-63.8183
SE;Sudeste/Centro-Oeste;RO;Rondônia;AXIA NORTE;ROSM;SAMUEL;230.0;ROSM--2A;6890;-8.7530;-63.4601
SE;Sudeste/Centro-Oeste;RO;Rondônia;SAESA;ROUSSA;SANTO ANTONIO;230.0;ROUHSN2A;91341;-8.7967;-63.9522
SE;Sudeste/Centro-Oeste;RO;Rondônia;SAESA;ROUSSA;SANTO ANTONIO;230.0;ROUHSN2B;91686;-8.7967;-63.9522
SE;Sudeste/Centro-Oeste;RO;Rondônia;SAESA;ROSNLR;SE STO ANT LR;230.0;ROSNLR2A;6889;-8.8010;-63.9507
SE;Sudeste/Centro-Oeste;RO;Rondônia;SAESA;ROSNLR;SE STO ANT LR;500.0;ROSNLR5A;7063;-8.8010;-63.9507
SE;Sudeste/Centro-Oeste;RO;Rondônia;SAESA;ROSNMD;SE STO ANT MD;500.0;ROSNMD5A;7053;-8.8084;-63.9500
SE;Sudeste/Centro-Oeste;RO;Rondônia;SAESA;ROSNME;SE STO ANT ME;500.0;ROSNME5A;7065;-8.7938;-63.9532
SE;Sudeste/Centro-Oeste;RO;Rondônia;TERMONORTE;ROTN;TERMONORTE II;230.0;ROTN--2A;7568;-8.7689;-63.8314
SE;Sudeste/Centro-Oeste;RO;Rondônia;AXIA NORTE;ROVN;VILHENA;69.0;ROVN--0A;6801;-12.7168;-60.2647
SE;Sudeste/Centro-Oeste;RO;Rondônia;AXIA NORTE;ROVN;VILHENA;230.0;ROVN--2A;6800;-12.7168;-60.2647
SE;Sudeste/Centro-Oeste;SP;São Paulo;AGUA AZUL SPE;SPAZL;AGUA AZUL;88.0;SPAZL-0C;90770;-23.3747;-46.4016
SE;Sudeste/Centro-Oeste;SP;São Paulo;AGUA AZUL SPE;SPAZL;AGUA AZUL;138.0;SPAZL-1A;452;-23.3747;-46.4016
SE;Sudeste/Centro-Oeste;SP;São Paulo;AGUA AZUL SPE;SPAZL;AGUA AZUL;440.0;SPAZL-4A;453;-23.3747;-46.4016
SE;Sudeste/Centro-Oeste;SP;São Paulo;AUREN OPERAÇÕES;SPAGV;AGUA VERMELHA;138.0;SPAGV-1A;537;-19.8632;-50.3465
SE;Sudeste/Centro-Oeste;SP;São Paulo;AUREN OPERAÇÕES;SPAGV;AGUA VERMELHA;440.0;SPAGV-4A;536;-19.8632;-50.3465
SE;Sudeste/Centro-Oeste;SP;São Paulo;AUREN OPERAÇÕES;SPAGV;AGUA VERMELHA;500.0;SPAGV-5A;535;-19.8632;-50.3465
SE;Sudeste/Centro-Oeste;SP;São Paulo;IE AGUAPEI;SPALP;ALTA PAULISTA;138.0;SPALP-1A;670;-21.6399;-51.1604
SE;Sudeste/Centro-Oeste;SP;São Paulo;IE AGUAPEI;SPALP;ALTA PAULISTA;440.0;SPALP-4A;668;-21.6399;-51.1604
SE;Sudeste/Centro-Oeste;SP;São Paulo;ISA ENERGIA BRASIL;SPANH;ANHANGUERA;88.0;SPANH-0A;444;-23.4932;-46.7682
SE;Sudeste/Centro-Oeste;SP;São Paulo;ISA ENERGIA BRASIL;SPANH;ANHANGUERA;230.0;SPANH-2A;431;-23.4932;-46.7682
SE;Sudeste/Centro-Oeste;SP;São Paulo;ISA ENERGIA BRASIL;SPANH;ANHANGUERA;345.0;SPANH-3A;439;-23.4932;-46.7682
SE;Sudeste/Centro-Oeste;SP;São Paulo;ISA ENERGIA BRASIL;SPAPA;APARECIDA;88.0;SPAPA-0A;459;-22.8690;-45.2547
SE;Sudeste/Centro-Oeste;SP;São Paulo;ISA ENERGIA BRASIL;SPAPA;APARECIDA;230.0;SPAPA-2A;458;-22.8690;-45.2547
SE;Sudeste/Centro-Oeste;SP;São Paulo;ARARAQUARA;SPARA2;ARARAQUARA 2;440.0;SPARA24A;7058;-21.8329;-48.3482
SE;Sudeste/Centro-Oeste;SP;São Paulo;ARARAQUARA;SPARA2;ARARAQUARA 2;500.0;SPARA25A;7057;-21.8329;-48.3482
SE;Sudeste/Centro-Oeste;SP;São Paulo;ARARAQUARA;SPARA2;ARARAQUARA 2;600.0;SPARA26A;94365;-21.8329;-48.3482
SE;Sudeste/Centro-Oeste;SP;São Paulo;ISA ENERGIA BRASIL;SPARA;ARARAQUARA CTP;138.0;SPARA-1A;560;-21.7832;-48.2640
SE;Sudeste/Centro-Oeste;SP;São Paulo;ISA ENERGIA BRASIL;SPARA;ARARAQUARA CTP;440.0;SPARA-4A;559;-21.7832;-48.2640
SE;Sudeste/Centro-Oeste;SP;São Paulo;AXIA ENERGIA;SPSTAR;ARARAQUARA FUR;500.0;SPSTAR5A;101;-21.7747;-48.2539
SE;Sudeste/Centro-Oeste;SP;São Paulo;IE JAGUAR 9;SPARS;ARARAS;138.0;SPARS-1A;587;-22.3951;-47.4610
SE;Sudeste/Centro-Oeste;SP;São Paulo;IE JAGUAR 9;SPARS;ARARAS;440.0;SPARS-4A;589;-22.3951;-47.4610
SE;Sudeste/Centro-Oeste;SP;São Paulo;ISA ENERGIA BRASIL;SPASS;ASSIS;88.0;SPASS-0F;554;-22.6689;-50.3502
SE;Sudeste/Centro-Oeste;SP;São Paulo;ISA ENERGIA BRASIL;SPASS;ASSIS;230.0;SPASS-2A;551;-22.6689;-50.3502
SE;Sudeste/Centro-Oeste;SP;São Paulo;ISA ENERGIA BRASIL;SPASS;ASSIS;440.0;SPASS-4A;552;-22.6689;-50.3502
SE;Sudeste/Centro-Oeste;SP;São Paulo;ISA ENERGIA BRASIL;SPASS;ASSIS;500.0;SPASS-5A;556;-22.6689;-50.3502
SE;Sudeste/Centro-Oeste;SP;São Paulo;IE PINHEIROS;SPATB;ATIBAIA II;138.0;SPATB-1A;698;-23.0475;-46.5572
SE;Sudeste/Centro-Oeste;SP;São Paulo;IE PINHEIROS;SPATB;ATIBAIA II;345.0;SPATB-3A;697;-23.0475;-46.5572
SE;Sudeste/Centro-Oeste;SP;São Paulo;ISA ENERGIA BRASIL;SPAVN;AVARE NOVA;230.0;SPAVN-2A;629;-23.0622;-48.9326
SE;Sudeste/Centro-Oeste;SP;São Paulo;ISA ENERGIA BRASIL;SPBSA;B. SANTISTA;88.0;SPBSA-0A;473;-23.8597;-46.4209
SE;Sudeste/Centro-Oeste;SP;São Paulo;ISA ENERGIA BRASIL;SPBSA;B. SANTISTA;138.0;SPBSA-1A;732;-23.8597;-46.4209
SE;Sudeste/Centro-Oeste;SP;São Paulo;ISA ENERGIA BRASIL;SPBSA;B. SANTISTA;230.0;SPBSA-2A;472;-23.8597;-46.4209
SE;Sudeste/Centro-Oeste;SP;São Paulo;ISA ENERGIA BRASIL;SPBSA;B. SANTISTA;345.0;SPBSA-3A;471;-23.8597;-46.4209
SE;Sudeste/Centro-Oeste;SP;São Paulo;IE AGUAPEI;SPBAG;BAGUACU;138.0;SPBAG-1A;479;-21.1450;-50.2815
SE;Sudeste/Centro-Oeste;SP;São Paulo;IE AGUAPEI;SPBAG;BAGUACU;440.0;SPBAG-4A;478;-21.1450;-50.2815
SE;Sudeste/Centro-Oeste;SP;São Paulo;ISA ENERGIA BRASIL;SPBAN;BANDEIRANTES;88.0;SPBAN-0A;493;-23.5986;-46.6928
SE;Sudeste/Centro-Oeste;SP;São Paulo;ISA ENERGIA BRASIL;SPBAN;BANDEIRANTES;345.0;SPBAN-3A;492;-23.5986;-46.6928
SE;Sudeste/Centro-Oeste;SP;São Paulo;ISA ENERGIA BRASIL;SPBAU;BAURU;138.0;SPBAU-1A;562;-22.2838;-49.0964
SE;Sudeste/Centro-Oeste;SP;São Paulo;ISA ENERGIA BRASIL;SPBAU;BAURU;440.0;SPBAU-4A;561;-22.2838;-49.0964
SE;Sudeste/Centro-Oeste;SP;São Paulo;ISA ENERGIA BRASIL;SPBOJ;BOM JARDIM;88.0;SPBOJ-0A;576;-23.1516;-46.9902
SE;Sudeste/Centro-Oeste;SP;São Paulo;ISA ENERGIA BRASIL;SPBOJ;BOM JARDIM;138.0;SPBOJ-1A;575;-23.1516;-46.9902
SE;Sudeste/Centro-Oeste;SP;São Paulo;ISA ENERGIA BRASIL;SPBOJ;BOM JARDIM;440.0;SPBOJ-4A;574;-23.1516;-46.9902
SE;Sudeste/Centro-Oeste;SP;São Paulo;ISA ENERGIA BRASIL;SPBOT;BOTUCATU;138.0;SPBOT-1A;626;-22.9509;-48.4373
SE;Sudeste/Centro-Oeste;SP;São Paulo;ISA ENERGIA BRASIL;SPBOT;BOTUCATU;230.0;SPBOT-2A;625;-22.9509;-48.4373
SE;Sudeste/Centro-Oeste;SP;São Paulo;ISA ENERGIA BRASIL;SPBRCE;BRACELL;440.0;SPBRCE4A;7734;-22.5389;-48.8085
SE;Sudeste/Centro-Oeste;SP;São Paulo;AXIA ENERGIA;SPSTCH;C. PAULISTA;138.0;SPSTCH1A;183;-22.6321;-45.0358
SE;Sudeste/Centro-Oeste;SP;São Paulo;AXIA ENERGIA;SPSTCH;C. PAULISTA;500.0;SPSTCH5A;104;-22.6321;-45.0358
SE;Sudeste/Centro-Oeste;SP;São Paulo;ISA ENERGIA BRASIL;SPCAV;CABREUVA;138.0;SPCAV-1A;591;-23.2786;-47.1167
SE;Sudeste/Centro-Oeste;SP;São Paulo;ISA ENERGIA BRASIL;SPCAV;CABREUVA;230.0;SPCAV-2A;590;-23.2786;-47.1167
SE;Sudeste/Centro-Oeste;SP;São Paulo;ISA ENERGIA BRASIL;SPCAV;CABREUVA;440.0;SPCAV-4A;584;-23.2786;-47.1167
SE;Sudeste/Centro-Oeste;SP;São Paulo;AXIA ENERGIA;SPSTCA;CAMPINAS;138.0;SPSTCA1D;95241;-22.7743;-47.0048
SE;Sudeste/Centro-Oeste;SP;São Paulo;AXIA ENERGIA;SPSTCA;CAMPINAS;138.0;SPSTCA1A;94138;-22.7743;-47.0048
SE;Sudeste/Centro-Oeste;SP;São Paulo;AXIA ENERGIA;SPSTCA;CAMPINAS;138.0;SPSTCA1B;94816;-22.7743;-47.0048
SE;Sudeste/Centro-Oeste;SP;São Paulo;AXIA ENERGIA;SPSTCA;CAMPINAS;138.0;SPSTCA1C;94817;-22.7743;-47.0048
SE;Sudeste/Centro-Oeste;SP;São Paulo;AXIA ENERGIA;SPSTCA;CAMPINAS;138.0;SPSTCA1E;171;-22.7743;-47.0048
SE;Sudeste/Centro-Oeste;SP;São Paulo;AXIA ENERGIA;SPSTCA;CAMPINAS;345.0;SPSTCA3A;123;-22.7743;-47.0048
SE;Sudeste/Centro-Oeste;SP;São Paulo;AXIA ENERGIA;SPSTCA;CAMPINAS;500.0;SPSTCA5A;103;-22.7743;-47.0048
SE;Sudeste/Centro-Oeste;SP;São Paulo;ISA ENERGIA BRASIL;SPCBO;CAPAO BONITO;138.0;SPCBO-1A;624;-23.9867;-48.3437
SE;Sudeste/Centro-Oeste;SP;São Paulo;ISA ENERGIA BRASIL;SPCBO;CAPAO BONITO;230.0;SPCBO-2A;623;-23.9867;-48.3437
SE;Sudeste/Centro-Oeste;SP;São Paulo;RIO PARANAPANEMA;SPCPV;CAPIVARA;138.0;SPCPV-1A;550;-22.6547;-51.3571
SE;Sudeste/Centro-Oeste;SP;São Paulo;RIO PARANAPANEMA;SPCPV;CAPIVARA;440.0;SPCPV-4A;549;-22.6547;-51.3571
SE;Sudeste/Centro-Oeste;SP;São Paulo;ISA ENERGIA BRASIL;SPCCL;CARBOCLORO;230.0;SPCCL-2A;477;-23.8670;-46.4143
SE;Sudeste/Centro-Oeste;SP;São Paulo;ISA ENERGIA BRASIL;SPCBA2;CBA2 CIA.B.ALUM;440.0;SPCBA24A;608;-23.5405;-47.2958
SE;Sudeste/Centro-Oeste;SP;São Paulo;TECP;SPCTR;CENTRO-CTR;88.0;SPCTR-0A;428;-23.5367;-46.6483
SE;Sudeste/Centro-Oeste;SP;São Paulo;TECP;SPCTR;CENTRO-CTR;230.0;SPCTR-2A;427;-23.5367;-46.6483
SE;Sudeste/Centro-Oeste;SP;São Paulo;ISA ENERGIA BRASIL;SPCTT;CENTRO-CTT;230.0;SPCTT-2A;425;-23.5130;-46.7215
SE;Sudeste/Centro-Oeste;SP;São Paulo;COPEL-GT;SPCEQ;CERQUILHO III;138.0;SPCEQ-1A;2037;-23.1394;-47.7738
SE;Sudeste/Centro-Oeste;SP;São Paulo;COPEL-GT;SPCEQ;CERQUILHO III;230.0;SPCEQ-2A;2035;-23.1394;-47.7738
SE;Sudeste/Centro-Oeste;SP;São Paulo;RIO PARANAPANEMA;SPCHV;CHAVANTES;88.0;SPCHV-0A;616;-23.1280;-49.7330
SE;Sudeste/Centro-Oeste;SP;São Paulo;RIO PARANAPANEMA;SPCHV;CHAVANTES;230.0;SPCHV-2A;615;-23.1280;-49.7330
SE;Sudeste/Centro-Oeste;SP;São Paulo;ELTE;SPDMR;DOME.RANGONI;138.0;SPDMR-1A;432;-23.9411;-46.2557
SE;Sudeste/Centro-Oeste;SP;São Paulo;ELTE;SPDMR;DOME.RANGONI;345.0;SPDMR-3A;420;-23.9411;-46.2557
SE;Sudeste/Centro-Oeste;SP;São Paulo;ISA ENERGIA BRASIL;SPESO;EDGARD SOUZA;88.0;SPESO-0A;411;-23.4524;-46.9077
SE;Sudeste/Centro-Oeste;SP;São Paulo;ISA ENERGIA BRASIL;SPESO;EDGARD SOUZA;230.0;SPESO-2A;410;-23.4524;-46.9077
SE;Sudeste/Centro-Oeste;SP;São Paulo;ISA ENERGIA BRASIL;SPEMG;EMBU-GUACU;138.0;SPEMG-1A;583;-23.8447;-46.7997
SE;Sudeste/Centro-Oeste;SP;São Paulo;ISA ENERGIA BRASIL;SPEMG;EMBU-GUACU;345.0;SPEMG-3A;582;-23.8447;-46.7997
SE;Sudeste/Centro-Oeste;SP;São Paulo;ISA ENERGIA BRASIL;SPEMG;EMBU-GUACU;440.0;SPEMG-4A;581;-23.8447;-46.7997
SE;Sudeste/Centro-Oeste;SP;São Paulo;MSGT;SPFDI;FERNAO DIAS;440.0;SPFDI-4A;610;-23.0578;-46.5134
SE;Sudeste/Centro-Oeste;SP;São Paulo;MSGT;SPFDI;FERNAO DIAS;500.0;SPFDI-5A;609;-23.0578;-46.5134
SE;Sudeste/Centro-Oeste;SP;São Paulo;ISA ENERGIA BRASIL;SPGSP;GERDAU SP;440.0;SPGSP-4A;585;-23.4383;-47.0851
SE;Sudeste/Centro-Oeste;SP;São Paulo;IE PINHEIROS;SPGET;GETULINA;138.0;SPGET-1A;3106;-21.8555;-49.8384
SE;Sudeste/Centro-Oeste;SP;São Paulo;IE PINHEIROS;SPGET;GETULINA;440.0;SPGET-4A;540;-21.8555;-49.8384
SE;Sudeste/Centro-Oeste;SP;São Paulo;AXIA ENERGIA;SPSTGA;GUARULHOS;345.0;SPSTGA3A;126;-23.4426;-46.5854
SE;Sudeste/Centro-Oeste;SP;São Paulo;ISA ENERGIA BRASIL;SPGVB;GV DO BRASIL;230.0;SPGVB-2A;9123;-22.9224;-45.4109
SE;Sudeste/Centro-Oeste;SP;São Paulo;EMAE;SPHBE;H.BORDEN EXT;88.0;SPHBE-0A;482;-23.8619;-46.4621
SE;Sudeste/Centro-Oeste;SP;São Paulo;EMAE;SPHBE;H.BORDEN EXT;230.0;SPHBE-2A;41824;-23.8619;-46.4621
SE;Sudeste/Centro-Oeste;SP;São Paulo;EMAE;SPHBS;H.BORDEN SUB;88.0;SPHBS-0H;93495;-23.8619;-46.4621
SE;Sudeste/Centro-Oeste;SP;São Paulo;EMAE;SPHBS;H.BORDEN SUB;230.0;SPHBS-2A;480;-23.8619;-46.4621
SE;Sudeste/Centro-Oeste;SP;São Paulo;AXIA ENERGIA;SPSTIN;IBIUNA;122.0;SPSTIN1A;92545;-23.6666;-47.1041
SE;Sudeste/Centro-Oeste;SP;São Paulo;AXIA ENERGIA;SPSTIN;IBIUNA;345.0;SPSTIN3A;86;-23.6666;-47.1041
SE;Sudeste/Centro-Oeste;SP;São Paulo;AXIA ENERGIA;SPSTIN;IBIUNA;500.0;SPSTIN5A;122;-23.6666;-47.1041
SE;Sudeste/Centro-Oeste;SP;São Paulo;AXIA ENERGIA;SPSTIN;IBIUNA;600.0;SPSTIN6A;92547;-23.6666;-47.1041
SE;Sudeste/Centro-Oeste;SP;São Paulo;RIO PARANA ENERGIA;SPILS;ILHA SOLTEIRA;440.0;SPILS-4A;538;-20.3833;-51.3665
SE;Sudeste/Centro-Oeste;SP;São Paulo;ISA ENERGIA BRASIL;SPINT;INTERLAGOS;230.0;SPINT-2A;489;-23.7099;-46.6816
SE;Sudeste/Centro-Oeste;SP;São Paulo;ISA ENERGIA BRASIL;SPINT;INTERLAGOS;230.0;SPINT-2B;490;-23.7099;-46.6816
SE;Sudeste/Centro-Oeste;SP;São Paulo;ISA ENERGIA BRASIL;SPINT;INTERLAGOS;345.0;SPINT-3A;488;-23.7099;-46.6816
SE;Sudeste/Centro-Oeste;SP;São Paulo;AXIA ENERGIA;SPSTIA;ITABERA;765.0;SPSTIA7A;72;-23.9514;-49.1320
SE;Sudeste/Centro-Oeste;SP;São Paulo;ISA ENERGIA BRASIL;SPITE;ITAPETI;88.0;SPITE-0B;445;-23.5473;-46.1757
SE;Sudeste/Centro-Oeste;SP;São Paulo;ISA ENERGIA BRASIL;SPITE;ITAPETI;230.0;SPITE-2A;448;-23.5473;-46.1757
SE;Sudeste/Centro-Oeste;SP;São Paulo;ISA ENERGIA BRASIL;SPITE;ITAPETI;345.0;SPITE-3A;449;-23.5473;-46.1757
SE;Sudeste/Centro-Oeste;SP;São Paulo;ISA ENERGIA BRASIL;SPITR2;ITARARE II;138.0;SPITR21A;621;-24.1025;-49.3127
SE;Sudeste/Centro-Oeste;SP;São Paulo;ISA ENERGIA BRASIL;SPITR2;ITARARE II;230.0;SPITR22A;627;-24.1025;-49.3127
SE;Sudeste/Centro-Oeste;SP;São Paulo;TRANSENERGIA SP;SPSTTB;ITATIBA;138.0;SPSTTB1A;6610;-22.9581;-46.9056
SE;Sudeste/Centro-Oeste;SP;São Paulo;TRANSENERGIA SP;SPSTTB;ITATIBA;500.0;SPSTTB5A;6609;-22.9581;-46.9056
SE;Sudeste/Centro-Oeste;SP;São Paulo;IE SERRA DO JAPI;SPJAN;JANDIRA;88.0;SPJAN-0A;588;-23.5632;-46.9060
SE;Sudeste/Centro-Oeste;SP;São Paulo;IE SERRA DO JAPI;SPJAN;JANDIRA;440.0;SPJAN-4A;586;-23.5632;-46.9060
SE;Sudeste/Centro-Oeste;SP;São Paulo;RIO PARANA ENERGIA;SPJUP;JUPIA;138.0;SPJUP-1A;541;-20.7758;-51.6267
SE;Sudeste/Centro-Oeste;SP;São Paulo;RIO PARANA ENERGIA;SPJUP;JUPIA;440.0;SPJUP-4A;539;-20.7758;-51.6267
SE;Sudeste/Centro-Oeste;SP;São Paulo;RIO PARANAPANEMA;SPJUR;JURUMIRIM;138.0;SPJUR-1A;620;-23.2102;-49.2304
SE;Sudeste/Centro-Oeste;SP;São Paulo;RIO PARANAPANEMA;SPJUR;JURUMIRIM;230.0;SPJUR-2A;618;-23.2102;-49.2304
SE;Sudeste/Centro-Oeste;SP;São Paulo;AXIA ENERGIA;SPUSLB;L.C.BARRETO;345.0;SPUSLB3A;134;-20.1509;-47.2798
SE;Sudeste/Centro-Oeste;SP;São Paulo;ISA ENERGIA BRASIL;SPLES;LESTE;88.0;SPLES-0A;465;-23.5956;-46.4690
SE;Sudeste/Centro-Oeste;SP;São Paulo;ISA ENERGIA BRASIL;SPLES;LESTE;345.0;SPLES-3A;464;-23.5956;-46.4690
SE;Sudeste/Centro-Oeste;SP;São Paulo;IE ITAPURA;SPLRN;LORENA;230.0;SPLRN-2A;3384;-22.7658;-45.0875
SE;Sudeste/Centro-Oeste;SP;São Paulo;IE ITAPURA;SPLRN;LORENA;500.0;SPLRN-5A;3383;-22.7658;-45.0875
SE;Sudeste/Centro-Oeste;SP;São Paulo;ISA ENERGIA BRASIL;SPMFO;M. FORNASARO;88.0;SPMFO-0A;496;-23.5284;-46.7520
SE;Sudeste/Centro-Oeste;SP;São Paulo;ISA ENERGIA BRASIL;SPMFO;M. FORNASARO;345.0;SPMFO-3A;495;-23.5284;-46.7520
SE;Sudeste/Centro-Oeste;SP;São Paulo;ELTE;SPMNN;MANOE.NOBREGA;88.0;SPMNN-0A;418;-23.9957;-46.5201
SE;Sudeste/Centro-Oeste;SP;São Paulo;ELTE;SPMNN;MANOE.NOBREGA;138.0;SPMNN-1A;417;-23.9957;-46.5201
SE;Sudeste/Centro-Oeste;SP;São Paulo;ELTE;SPMNN;MANOE.NOBREGA;230.0;SPMNN-2A;416;-23.9957;-46.5201
SE;Sudeste/Centro-Oeste;SP;São Paulo;ISA ENERGIA BRASIL;SPMRE;MIGUEL REALE;88.0;SPMRE-0C;441;-23.5624;-46.6254
SE;Sudeste/Centro-Oeste;SP;São Paulo;ISA ENERGIA BRASIL;SPMRE;MIGUEL REALE;345.0;SPMRE-3A;438;-23.5624;-46.6254
SE;Sudeste/Centro-Oeste;SP;São Paulo;IE PINHEIROS;SPMSOL;MIRASSOL II;138.0;SPMSOL1A;596;-20.8667;-49.5000
SE;Sudeste/Centro-Oeste;SP;São Paulo;IE PINHEIROS;SPMSOL;MIRASSOL II;440.0;SPMSOL4A;572;-20.8667;-49.5000
SE;Sudeste/Centro-Oeste;SP;São Paulo;ISA ENERGIA BRASIL;SPMGI;MOGI;88.0;SPMGI-0A;447;-23.5482;-46.1816
SE;Sudeste/Centro-Oeste;SP;São Paulo;ISA ENERGIA BRASIL;SPMGI;MOGI;230.0;SPMGI-2A;446;-23.5482;-46.1816
SE;Sudeste/Centro-Oeste;SP;São Paulo;AXIA ENERGIA;SPSTMO;MOGI CRUZES;230.0;SPSTMO2A;161;-23.5041;-46.1697
SE;Sudeste/Centro-Oeste;SP;São Paulo;AXIA ENERGIA;SPSTMO;MOGI CRUZES;345.0;SPSTMO3A;129;-23.5041;-46.1697
SE;Sudeste/Centro-Oeste;SP;São Paulo;ISA ENERGIA BRASIL;SPMOM3;MOGI MIRIM 3;138.0;SPMOM31A;566;-22.4202;-47.0663
SE;Sudeste/Centro-Oeste;SP;São Paulo;ISA ENERGIA BRASIL;SPMOM3;MOGI MIRIM 3;440.0;SPMOM34A;565;-22.4202;-47.0663
SE;Sudeste/Centro-Oeste;SP;São Paulo;CPFL MORRO AGUDO;SPMDO;MORRO AGUDO;138.0;SPMDO-1A;3111;-20.8650;-48.1556
SE;Sudeste/Centro-Oeste;SP;São Paulo;CPFL MORRO AGUDO;SPMDO;MORRO AGUDO;500.0;SPMDO-5A;3110;-20.8650;-48.1556
SE;Sudeste/Centro-Oeste;SP;São Paulo;PORTO PRIMAVERA;SPNPP;N.P.PRIMAVERA;230.0;SPNPP-2A;545;-22.4876;-52.9641
SE;Sudeste/Centro-Oeste;SP;São Paulo;PORTO PRIMAVERA;SPNPP;N.P.PRIMAVERA;440.0;SPNPP-4A;9544;-22.4876;-52.9641
SE;Sudeste/Centro-Oeste;SP;São Paulo;ISA ENERGIA BRASIL;SPNOD;NORDESTE;88.0;SPNOD-0A;443;-23.4549;-46.3819
SE;Sudeste/Centro-Oeste;SP;São Paulo;ISA ENERGIA BRASIL;SPNOD;NORDESTE;345.0;SPNOD-3A;442;-23.4549;-46.3819
SE;Sudeste/Centro-Oeste;SP;São Paulo;ISA ENERGIA BRASIL;SPNOR;NORTE;88.0;SPNOR-0A;437;-23.4827;-46.5582
SE;Sudeste/Centro-Oeste;SP;São Paulo;ISA ENERGIA BRASIL;SPNOR;NORTE;345.0;SPNOR-3A;435;-23.4827;-46.5582
SE;Sudeste/Centro-Oeste;SP;São Paulo;PETROBRAS;SPNPI;NOV.PIRATININGA;88.0;SPNPI-0E;90584;-23.6989;-46.6786
SE;Sudeste/Centro-Oeste;SP;São Paulo;PETROBRAS;SPNPI;NOV.PIRATININGA;88.0;SPNPI-0F;90585;-23.6989;-46.6786
SE;Sudeste/Centro-Oeste;SP;São Paulo;PETROBRAS;SPNPI;NOV.PIRATININGA;230.0;SPNPI-2A;90586;-23.6989;-46.6786
SE;Sudeste/Centro-Oeste;SP;São Paulo;PETROBRAS;SPNPI;NOV.PIRATININGA;230.0;SPNPI-2B;90587;-23.6989;-46.6786
SE;Sudeste/Centro-Oeste;SP;São Paulo;ISA ENERGIA BRASIL;SPOES;OESTE;88.0;SPOES-0A;415;-23.4477;-47.4121
SE;Sudeste/Centro-Oeste;SP;São Paulo;ISA ENERGIA BRASIL;SPOES;OESTE;440.0;SPOES-4A;414;-23.4477;-47.4121
SE;Sudeste/Centro-Oeste;SP;São Paulo;CESP;SPPPR;P. PRIMAVERA;440.0;SPPPR-4A;544;-22.4757;-52.9587
SE;Sudeste/Centro-Oeste;SP;São Paulo;COPEL-GT;SPPAD;PAR.PAULISTA2;88.0;SPPAD-0A;666;-22.4360;-50.5920
SE;Sudeste/Centro-Oeste;SP;São Paulo;COPEL-GT;SPPAD;PAR.PAULISTA2;230.0;SPPAD-2A;667;-22.4360;-50.5920
SE;Sudeste/Centro-Oeste;SP;São Paulo;CESP;SPPAR;PARAIBUNA;138.0;SPPAR-1A;93798;-23.4100;-45.6006
SE;Sudeste/Centro-Oeste;SP;São Paulo;ISA ENERGIA BRASIL;SPCUB1;PBR CUBATAO;230.0;SPCUB-21;9104;-23.8747;-46.4317
SE;Sudeste/Centro-Oeste;SP;São Paulo;CPFL PIRACICABA;SPPCB;PIRACICABA;138.0;SPPCB-1A;577;-22.6345;-47.5711
SE;Sudeste/Centro-Oeste;SP;São Paulo;CPFL PIRACICABA;SPPCB;PIRACICABA;440.0;SPPCB-4A;573;-22.6345;-47.5711
SE;Sudeste/Centro-Oeste;SP;São Paulo;CBA;SPPJU;PIRAJU;230.0;SPPJU-2A;641;-23.1542;-49.3800
SE;Sudeste/Centro-Oeste;SP;São Paulo;ISA ENERGIA BRASIL;SPPIR;PIRATININGA;88.0;SPPIR-0A;485;-23.6984;-46.6774
SE;Sudeste/Centro-Oeste;SP;São Paulo;ISA ENERGIA BRASIL;SPPIR;PIRATININGA;230.0;SPPIR-2A;484;-23.6984;-46.6774
SE;Sudeste/Centro-Oeste;SP;São Paulo;IE JAGUAR 8;SPPIR2;PIRATININGA 2;88.0;SPPIR20A;486;-23.7057;-46.6829
SE;Sudeste/Centro-Oeste;SP;São Paulo;IE JAGUAR 8;SPPIR2;PIRATININGA 2;345.0;SPPIR23A;487;-23.7057;-46.6829
SE;Sudeste/Centro-Oeste;SP;São Paulo;ISA ENERGIA BRASIL;SPPRI;PIRITUBA;88.0;SPPRI-0A;422;-23.5009;-46.7086
SE;Sudeste/Centro-Oeste;SP;São Paulo;ISA ENERGIA BRASIL;SPPRI;PIRITUBA;230.0;SPPRI-2A;421;-23.5009;-46.7086
SE;Sudeste/Centro-Oeste;SP;São Paulo;ISA ENERGIA BRASIL;SPRRF;RAM REBERT F;88.0;SPRRF-0A;467;-23.5792;-46.5238
SE;Sudeste/Centro-Oeste;SP;São Paulo;ISA ENERGIA BRASIL;SPRRF;RAM REBERT F;345.0;SPRRF-3A;466;-23.5792;-46.5238
SE;Sudeste/Centro-Oeste;SP;São Paulo;ISA ENERGIA BRASIL;SPSERP;REPLAN;440.0;SPSERP4A;413;-22.7349;-47.1128
SE;Sudeste/Centro-Oeste;SP;São Paulo;ISA ENERGIA BRASIL;SPRPR;RIBEIRAOPRETO;138.0;SPRPR-1A;564;-21.1998;-47.6848
SE;Sudeste/Centro-Oeste;SP;São Paulo;ISA ENERGIA BRASIL;SPRPR;RIBEIRAOPRETO;440.0;SPRPR-4A;563;-21.1998;-47.6848
SE;Sudeste/Centro-Oeste;SP;São Paulo;ISA ENERGIA BRASIL;SPRPR;RIBEIRAOPRETO;500.0;SPRPR-5A;3011;-21.1998;-47.6848
SE;Sudeste/Centro-Oeste;SP;São Paulo;RIO PARANAPANEMA;SPROS;ROSANA;138.0;SPROS-1A;424;-22.6000;-52.8694
SE;Sudeste/Centro-Oeste;SP;São Paulo;RIO PARANAPANEMA;SPROS;ROSANA;230.0;SPROS-2A;423;-22.6000;-52.8694
SE;Sudeste/Centro-Oeste;SP;São Paulo;IE RIACHO GRANDE;SPSCDS;S.CAETANO SUL;88.0;SPSCDS0A;7694;-23.6103;-46.5789
SE;Sudeste/Centro-Oeste;SP;São Paulo;IE RIACHO GRANDE;SPSCDS;S.CAETANO SUL;345.0;SPSCDS3A;7693;-23.6103;-46.5789
SE;Sudeste/Centro-Oeste;SP;São Paulo;ISA ENERGIA BRASIL;SPSJC;S.JOSE CAMPOS;88.0;SPSJC-0A;455;-23.2025;-45.8898
SE;Sudeste/Centro-Oeste;SP;São Paulo;ISA ENERGIA BRASIL;SPSJC;S.JOSE CAMPOS;230.0;SPSJC-2A;454;-23.2025;-45.8898
SE;Sudeste/Centro-Oeste;SP;São Paulo;IE SERRA DO JAPI;SPSTO;SALTO;88.0;SPSTO-0A;528;-23.1786;-47.2411
SE;Sudeste/Centro-Oeste;SP;São Paulo;IE SERRA DO JAPI;SPSTO;SALTO;440.0;SPSTO-4A;527;-23.1786;-47.2411
SE;Sudeste/Centro-Oeste;SP;São Paulo;RIO PARANAPANEMA;SPSAG;SALTO GRANDE SP;88.0;SPSAG-0A;613;-22.9039;-49.9980
SE;Sudeste/Centro-Oeste;SP;São Paulo;RIO PARANAPANEMA;SPSAG;SALTO GRANDE SP;230.0;SPSAG-2A;612;-22.9039;-49.9980
SE;Sudeste/Centro-Oeste;SP;São Paulo;ISA ENERGIA BRASIL;SPSBO;SANTA BARBARA;138.0;SPSBO-1A;568;-22.7267;-47.4177
SE;Sudeste/Centro-Oeste;SP;São Paulo;ISA ENERGIA BRASIL;SPSBO;SANTA BARBARA;440.0;SPSBO-4A;567;-22.7267;-47.4177
SE;Sudeste/Centro-Oeste;SP;São Paulo;ISA ENERGIA BRASIL;SPSCA;SANTA CABECA;88.0;SPSCA-0A;462;-22.6555;-44.9294
SE;Sudeste/Centro-Oeste;SP;São Paulo;ISA ENERGIA BRASIL;SPSCA;SANTA CABECA;230.0;SPSCA-2A;461;-22.6555;-44.9294
SE;Sudeste/Centro-Oeste;SP;São Paulo;ISA ENERGIA BRASIL;SPSAA;SANTO ANGELO;138.0;SPSAA-1A;595;-23.5860;-46.2538
SE;Sudeste/Centro-Oeste;SP;São Paulo;ISA ENERGIA BRASIL;SPSAA;SANTO ANGELO;345.0;SPSAA-3A;594;-23.5860;-46.2538
SE;Sudeste/Centro-Oeste;SP;São Paulo;ISA ENERGIA BRASIL;SPSAA;SANTO ANGELO;440.0;SPSAA-4A;593;-23.5860;-46.2538
SE;Sudeste/Centro-Oeste;SP;São Paulo;ISA ENERGIA BRASIL;SPSLA3;SCALA III;230.0;SPSLA31A;47385;-23.4947;-46.8128
SE;Sudeste/Centro-Oeste;SP;São Paulo;ISA ENERGIA BRASIL;SPSLY;SOLVAY;440.0;SPSLY-4A;9102;-23.7689;-46.3748
SE;Sudeste/Centro-Oeste;SP;São Paulo;ISA ENERGIA BRASIL;SPSUL;SUL;88.0;SPSUL-0A;476;-23.6994;-46.5211
SE;Sudeste/Centro-Oeste;SP;São Paulo;ISA ENERGIA BRASIL;SPSUL;SUL;345.0;SPSUL-3A;474;-23.6994;-46.5211
SE;Sudeste/Centro-Oeste;SP;São Paulo;ISA ENERGIA BRASIL;SPSUR;SUMARE;138.0;SPSUR-1A;571;-22.8671;-47.2870
SE;Sudeste/Centro-Oeste;SP;São Paulo;ISA ENERGIA BRASIL;SPSUR;SUMARE;440.0;SPSUR-4A;570;-22.8671;-47.2870
SE;Sudeste/Centro-Oeste;SP;São Paulo;RIO PARANAPANEMA;SPTAQ;TAQUARUCU;138.0;SPTAQ-1A;548;-22.5437;-52.0002
SE;Sudeste/Centro-Oeste;SP;São Paulo;RIO PARANAPANEMA;SPTAQ;TAQUARUCU;440.0;SPTAQ-4A;547;-22.5437;-52.0002
SE;Sudeste/Centro-Oeste;SP;São Paulo;ISA ENERGIA BRASIL;SPTAU;TAUBATE;138.0;SPTAU-1A;601;-23.0637;-45.5859
SE;Sudeste/Centro-Oeste;SP;São Paulo;ISA ENERGIA BRASIL;SPTAU;TAUBATE;230.0;SPTAU-2A;600;-23.0637;-45.5859
SE;Sudeste/Centro-Oeste;SP;São Paulo;ISA ENERGIA BRASIL;SPTAU;TAUBATE;440.0;SPTAU-4A;599;-23.0637;-45.5859
SE;Sudeste/Centro-Oeste;SP;São Paulo;ISA ENERGIA BRASIL;SPTAU;TAUBATE;500.0;SPTAU-5A;598;-23.0637;-45.5859
SE;Sudeste/Centro-Oeste;SP;São Paulo;AXIA ENERGIA;SPSTTP;TIJUCO PRETO;69.0;SPSTTP0A;79;-23.7094;-46.2746
SE;Sudeste/Centro-Oeste;SP;São Paulo;AXIA ENERGIA;SPSTTP;TIJUCO PRETO;345.0;SPSTTP3A;78;-23.7094;-46.2746
SE;Sudeste/Centro-Oeste;SP;São Paulo;AXIA ENERGIA;SPSTTP;TIJUCO PRETO;500.0;SPSTTP5A;77;-23.7094;-46.2746
SE;Sudeste/Centro-Oeste;SP;São Paulo;AXIA ENERGIA;SPSTTP;TIJUCO PRETO;765.0;SPSTTP7A;76;-23.7094;-46.2746
SE;Sudeste/Centro-Oeste;SP;São Paulo;ISA ENERGIA BRASIL;SPTOY;TOYOTA;230.0;SPTOY-2A;412;-23.3799;-47.4574
SE;Sudeste/Centro-Oeste;SP;São Paulo;TIJOÁ;SPTRI;TRES IRMAOS;138.0;SPTRI-1A;543;-20.6687;-51.2998
SE;Sudeste/Centro-Oeste;SP;São Paulo;TIJOÁ;SPTRI;TRES IRMAOS;440.0;SPTRI-4A;542;-20.6687;-51.2998
SE;Sudeste/Centro-Oeste;SP;São Paulo;BSE;SPPI;U.PIRATININGA;88.0;SPPI--0A;92505;-23.6963;-46.6686
SE;Sudeste/Centro-Oeste;SP;São Paulo;BSE;SPPI;U.PIRATININGA;230.0;SPPI--2A;90599;-23.6963;-46.6686
SE;Sudeste/Centro-Oeste;SP;São Paulo;ISA ENERGIA BRASIL;SPVAL;VALPARAISO;138.0;SPVAL-1A;673;-21.2146;-50.8688
SE;Sudeste/Centro-Oeste;SP;São Paulo;ISA ENERGIA BRASIL;SPXAV;XAVANTES;345.0;SPXAV-3A;491;-23.6583;-46.7237
SE;Sudeste/Centro-Oeste;TO;Tocantins;ENERGISA TO TRA;TODNP;DIANOPOLIS II;138.0;TODNP-1A;7228;-11.6280;-46.7944
SE;Sudeste/Centro-Oeste;TO;Tocantins;ENERGISA TO TRA;TODNP;DIANOPOLIS II;230.0;TODNP-2A;7227;-11.6280;-46.7944
SE;Sudeste/Centro-Oeste;TO;Tocantins;ENERPEIXE;TOUHPA;PEIXE ANGICAL;138.0;TOUHPA1A;7111;-12.2355;-48.3864
SE;Sudeste/Centro-Oeste;TO;Tocantins;ENERPEIXE;TOUHPA;PEIXE ANGICAL;500.0;TOUHPA5A;7112;-12.2355;-48.3864
SE;Sudeste/Centro-Oeste;TO;Tocantins;ENGIE;TOUHSA;SAO SALVADOR;230.0;TOUHSA2A;3967;-12.8084;-48.2382
