id_subsistema_terminalde;nom_subsistema_terminalde;id_subsistema_terminalpara;nom_subsistema_terminalpara;id_estado_terminalde;nom_estado_de;id_estado_terminalpara;nom_estado_para;nom_subestacao_de;nom_subestacao_para;val_niveltensao_kv;nom_tipoderede;nom_tipolinha;nom_agenteproprietario;nom_linhadetransmissao;cod_equipamento;dat_entradaoperacao;dat_desativacao;dat_prevista;val_comprimento;val_resistencia;val_reatancia;val_shunt;val_capacoperlongasemlimit;val_capacoperlongacomlimit;val_capacopercurtasemlimit;val_capacopercurtacomlimit;val_capacidadeoperveraodialonga;val_capacidadeoperveraonoitelonga;val_capacoperinvernodialonga;val_capacoperinvernonoitelonga;val_capacoperveradiacurta;val_capacoperveraonoitecurta;val_capacoperinvernodiacurta;val_capacoperinvernonoitecurta;num_barra_de;num_barra_para
SE;SUDESTE;SE;SUDESTE;AC;ACRE;AC;ACRE;CRUZEIRO SUL;FEIJO               ;230.0;BASICA         ;LINHA DE TRANSMISSÃO;ACRE;LT  230 kV CRUZEIRO SUL         / FEIJO                C 1  AC;ACCS--2FJ--1        ;2024-12-16;;2024-11-29;280.0;3.791;23.846;44.8;780.0;780.0;1070.0;1070.0;;;;;;;;;6990;6980
SE;SUDESTE;SE;SUDESTE;AC;ACRE;AC;ACRE;FEIJO;RIO BRANCO I        ;230.0;BASICA         ;LINHA DE TRANSMISSÃO;ACRE;LT  230 kV FEIJO                / RIO BRANCO I         C 1  AC;ACFJ--2RB--1        ;2023-06-05;;2023-05-31;392.0;5.481;35.315;68.75;780.0;780.0;1070.0;1070.0;;;;;;;;;6980;6950
SE;SUDESTE;SE;SUDESTE;AC;ACRE;AC;ACRE;RIO BRANCO I;TUCUMA              ;230.0;BASICA         ;LINHA DE TRANSMISSÃO;AXIA NORTE;LT  230 kV RIO BRANCO I         / TUCUMA               C 1  AC;ACRB--2TUC-1        ;2024-08-25;;2024-05-17;31.27;0.243;2.098;7.742;1750.0;1750.0;1400.0;1400.0;;;;;;;;;6950;7031
NE;NORDESTE;NE;NORDESTE;AL;ALAGOAS;AL;ALAGOAS;ARAPIRACA III;PENEDO              ;230.0;BASICA         ;LINHA DE TRANSMISSÃO;AXIA NORDESTE;LT  230 kV ARAPIRACA III        / PENEDO               C S9 AL (04S9);ALART-2PEN-1        ;2013-06-09;;2013-06-29;89.4;1.63;8.52;15.52;631.0;631.0;795.0;795.0;631.0;663.0;631.0;663.0;795.0;869.0;795.0;825.0;6081;5291
NE;NORDESTE;NE;NORDESTE;AL;ALAGOAS;AL;ALAGOAS;ARAPIRACA III;RIO LARGO II        ;230.0;BASICA         ;LINHA DE TRANSMISSÃO;AXIA NORDESTE;LT  230 kV ARAPIRACA III        / RIO LARGO II         C F1 AL ();ALART-2RLD-1        ;2013-06-09;;2013-06-29;124.4;2.25;11.88;21.58;631.0;631.0;795.0;795.0;631.0;663.0;631.0;663.0;795.0;870.0;795.0;824.0;6081;5111
NE;NORDESTE;NE;NORDESTE;AL;ALAGOAS;AL;ALAGOAS;MESSIAS;MACEIO              ;230.0;BASICA         ;LINHA DE TRANSMISSÃO;AXIA NORDESTE;LT  230 kV MESSIAS              / MACEIO               C S6 AL (04S6);ALMSI-2MCO-1        ;2002-11-10;;2003-06-30;26.5;0.33;1.8;6.46;1068.0;1068.0;1346.0;1250.0;1068.0;1089.0;1068.0;1089.0;1346.0;1446.0;1349.0;1367.0;5301;5311
NE;NORDESTE;NE;NORDESTE;AL;ALAGOAS;AL;ALAGOAS;MESSIAS;MACEIO              ;230.0;BASICA         ;LINHA DE TRANSMISSÃO;AXIA NORDESTE;LT  230 kV MESSIAS              / MACEIO               C S7 AL (04S7);ALMSI-2MCO-2        ;2002-12-15;;2003-06-30;26.5;0.33;1.8;6.46;1068.0;1068.0;1346.0;1250.0;1068.0;1089.0;1068.0;1089.0;1346.0;1446.0;1349.0;1367.0;5301;5311
NE;NORDESTE;NE;NORDESTE;AL;ALAGOAS;AL;ALAGOAS;MESSIAS;MACEIO II           ;230.0;BASICA         ;LINHA DE TRANSMISSÃO;AXIA NORDESTE;LT  230 kV MESSIAS              / MACEIO II            C M1 AL (04M1);ALMSI-2MCD-1        ;2019-02-17;;2019-02-15;19.71;0.18;1.33;4.9;1545.0;1545.0;1810.0;1810.0;;;;;;;;;5301;5312
NE;NORDESTE;NE;NORDESTE;AL;ALAGOAS;AL;ALAGOAS;MESSIAS;MACEIO II           ;230.0;BASICA         ;LINHA DE TRANSMISSÃO;AXIA NORDESTE;LT  230 kV MESSIAS              / MACEIO II            C M2 AL (04M2);ALMSI-2MCD-2        ;2019-03-01;;2019-02-15;19.71;0.18;1.32;4.9;1545.0;1545.0;1810.0;1810.0;;;;;;;;;5301;5312
NE;NORDESTE;NE;NORDESTE;AL;ALAGOAS;AL;ALAGOAS;MESSIAS;RIO LARGO II        ;230.0;BASICA         ;LINHA DE TRANSMISSÃO;RIO LARGO SPE;LT  230 kV MESSIAS              / RIO LARGO II         C C1 AL (C1);ALMSI-2RLD-4        ;2023-10-31;;2023-09-20;15.0;0.097;0.981;3.732;1430.0;1430.0;1790.0;1790.0;;;;;;;;;5301;5111
NE;NORDESTE;NE;NORDESTE;AL;ALAGOAS;AL;ALAGOAS;MESSIAS;RIO LARGO II        ;230.0;BASICA         ;LINHA DE TRANSMISSÃO;AXIA NORDESTE;LT  230 kV MESSIAS              / RIO LARGO II         C S3 AL (04S3);ALMSI-2RLD-1        ;2000-02-06;;;11.9;0.21;1.12;1.94;631.0;631.0;795.0;795.0;631.0;663.0;631.0;663.0;795.0;874.0;801.0;828.0;5301;5111
NE;NORDESTE;NE;NORDESTE;AL;ALAGOAS;AL;ALAGOAS;MESSIAS;RIO LARGO II        ;230.0;BASICA         ;LINHA DE TRANSMISSÃO;AXIA NORDESTE;LT  230 kV MESSIAS              / RIO LARGO II         C S4 AL (04S4);ALMSI-2RLD-2        ;1990-12-31;;;11.9;0.21;1.08;2.02;437.0;437.0;621.0;621.0;631.0;663.0;631.0;663.0;795.0;874.0;801.0;828.0;5301;5111
NE;NORDESTE;NE;NORDESTE;AL;ALAGOAS;AL;ALAGOAS;MESSIAS;RIO LARGO II        ;230.0;BASICA         ;LINHA DE TRANSMISSÃO;AXIA NORDESTE;LT  230 kV MESSIAS              / RIO LARGO II         C S5 AL (04S5);ALMSI-2RLD-3        ;1990-12-31;;;11.6;0.21;1.09;2.02;437.0;437.0;621.0;621.0;437.0;546.0;437.0;551.0;621.0;788.0;660.0;751.0;5301;5111
NE;NORDESTE;NE;NORDESTE;AL;ALAGOAS;AL;ALAGOAS;RIO LARGO II;PENEDO              ;230.0;BASICA         ;LINHA DE TRANSMISSÃO;AXIA NORDESTE;LT  230 kV RIO LARGO II         / PENEDO               C S9 AL (04S9);ALRLD-2PEN-1        ;1990-12-31;2013-06-09;;122.7;2.29;11.9;21.62;;;;;;;;;;;;;5111;5291
NE;NORDESTE;NE;NORDESTE;AL;ALAGOAS;PE;PERNAMBUCO;SANTANA II;ANGELIM             ;230.0;BASICA         ;LINHA DE TRANSMISSÃO;AXIA NORDESTE;LT  230 kV SANTANA II           / ANGELIM              C Z9 AL/PE (04Z9);ALSTII2AGL-1PE      ;2021-09-21;;2022-03-21;155.91;2.885;15.62;25.78;437.0;437.0;621.0;516.0;620.0;798.0;663.0;822.0;775.0;898.0;803.0;918.0;5732;5101
N;NORTE;N;NORTE;AM;AMAZONAS;AM;AMAZONAS;BALBINA;CRISTIANO ROCHA     ;230.0;BASICA         ;LINHA DE TRANSMISSÃO;ENERGISA AMAZONAS;LT  230 kV BALBINA              / CRISTIANO ROCHA      C 1  AM;AMBA--2CR--1        ;2006-11-06;2024-06-08;;180.0;1.49;10.47;38.04;;;;;843.0;843.0;843.0;843.0;1385.0;1385.0;1385.0;1385.0;92182;8551
N;NORTE;N;NORTE;AM;AMAZONAS;AM;AMAZONAS;BALBINA;LECHUGA             ;230.0;BASICA         ;LINHA DE TRANSMISSÃO;ENERGISA AMAZONAS;LT  230 kV BALBINA              / LECHUGA              C 1  AM;AMBA--2CRR-1        ;2015-04-18;2024-11-12;2015-03-31;160.26;1.61;10.91;40.35;;;;;843.0;843.0;843.0;843.0;1385.0;1385.0;1385.0;1385.0;92182;8700
N;NORTE;N;NORTE;AM;AMAZONAS;AM;AMAZONAS;BALBINA;MANAUS              ;230.0;COMPLEMENTAR   ;LINHA DE TRANSMISSÃO;AMBAR AMAZONAS;LT  230 kV BALBINA              / MANAUS               C 1  AM;AMBA--2MN--1        ;1989-05-09;2006-11-06;;180.344;1.72;12.16;44.23;;;;;;;;;;;;;92182;8521
N;NORTE;N;NORTE;AM;AMAZONAS;AM;AMAZONAS;BALBINA;MANAUS              ;230.0;COMPLEMENTAR   ;LINHA DE TRANSMISSÃO;AMAZONAS GT;LT  230 kV BALBINA              / MANAUS               C 2  AM;AMBA--2MN--2        ;1990-12-31;2015-04-07;;180.0;1.72;12.16;44.23;;;;;;;;;;;;;92182;8521
N;NORTE;N;NORTE;AM;AMAZONAS;AM;AMAZONAS;BALBINA;PR.FIGUEIREDO       ;230.0;BASICA         ;LINHA DE TRANSMISSÃO;ENERGISA AMAZONAS;LT  230 kV BALBINA              / PR.FIGUEIREDO        C 1  AM;AMFG--2BA--1        ;2024-06-08;2024-12-02;2026-03-31;57.23;0.61;4.13;15.14;;;;;;;;;;;;;92182;8541
N;NORTE;N;NORTE;AM;AMAZONAS;AM;AMAZONAS;CRISTIANO ROCHA;LECHUGA             ;230.0;BASICA         ;LINHA DE TRANSMISSÃO;ENERGISA AMAZONAS;LT  230 kV CRISTIANO ROCHA      / LECHUGA              C 1  AM;AMCR--2CRR-1        ;2013-07-09;;2013-07-31;5.425;0.05;0.37;1.32;1550.0;1550.0;1906.0;1906.0;843.0;843.0;843.0;843.0;1385.0;1385.0;1385.0;1385.0;8551;8700
N;NORTE;N;NORTE;AM;AMAZONAS;AM;AMAZONAS;CRISTIANO ROCHA;MANAUS              ;230.0;COMPLEMENTAR   ;LINHA DE TRANSMISSÃO;AMAZONAS GT;LT  230 kV CRISTIANO ROCHA      / MANAUS               C 1  AM;AMCR--2MN--1        ;2006-11-06;2013-07-09;;22.704;0.19;1.223;4.91;;;;;;;;;;;;;8551;8521
N;NORTE;N;NORTE;AM;AMAZONAS;AM;AMAZONAS;CRISTIANO ROCHA;PR.FIGUEIREDO       ;230.0;BASICA         ;LINHA DE TRANSMISSÃO;ENERGISA AMAZONAS;LT  230 kV CRISTIANO ROCHA      / PR.FIGUEIREDO        C 1  AM;AMCR--2FG--1        ;2024-06-05;;2026-03-31;97.78;0.925;6.439;23.492;1240.0;1240.0;1548.0;1548.0;;;;;;;;;8551;8541
N;NORTE;N;NORTE;AM;AMAZONAS;AM;AMAZONAS;JORG.TEIXEIRA;LECHUGA             ;230.0;BASICA         ;LINHA DE TRANSMISSÃO;AXIA NORTE;LT  230 kV JORG.TEIXEIRA        / LECHUGA              C 1  AM;AMJTX-2CRR-1        ;2014-03-14;;2014-03-31;30.0;0.197;1.974;7.587;1945.0;1945.0;2315.0;2315.0;1945.0;2225.0;1945.0;2225.0;2315.0;2415.0;2315.0;2438.0;8511;8700
N;NORTE;N;NORTE;AM;AMAZONAS;AM;AMAZONAS;JORG.TEIXEIRA;LECHUGA             ;230.0;BASICA         ;LINHA DE TRANSMISSÃO;AXIA NORTE;LT  230 kV JORG.TEIXEIRA        / LECHUGA              C 2  AM;AMJTX-2CRR-2        ;2014-03-14;;2014-03-31;30.0;0.197;1.974;7.587;1945.0;1945.0;2315.0;2315.0;1945.0;2225.0;1945.0;2225.0;2315.0;2415.0;2315.0;2438.0;8511;8700
N;NORTE;N;NORTE;AM;AMAZONAS;AM;AMAZONAS;JORG.TEIXEIRA;LECHUGA             ;230.0;BASICA         ;LINHA DE TRANSMISSÃO;AXIA NORTE;LT  230 kV JORG.TEIXEIRA        / LECHUGA              C 3  AM;AMJTX-2CRR-3        ;2019-09-15;;2015-03-31;30.0;0.204;1.91;7.731;1945.0;1945.0;2315.0;2315.0;;;;;;;;;8511;8700
N;NORTE;N;NORTE;AM;AMAZONAS;AM;AMAZONAS;JORG.TEIXEIRA;MAUA III            ;230.0;BASICA         ;LINHA DE TRANSMISSÃO;ENERGISA AMAZONAS;LT  230 kV JORG.TEIXEIRA        / MAUA III             C 1  AM;AMJTX-2MT--1        ;2014-06-01;;2014-06-30;29.5;0.08;0.85;3.2;1990.0;1990.0;2447.0;2447.0;;;;;;;;;8511;8531
N;NORTE;N;NORTE;AM;AMAZONAS;AM;AMAZONAS;JORG.TEIXEIRA;MAUA III            ;230.0;BASICA         ;LINHA DE TRANSMISSÃO;ENERGISA AMAZONAS;LT  230 kV JORG.TEIXEIRA        / MAUA III             C 2  AM;AMJTX-2MT--2        ;2014-06-01;;2014-06-30;29.5;0.08;0.85;3.2;1990.0;1990.0;2447.0;2447.0;;;;;;;;;8511;8531
N;NORTE;N;NORTE;AM;AMAZONAS;AM;AMAZONAS;LECHUGA;MANAUS              ;230.0;BASICA         ;LINHA DE TRANSMISSÃO;ENERGISA AMAZONAS;LT  230 kV LECHUGA              / MANAUS               C 1  AM;AMCRR-2MN--1        ;2013-07-09;;2013-10-31;19.74;0.19;1.328;4.876;1550.0;1200.0;1906.0;1200.0;843.0;843.0;843.0;843.0;1385.0;1385.0;1385.0;1385.0;8700;8521
N;NORTE;N;NORTE;AM;AMAZONAS;AM;AMAZONAS;LECHUGA;MANAUS              ;230.0;BASICA         ;LINHA DE TRANSMISSÃO;ENERGISA AMAZONAS;LT  230 kV LECHUGA              / MANAUS               C 2  AM;AMCRR-2MN--2        ;2015-04-07;;2015-03-31;19.74;0.19;1.328;4.876;1550.0;1200.0;1906.0;1200.0;843.0;843.0;843.0;843.0;1385.0;1385.0;1385.0;1385.0;8700;8521
N;NORTE;N;NORTE;AM;AMAZONAS;AM;AMAZONAS;SE BALBINA;LECHUGA             ;230.0;BASICA         ;LINHA DE TRANSMISSÃO;ENERGISA AMAZONAS;LT  230 kV SE BALBINA           / LECHUGA              C 1  AM;AMBE--2LEC-1        ;2024-11-02;;2024-07-27;159.21;1.61;10.91;40.35;1200.0;1200.0;1906.0;1906.0;;;;;;;;;8501;8700
N;NORTE;N;NORTE;AM;AMAZONAS;AM;AMAZONAS;SE BALBINA;PR.FIGUEIREDO       ;230.0;BASICA         ;LINHA DE TRANSMISSÃO;ENERGISA AMAZONAS;LT  230 kV SE BALBINA           / PR.FIGUEIREDO        C 1  AM;AMBE--2FG--1        ;2024-06-08;;2024-03-31;57.23;0.59;4.098;14.916;1240.0;1240.0;1548.0;1548.0;;;;;;;;;8501;8541
N;NORTE;N;NORTE;AM;AMAZONAS;AM;AMAZONAS;UTE MAUA 3;MAUA III            ;230.0;COMPLEMENTAR   ;LINHA DE TRANSMISSÃO;J&F INVESTIMENTOS;LT  230 kV UTE MAUA 3           / MAUA III             C 2  AM;AMCM--2MT--2        ;2018-11-17;;2017-03-31;0.0982;0.01;0.02;0.0;;;;;;;;;;;;;94834;8531
N;NORTE;N;NORTE;AM;AMAZONAS;AM;AMAZONAS;UTE MAUA 3;MAUA III            ;230.0;COMPLEMENTAR   ;LINHA DE TRANSMISSÃO;J&F INVESTIMENTOS;LT  230 kV UTE MAUA 3           / MAUA III             C 3  AM;AMCM--2MT--3        ;2018-12-22;;2017-05-31;0.0651;0.01;0.02;0.0;;;;;;;;;;;;;94846;8531
N;NORTE;;;AM;AMAZONAS;;;PR.FIGUEIREDO;;230.0;BASICA         ;RAMAL DE LINHA;ENERGISA AMAZONAS;RL  230 kV PR.FIGUEIREDO        /    DFG C  1 AM;AMFG--2DFG-1        ;1990-12-31;2024-06-08;;0.124;0.25;1.768;0.1;;;;;;;;;;;;;8541;
N;NORTE;N;NORTE;AP;AMAPA;AP;AMAPA;C.CALDEIRAO;FERREI.GOMES        ;230.0;COMPLEMENTAR   ;LINHA DE TRANSMISSÃO;CACHOEIRA CALDEIRAO;LT  230 kV C.CALDEIRAO          / FERREI.GOMES         C 1  AP;APUCCA2FGO-1        ;2016-05-05;;2016-04-30;10.0;0.0685;0.48972;0.4567;;;;;;;;;;;;;8277;8278
N;NORTE;N;NORTE;AP;AMAPA;AP;AMAPA;FERREI.GOMES;MACAPA              ;230.0;COMPLEMENTAR   ;LINHA DE TRANSMISSÃO;FERREIRA GOMES;LT  230 kV FERREI.GOMES         / MACAPA               C 1  AP;APFGO-2MCP-1        ;2014-10-08;;2014-12-30;93.0;0.5608;6.7097;21.79;1430.0;1430.0;1790.0;1790.0;;;;;;;;;8278;8280
N;NORTE;N;NORTE;AP;AMAPA;AP;AMAPA;LARANJAL;MACAPA              ;230.0;BASICA         ;LINHA DE TRANSMISSÃO;LMTE;LT  230 kV LARANJAL             / MACAPA               C 1  AP;APLAL-2MCP-1        ;2014-01-21;;2014-02-28;244.0;1.94;13.32;66.93;1400.0;1400.0;1750.0;1750.0;1400.0;1400.0;1400.0;1400.0;1750.0;1750.0;1750.0;1750.0;8270;8280
N;NORTE;N;NORTE;AP;AMAPA;AP;AMAPA;LARANJAL;MACAPA              ;230.0;BASICA         ;LINHA DE TRANSMISSÃO;LMTE;LT  230 kV LARANJAL             / MACAPA               C 2  AP;APLAL-2MCP-2        ;2014-01-21;;2014-02-28;244.0;1.94;13.32;66.93;1400.0;1400.0;1750.0;1750.0;1400.0;1400.0;1400.0;1400.0;1750.0;1750.0;1750.0;1750.0;8270;8280
N;NORTE;N;NORTE;AP;AMAPA;AP;AMAPA;LARANJAL;MACAPA III          ;230.0;BASICA         ;LINHA DE TRANSMISSÃO;AMAPAR II;LT  230 kV LARANJAL             / MACAPA III           C 1  AP;APLRJ-2MCT-1        ;2026-08-23;;2026-09-30;217.0;1.644;12.35;61.7;1500.0;1500.0;2000.0;2000.0;;;;;;;;;8270;44781
N;NORTE;N;NORTE;AP;AMAPA;AP;AMAPA;LARANJAL;STO.ANT.JARI        ;230.0;COMPLEMENTAR   ;LINHA DE TRANSMISSÃO;ENGIE;LT  230 kV LARANJAL             / STO.ANT.JARI         C 1  AP;APLAL-2SAJ-1        ;2014-08-25;;2014-10-31;19.6;0.1576;1.3103;4.867;;;;;;;;;;;;;8270;8268
N;NORTE;N;NORTE;AP;AMAPA;AP;AMAPA;MACAPA;MACAPA III          ;230.0;BASICA         ;LINHA DE TRANSMISSÃO;ENERGISA AMAPA;LT  230 kV MACAPA               / MACAPA III           C 1  AP;APMCP-2MCT-1        ;2024-12-08;;2024-11-29;10.0;0.078;0.653;2.518;1500.0;1500.0;2000.0;2000.0;;;;;;;;;8280;44781
NE;NORDESTE;NE;NORDESTE;BA;BAHIA;BA;BAHIA;ALAGOINHAS II;CATU                ;230.0;BASICA         ;LINHA DE TRANSMISSÃO;AXIA NORDESTE;LT  230 kV ALAGOINHAS II        / CATU                 C L3 BA (04L3);BAALG-2CTU-1        ;2023-04-22;;2023-03-21;37.78;0.7707;4.083;7.033;437.0;437.0;621.0;437.0;620.0;777.0;650.0;797.0;775.0;880.0;793.0;897.0;6000;5782
NE;NORDESTE;NE;NORDESTE;BA;BAHIA;BA;BAHIA;ALAGOINHAS II;CICERO DANTAS       ;230.0;BASICA         ;LINHA DE TRANSMISSÃO;AXIA NORDESTE;LT  230 kV ALAGOINHAS II        / CICERO DANTAS        C L8 BA (04L8);BACCD-2ALG-1        ;2023-04-23;2026-05-28;2023-03-21;162.5;3.006;15.944;27.511;;;;;620.0;777.0;650.0;797.0;775.0;880.0;793.0;897.0;6000;5701
NE;NORDESTE;NE;NORDESTE;BA;BAHIA;BA;BAHIA;ALAGOINHAS II;OLINDINA            ;230.0;BASICA         ;LINHA DE TRANSMISSÃO;AXIA NORDESTE;LT  230 kV ALAGOINHAS II        / OLINDINA             C L8 BA ();BAOLD-2ALD-1        ;2026-05-28;;2025-11-11;82.84;1.64;8.264;14.5;437.0;437.0;621.0;621.0;;;;;;;;;6000;44155
NE;NORDESTE;NE;NORDESTE;BA;BAHIA;BA;BAHIA;APOLONIO SALES;P.AFONSO III        ;230.0;COMPLEMENTAR   ;LINHA DE TRANSMISSÃO;AXIA NORDESTE;LT  230 kV APOLONIO SALES       / P.AFONSO III         C M1 BA (04M1);BAUAS-2PAF-1        ;1990-12-31;;;6.0;0.11;0.58;1.02;;;;;;;;;;;;;5029;5003
NE;NORDESTE;NE;NORDESTE;BA;BAHIA;BA;BAHIA;APOLONIO SALES;P.AFONSO III        ;230.0;COMPLEMENTAR   ;LINHA DE TRANSMISSÃO;AXIA NORDESTE;LT  230 kV APOLONIO SALES       / P.AFONSO III         C M2 BA (04M2);BAUAS-2PAF-2        ;1990-12-31;;;6.0;0.11;0.58;1.011;;;;;;;;;;;;;5028;5003
NE;NORDESTE;NE;NORDESTE;BA;BAHIA;BA;BAHIA;ARACAS;IGAPORA II          ;230.0;COMPLEMENTAR   ;LINHA DE TRANSMISSÃO;EOL DOS ARAÇAS;LT  230 kV ARACAS               / IGAPORA II           C P3 BA (04P3);BAARA-2IGD-1        ;2014-10-11;;2014-10-31;9.0;0.1841;0.9796;1.54;;;;;;;;;;;;;6371;6171
NE;NORDESTE;NE;NORDESTE;BA;BAHIA;BA;BAHIA;B.JESUS LAPA;BARREIRAS           ;230.0;BASICA         ;LINHA DE TRANSMISSÃO;AXIA NORDESTE;LT  230 kV B.JESUS LAPA         / BARREIRAS            C L1 BA (04L1);BABJS-2BRA-1        ;1990-12-31;2019-05-26;;233.5;4.25;22.18;40.68;;;;;631.0;663.0;631.0;663.0;795.0;850.0;795.0;802.0;6351;6361
NE;NORDESTE;NE;NORDESTE;BA;BAHIA;BA;BAHIA;B.JESUS LAPA;BROTAS.MACAUBAS     ;230.0;BASICA         ;LINHA DE TRANSMISSÃO;AXIA NORDESTE;LT  230 kV B.JESUS LAPA         / BROTAS.MACAUBAS      C F5 BA (04F5);BABJS-2BMC-1        ;2012-06-17;;2012-06-30;210.0;3.84;19.73;35.08;631.0;631.0;795.0;795.0;631.0;663.0;631.0;663.0;795.0;850.0;795.0;802.0;6351;6334
NE;NORDESTE;NE;NORDESTE;BA;BAHIA;BA;BAHIA;B.JESUS LAPA;TABOCAS BRJ VLH     ;230.0;BASICA         ;LINHA DE TRANSMISSÃO;AXIA NORDESTE;LT  230 kV B.JESUS LAPA         / TABOCAS BRJ VLH      C L1 BA (04L1);BABJS-2TBV-1        ;2019-05-29;;2019-12-31;123.56;2.25;11.59;21.62;631.0;631.0;795.0;795.0;;;;;;;;;6351;6062
NE;NORDESTE;NE;NORDESTE;BA;BAHIA;BA;BAHIA;BABILONIA SUL;OUROLANDIA II       ;230.0;COMPLEMENTAR   ;LINHA DE TRANSMISSÃO;CVER;LT  230 kV BABILONIA SUL        / OUROLANDIA II        C P4 BA (04P4);BABBS-2OUR-1        ;2022-11-17;;2023-09-30;29.8;0.292;1.97;7.427;;;;;;;;;;;;;8389;6071
NE;NORDESTE;NE;NORDESTE;BA;BAHIA;BA;BAHIA;BARREIRAS;BARREIRAS II        ;230.0;BASICA         ;LINHA DE TRANSMISSÃO;SPEDRO;LT  230 kV BARREIRAS            / BARREIRAS II         C L5 BA (04L5);BABRA-2BRD-2        ;2025-11-20;;2025-11-05;21.73;0.297;1.719;4.496;631.0;631.0;795.0;795.0;;;;;;;;;6361;6315
NE;NORDESTE;NE;NORDESTE;BA;BAHIA;BA;BAHIA;BARREIRAS;BARREIRAS II        ;230.0;BASICA         ;LINHA DE TRANSMISSÃO;TRAN BARREIRAS OESTE;LT  230 kV BARREIRAS            / BARREIRAS II         C L8 BA (04L8);BABRA-2BRD-3        ;2023-08-07;;2025-09-30;147.0;0.14;1.208;4.56;1440.0;1440.0;2000.0;2000.0;;;;;;;;;6361;6315
NE;NORDESTE;NE;NORDESTE;BA;BAHIA;BA;BAHIA;BARREIRAS;BARREIRAS II        ;230.0;BASICA         ;LINHA DE TRANSMISSÃO;AXIA NORDESTE;LT  230 kV BARREIRAS            / BARREIRAS II         C V2 BA (04V2);BABRA-2BRD-1        ;2019-05-26;;2019-04-15;20.66;0.38;2.0;3.52;631.0;631.0;795.0;795.0;;;;;;;;;6361;6315
NE;NORDESTE;NE;NORDESTE;BA;BAHIA;BA;BAHIA;BARREIRAS;RIO GRANDE II       ;230.0;BASICA         ;LINHA DE TRANSMISSÃO;SPEDRO;LT  230 kV BARREIRAS            / RIO GRANDE II        C L3 BA (04L3);BABRA-2RGD-2        ;2025-11-20;;2025-11-05;109.61;2.183;10.301;19.45;585.0;585.0;740.0;740.0;;;;;;;;;6361;6316
NE;NORDESTE;NE;NORDESTE;BA;BAHIA;BA;BAHIA;BARREIRAS;RIO GRANDE II       ;230.0;BASICA         ;LINHA DE TRANSMISSÃO;SPEDRO;LT  230 kV BARREIRAS            / RIO GRANDE II        C L4 BA (04L4);BABRA-2RGD-1        ;2017-05-28;;2017-03-22;109.98;2.171;10.23;24.07;585.0;585.0;740.0;740.0;;;;;;;;;6361;6316
NE;NORDESTE;SE;SUDESTE;BA;BAHIA;TO;TOCANTINS;BARREIRAS II;DIANOPOLIS II       ;230.0;BASICA         ;LINHA DE TRANSMISSÃO;ENERGISA TO TRA;LT  230 kV BARREIRAS II         / DIANOPOLIS II        C 1  BA/TO ();TODNP-2BRD-1BA      ;2023-01-20;;2024-03-22;233.83;1.7625;15.042;59.42;1400.0;1400.0;1750.0;1750.0;1432.0;1798.0;1400.0;1831.0;1775.0;2025.0;1750.0;2053.0;6315;7227
NE;NORDESTE;NE;NORDESTE;BA;BAHIA;BA;BAHIA;BARREIRAS II;RIO GRANDE II       ;230.0;BASICA         ;LINHA DE TRANSMISSÃO;SPEDRO;LT  230 kV BARREIRAS II         / RIO GRANDE II        C 1  BA (BDRD6-C1);BABRD-2RGD-1        ;2017-05-28;2025-11-11;2017-03-22;111.15;2.209;10.41;26.86;;;;;;;;;;;;;6315;6316
NE;NORDESTE;NE;NORDESTE;BA;BAHIA;BA;BAHIA;BARREIRAS II;TABOCAS BRJ VLH     ;230.0;BASICA         ;LINHA DE TRANSMISSÃO;AXIA NORDESTE;LT  230 kV BARREIRAS II         / TABOCAS BRJ VLH      C V1 BA (04V1);BABRD-2TBV-1        ;2019-05-26;;2019-12-31;96.17;1.75;9.31;16.22;631.0;631.0;795.0;795.0;;;;;;;;;6315;6062
NE;NORDESTE;NE;NORDESTE;BA;BAHIA;BA;BAHIA;BOM.JES.LAPA II;B.JESUS LAPA        ;230.0;BASICA         ;LINHA DE TRANSMISSÃO;TAESA;LT  230 kV BOM.JES.LAPA II      / B.JESUS LAPA         C F3 BA (04F3);BABJD-2BJS-1        ;2003-03-04;;2002-12-20;1.5;0.04;0.206;0.648;2000.0;2000.0;2000.0;2000.0;2000.0;2776.0;2491.0;2819.0;2000.0;3062.0;2900.0;3115.0;6358;6351
NE;NORDESTE;NE;NORDESTE;BA;BAHIA;BA;BAHIA;BOM.JES.LAPA II;B.JESUS LAPA        ;230.0;BASICA         ;LINHA DE TRANSMISSÃO;TAESA;LT  230 kV BOM.JES.LAPA II      / B.JESUS LAPA         C F4 BA (04F4);BABJD-2BJS-2        ;2003-03-04;;2002-12-20;1.5;0.04;0.206;0.648;2000.0;2000.0;2000.0;2000.0;2000.0;2776.0;2491.0;2819.0;2000.0;3062.0;2900.0;3115.0;6358;6351
NE;NORDESTE;NE;NORDESTE;BA;BAHIA;BA;BAHIA;BOM.JES.LAPA II;IGAPORA II          ;230.0;BASICA         ;LINHA DE TRANSMISSÃO;AXIA NORDESTE;LT  230 kV BOM.JES.LAPA II      / IGAPORA II           C F6 BA (04F6);BABJD-2IGD-1        ;2014-05-30;;2014-05-31;115.0;0.86;8.46;28.9;1619.0;1619.0;1890.0;1890.0;1100.0;1640.0;1100.0;1705.0;1550.0;1834.0;1550.0;1905.0;6358;6171
NE;NORDESTE;NE;NORDESTE;BA;BAHIA;BA;BAHIA;BROTAS.MACAUBAS;GENTIO OURO II      ;230.0;BASICA         ;LINHA DE TRANSMISSÃO;ARGO VII;LT  230 kV BROTAS.MACAUBAS      / GENTIO OURO II       C F6 BA (04F6);BABMC-2GOR-1        ;2018-07-06;;2018-05-30;121.35;2.267;11.579;21.14;740.0;740.0;930.0;930.0;;;;;;;;;6334;6061
NE;NORDESTE;NE;NORDESTE;BA;BAHIA;BA;BAHIA;BROTAS.MACAUBAS;IRECE               ;230.0;BASICA         ;LINHA DE TRANSMISSÃO;AXIA NORDESTE;LT  230 kV BROTAS.MACAUBAS      / IRECE                C F2 BA (04F2);BABMC-2IRE-1        ;2012-06-17;;2012-06-30;135.0;2.54;13.1;23.22;631.0;631.0;795.0;795.0;631.0;663.0;631.0;663.0;795.0;851.0;795.0;802.0;6334;6341
NE;NORDESTE;NE;NORDESTE;BA;BAHIA;BA;BAHIA;BRUMADO II;CRISTALANDIA        ;230.0;COMPLEMENTAR   ;LINHA DE TRANSMISSÃO;CRISTALANDIA I;LT  230 kV BRUMADO II           / CRISTALANDIA         C P1 BA (04P1);BABDD-2CRL-1        ;2017-09-01;;2017-12-30;25.595;0.5;2.42;4.4;;;;;;;;;;;;;5941;5726
NE;NORDESTE;NE;NORDESTE;BA;BAHIA;BA;BAHIA;BRUMADO II;FUNIL               ;230.0;BASICA         ;LINHA DE TRANSMISSÃO;AFLUENTE;LT  230 kV BRUMADO II           / FUNIL                C F4 BA (04F4);BABDD-2FNL-1        ;2002-12-15;2009-09-13;2002-11-30;263.5;5.02;24.7;46.57;;;;;;;;;;;;;5941;5902
NE;NORDESTE;NE;NORDESTE;BA;BAHIA;BA;BAHIA;BRUMADO II;IBICOARA            ;230.0;BASICA         ;LINHA DE TRANSMISSÃO;AXIA NORDESTE;LT  230 kV BRUMADO II           / IBICOARA             C F5 BA (04F5);BABDD-2ICA-1        ;2012-03-31;;2012-03-31;105.0;1.41;9.19;16.34;753.0;753.0;934.0;934.0;753.0;753.0;753.0;753.0;934.0;1019.0;965.0;964.0;5941;6362
NE;NORDESTE;NE;NORDESTE;BA;BAHIA;BA;BAHIA;BRUMADO II;POCOES II           ;230.0;BASICA         ;LINHA DE TRANSMISSÃO;AFLUENTE;LT  230 kV BRUMADO II           / POCOES II            C F6 BA (04F6);BABDD-2POD-1        ;2019-10-27;;2020-01-30;146.0;2.808;13.547;24.83;628.0;628.0;791.0;791.0;;;;;;;;;5941;5861
NE;NORDESTE;NE;NORDESTE;BA;BAHIA;BA;BAHIA;CAETITE 123;IGAPORA II          ;230.0;COMPLEMENTAR   ;LINHA DE TRANSMISSÃO;CAETITÉ 2;LT  230 kV CAETITE 123          / IGAPORA II           C P1 BA (04P1);BACTT-2IGD-1        ;2014-10-03;;2014-10-31;23.5;0.434;2.219;4.103;;;;;;;;;;;;;6204;6171
NE;NORDESTE;NE;NORDESTE;BA;BAHIA;BA;BAHIA;CAETITE A;IGAPORA II          ;230.0;COMPLEMENTAR   ;LINHA DE TRANSMISSÃO;CAETITE A;LT  230 kV CAETITE A            / IGAPORA II           C P4 BA (04P4);BACTA-2IGD-1        ;2015-09-09;;2015-10-31;21.0;0.4231;2.1811;3.949;;;;;;;;;;;;;6621;6171
NE;NORDESTE;NE;NORDESTE;BA;BAHIA;BA;BAHIA;CAMACARI II;COTEGIPE            ;230.0;BASICA         ;LINHA DE TRANSMISSÃO;AXIA NORDESTE;LT  230 kV CAMACARI II          / COTEGIPE             C M5 BA (04M5);BACMD-2CTG-2        ;1990-12-31;;2019-11-30;22.5;0.21;1.64;4.92;1262.0;1262.0;1590.0;1590.0;1262.0;1325.0;1262.0;1325.0;1590.0;1743.0;1662.0;1648.0;5751;5802
NE;NORDESTE;NE;NORDESTE;BA;BAHIA;BA;BAHIA;CAMACARI II;COTEGIPE            ;230.0;BASICA         ;LINHA DE TRANSMISSÃO;AXIA NORDESTE;LT  230 kV CAMACARI II          / COTEGIPE             C M6 BA (04M6);BACMD-2CTG-1        ;1990-12-31;2014-05-31;2012-04-25;22.9;0.42;2.21;3.82;;;;;880.0;880.0;880.0;880.0;880.0;880.0;880.0;880.0;5751;5802
NE;NORDESTE;NE;NORDESTE;BA;BAHIA;BA;BAHIA;CAMACARI II;G.MANGABEIRA        ;230.0;BASICA         ;LINHA DE TRANSMISSÃO;AXIA NORDESTE;LT  230 kV CAMACARI II          / G.MANGABEIRA         C C6 BA (04C6);BACMD-2GVM-2        ;2016-02-04;2022-08-31;2015-11-29;83.7;1.54;7.84;14.74;;;;;631.0;765.0;649.0;792.0;795.0;873.0;812.0;902.0;5751;5881
NE;NORDESTE;NE;NORDESTE;BA;BAHIA;BA;BAHIA;CAMACARI II;G.MANGABEIRA        ;230.0;BASICA         ;LINHA DE TRANSMISSÃO;AXIA NORDESTE;LT  230 kV CAMACARI II          / G.MANGABEIRA         C C7 BA (04C7);BACMD-2GVM-1        ;1990-12-31;;;83.7;1.54;7.84;14.74;631.0;631.0;795.0;795.0;631.0;663.0;631.0;663.0;795.0;869.0;830.0;826.0;5751;5881
NE;NORDESTE;NE;NORDESTE;BA;BAHIA;BA;BAHIA;CAMACARI II;JACARACANGA         ;230.0;BASICA         ;LINHA DE TRANSMISSÃO;AXIA NORDESTE;LT  230 kV CAMACARI II          / JACARACANGA          C C3 BA (04C3);BACMD-2JCR-1        ;1990-12-31;2014-08-29;2009-09-17;19.2;0.35;1.79;3.34;;;;;880.0;880.0;880.0;880.0;880.0;880.0;880.0;880.0;5751;5822
NE;NORDESTE;NE;NORDESTE;BA;BAHIA;BA;BAHIA;CAMACARI II;JACARACANGA         ;230.0;BASICA         ;LINHA DE TRANSMISSÃO;AXIA NORDESTE;LT  230 kV CAMACARI II          / JACARACANGA          C C4 BA (04C4);BACMD-2JCR-2        ;1990-12-31;2014-08-08;2009-09-17;19.2;0.35;1.79;3.34;;;;;880.0;880.0;880.0;880.0;880.0;880.0;880.0;880.0;5751;5822
NE;NORDESTE;NE;NORDESTE;BA;BAHIA;BA;BAHIA;CAMACARI II;MATATU              ;230.0;BASICA         ;LINHA DE TRANSMISSÃO;AXIA NORDESTE;LT  230 kV CAMACARI II          / MATATU               C M7 BA (04M7);BACMD-2MTT-1        ;1990-12-31;;;47.0;0.87;4.71;7.78;631.0;631.0;795.0;795.0;631.0;663.0;631.0;663.0;795.0;867.0;831.0;821.0;5751;5852
NE;NORDESTE;NE;NORDESTE;BA;BAHIA;BA;BAHIA;CAMACARI II;PITUACU             ;230.0;BASICA         ;LINHA DE TRANSMISSÃO;AXIA NORDESTE;LT  230 kV CAMACARI II          / PITUACU              C M8 BA (04M8);BACMD-2PTU-1        ;1990-12-31;2014-05-04;;39.2;0.36;2.64;9.48;;;;;1262.0;1325.0;1262.0;1325.0;1590.0;1734.0;1662.0;1642.0;5751;5842
NE;NORDESTE;NE;NORDESTE;BA;BAHIA;BA;BAHIA;CAMACARI II;PITUACU             ;230.0;BASICA         ;LINHA DE TRANSMISSÃO;AXIA NORDESTE;LT  230 kV CAMACARI II          / PITUACU              C M9 BA (04M9);BACMD-2PTU-2        ;2002-01-13;;;39.2;0.36;2.64;9.48;1262.0;1200.0;1590.0;1200.0;1262.0;1325.0;1262.0;1325.0;1590.0;1734.0;1662.0;1642.0;5751;5842
NE;NORDESTE;NE;NORDESTE;BA;BAHIA;BA;BAHIA;CAMACARI II;POLO                ;230.0;BASICA         ;LINHA DE TRANSMISSÃO;AFLUENTE;LT  230 kV CAMACARI II          / POLO                 C C1 BA (04C1);BACMD-2PLO-1        ;2009-11-24;2015-01-18;2009-12-31;11.5;0.23;1.12;2.154;;;;;628.0;665.0;628.0;684.0;791.0;791.0;791.0;791.0;5751;5761
NE;NORDESTE;NE;NORDESTE;BA;BAHIA;BA;BAHIA;CAMACARI II;POLO                ;230.0;BASICA         ;LINHA DE TRANSMISSÃO;AFLUENTE;LT  230 kV CAMACARI II          / POLO                 C C2 BA (04C2);BACMD-2PLO-2        ;2009-08-02;2015-01-19;2009-07-31;10.0;0.196;0.96;1.813;;;;;628.0;665.0;628.0;684.0;791.0;791.0;791.0;791.0;5751;5761
NE;NORDESTE;NE;NORDESTE;BA;BAHIA;BA;BAHIA;CAMACARI II;TOMBA               ;230.0;BASICA         ;LINHA DE TRANSMISSÃO;AFLUENTE;LT  230 kV CAMACARI II          / TOMBA                C S1 BA (04S1);BACMD-2TMB-1        ;1990-12-31;2016-02-02;;121.2;2.17;11.07;20.82;;;;;631.0;765.0;649.0;792.0;795.0;873.0;812.0;902.0;5751;5871
NE;NORDESTE;NE;NORDESTE;BA;BAHIA;BA;BAHIA;CAMACARI II;US.CAMACARI         ;230.0;COMPLEMENTAR   ;LINHA DE TRANSMISSÃO;AXIA NORDESTE;LT  230 kV CAMACARI II          / US.CAMACARI          C V1 BA (04V1);BACMD-2UTC-1        ;1990-12-31;2018-10-05;;1.4;0.01;0.01;0.0;;;;;;;;;;;;;5751;90035
NE;NORDESTE;NE;NORDESTE;BA;BAHIA;BA;BAHIA;CAMACARI II;FORD                ;230.0;BASICA         ;LINHA DE TRANSMISSÃO;AFLUENTE;LT  230 kV CAMACARI II  /FORD          C-1 BA (04C1);BACMD-2FRD-1        ;1990-12-31;2006-06-02;;;0.0;0.01;0.0;;;;;;;;;;;;;5751;5755
NE;NORDESTE;NE;NORDESTE;BA;BAHIA;BA;BAHIA;CAMACARI IV;COTEGIPE            ;230.0;BASICA         ;LINHA DE TRANSMISSÃO;AXIA NORDESTE;LT  230 kV CAMACARI IV          / COTEGIPE             C M6 BA (04M6);BACMQ-2CTG-1        ;2014-05-31;;2014-06-01;0.55;0.42;2.21;5.58;880.0;880.0;880.0;880.0;880.0;880.0;880.0;880.0;880.0;880.0;880.0;880.0;5756;5802
NE;NORDESTE;NE;NORDESTE;BA;BAHIA;BA;BAHIA;CAMACARI IV;JACARACANGA         ;230.0;BASICA         ;LINHA DE TRANSMISSÃO;AXIA NORDESTE;LT  230 kV CAMACARI IV          / JACARACANGA          C C3 BA (04C3);BACMQ-2JCR-1        ;2014-08-31;;2014-08-31;19.6;0.37;1.81;5.14;880.0;880.0;880.0;880.0;880.0;880.0;880.0;880.0;880.0;880.0;880.0;880.0;5756;5822
NE;NORDESTE;NE;NORDESTE;BA;BAHIA;BA;BAHIA;CAMACARI IV;JACARACANGA         ;230.0;BASICA         ;LINHA DE TRANSMISSÃO;AXIA NORDESTE;LT  230 kV CAMACARI IV          / JACARACANGA          C C4 BA (04C4);BACMQ-2JCR-2        ;2014-08-10;;2014-08-31;19.6;0.36;1.81;5.24;880.0;880.0;880.0;880.0;880.0;880.0;880.0;880.0;880.0;880.0;880.0;880.0;5756;5822
NE;NORDESTE;NE;NORDESTE;BA;BAHIA;BA;BAHIA;CAMACARI IV;PIRAJA              ;230.0;BASICA         ;LINHA DE TRANSMISSÃO;MEZ 1 ENERGIA;LT  230 kV CAMACARI IV          / PIRAJA               C F4 BA (04F4);BACMQ-2PRJ-2        ;2025-01-19;;2024-12-30;40.0;0.302;2.5297;21.74;1288.0;1288.0;1288.0;1288.0;;;;;;;;;5756;5832
NE;NORDESTE;NE;NORDESTE;BA;BAHIA;BA;BAHIA;CAMACARI IV;PIRAJA              ;230.0;BASICA         ;LINHA DE TRANSMISSÃO;MEZ 1 ENERGIA;LT  230 kV CAMACARI IV          / PIRAJA               C F5 BA (04F5);BACMQ-2PRJ-1        ;2025-01-19;;2024-12-30;45.0;0.302;2.5297;21.74;1288.0;1288.0;1288.0;1288.0;;;;;;;;;5756;5832
NE;NORDESTE;NE;NORDESTE;BA;BAHIA;BA;BAHIA;CAMACARI IV;PITUACU             ;230.0;BASICA         ;LINHA DE TRANSMISSÃO;AXIA NORDESTE;LT  230 kV CAMACARI IV          / PITUACU              C M8 BA (04M8);BACMQ-2PTU-1        ;2014-05-04;;2014-06-30;40.0;0.38;2.65;11.88;1262.0;1200.0;1590.0;1200.0;1262.0;1325.0;1262.0;1325.0;1590.0;1734.0;1662.0;1642.0;5756;5842
NE;NORDESTE;NE;NORDESTE;BA;BAHIA;BA;BAHIA;CAMACARI IV;POLO                ;230.0;BASICA         ;LINHA DE TRANSMISSÃO;AFLUENTE;LT  230 kV CAMACARI IV          / POLO                 C C1 BA (04C1);BACMQ-2PLO-1        ;2015-01-18;;2014-12-30;10.0;0.233;1.0136;2.51;628.0;628.0;791.0;791.0;;;;;;;;;5756;5761
NE;NORDESTE;NE;NORDESTE;BA;BAHIA;BA;BAHIA;CAMACARI IV;POLO                ;230.0;BASICA         ;LINHA DE TRANSMISSÃO;AFLUENTE;LT  230 kV CAMACARI IV          / POLO                 C C2 BA (04C2);BACMQ-2PLO-2        ;2015-01-19;;2014-12-30;10.0;0.233;1.0136;2.51;628.0;628.0;791.0;791.0;;;;;;;;;5756;5761
NE;NORDESTE;NE;NORDESTE;BA;BAHIA;BA;BAHIA;CAMPO FORMOSO;IRECE               ;230.0;BASICA         ;LINHA DE TRANSMISSÃO;AXIA NORDESTE;LT  230 kV CAMPO FORMOSO        / IRECE                C F1 BA (04F1);BACFO-2IRE-1        ;2015-10-10;2018-06-01;2015-11-30;158.06;2.93;15.49;26.92;;;;;631.0;663.0;631.0;663.0;795.0;869.0;810.0;822.0;6107;6341
NE;NORDESTE;NE;NORDESTE;BA;BAHIA;BA;BAHIA;CAMPO FORMOSO;SR.BONFIM II        ;230.0;BASICA         ;LINHA DE TRANSMISSÃO;AXIA NORDESTE;LT  230 kV CAMPO FORMOSO        / SR.BONFIM II         C C1 BA (04C1);BACFO-2SNB-1        ;2015-10-10;;2015-11-30;64.65;1.21;6.36;11.0;631.0;631.0;795.0;795.0;631.0;663.0;631.0;663.0;795.0;869.0;810.0;822.0;6107;6331
NE;NORDESTE;NE;NORDESTE;BA;BAHIA;BA;BAHIA;CAMPO LARGO;OUROLANDIA II       ;230.0;COMPLEMENTAR   ;LINHA DE TRANSMISSÃO;CLWP EÓLICA I;LT  230 kV CAMPO LARGO          / OUROLANDIA II        C P1 BA (04P1);BACLA-2OUR-1        ;2018-07-04;;2018-12-01;51.45;0.555;3.447;12.84;;;;;;;;;;;;;6771;6071
NE;NORDESTE;NE;NORDESTE;BA;BAHIA;BA;BAHIA;CAMPO LARGO;OUROLANDIA II       ;230.0;COMPLEMENTAR   ;LINHA DE TRANSMISSÃO;ENGIE;LT  230 kV CAMPO LARGO          / OUROLANDIA II        C P2 BA (04P2);BACLA-2OUR-P2       ;2018-10-06;;2018-12-01;51.45;0.555;3.447;12.84;;;;;;;;;;;;;6771;6071
NE;NORDESTE;NE;NORDESTE;BA;BAHIA;BA;BAHIA;CATU;CAMACARI II         ;230.0;BASICA         ;LINHA DE TRANSMISSÃO;AXIA NORDESTE;LT  230 kV CATU                 / CAMACARI II          C M1 BA (04M1);BACTU-2CMD-1        ;1990-12-31;2014-10-12;;25.0;0.46;2.46;4.26;;;;;631.0;663.0;631.0;663.0;795.0;795.0;795.0;795.0;5782;5751
NE;NORDESTE;NE;NORDESTE;BA;BAHIA;BA;BAHIA;CATU;CAMACARI II         ;230.0;BASICA         ;LINHA DE TRANSMISSÃO;AXIA NORDESTE;LT  230 kV CATU                 / CAMACARI II          C M2 BA (04M2);BACTU-2CMD-2        ;1990-12-31;2014-11-01;;25.0;0.45;2.45;4.06;;;;;631.0;663.0;631.0;663.0;795.0;795.0;795.0;795.0;5782;5751
NE;NORDESTE;NE;NORDESTE;BA;BAHIA;BA;BAHIA;CATU;CAMACARI IV         ;230.0;BASICA         ;LINHA DE TRANSMISSÃO;AXIA NORDESTE;LT  230 kV CATU                 / CAMACARI IV          C M1 BA (04M1);BACTU-2CMQ-1        ;2014-10-12;;2019-11-30;25.0;0.46;2.45;4.2;631.0;631.0;795.0;631.0;631.0;663.0;631.0;663.0;795.0;795.0;795.0;795.0;5782;5756
NE;NORDESTE;NE;NORDESTE;BA;BAHIA;BA;BAHIA;CATU;CAMACARI IV         ;230.0;BASICA         ;LINHA DE TRANSMISSÃO;AXIA NORDESTE;LT  230 kV CATU                 / CAMACARI IV          C M2 BA (04M2);BACTU-2CMQ-2        ;2014-11-04;;2019-11-30;25.0;0.46;2.47;4.1;631.0;631.0;795.0;631.0;631.0;663.0;631.0;663.0;795.0;795.0;795.0;795.0;5782;5756
NE;NORDESTE;NE;NORDESTE;BA;BAHIA;BA;BAHIA;CATU;G.MANGABEIRA        ;230.0;BASICA         ;LINHA DE TRANSMISSÃO;AXIA NORDESTE;LT  230 kV CATU                 / G.MANGABEIRA         C M3 BA (04M3);BACTU-2GVM-1        ;1990-12-31;;2021-11-12;77.2;1.42;7.57;13.04;437.0;437.0;621.0;437.0;437.0;546.0;437.0;551.0;621.0;621.0;621.0;621.0;5782;5881
NE;NORDESTE;NE;NORDESTE;BA;BAHIA;BA;BAHIA;CICERO DANTAS;CATU                ;230.0;BASICA         ;LINHA DE TRANSMISSÃO;AXIA NORDESTE;LT  230 kV CICERO DANTAS        / CATU                 C L2 BA (04L2);BACCD-2CTU-1        ;1990-12-31;;;200.7;3.69;19.65;33.92;437.0;437.0;621.0;437.0;437.0;546.0;437.0;551.0;621.0;621.0;621.0;621.0;5701;5782
NE;NORDESTE;NE;NORDESTE;BA;BAHIA;BA;BAHIA;CICERO DANTAS;CATU                ;230.0;BASICA         ;LINHA DE TRANSMISSÃO;AXIA NORDESTE;LT  230 kV CICERO DANTAS        / CATU                 C L3 BA (04L3);BACCD-2CTU-2        ;1990-12-31;2023-04-23;;201.2;3.67;19.53;33.74;;;;;437.0;546.0;437.0;551.0;621.0;621.0;621.0;621.0;5701;5782
NE;NORDESTE;NE;NORDESTE;BA;BAHIA;BA;BAHIA;CICERO DANTAS;OLINDINA            ;230.0;BASICA         ;LINHA DE TRANSMISSÃO;AXIA NORDESTE;LT  230 kV CICERO DANTAS        / OLINDINA             C V4 BA ();BACCD-2OLD-2        ;2026-05-28;;2025-03-20;80.08;1.554;7.428;13.62;437.0;437.0;621.0;437.0;;;;;;;;;5701;44155
NE;NORDESTE;NE;NORDESTE;BA;BAHIA;BA;BAHIA;COTEGIPE;JACARACANGA         ;230.0;BASICA         ;LINHA DE TRANSMISSÃO;AXIA NORDESTE;LT  230 kV COTEGIPE             / JACARACANGA          C L3 BA (04L3);BACTG-2JCR-1        ;1990-12-31;;2018-12-30;15.2;0.287;1.156;3.33;1060.0;1060.0;1297.0;1297.0;631.0;663.0;631.0;663.0;795.0;795.0;795.0;795.0;5802;5822
NE;NORDESTE;NE;NORDESTE;BA;BAHIA;BA;BAHIA;COTEGIPE;MATATU              ;230.0;BASICA         ;LINHA DE TRANSMISSÃO;AXIA NORDESTE;LT  230 kV COTEGIPE             / MATATU               C L4 BA (04L4);BACTG-2MTT-1        ;1990-12-31;;;30.0;0.27;2.24;6.7;874.0;631.0;1241.0;795.0;874.0;1093.0;874.0;1101.0;1241.0;1560.0;1494.0;1486.0;5802;5852
NE;NORDESTE;NE;NORDESTE;BA;BAHIA;BA;BAHIA;COTEGIPE;R.D.MANGANES        ;230.0;COMPLEMENTAR   ;LINHA DE TRANSMISSÃO;AXIA NORDESTE;LT  230 kV COTEGIPE             / R.D.MANGANES         C L2 BA (04L2);BACTG-2RDM-1        ;2005-01-04;;;2.0;0.04;0.2;0.0;;;;;;;;;;;;;5802;8047
NE;NORDESTE;NE;NORDESTE;BA;BAHIA;BA;BAHIA;COTEGIPE;SIBRA               ;230.0;COMPLEMENTAR   ;LINHA DE TRANSMISSÃO;AXIA NORDESTE;LT  230 kV COTEGIPE             / SIBRA                C L2 BA (04L2);BACTG-2SIB-1        ;1990-12-31;2005-01-04;;2.0;;;;;;;;;;;;;;;;5802;
NE;NORDESTE;NE;NORDESTE;BA;BAHIA;BA;BAHIA;COTEGIPE;USIBA               ;230.0;COMPLEMENTAR   ;LINHA DE TRANSMISSÃO;AXIA NORDESTE;LT  230 kV COTEGIPE             / USIBA                C L1 BA (04L1);BACTG-2USA-1        ;1990-12-31;;;6.0;0.11;0.59;0.0;;;;;;;;;;;;;5802;8046
NE;NORDESTE;NE;NORDESTE;BA;BAHIA;BA;BAHIA;DELFINA;JUAZEIRO II         ;230.0;COMPLEMENTAR   ;LINHA DE TRANSMISSÃO;EOL DELFINA A;LT  230 kV DELFINA              / JUAZEIRO II          C P1 BA (04P1);BADFN-2JZD-1        ;2017-10-31;;2017-10-01;90.0;0.9647;8.1834;16.45;;;;;;;;;;;;;6716;6311
NE;NORDESTE;NE;NORDESTE;BA;BAHIA;BA;BAHIA;EUNAPOLIS;TEIX FREITAS II     ;230.0;BASICA         ;LINHA DE TRANSMISSÃO;AXIA NORDESTE;LT  230 kV EUNAPOLIS            / TEIX FREITAS II      C N5 BA (04N5);BAENP-2TXF-1        ;2019-05-26;;2019-05-19;152.0;2.61;13.67;25.21;750.0;750.0;890.0;890.0;;;;;;;;;5972;5991
NE;NORDESTE;NE;NORDESTE;BA;BAHIA;BA;BAHIA;EUNAPOLIS;TEIX FREITAS II     ;230.0;BASICA         ;LINHA DE TRANSMISSÃO;AXIA NORDESTE;LT  230 kV EUNAPOLIS            / TEIX FREITAS II      C N6 BA (04N6);BAENP-2TXF-2        ;2019-04-01;;2019-04-19;152.0;2.625;13.749;25.35;750.0;750.0;890.0;890.0;;;;;;;;;5972;5991
NE;NORDESTE;NE;NORDESTE;BA;BAHIA;BA;BAHIA;F. SANTANA III;CAMACARI II         ;230.0;BASICA         ;LINHA DE TRANSMISSÃO;AXIA NORDESTE;LT  230 kV F. SANTANA III       / CAMACARI II          C C6 BA (04C6);BAFS3-2CMD-1        ;2022-09-02;;2022-03-21;93.45;1.703;9.066;17.0;631.0;631.0;795.0;795.0;631.0;765.0;649.0;792.0;795.0;873.0;812.0;902.0;5797;5751
NE;NORDESTE;NE;NORDESTE;BA;BAHIA;BA;BAHIA;FOLHA LARGA;SR.BONFIM II        ;230.0;COMPLEMENTAR   ;LINHA DE TRANSMISSÃO;SÃO JANUÁRIO 01;LT  230 kV FOLHA LARGA          / SR.BONFIM II         C P1 BA (04P1);BAFLA-2SNB-1        ;2020-05-14;;2020-01-31;33.5;0.206;2.161;8.295;;;;;;;;;;;;;8161;6331
NE;NORDESTE;NE;NORDESTE;BA;BAHIA;BA;BAHIA;FOLHA LARGA SUL;FOLHA LARGA         ;230.0;COMPLEMENTAR   ;LINHA DE TRANSMISSÃO;SÃO BENTO;LT  230 kV FOLHA LARGA SUL      / FOLHA LARGA          C L1 BA (04L1);BAFLS-2FLA-1        ;2020-05-14;;2020-01-31;17.6;0.286;1.646;2.989;;;;;;;;;;;;;8136;8161
NE;NORDESTE;NE;NORDESTE;BA;BAHIA;BA;BAHIA;FORD;POLO                ;230.0;BASICA         ;LINHA DE TRANSMISSÃO;AFLUENTE;LT  230 kV FORD                 / POLO                 C P1 BA (04P1);BAFRD-2PLO-1        ;2009-11-24;;2009-12-31;0.5;0.0309;0.1301;0.306;628.0;628.0;791.0;791.0;628.0;665.0;628.0;684.0;791.0;791.0;791.0;791.0;5755;5761
NE;NORDESTE;NE;NORDESTE;BA;BAHIA;BA;BAHIA;FORD;POLO                ;230.0;BASICA         ;LINHA DE TRANSMISSÃO;AFLUENTE;LT  230 kV FORD                 / POLO                 C P2 BA (04P2);BAFRD-2PLO-2        ;2009-08-02;;2009-07-31;0.5;0.0309;0.1301;0.306;628.0;628.0;791.0;791.0;;;;;;;;;5755;5761
NE;NORDESTE;NE;NORDESTE;BA;BAHIA;BA;BAHIA;FORD;CAMACARI II         ;230.0;BASICA         ;LINHA DE TRANSMISSÃO;AFLUENTE;LT  230 kV FORD         /CAMACARI II   C-1 BA (04C1);BAFRD-2CMD-1        ;1990-12-31;2009-11-24;;11.7;0.22;1.09;2.094;;;;;;;;;;;;;5755;5751
NE;NORDESTE;NE;NORDESTE;BA;BAHIA;BA;BAHIA;FORD;CAMACARI II         ;230.0;BASICA         ;LINHA DE TRANSMISSÃO;AFLUENTE;LT  230 kV FORD         /CAMACARI II   C-2 BA (04C2);BAFRD-2CMD-2        ;1990-12-31;2009-08-02;;11.7;0.19;0.93;1.754;;;;;;;;;;;;;5755;5751
NE;NORDESTE;NE;NORDESTE;BA;BAHIA;BA;BAHIA;FUNIL;ITAGIBA             ;230.0;BASICA         ;LINHA DE TRANSMISSÃO;AFLUENTE;LT  230 kV FUNIL                / ITAGIBA              C F4 BA (04F4);BAFNL-2IGB-1        ;2009-09-13;;2009-10-31;29.0;0.5867;2.5617;6.315;628.0;628.0;791.0;791.0;628.0;663.0;628.0;685.0;791.0;791.0;791.0;791.0;5902;5912
NE;NORDESTE;NE;NORDESTE;BA;BAHIA;BA;BAHIA;FUNIL;ITAPEBI SE          ;230.0;BASICA         ;LINHA DE TRANSMISSÃO;AXIA NORDESTE;LT  230 kV FUNIL                / ITAPEBI SE           C F6 BA (04F6);BAFNL-2UITP1        ;2003-01-26;;2002-11-30;200.0;3.58;18.42;35.06;631.0;631.0;795.0;795.0;631.0;663.0;631.0;663.0;795.0;795.0;795.0;795.0;5902;5970
NE;NORDESTE;NE;NORDESTE;BA;BAHIA;BA;BAHIA;FUNIL;ITAPEBI SE          ;230.0;BASICA         ;LINHA DE TRANSMISSÃO;AXIA NORDESTE;LT  230 kV FUNIL                / ITAPEBI SE           C F7 BA (04F7);BAFNL-2UITP2        ;2003-02-02;2021-11-13;2002-11-30;200.0;3.58;18.42;35.06;;;;;631.0;663.0;631.0;663.0;795.0;870.0;810.0;826.0;5902;5970
NE;NORDESTE;NE;NORDESTE;BA;BAHIA;BA;BAHIA;FUNIL;POCOES II           ;230.0;BASICA         ;LINHA DE TRANSMISSÃO;AFLUENTE;LT  230 kV FUNIL                / POCOES II            C M1 BA (04M1);BAFNL-2POD-1        ;2023-04-06;;2022-12-29;117.61;2.315;11.001;20.82;628.0;628.0;791.0;791.0;;;;;;;;;5902;5861
NE;NORDESTE;NE;NORDESTE;BA;BAHIA;BA;BAHIA;FUNIL;EUNAPOLIS           ;230.0;BASICA         ;LINHA DE TRANSMISSÃO;AXIA NORDESTE;LT  230 kV FUNIL        /EUNAPOLIS     C-1 BA (04F6);BAFNL-2ENP-1        ;1998-09-27;2003-01-26;;234.5;4.19;21.07;42.68;;;;;;;;;;;;;5902;5972
NE;NORDESTE;NE;NORDESTE;BA;BAHIA;BA;BAHIA;FUNIL;EUNAPOLIS           ;230.0;BASICA         ;LINHA DE TRANSMISSÃO;AXIA NORDESTE;LT  230 kV FUNIL        /EUNAPOLIS     C-2 BA (04F7);BAFNL-2ENP-2        ;1999-06-20;2003-02-02;;234.5;4.19;21.08;42.68;;;;;;;;;;;;;5902;5972
NE;NORDESTE;NE;NORDESTE;BA;BAHIA;BA;BAHIA;G.MANGABEIRA;F. SANTANA III      ;230.0;BASICA         ;LINHA DE TRANSMISSÃO;AXIA NORDESTE;LT  230 kV G.MANGABEIRA         / F. SANTANA III       C F6 BA (04F6);BAGVM-2FS3-1        ;2022-09-02;;2022-03-21;96.13;1.703;9.066;17.0;631.0;631.0;795.0;795.0;631.0;765.0;649.0;792.0;795.0;873.0;812.0;902.0;5881;5797
NE;NORDESTE;NE;NORDESTE;BA;BAHIA;BA;BAHIA;G.MANGABEIRA;SAPEACU             ;230.0;BASICA         ;LINHA DE TRANSMISSÃO;AXIA NORDESTE;LT  230 kV G.MANGABEIRA         / SAPEACU              C C1 BA (04C1);BAGVM-2SPU-1        ;2003-06-11;;2003-04-20;23.0;0.477;2.292;4.004;631.0;631.0;795.0;675.0;631.0;663.0;631.0;663.0;795.0;795.0;795.0;795.0;5881;6368
NE;NORDESTE;NE;NORDESTE;BA;BAHIA;BA;BAHIA;G.MANGABEIRA;SAPEACU             ;230.0;BASICA         ;LINHA DE TRANSMISSÃO;AXIA NORDESTE;LT  230 kV G.MANGABEIRA         / SAPEACU              C C2 BA (04C2);BAGVM-2SPU-2        ;2003-06-03;;2003-04-20;23.0;0.42;2.11;3.96;631.0;631.0;795.0;795.0;631.0;663.0;631.0;663.0;765.0;873.0;826.0;832.0;5881;6368
NE;NORDESTE;NE;NORDESTE;BA;BAHIA;BA;BAHIA;G.MANGABEIRA;SAPEACU             ;230.0;BASICA         ;LINHA DE TRANSMISSÃO;AXIA NORDESTE;LT  230 kV G.MANGABEIRA         / SAPEACU              C C3 BA (04C3);BAGVM-2SPU-3        ;2003-05-22;;2003-04-20;23.0;0.42;2.12;3.98;631.0;631.0;795.0;795.0;631.0;663.0;631.0;663.0;765.0;873.0;826.0;832.0;5881;6368
NE;NORDESTE;NE;NORDESTE;BA;BAHIA;BA;BAHIA;G.MANGABEIRA;FUNIL               ;230.0;BASICA         ;LINHA DE TRANSMISSÃO;AXIA NORDESTE;LT  230 kV G.MANGABEIRA /FUNIL         C-1 BA (04F1);BAGVM-2FNL-1        ;1990-12-31;2003-06-03;;215.5;3.87;20.91;36.46;;;;;;;;;;;;;5881;5902
NE;NORDESTE;NE;NORDESTE;BA;BAHIA;BA;BAHIA;G.MANGABEIRA;FUNIL               ;230.0;BASICA         ;LINHA DE TRANSMISSÃO;AXIA NORDESTE;LT  230 kV G.MANGABEIRA /FUNIL         C-2 BA (04F2);BAGVM-2FNL-2        ;1990-12-31;2003-06-03;;215.0;3.87;19.41;39.14;;;;;;;;;;;;;5881;5902
NE;NORDESTE;NE;NORDESTE;BA;BAHIA;BA;BAHIA;G.MANGABEIRA;FUNIL               ;230.0;BASICA         ;LINHA DE TRANSMISSÃO;AXIA NORDESTE;LT  230 kV G.MANGABEIRA /FUNIL         C-3 BA (04F3);BAGVM-2FNL-3        ;1990-12-31;2003-05-22;;215.5;3.93;19.55;39.0;;;;;;;;;;;;;5881;5902
NE;NORDESTE;NE;NORDESTE;BA;BAHIA;BA;BAHIA;GENTIO OURO I;IRECE               ;230.0;COMPLEMENTAR   ;LINHA DE TRANSMISSÃO;ASSURUÁ 1 II;LT  230 kV GENTIO OURO I        / IRECE                C P1 BA (04P1);BAGOI-2IRE-1        ;2016-04-05;;2016-02-28;111.0;1.087;7.587;27.46;;;;;;;;;;;;;6620;6341
NE;NORDESTE;NE;NORDESTE;BA;BAHIA;BA;BAHIA;GLOBAL;JACARACANGA         ;230.0;COMPLEMENTAR   ;LINHA DE TRANSMISSÃO;CEC CANDEIAS;LT  230 kV GLOBAL               / JACARACANGA          C P1 BA (04P1);BAGBL-2JCR-1        ;2010-05-07;;2010-06-30;8.2;0.1066;0.7831;0.9;;;;;;;;;;;;;5819;5822
NE;NORDESTE;NE;NORDESTE;BA;BAHIA;BA;BAHIA;IGAPORA II;IGAPORA III         ;230.0;BASICA         ;LINHA DE TRANSMISSÃO;AXIA NORDESTE;LT  230 kV IGAPORA II           / IGAPORA III          C F8 BA (04F8);BAIGD-2IGT-1        ;2015-11-15;;2015-10-25;5.33;0.03;0.37;1.3;1600.0;1600.0;1900.0;1900.0;1600.0;2094.0;1631.0;2152.0;1900.0;2240.0;1900.0;2308.0;6171;6221
NE;NORDESTE;NE;NORDESTE;BA;BAHIA;BA;BAHIA;IGAPORA II;IGAPORA III         ;230.0;BASICA         ;LINHA DE TRANSMISSÃO;AXIA NORDESTE;LT  230 kV IGAPORA II           / IGAPORA III          C F9 BA (04F9);BAIGD-2IGT-2        ;2015-11-22;;2015-10-25;5.33;0.03;0.37;1.3;1600.0;1600.0;1900.0;1900.0;1600.0;2094.0;1631.0;2152.0;1900.0;2240.0;1900.0;2308.0;6171;6221
NE;NORDESTE;NE;NORDESTE;BA;BAHIA;BA;BAHIA;IGAPORA III;PINDAI II           ;230.0;BASICA         ;LINHA DE TRANSMISSÃO;AXIA NORDESTE;LT  230 kV IGAPORA III          / PINDAI II            C N1 BA (04N1);BAIGT-2PND-1        ;2015-11-15;;2015-10-25;49.6;0.34;3.3;12.5;1600.0;1600.0;1900.0;1900.0;1600.0;2069.0;1603.0;2132.0;1900.0;2217.0;1900.0;2290.0;6221;6225
NE;NORDESTE;NE;NORDESTE;BA;BAHIA;BA;BAHIA;IGAPORA III;PINDAI II           ;230.0;BASICA         ;LINHA DE TRANSMISSÃO;ARGO VII;LT  230 kV IGAPORA III          / PINDAI II            C N2 BA (04N2);BAIGT-2PND-2        ;2020-04-17;;2020-01-31;50.0;0.3219;3.299;12.83;1600.0;1600.0;1900.0;1900.0;;;;;;;;;6221;6225
NE;NORDESTE;NE;NORDESTE;BA;BAHIA;BA;BAHIA;IGAPORA III;PINDAI II           ;230.0;BASICA         ;LINHA DE TRANSMISSÃO;ARGO VII;LT  230 kV IGAPORA III          / PINDAI II            C N3 BA (04N3);BAIGT-2PND-3        ;2020-04-17;;2020-01-31;50.0;0.3219;3.299;12.83;1600.0;1600.0;1900.0;1900.0;;;;;;;;;6221;6225
NE;NORDESTE;NE;NORDESTE;BA;BAHIA;BA;BAHIA;IRECE;B.JESUS LAPA        ;230.0;BASICA         ;LINHA DE TRANSMISSÃO;AXIA NORDESTE;LT  230 kV IRECE                / B.JESUS LAPA         C F2 BA (04F2);BAIRE-2BJS-1        ;1990-12-31;2012-06-17;;285.7;5.06;27.48;49.1;;;;;;;;;;;;;6341;6351
NE;NORDESTE;NE;NORDESTE;BA;BAHIA;BA;BAHIA;IRECE;MORRO CHAPEU II     ;230.0;BASICA         ;LINHA DE TRANSMISSÃO;AXIA NORDESTE;LT  230 kV IRECE                / MORRO CHAPEU II      C S5 BA (04S5);BAIRE-2MPD-1        ;2017-12-21;;2017-12-30;65.0;1.18;6.08;11.14;631.0;631.0;795.0;795.0;;;;;;;;;6341;6291
NE;NORDESTE;NE;NORDESTE;BA;BAHIA;BA;BAHIA;IRECE;OUROLANDIA II       ;230.0;BASICA         ;LINHA DE TRANSMISSÃO;AXIA NORDESTE;LT  230 kV IRECE                / OUROLANDIA II        C F1 BA (04F1);BAIRE-2OUR-1        ;2018-06-03;;2018-05-30;84.0;1.55;8.33;17.23;631.0;631.0;795.0;795.0;;;;;;;;;6341;6071
NE;NORDESTE;NE;NORDESTE;BA;BAHIA;BA;BAHIA;ITABUNA III;FUNIL               ;230.0;BASICA         ;LINHA DE TRANSMISSÃO;AXIA NORDESTE;LT  230 kV ITABUNA III          / FUNIL                C F7 BA (04F7);BAITB32FNL-1        ;2021-11-26;;2021-02-25;99.25;1.9574;9.3004;17.71;631.0;631.0;795.0;795.0;631.0;770.0;645.0;790.0;795.0;880.0;800.0;900.0;5787;5902
NE;NORDESTE;NE;NORDESTE;BA;BAHIA;BA;BAHIA;ITABUNA III;ITAPEBI SE          ;230.0;BASICA         ;LINHA DE TRANSMISSÃO;AXIA NORDESTE;LT  230 kV ITABUNA III          / ITAPEBI SE           C N4 BA (04N4);BAITB32ITI-1        ;2021-11-27;;2021-02-25;145.95;2.8657;13.632;25.8;631.0;631.0;795.0;795.0;631.0;770.0;645.0;790.0;795.0;880.0;800.0;900.0;5787;5970
NE;NORDESTE;NE;NORDESTE;BA;BAHIA;BA;BAHIA;ITAGIBA;BRUMADO II          ;230.0;BASICA         ;LINHA DE TRANSMISSÃO;AFLUENTE;LT  230 kV ITAGIBA              / BRUMADO II           C Z1 BA (04Z1);BABDD-2IGB-1        ;2009-09-13;2019-10-28;2009-10-31;234.0;4.47;22.0;41.45;;;;;628.0;650.0;628.0;672.0;791.0;791.0;791.0;791.0;5912;5941
NE;NORDESTE;NE;NORDESTE;BA;BAHIA;BA;BAHIA;ITAGIBA;POCOES II           ;230.0;BASICA         ;LINHA DE TRANSMISSÃO;AFLUENTE;LT  230 kV ITAGIBA              / POCOES II            C Z1 BA (04Z1);BAIGB-2POD-1        ;2019-10-27;;2020-01-30;87.0;1.7433;8.2519;15.58;628.0;628.0;791.0;791.0;;;;;;;;;5912;5861
NE;NORDESTE;NE;NORDESTE;BA;BAHIA;BA;BAHIA;ITAPEBI SE;EUNAPOLIS           ;230.0;BASICA         ;LINHA DE TRANSMISSÃO;AXIA NORDESTE;LT  230 kV ITAPEBI SE           / EUNAPOLIS            C N1 BA (04N1);BAUITP2ENP-1        ;2003-01-26;;2002-11-30;47.0;0.713;4.432;8.272;631.0;631.0;795.0;795.0;631.0;663.0;631.0;663.0;795.0;795.0;795.0;795.0;5970;5972
NE;NORDESTE;NE;NORDESTE;BA;BAHIA;BA;BAHIA;ITAPEBI SE;EUNAPOLIS           ;230.0;BASICA         ;LINHA DE TRANSMISSÃO;AXIA NORDESTE;LT  230 kV ITAPEBI SE           / EUNAPOLIS            C N2 BA (04N2);BAUITP2ENP-2        ;2003-02-02;;2002-11-30;47.0;0.713;4.432;8.272;631.0;631.0;795.0;795.0;631.0;663.0;631.0;663.0;795.0;860.0;795.0;814.0;5970;5972
NE;NORDESTE;NE;NORDESTE;BA;BAHIA;BA;BAHIA;JACARACANGA;NOVELIS             ;230.0;COMPLEMENTAR   ;LINHA DE TRANSMISSÃO;AXIA NORDESTE;LT  230 kV JACARACANGA          / NOVELIS              C N5 BA (04N5);BAJCR-2ALC-1        ;1990-12-31;2011-01-01;;1.5;;;;;;;;;;;;;;;;5822;
NE;NORDESTE;NE;NORDESTE;BA;BAHIA;BA;BAHIA;JAGUARARI-SE;JUAZEIRO II         ;230.0;BASICA         ;LINHA DE TRANSMISSÃO;AXIA NORDESTE;LT  230 kV JAGUARARI-SE         / JUAZEIRO II          C N1 BA (04N1);BAJGR-2JZD-1        ;2012-03-05;;2012-02-26;80.4;1.6;8.17;15.36;631.0;631.0;795.0;795.0;631.0;663.0;631.0;663.0;795.0;854.0;795.0;803.0;6321;6311
NE;NORDESTE;NE;NORDESTE;BA;BAHIA;BA;BAHIA;JAGUARARI-SE;SR.BONFIM II        ;230.0;BASICA         ;LINHA DE TRANSMISSÃO;AXIA NORDESTE;LT  230 kV JAGUARARI-SE         / SR.BONFIM II         C L1 BA (04L1);BAJGR-2SNB-1        ;2012-03-19;;2012-02-26;87.2;1.48;7.57;14.2;631.0;631.0;795.0;795.0;631.0;663.0;631.0;663.0;795.0;854.0;795.0;803.0;6321;6331
NE;NORDESTE;NE;NORDESTE;BA;BAHIA;BA;BAHIA;JUAZEIRO II;JUAZEIRO III        ;230.0;BASICA         ;LINHA DE TRANSMISSÃO;ARGO V;LT  230 kV JUAZEIRO II          / JUAZEIRO III         C S4 BA (04S4);BAJZD-2JZT-1        ;2016-09-04;;2016-12-21;5.0;0.026;0.31;1.2;2050.0;2050.0;2400.0;2400.0;2050.0;2349.0;2093.0;2414.0;2400.0;2493.0;2400.0;2568.0;6311;6501
NE;NORDESTE;NE;NORDESTE;BA;BAHIA;BA;BAHIA;JUAZEIRO II;SR.BONFIM II        ;230.0;BASICA         ;LINHA DE TRANSMISSÃO;AXIA NORDESTE;LT  230 kV JUAZEIRO II          / SR.BONFIM II         C N1 BA (04N1);BAJZD-2SNB-1        ;1990-12-31;2012-03-05;;148.5;2.7;13.9;26.26;;;;;631.0;663.0;631.0;663.0;795.0;854.0;795.0;803.0;6311;6331
NE;NORDESTE;NE;NORDESTE;BA;BAHIA;BA;BAHIA;JUAZEIRO II;SR.BONFIM II        ;230.0;BASICA         ;LINHA DE TRANSMISSÃO;AXIA NORDESTE;LT  230 kV JUAZEIRO II          / SR.BONFIM II         C N2 BA (04N2);BAJZD-2SNB-2        ;1990-12-31;;;148.5;2.7;13.9;26.26;631.0;631.0;795.0;795.0;631.0;663.0;631.0;663.0;795.0;864.0;795.0;803.0;6311;6331
NE;NORDESTE;NE;NORDESTE;BA;BAHIA;BA;BAHIA;MEDEIROS NETOII;TEIX FREITAS II     ;230.0;BASICA         ;LINHA DE TRANSMISSÃO;MORRO DO CHAPEU;LT  230 kV MEDEIROS NETOII      / TEIX FREITAS II      C N7 BA (04N7);BAMDN22TFD-1        ;2024-02-03;;2023-12-06;56.6;0.7368;5.2029;10.3;885.0;885.0;1200.0;1200.0;885.0;1038.0;904.0;1074.0;1200.0;1266.0;1203.0;1294.0;7996;5991
NE;NORDESTE;NE;NORDESTE;BA;BAHIA;BA;BAHIA;MEDEIROS NETOII;TEIX FREITAS II     ;230.0;BASICA         ;LINHA DE TRANSMISSÃO;MORRO DO CHAPEU;LT  230 kV MEDEIROS NETOII      / TEIX FREITAS II      C N8 BA (04N8);BAMDN22TFD-2        ;2024-02-03;;2023-12-06;56.6;0.7368;5.2029;10.3;885.0;885.0;1200.0;1200.0;885.0;1038.0;904.0;1074.0;1200.0;1266.0;1203.0;1294.0;7996;5991
NE;NORDESTE;NE;NORDESTE;BA;BAHIA;BA;BAHIA;MORRAO;IGAPORA II          ;230.0;COMPLEMENTAR   ;LINHA DE TRANSMISSÃO;EOL MORRÃO;LT  230 kV MORRAO               / IGAPORA II           C P2 BA (04P2);BAMOR-2IGD-1        ;2014-10-11;;2014-10-31;14.0;0.3068;1.466;2.566;;;;;;;;;;;;;6380;6171
NE;NORDESTE;NE;NORDESTE;BA;BAHIA;BA;BAHIA;OUROLANDIA II;CAMPO FORMOSO       ;230.0;BASICA         ;LINHA DE TRANSMISSÃO;AXIA NORDESTE;LT  230 kV OUROLANDIA II        / CAMPO FORMOSO        C C2 BA (04C2);BAOUR-2SNB-1        ;2018-06-03;;2018-05-30;105.0;1.937;10.413;17.8;631.0;631.0;795.0;795.0;;;;;;;;;6071;6107
NE;NORDESTE;NE;NORDESTE;BA;BAHIA;BA;BAHIA;P. AFONSO II;ABAIXADORA          ;230.0;COMPLEMENTAR   ;LINHA DE TRANSMISSÃO;AXIA NORDESTE;LT  230 kV P. AFONSO II         / ABAIXADORA           C J4 BA (04J4);BAUSD-2ABX-1        ;1990-12-31;;;0.5;0.0;0.01;0.0;;;;;;;;;;;;;93799;44106
NE;NORDESTE;NE;NORDESTE;BA;BAHIA;BA;BAHIA;P. AFONSO IV_SE;P.AFONSO III        ;230.0;BASICA         ;LINHA DE TRANSMISSÃO;AXIA NORDESTE;LT  230 kV P. AFONSO IV_SE      / P.AFONSO III         C T7 BA (04T7);BAPAQ-2PAF-1        ;1990-12-31;;;1.4;0.01;0.08;0.0;2524.0;1200.0;3180.0;1200.0;;;;;;;;;44098;5003
NE;NORDESTE;NE;NORDESTE;BA;BAHIA;BA;BAHIA;P. AFONSO IV_SE;P.AFONSO III        ;230.0;BASICA         ;LINHA DE TRANSMISSÃO;AXIA NORDESTE;LT  230 kV P. AFONSO IV_SE      / P.AFONSO III         C T8 BA (04T8);BAPAQ-2PAF-2        ;1990-12-31;;;1.35;0.01;0.07;0.0;2524.0;1200.0;3180.0;1200.0;;;;;;;;;44099;5003
NE;NORDESTE;NE;NORDESTE;BA;BAHIA;PE;PERNAMBUCO;P.AFONSO III;ANGELIM             ;230.0;BASICA         ;LINHA DE TRANSMISSÃO;AXIA NORDESTE;LT  230 kV P.AFONSO III         / ANGELIM              C L1 BA/PE (04L1);BAPAF-2AGL-1PE      ;1990-12-31;2021-09-21;2020-04-30;221.3;3.98;21.85;36.78;;;;;437.0;546.0;437.0;551.0;621.0;621.0;621.0;621.0;5003;5101
NE;NORDESTE;NE;NORDESTE;BA;BAHIA;PE;PERNAMBUCO;P.AFONSO III;ANGELIM             ;230.0;BASICA         ;LINHA DE TRANSMISSÃO;AXIA NORDESTE;LT  230 kV P.AFONSO III         / ANGELIM              C L2 BA/PE (04L2);BAPAF-2AGL-2PE      ;1990-12-31;2015-09-09;;220.2;3.97;20.88;38.5;;;;;437.0;546.0;437.0;551.0;621.0;621.0;621.0;621.0;5003;5101
NE;NORDESTE;NE;NORDESTE;BA;BAHIA;PE;PERNAMBUCO;P.AFONSO III;ANGELIM             ;230.0;BASICA         ;LINHA DE TRANSMISSÃO;AXIA NORDESTE;LT  230 kV P.AFONSO III         / ANGELIM              C L3 BA/PE (04L3);BAPAF-2AGL-3PE      ;1990-12-31;2015-09-09;;220.2;3.97;20.88;38.52;;;;;437.0;546.0;437.0;551.0;621.0;621.0;621.0;621.0;5003;5101
NE;NORDESTE;NE;NORDESTE;BA;BAHIA;PE;PERNAMBUCO;P.AFONSO III;ANGELIM             ;230.0;BASICA         ;LINHA DE TRANSMISSÃO;AXIA NORDESTE;LT  230 kV P.AFONSO III         / ANGELIM              C L4 BA/PE (04L4);BAPAF-2AGL-4PE      ;1990-12-31;2015-08-31;;221.0;2.0;16.25;49.46;;;;;874.0;1093.0;874.0;1101.0;1241.0;1526.0;1241.0;1459.0;5003;5101
NE;NORDESTE;NE;NORDESTE;BA;BAHIA;PE;PERNAMBUCO;P.AFONSO III;BOM NOME            ;230.0;BASICA         ;LINHA DE TRANSMISSÃO;AXIA NORDESTE;LT  230 kV P.AFONSO III         / BOM NOME             C F1 BA/PE (04F1);BAPAF-2BNO-1PE      ;1990-12-31;2014-12-08;;170.1;3.09;16.25;29.42;;;;;631.0;663.0;631.0;663.0;795.0;795.0;795.0;795.0;5003;5401
NE;NORDESTE;NE;NORDESTE;BA;BAHIA;PE;PERNAMBUCO;P.AFONSO III;BOM NOME            ;230.0;BASICA         ;LINHA DE TRANSMISSÃO;AXIA NORDESTE;LT  230 kV P.AFONSO III         / BOM NOME             C F2 BA/PE (04F2);BAPAF-2BNO-2PE      ;1990-12-31;2014-10-08;;170.7;2.31;9.19;53.16;;;;;1003.0;1003.0;1003.0;1003.0;1003.0;1003.0;1003.0;1003.0;5003;5401
NE;NORDESTE;NE;NORDESTE;BA;BAHIA;PE;PERNAMBUCO;P.AFONSO III;BOM NOME            ;230.0;BASICA         ;LINHA DE TRANSMISSÃO;AXIA NORDESTE;LT  230 kV P.AFONSO III         / BOM NOME             C F3 BA/PE (04F3);BAPAF-2BNO-3PE      ;1990-12-31;;;170.8;2.18;9.72;50.9;1003.0;1003.0;1003.0;1003.0;1003.0;1003.0;1003.0;1003.0;1003.0;1003.0;1003.0;1003.0;5003;5401
NE;NORDESTE;NE;NORDESTE;BA;BAHIA;BA;BAHIA;P.AFONSO III;CICERO DANTAS       ;230.0;BASICA         ;LINHA DE TRANSMISSÃO;AXIA NORDESTE;LT  230 kV P.AFONSO III         / CICERO DANTAS        C S2 BA (04S2);BAPAF-2CCD-1        ;1990-12-31;;2018-12-16;134.2;2.46;13.15;22.74;437.0;437.0;621.0;621.0;437.0;546.0;437.0;551.0;621.0;621.0;621.0;621.0;5003;5701
NE;NORDESTE;NE;NORDESTE;BA;BAHIA;BA;BAHIA;P.AFONSO III;CICERO DANTAS       ;230.0;BASICA         ;LINHA DE TRANSMISSÃO;AXIA NORDESTE;LT  230 kV P.AFONSO III         / CICERO DANTAS        C S3 BA (04S3);BAPAF-2CCD-2        ;1990-12-31;;;133.8;2.45;13.1;22.68;631.0;631.0;795.0;631.0;631.0;663.0;631.0;663.0;795.0;795.0;795.0;795.0;5003;5701
NE;NORDESTE;NE;NORDESTE;BA;BAHIA;SE;SERGIPE;P.AFONSO III;ITABAIANA           ;230.0;BASICA         ;LINHA DE TRANSMISSÃO;AXIA NORDESTE;LT  230 kV P.AFONSO III         / ITABAIANA            C S6 BA/SE (04S6);BAPAF-2ITB-2SE      ;1990-12-31;;2013-07-21;163.0;2.96;15.23;28.9;631.0;631.0;795.0;795.0;631.0;663.0;631.0;663.0;795.0;853.0;795.0;809.0;5003;5711
NE;NORDESTE;NE;NORDESTE;BA;BAHIA;SE;SERGIPE;P.AFONSO III;ITABAIANA           ;230.0;BASICA         ;LINHA DE TRANSMISSÃO;AXIA NORDESTE;LT  230 kV P.AFONSO III         / ITABAIANA            C S7 BA/SE (04S7);BAPAF-2ITB-1SE      ;1990-12-31;;2013-07-21;163.0;2.96;15.23;28.9;631.0;631.0;795.0;795.0;631.0;663.0;631.0;663.0;795.0;853.0;795.0;809.0;5003;5711
NE;NORDESTE;NE;NORDESTE;BA;BAHIA;BA;BAHIA;P.AFONSO III;P. AFONSO I         ;230.0;COMPLEMENTAR   ;LINHA DE TRANSMISSÃO;AXIA NORDESTE;LT  230 kV P.AFONSO III         / P. AFONSO I          C J1 BA (04J1);BAPAF-2USU-1        ;1990-12-31;;;0.7;0.1;0.1;0.0;;;;;;;;;;;;;5003;95239
NE;NORDESTE;NE;NORDESTE;BA;BAHIA;BA;BAHIA;P.AFONSO III;P. AFONSO I         ;230.0;COMPLEMENTAR   ;LINHA DE TRANSMISSÃO;AXIA NORDESTE;LT  230 kV P.AFONSO III         / P. AFONSO I          C X1 BA (04X1);BAPAF-2USU-2        ;1990-12-31;2009-03-26;;0.7;;;;;;;;;;;;;;;;5003;95239
NE;NORDESTE;NE;NORDESTE;BA;BAHIA;BA;BAHIA;P.AFONSO III;P. AFONSO II        ;230.0;COMPLEMENTAR   ;LINHA DE TRANSMISSÃO;AXIA NORDESTE;LT  230 kV P.AFONSO III         / P. AFONSO II         C J2 BA (04J2);BAPAF-2USD-1        ;1990-12-31;;;0.6;0.1;0.1;0.0;631.0;631.0;795.0;795.0;;;;;;;;;5003;90029
NE;NORDESTE;NE;NORDESTE;BA;BAHIA;BA;BAHIA;P.AFONSO III;P. AFONSO II        ;230.0;COMPLEMENTAR   ;LINHA DE TRANSMISSÃO;AXIA NORDESTE;LT  230 kV P.AFONSO III         / P. AFONSO II         C J3 BA (04J3);BAPAF-2USD-2        ;1990-12-31;;;0.7;0.1;0.1;0.0;631.0;631.0;795.0;795.0;;;;;;;;;5003;93799
NE;NORDESTE;NE;NORDESTE;BA;BAHIA;BA;BAHIA;P.AFONSO III;P. AFONSO II        ;230.0;COMPLEMENTAR   ;LINHA DE TRANSMISSÃO;AXIA NORDESTE;LT  230 kV P.AFONSO III         / P. AFONSO II         C J5 BA (04J5);BAPAF-2USD-J5       ;2021-02-12;;;0.7;0.1;0.1;0.0;;;;;;;;;;;;;5003;93799
NE;NORDESTE;NE;NORDESTE;BA;BAHIA;AL;ALAGOAS;P.AFONSO III;SANTANA II          ;230.0;BASICA         ;LINHA DE TRANSMISSÃO;AXIA NORDESTE;LT  230 kV P.AFONSO III         / SANTANA II           C L1 BA/AL (04L1);ALSTN-2PAF-1BA      ;2021-09-21;;2022-03-21;107.13;1.983;10.733;17.71;437.0;437.0;621.0;516.0;620.0;798.0;663.0;822.0;775.0;898.0;803.0;918.0;5003;5732
NE;NORDESTE;NE;NORDESTE;BA;BAHIA;PE;PERNAMBUCO;P.AFONSO III;TACARATU            ;230.0;BASICA         ;LINHA DE TRANSMISSÃO;AXIA NORDESTE;LT  230 kV P.AFONSO III         / TACARATU             C F1 BA/PE (04F1);BAPAF-2TAT-1PE      ;2014-12-15;;2014-12-30;51.0;0.87;4.5;8.18;631.0;631.0;795.0;631.0;631.0;663.0;631.0;663.0;795.0;795.0;795.0;795.0;5003;5378
NE;NORDESTE;NE;NORDESTE;BA;BAHIA;AL;ALAGOAS;P.AFONSO III;ZEBU                ;230.0;BASICA         ;LINHA DE TRANSMISSÃO;AXIA NORDESTE;LT  230 kV P.AFONSO III         / ZEBU                 C Z1 BA/AL (04Z1);BAPAF-2ZBU-1AL      ;2012-07-30;;2012-07-26;6.0;0.1;0.52;0.98;631.0;631.0;795.0;795.0;631.0;663.0;631.0;663.0;795.0;854.0;795.0;811.0;5003;6262
NE;NORDESTE;NE;NORDESTE;BA;BAHIA;AL;ALAGOAS;P.AFONSO III;ZEBU                ;230.0;BASICA         ;LINHA DE TRANSMISSÃO;AXIA NORDESTE;LT  230 kV P.AFONSO III         / ZEBU                 C Z2 BA/AL (04Z2);BAPAF-2ZBU-2AL      ;2012-08-16;;2012-07-26;6.0;0.1;0.52;0.98;631.0;631.0;795.0;795.0;631.0;663.0;631.0;663.0;795.0;854.0;795.0;811.0;5003;6262
NE;NORDESTE;NE;NORDESTE;BA;BAHIA;CE;CEARA;P.AFONSO III;MILAGRES            ;230.0;BASICA         ;LINHA DE TRANSMISSÃO;AXIA NORDESTE;LT  230 kV P.AFONSO III /MILAGRES      C-1 BA/CE (04F4);BAPAF-2MLG-1CE      ;1990-12-31;2002-02-03;;260.7;1.93;12.58;91.6;;;;;;;;;;;;;5003;5411
NE;NORDESTE;NE;NORDESTE;BA;BAHIA;CE;CEARA;P.AFONSO III;MILAGRES            ;230.0;BASICA         ;LINHA DE TRANSMISSÃO;AXIA NORDESTE;LT  230 kV P.AFONSO III /MILAGRES      C-2 BA/CE (04F5);BAPAF-2MLG-2CE      ;1990-12-31;2002-02-03;;254.0;2.71;12.6;91.6;;;;;;;;;;;;;5003;5411
NE;NORDESTE;NE;NORDESTE;BA;BAHIA;BA;BAHIA;P.DO CAVALO;G.MANGABEIRA        ;230.0;COMPLEMENTAR   ;LINHA DE TRANSMISSÃO;VOTORANTIM CIMENTOS;LT  230 kV P.DO CAVALO          / G.MANGABEIRA         C S4 BA (04S4);BAUCV-2GVM-1        ;2004-09-29;;2004-11-30;4.66;0.074;0.389;0.676;;;;;;;;;;;;;5882;5881
NE;NORDESTE;NE;NORDESTE;BA;BAHIA;BA;BAHIA;PITUACU;NARANDIBA           ;230.0;BASICA         ;LINHA DE TRANSMISSÃO;AXIA NORDESTE;LT  230 kV PITUACU              / NARANDIBA            C L5 BA (04L5);BAPTU-2NRD-1        ;2011-06-06;;2011-06-30;5.7;0.033;0.244;0.88;1262.0;1262.0;1590.0;1590.0;1262.0;1325.0;1262.0;1325.0;1590.0;1734.0;1728.0;1642.0;5842;5981
NE;NORDESTE;NE;NORDESTE;BA;BAHIA;BA;BAHIA;PITUACU;NARANDIBA           ;230.0;BASICA         ;LINHA DE TRANSMISSÃO;AXIA NORDESTE;LT  230 kV PITUACU              / NARANDIBA            C L6 BA (04L6);BAPTU-2NRD-2        ;2011-08-21;;2011-08-31;5.7;0.033;0.244;0.88;1262.0;1262.0;1590.0;1590.0;1262.0;1325.0;1262.0;1325.0;1590.0;1734.0;1728.0;1642.0;5842;5981
NE;NORDESTE;NE;NORDESTE;BA;BAHIA;BA;BAHIA;POCOES II;POCOES III          ;230.0;BASICA         ;LINHA DE TRANSMISSÃO;EDTE;LT  230 kV POCOES II            / POCOES III           C C1 BA (04C1);BAPOD-2POT-1        ;2020-01-20;;2020-01-12;0.98;0.0058;0.0595;0.226;1660.0;1660.0;2020.0;2020.0;;;;;;;;;5861;5292
NE;NORDESTE;NE;NORDESTE;BA;BAHIA;BA;BAHIA;POCOES II;POCOES III          ;230.0;BASICA         ;LINHA DE TRANSMISSÃO;EDTE;LT  230 kV POCOES II            / POCOES III           C C2 BA (04C2);BAPOD-2POT-2        ;2020-01-20;;2020-01-12;0.98;0.0058;0.0595;0.226;1660.0;1660.0;2020.0;2020.0;;;;;;;;;5861;5292
NE;NORDESTE;NE;NORDESTE;BA;BAHIA;BA;BAHIA;RIO DAS EGUAS;RIO FORMOSO II      ;230.0;BASICA         ;LINHA DE TRANSMISSÃO;RIO FORMOSO;LT  230 kV RIO DAS EGUAS        / RIO FORMOSO II       C F1 BA (04F1);BARDE-2RFM-1        ;2023-01-29;;2022-09-15;99.0;0.7721;6.4535;25.13;1400.0;1400.0;1750.0;1750.0;;;;;;;;;8171;8172
NE;NORDESTE;NE;NORDESTE;BA;BAHIA;BA;BAHIA;RIO DAS EGUAS;RIO FORMOSO II      ;230.0;BASICA         ;LINHA DE TRANSMISSÃO;RIO FORMOSO;LT  230 kV RIO DAS EGUAS        / RIO FORMOSO II       C F2 BA (04F2);BARDE-2RFM-2        ;2023-01-29;;2022-09-15;99.0;0.7721;6.4535;25.13;1400.0;1400.0;1750.0;1750.0;;;;;;;;;8171;8172
NE;NORDESTE;NE;NORDESTE;BA;BAHIA;BA;BAHIA;RIO DAS EGUAS;RIO GRANDE II       ;230.0;BASICA         ;LINHA DE TRANSMISSÃO;TRAN BARREIRAS OESTE;LT  230 kV RIO DAS EGUAS        / RIO GRANDE II        C F3 BA ();BARDE-2RGD-1        ;2023-06-05;;2025-09-30;143.245;2.185;13.322;25.56;720.0;720.0;1000.0;1000.0;;;;;;;;;8171;6316
NE;NORDESTE;NE;NORDESTE;BA;BAHIA;BA;BAHIA;SAPEACU;FUNIL               ;230.0;BASICA         ;LINHA DE TRANSMISSÃO;AXIA NORDESTE;LT  230 kV SAPEACU              / FUNIL                C F1 BA (04F1);BASPU-2FNL-1        ;2003-06-09;;2003-04-20;195.7;3.53;19.03;33.08;631.0;631.0;795.0;631.0;631.0;663.0;631.0;663.0;795.0;795.0;795.0;795.0;6368;5902
NE;NORDESTE;NE;NORDESTE;BA;BAHIA;BA;BAHIA;SAPEACU;STO.A.JESUS         ;230.0;BASICA         ;LINHA DE TRANSMISSÃO;AXIA NORDESTE;LT  230 kV SAPEACU              / STO.A.JESUS          C F3 BA (04F3);BASPU-2STJ-2        ;2011-12-05;;2011-12-03;31.8;0.59;2.99;5.6;880.0;880.0;880.0;880.0;880.0;880.0;880.0;880.0;880.0;880.0;880.0;880.0;6368;5891
NE;NORDESTE;NE;NORDESTE;BA;BAHIA;BA;BAHIA;SAPEACU;STO.A.JESUS         ;230.0;BASICA         ;LINHA DE TRANSMISSÃO;AXIA NORDESTE;LT  230 kV SAPEACU              / STO.A.JESUS          C L2 BA (04L2);BASPU-2STJ-1        ;2003-06-03;;2011-12-05;29.4;0.59;2.99;5.6;800.0;800.0;800.0;800.0;880.0;880.0;880.0;880.0;880.0;880.0;880.0;880.0;6368;5891
NE;NORDESTE;NE;NORDESTE;BA;BAHIA;BA;BAHIA;SAPEACU;FUNIL               ;230.0;BASICA         ;LINHA DE TRANSMISSÃO;AXIA NORDESTE;LT  230 kV SAPEACU      /FUNIL         C-2 BA (04F3);BASPU-2FNL-2        ;2003-05-22;2011-12-04;2003-04-20;192.5;3.53;17.5;35.9;;;;;;;;;;;;;6368;5902
NE;NORDESTE;NE;NORDESTE;BA;BAHIA;BA;BAHIA;SAPEACU;FUNIL               ;230.0;BASICA         ;LINHA DE TRANSMISSÃO;AXIA NORDESTE;LT  230 kV SAPEACU      /FUNIL         C-3 BA (04F4);BASPU-2FNL-3        ;2003-06-03;2003-06-03;2003-06-30;2.0;;;;;;;;;;;;;;;;6368;5902
NE;NORDESTE;NE;NORDESTE;BA;BAHIA;BA;BAHIA;SR.BONFIM II;IRECE               ;230.0;BASICA         ;LINHA DE TRANSMISSÃO;AXIA NORDESTE;LT  230 kV SR.BONFIM II         / IRECE                C F1 BA (04F1);BASNB-2IRE-1        ;1990-12-31;2015-10-10;;214.5;3.85;20.82;36.42;;;;;631.0;663.0;631.0;663.0;795.0;869.0;810.0;822.0;6331;6341
NE;NORDESTE;NE;NORDESTE;BA;BAHIA;BA;BAHIA;STO.A.JESUS;FUNIL               ;230.0;BASICA         ;LINHA DE TRANSMISSÃO;AXIA NORDESTE;LT  230 kV STO.A.JESUS          / FUNIL                C F2 BA (04F2);BASTJ-2FNL-1        ;2003-06-03;;2003-06-08;161.9;2.97;15.21;28.76;631.0;631.0;795.0;795.0;631.0;663.0;631.0;663.0;795.0;870.0;812.0;826.0;5891;5902
NE;NORDESTE;NE;NORDESTE;BA;BAHIA;BA;BAHIA;STO.A.JESUS;FUNIL               ;230.0;BASICA         ;LINHA DE TRANSMISSÃO;AXIA NORDESTE;LT  230 kV STO.A.JESUS          / FUNIL                C L3 BA (04L3);BASTJ-2FNL-2        ;2011-12-04;;2011-12-03;163.0;2.97;15.21;28.76;631.0;631.0;795.0;795.0;631.0;663.0;631.0;663.0;795.0;870.0;812.0;826.0;5891;5902
NE;NORDESTE;NE;NORDESTE;BA;BAHIA;BA;BAHIA;TERMOBAHIA;JACARACANGA         ;230.0;COMPLEMENTAR   ;LINHA DE TRANSMISSÃO;PETROBRAS;LT  230 kV TERMOBAHIA           / JACARACANGA          C M1 BA (04M1);BAUTA-2JCR-1        ;2002-10-25;;2002-07-30;12.5;0.0103;0.8332;3.125;;;;;;;;;;;;;5821;5822
NE;NORDESTE;NE;NORDESTE;BA;BAHIA;BA;BAHIA;TERMOBAHIA;JACARACANGA         ;230.0;COMPLEMENTAR   ;LINHA DE TRANSMISSÃO;PETROBRAS;LT  230 kV TERMOBAHIA           / JACARACANGA          C M2 BA (04M2);BAUTA-2JCR-2        ;2002-10-25;;2002-07-30;12.5;0.0103;0.8332;3.125;;;;;;;;;;;;;5821;5822
NE;NORDESTE;NE;NORDESTE;BA;BAHIA;BA;BAHIA;TOMBA;G.MANGABEIRA        ;230.0;BASICA         ;LINHA DE TRANSMISSÃO;AFLUENTE;LT  230 kV TOMBA                / G.MANGABEIRA         C S1 BA (04S1);BATMB-2GVM-2        ;2016-01-31;;2016-02-24;37.5;0.8067;3.5232;8.688;631.0;631.0;795.0;795.0;;;;;;;;;5871;5881
NE;NORDESTE;NE;NORDESTE;BA;BAHIA;BA;BAHIA;TOMBA;G.MANGABEIRA        ;230.0;BASICA         ;LINHA DE TRANSMISSÃO;AFLUENTE;LT  230 kV TOMBA                / G.MANGABEIRA         C S2 BA (04S2);BATMB-2GVM-1        ;1990-12-31;;;37.5;0.804;3.5103;8.654;631.0;631.0;795.0;795.0;628.0;659.0;628.0;685.0;791.0;791.0;791.0;791.0;5871;5881
NE;NORDESTE;NE;NORDESTE;BA;BAHIA;BA;BAHIA;U.SOBRADINHO;JUAZEIRO II         ;230.0;BASICA         ;LINHA DE TRANSMISSÃO;AXIA NORDESTE;LT  230 kV U.SOBRADINHO         / JUAZEIRO II          C S1 BA (04S1);BAUSB-2JZD-1        ;1990-12-31;;2018-12-16;42.5;0.78;4.0;7.5;879.0;879.0;879.0;879.0;631.0;663.0;631.0;663.0;795.0;853.0;795.0;802.0;6301;6311
NE;NORDESTE;NE;NORDESTE;BA;BAHIA;BA;BAHIA;U.SOBRADINHO;JUAZEIRO II         ;230.0;BASICA         ;LINHA DE TRANSMISSÃO;AXIA NORDESTE;LT  230 kV U.SOBRADINHO         / JUAZEIRO II          C S2 BA (04S2);BAUSB-2JZD-2        ;1990-12-31;;2018-12-16;42.5;0.78;4.0;7.5;879.0;879.0;879.0;879.0;631.0;663.0;631.0;663.0;795.0;853.0;795.0;802.0;6301;6311
NE;NORDESTE;NE;NORDESTE;BA;BAHIA;BA;BAHIA;UTE APOENA;POLO                ;230.0;COMPLEMENTAR   ;LINHA DE TRANSMISSÃO;S FRANCISCO;LT  230 kV UTE APOENA           / POLO                 C P4 BA (04P4);BAPLO-2UCM-1        ;2009-09-30;2024-01-01;2009-09-30;0.5;0.01;7.5;0.0;;;;;;;;;;;;;93472;5761
NE;NORDESTE;NE;NORDESTE;BA;BAHIA;BA;BAHIA;UTE GLOBAL I;GLOBAL              ;230.0;COMPLEMENTAR   ;LINHA DE TRANSMISSÃO;CEC CANDEIAS;LT  230 kV UTE GLOBAL I         / GLOBAL               C T1 BA (04T1);BAUGU-2GBL-1        ;2010-05-07;;2010-06-30;0.01;0.01;0.01;0.0;;;;;;;;;;;;;90021;5819
NE;NORDESTE;NE;NORDESTE;BA;BAHIA;BA;BAHIA;UTE GLOBAL I;GLOBAL              ;230.0;COMPLEMENTAR   ;LINHA DE TRANSMISSÃO;CEC CANDEIAS;LT  230 kV UTE GLOBAL I         / GLOBAL               C T2 BA (04T2);BAUGU-2GBL-2        ;2010-05-07;;2010-06-30;0.01;0.01;0.01;0.0;;;;;;;;;;;;;90022;5819
NE;NORDESTE;NE;NORDESTE;BA;BAHIA;BA;BAHIA;UTE GLOBAL II;GLOBAL              ;230.0;COMPLEMENTAR   ;LINHA DE TRANSMISSÃO;CEC CANDEIAS;LT  230 kV UTE GLOBAL II        / GLOBAL               C T3 BA (04T3);BAUGD-2GBL-1        ;2010-05-20;;2010-06-30;0.01;0.01;0.01;0.0;;;;;;;;;;;;;93770;5819
NE;NORDESTE;NE;NORDESTE;BA;BAHIA;BA;BAHIA;UTE GLOBAL II;GLOBAL              ;230.0;COMPLEMENTAR   ;LINHA DE TRANSMISSÃO;CEC CANDEIAS;LT  230 kV UTE GLOBAL II        / GLOBAL               C T4 BA (04T4);BAUGD-2GBL-2        ;2010-05-20;;2010-06-30;0.01;0.01;0.01;0.0;;;;;;;;;;;;;90017;5819
NE;NORDESTE;NE;NORDESTE;BA;BAHIA;BA;BAHIA;UTE GUARANI;POLO                ;230.0;COMPLEMENTAR   ;LINHA DE TRANSMISSÃO;S FRANCISCO;LT  230 kV UTE GUARANI          / POLO                 C P3 BA (04P3);BAPOLO2PLO-1        ;2010-03-30;2024-01-01;2010-04-30;2.0;0.04;0.18;0.1;;;;;;;;;;;;;93477;5761
NE;NORDESTE;NE;NORDESTE;BA;BAHIA;BA;BAHIA;UTE PROSPERIDAD;CAMACARI IV         ;230.0;COMPLEMENTAR   ;LINHA DE TRANSMISSÃO;IMETAMETERM;LT  230 kV UTE PROSPERIDAD      / CAMACARI IV          C P5 BA (04P5);BAUPR12CMQ-1        ;2018-10-16;;2018-01-31;23.0;0.3497;2.1739;4.004;;;;;;;;;;;;;5021;5756
NE;NORDESTE;;;BA;BAHIA;;;JAGUARARI-SE;;230.0;BASICA         ;RAMAL DE LINHA;AXIA NORDESTE;RL  230 kV JAGUARARI-SE  C-1 LT JUAZEIRO II  /SR.BONFIM II  C-2 BA (04L1);BAJGR-2DJGR1        ;1990-12-31;2012-03-05;;9.7;0.0;0.01;0.0;;;;;;;;;;;;;6321;
NE;NORDESTE;;;BA;BAHIA;;;JAGUARARI-SE;;230.0;BASICA         ;RAMAL DE LINHA;AXIA NORDESTE;RL  230 kV JAGUARARI-SE  C-2 LT JUAZEIRO II  /SR.BONFIM II  C-1 BA (04L2);BAJGR-2DJGR2        ;1990-12-31;2012-03-05;;9.7;0.0;0.01;0.0;;;;;;;;;;;;;6321;
NE;NORDESTE;;;BA;BAHIA;;;OLINDINA;;230.0;BASICA         ;RAMAL DE LINHA;AXIA NORDESTE;RL  230 kV OLINDINA             /   DOL1 C L2 BA (04L2);BAOLD-2DOLD1        ;1990-12-31;;;0.2;0.0;0.01;0.0;;;;;;;;;;;;;44155;
NE;NORDESTE;;;BA;BAHIA;;;OLINDINA;;230.0;BASICA         ;RAMAL DE LINHA;AXIA NORDESTE;RL  230 kV OLINDINA             /   DOL8 C L8 BA (04L8);BAOLD-2DOLD2        ;1990-12-31;2026-04-07;;0.2;0.0;0.01;0.0;;;;;;;;;;;;;44155;
NE;NORDESTE;;;BA;BAHIA;;;PITUACU;;230.0;BASICA         ;RAMAL DE LINHA;AXIA NORDESTE;RL  230 kV PITUACU              /   DPT9 C L4 BA (04L4);BAPTU-2DPTU1        ;1990-12-31;;;0.4;0.01;0.04;0.07;;;;;;;;;;;;;5842;
NE;NORDESTE;;;BA;BAHIA;;;SCHINCARIOL;;230.0;COMPLEMENTAR   ;RAMAL DE LINHA;HNK BR INDUSTRIA;RL  230 kV SCHINCARIOL          /   DSCH C L3 BA (04L3);BASCH-2DSCH1        ;2000-12-31;;;;0.02;0.11;0.0;;;;;;;;;;;;;42251;
NE;NORDESTE;;;BA;BAHIA;;;STO.A.JESUS;;230.0;BASICA         ;RAMAL DE LINHA;AXIA NORDESTE;RL  230 kV STO.A.JESUS          / RDSTJ1 C F3 BA (04F3);BASTJ-2DSTJ1        ;1990-12-31;2003-05-22;;1.0;0.0;0.01;0.0;;;;;;;;;;;;;5891;
NE;NORDESTE;;;BA;BAHIA;;;STO.A.JESUS;;230.0;BASICA         ;RAMAL DE LINHA;AXIA NORDESTE;RL  230 kV STO.A.JESUS          / RDSTJ2 C F2 BA (04F2);BASTJ-2DSTJ2        ;1990-12-31;2003-06-03;;0.1;0.0;0.01;0.0;;;;;;;;;;;;;5891;
NE;NORDESTE;;;BA;BAHIA;;;TABOCAS BRJ VLH;;230.0;BASICA         ;RAMAL DE LINHA;AXIA NORDESTE;RL  230 kV TABOCAS BRJ VLH      /   DTBV C L1 BA (04L1);BATBV-2DTBV1        ;2017-06-04;2019-05-26;2017-03-31;0.1;0.0;0.01;0.0;;;;;;;;;;;;;6062;
NE;NORDESTE;NE;NORDESTE;CE;CEARA;PE;PERNAMBUCO;ABAIARA;BOM NOME            ;230.0;BASICA         ;LINHA DE TRANSMISSÃO;AXIA NORDESTE;LT  230 kV ABAIARA              / BOM NOME             C L5 CE/PE (04L5);CEABA-2BNO-L5PE     ;2023-11-25;;2023-07-31;82.2;1.0669;4.982;25.55;1003.0;1003.0;1003.0;1003.0;;;;;;;;;8344;5401
NE;NORDESTE;NE;NORDESTE;CE;CEARA;CE;CEARA;ABAIARA;MILAGRES            ;230.0;BASICA         ;LINHA DE TRANSMISSÃO;AXIA NORDESTE;LT  230 kV ABAIARA              / MILAGRES             C L2 CE (04L2);CEABA-2MLG-L2       ;2023-11-25;;2023-07-31;15.09;0.2006;1.1268;2.9;1003.0;1003.0;1003.0;1003.0;;;;;;;;;8344;5411
NE;NORDESTE;NE;NORDESTE;CE;CEARA;CE;CEARA;ACARAU II;ACARAU III          ;230.0;BASICA         ;LINHA DE TRANSMISSÃO;SITE;LT  230 kV ACARAU II            / ACARAU III           C C1 CE (04C1);CEAUD-2AUT-1        ;2020-02-26;;2023-03-09;1.149;0.0076;0.0753;0.2928;1570.0;1570.0;1995.0;1995.0;1570.0;1913.0;1595.0;1930.0;1995.0;2205.0;2015.0;2220.0;5486;5923
NE;NORDESTE;NE;NORDESTE;CE;CEARA;CE;CEARA;ACARAU II;ACARAU III          ;230.0;BASICA         ;LINHA DE TRANSMISSÃO;SITE;LT  230 kV ACARAU II            / ACARAU III           C C2 CE (04C2);CEAUD-2AUT-2        ;2020-02-26;;2023-03-09;1.149;0.0076;0.0753;0.2928;1570.0;1570.0;1995.0;1995.0;1570.0;1990.0;1595.0;1930.0;1995.0;2205.0;2015.0;2220.0;5486;5923
NE;NORDESTE;NE;NORDESTE;CE;CEARA;CE;CEARA;ACARAU II;ITAREMA V           ;230.0;COMPLEMENTAR   ;LINHA DE TRANSMISSÃO;ITAREMA V;LT  230 kV ACARAU II            / ITAREMA V            C P1 CE (04P1);CEAUD-2ITC-1        ;2016-01-01;;2017-03-31;26.0;0.39962;2.4023;4.64;;;;;;;;;;;;;5486;6649
NE;NORDESTE;NE;NORDESTE;CE;CEARA;CE;CEARA;ACARAU II;SOBRAL III          ;230.0;COMPLEMENTAR   ;LINHA DE TRANSMISSÃO;EOL VOLTA DO RIO;LT  230 kV ACARAU II            / SOBRAL III           C P2 CE (04P2);CEAUD-2SBT-1        ;2010-05-26;;2010-04-30;93.0;1.405;8.409;16.36;;;;;;;;;;;;;5486;5488
NE;NORDESTE;NE;NORDESTE;CE;CEARA;CE;CEARA;ACARAU II;SOBRAL III          ;230.0;BASICA         ;LINHA DE TRANSMISSÃO;AXIA NORDESTE;LT  230 kV ACARAU II            / SOBRAL III           C P3 CE (04P3);CEAUD-2SBT-2        ;2016-02-02;;2016-01-31;97.0;1.36;10.07;16.12;630.0;630.0;800.0;800.0;630.0;858.0;686.0;865.0;800.0;930.0;811.0;943.0;5486;5488
NE;NORDESTE;NE;NORDESTE;CE;CEARA;RN;RIO GRANDE DO NORTE;ALEX;MOSSORO II          ;230.0;BASICA         ;LINHA DE TRANSMISSÃO;AXIA NORDESTE;LT  230 kV ALEX                 / MOSSORO II           C P3 CE/RN (04P3);CEALX-2MSD-1RN      ;2021-08-19;;2021-07-31;68.9;1.381;6.816;17.997;631.0;631.0;795.0;795.0;;;;;;;;;8163;5441
NE;NORDESTE;NE;NORDESTE;CE;CEARA;CE;CEARA;AQUIRAZ II;BANABUIU            ;230.0;BASICA         ;LINHA DE TRANSMISSÃO;AXIA NORDESTE;LT  230 kV AQUIRAZ II           / BANABUIU             C C6 CE (04C6);CEAQR-2BNB-1        ;2020-11-06;;2020-11-26;182.0;3.485;17.804;30.99;598.0;598.0;753.0;598.0;;;;;;;;;5381;5421
NE;NORDESTE;NE;NORDESTE;CE;CEARA;CE;CEARA;AQUIRAZ II;BANABUIU            ;230.0;BASICA         ;LINHA DE TRANSMISSÃO;AXIA NORDESTE;LT  230 kV AQUIRAZ II           / BANABUIU             C C7 CE (04C7);CEAQR-2BNB-2        ;2020-10-02;;2020-03-05;182.0;3.03713;14.29349;39.506;770.0;770.0;770.0;770.0;;;;;;;;;5381;5421
NE;NORDESTE;NE;NORDESTE;CE;CEARA;CE;CEARA;AQUIRAZ II;BANABUIU            ;230.0;BASICA         ;LINHA DE TRANSMISSÃO;AXIA NORDESTE;LT  230 kV AQUIRAZ II           / BANABUIU             C C8 CE (04C8);CEAQR-2BNB-3        ;2013-12-11;;2013-12-30;184.0;3.021;14.223;39.28;770.0;770.0;770.0;770.0;770.0;770.0;770.0;770.0;770.0;770.0;770.0;770.0;5381;5421
NE;NORDESTE;NE;NORDESTE;CE;CEARA;CE;CEARA;AQUIRAZ II;FORTALEZA           ;230.0;BASICA         ;LINHA DE TRANSMISSÃO;AXIA NORDESTE;LT  230 kV AQUIRAZ II           / FORTALEZA            C F1 CE (04F1);CEAQR-2FTZ-1        ;2020-11-06;;2020-11-26;31.0;0.587;2.975;5.387;770.0;770.0;770.0;770.0;;;;;;;;;5381;5452
NE;NORDESTE;NE;NORDESTE;CE;CEARA;CE;CEARA;AQUIRAZ II;FORTALEZA           ;230.0;BASICA         ;LINHA DE TRANSMISSÃO;AXIA NORDESTE;LT  230 kV AQUIRAZ II           / FORTALEZA            C F2 CE (04F2);CEAQR-2FTZ-2        ;2020-10-02;;2020-03-05;31.0;0.552;2.693;6.047;770.0;770.0;770.0;770.0;;;;;;;;;5381;5452
NE;NORDESTE;NE;NORDESTE;CE;CEARA;CE;CEARA;AQUIRAZ II;FORTALEZA           ;230.0;BASICA         ;LINHA DE TRANSMISSÃO;AXIA NORDESTE;LT  230 kV AQUIRAZ II           / FORTALEZA            C F3 CE (04F3);CEAQR-2FTZ-3        ;2013-12-11;;2013-12-30;32.0;0.552;2.692;6.045;770.0;770.0;770.0;770.0;770.0;770.0;770.0;770.0;770.0;770.0;770.0;770.0;5381;5452
NE;NORDESTE;NE;NORDESTE;CE;CEARA;CE;CEARA;ARACATI II;RUSSAS II           ;230.0;COMPLEMENTAR   ;LINHA DE TRANSMISSÃO;CPFL ENERGIAS;LT  230 kV ARACATI II           / RUSSAS II            C P1 CE (04P1);CEARC22RSD-1        ;2010-01-26;;2009-12-30;65.6;0.694;5.274;9.05;;;;;;;;;;;;;5434;5431
NE;NORDESTE;NE;NORDESTE;CE;CEARA;CE;CEARA;BANABUIU;ALEX                ;230.0;BASICA         ;LINHA DE TRANSMISSÃO;AXIA NORDESTE;LT  230 kV BANABUIU             / ALEX                 C C5 CE (04C5);CEBNB-2ALX-1        ;2021-08-19;;2021-07-31;109.3;2.111;10.449;27.703;631.0;631.0;795.0;795.0;;;;;;;;;5421;8163
NE;NORDESTE;NE;NORDESTE;CE;CEARA;CE;CEARA;BANABUIU;FORTALEZA           ;230.0;BASICA         ;LINHA DE TRANSMISSÃO;AXIA NORDESTE;LT  230 kV BANABUIU             / FORTALEZA            C F1 CE (04F1);CEBNB-2FTZ-1        ;1990-12-31;2020-10-28;;177.2;3.23;17.26;30.42;;;;;598.0;628.0;598.0;598.0;598.0;628.0;598.0;598.0;5421;5452
NE;NORDESTE;NE;NORDESTE;CE;CEARA;CE;CEARA;BANABUIU;FORTALEZA           ;230.0;BASICA         ;LINHA DE TRANSMISSÃO;AXIA NORDESTE;LT  230 kV BANABUIU             / FORTALEZA            C F2 CE (04F2);CEBNB-2FTZ-2        ;1990-12-31;2020-10-02;;176.0;2.84;12.41;42.5;;;;;770.0;770.0;770.0;770.0;770.0;770.0;770.0;770.0;5421;5452
NE;NORDESTE;NE;NORDESTE;CE;CEARA;CE;CEARA;BANABUIU;ICO                 ;230.0;BASICA         ;LINHA DE TRANSMISSÃO;AXIA NORDESTE;LT  230 kV BANABUIU             / ICO                  C C2 CE (04C2);CEBNB-2ICO-1        ;2012-11-09;;2012-12-01;124.8;2.04;8.7;30.34;810.0;810.0;810.0;810.0;810.0;810.0;810.0;810.0;810.0;810.0;810.0;810.0;5421;5631
NE;NORDESTE;NE;NORDESTE;CE;CEARA;RN;RIO GRANDE DO NORTE;BANABUIU;MOSSORO II          ;230.0;BASICA         ;LINHA DE TRANSMISSÃO;AXIA NORDESTE;LT  230 kV BANABUIU             / MOSSORO II           C C4 CE/RN (04C4);CEBNB-2MSD-1RN      ;2003-07-07;;2003-06-09;177.2;3.21;16.54;31.34;631.0;631.0;795.0;795.0;631.0;663.0;631.0;663.0;795.0;848.0;795.0;795.0;5421;5441
NE;NORDESTE;NE;NORDESTE;CE;CEARA;RN;RIO GRANDE DO NORTE;BANABUIU;MOSSORO II          ;230.0;BASICA         ;LINHA DE TRANSMISSÃO;AXIA NORDESTE;LT  230 kV BANABUIU             / MOSSORO II           C C5 CE/RN (04C5);CEBNB-2MSD-2RN      ;2016-06-04;2021-08-11;2016-04-30;177.4;3.21;16.54;31.34;;;;;631.0;757.0;631.0;767.0;795.0;819.0;795.0;834.0;5421;5441
NE;NORDESTE;NE;NORDESTE;CE;CEARA;CE;CEARA;BANABUIU;RUSSAS II           ;230.0;BASICA         ;LINHA DE TRANSMISSÃO;AXIA NORDESTE;LT  230 kV BANABUIU             / RUSSAS II            C C1 CE (04C1);CEBNB-2RSD-1        ;1990-12-31;;2019-09-10;110.4;2.361;10.717;28.73;437.0;437.0;621.0;437.0;437.0;546.0;437.0;551.0;631.0;663.0;631.0;663.0;5421;5431
NE;NORDESTE;NE;NORDESTE;CE;CEARA;CE;CEARA;BANABUIU;RUSSAS II           ;230.0;BASICA         ;LINHA DE TRANSMISSÃO;AXIA NORDESTE;LT  230 kV BANABUIU             / RUSSAS II            C C3 CE (04C3);CEBNB-2RSD-2        ;2020-12-15;;2020-05-31;111.74;1.196;7.223;28.83;1270.0;1270.0;1510.0;1510.0;;;;;;;;;5421;5431
NE;NORDESTE;NE;NORDESTE;CE;CEARA;CE;CEARA;BANABUIU;DELM. GOUVEIA       ;230.0;BASICA         ;LINHA DE TRANSMISSÃO;AXIA NORDESTE;LT  230 kV BANABUIU     /DELM. GOUVEIA C-1 CE (04F3);CEBNB-2DMG-1        ;1990-12-31;2006-02-13;;183.0;2.82;11.86;43.52;;;;;;;;;;;;;5421;5471
NE;NORDESTE;NE;NORDESTE;CE;CEARA;CE;CEARA;BANABUIU;FORTALEZA           ;230.0;BASICA         ;LINHA DE TRANSMISSÃO;AXIA NORDESTE;LT  230 kV BANABUIU     /FORTALEZA     C-3 CE (04F3);CEBNB-2FTZ-3        ;2006-03-10;2013-12-10;2006-03-09;176.0;2.82;11.86;43.52;;;;;;;;;;;;;5421;5452
NE;NORDESTE;NE;NORDESTE;CE;CEARA;CE;CEARA;BANABUIU;FORTALEZA II        ;230.0;BASICA         ;LINHA DE TRANSMISSÃO;AXIA NORDESTE;LT  230 kV BANABUIU     /FORTALEZA II  C-1 CE (04Z6);CEBNB-2FZD-1        ;1990-12-31;2003-04-10;;181.0;1.92;8.89;62.64;;;;;;;;;;;;;5421;5458
NE;NORDESTE;NE;NORDESTE;CE;CEARA;CE;CEARA;BANABUIU;FORTALEZA II        ;230.0;BASICA         ;LINHA DE TRANSMISSÃO;AXIA NORDESTE;LT  230 kV BANABUIU     /FORTALEZA II  C-2 CE (04Z7);CEBNB-2FZD-2        ;1990-12-31;2003-04-10;;181.0;1.36;8.87;62.64;;;;;;;;;;;;;5421;5458
NE;NORDESTE;NE;NORDESTE;CE;CEARA;CE;CEARA;CALCARIO;QUIXERE             ;230.0;COMPLEMENTAR   ;LINHA DE TRANSMISSÃO;APODI I;LT  230 kV CALCARIO             / QUIXERE              C P1 CE (04P1);CECAL-2QXR-1        ;2018-11-28;;2018-06-30;0.8;0.0065;0.0257;0.0407;;;;;;;;;;;;;5035;5337
NE;NORDESTE;NE;NORDESTE;CE;CEARA;CE;CEARA;CAUIPE;FORTALEZA II        ;230.0;BASICA         ;LINHA DE TRANSMISSÃO;AXIA NORDESTE;LT  230 kV CAUIPE               / FORTALEZA II         C S1 CE (04S1);CECPE-2FZD-3        ;2005-07-31;;2005-07-30;58.8;1.08;5.73;9.98;598.0;598.0;753.0;753.0;598.0;628.0;598.0;598.0;753.0;797.0;767.0;773.0;5651;5458
NE;NORDESTE;NE;NORDESTE;CE;CEARA;CE;CEARA;CAUIPE;FORTALEZA II        ;230.0;BASICA         ;LINHA DE TRANSMISSÃO;AXIA NORDESTE;LT  230 kV CAUIPE               / FORTALEZA II         C S3 CE (04S3);CECPE-2FZD-1        ;2003-11-26;;2003-11-30;56.0;0.53;3.72;14.68;1196.0;1196.0;1507.0;1507.0;1196.0;1256.0;1196.0;1196.0;1507.0;1594.0;1534.0;1547.0;5651;5458
NE;NORDESTE;NE;NORDESTE;CE;CEARA;CE;CEARA;CAUIPE;FORTALEZA II        ;230.0;BASICA         ;LINHA DE TRANSMISSÃO;AXIA NORDESTE;LT  230 kV CAUIPE               / FORTALEZA II         C S4 CE (04S4);CECPE-2FZD-2        ;2003-11-15;2022-05-02;2003-11-30;56.0;0.54;3.72;14.84;;;;;1196.0;1256.0;1196.0;1196.0;1507.0;1594.0;1534.0;1547.0;5651;5458
NE;NORDESTE;NE;NORDESTE;CE;CEARA;CE;CEARA;CAUIPE;MARACANAU II        ;230.0;BASICA         ;LINHA DE TRANSMISSÃO;AXIA NORDESTE;LT  230 kV CAUIPE               / MARACANAU II         C S4 CE ();CECPE-2MAU-1        ;2022-05-01;;2022-03-21;39.6;0.382;2.651;9.81;1196.0;1196.0;1507.0;1507.0;1196.0;1256.0;1196.0;1196.0;1507.0;1594.0;1534.0;1547.0;5651;5081
NE;NORDESTE;NE;NORDESTE;CE;CEARA;CE;CEARA;CAUIPE;SOBRAL II           ;230.0;BASICA         ;LINHA DE TRANSMISSÃO;AXIA NORDESTE;LT  230 kV CAUIPE               / SOBRAL II            C S2 CE (04S2);CECPE-2SBD-1        ;2001-04-01;;;177.5;3.28;17.57;30.6;598.0;598.0;753.0;753.0;598.0;628.0;598.0;598.0;753.0;787.0;753.0;761.0;5651;5481
NE;NORDESTE;NE;NORDESTE;CE;CEARA;CE;CEARA;CRATO II;MILAGRES            ;230.0;BASICA         ;LINHA DE TRANSMISSÃO;AXIA NORDESTE;LT  230 kV CRATO II             / MILAGRES             C M4 CE (04M4);CECRA22MLG-1        ;2026-02-14;;2024-03-20;68.8;1.27;6.74;11.63;730.0;730.0;730.0;730.0;;;;;;;;;8319;5411
NE;NORDESTE;NE;NORDESTE;CE;CEARA;CE;CEARA;CRATO II;TAUA II             ;230.0;BASICA         ;LINHA DE TRANSMISSÃO;AXIA NORDESTE;LT  230 kV CRATO II             / TAUA II              C M7 CE (04M7);CETAD-2CRA21        ;2026-02-14;;2024-03-20;199.12;3.62;19.13;33.72;730.0;730.0;730.0;730.0;;;;;;;;;8319;5611
NE;NORDESTE;NE;NORDESTE;CE;CEARA;CE;CEARA;DELM. GOUVEIA;FORTALEZA II        ;230.0;BASICA         ;LINHA DE TRANSMISSÃO;AXIA NORDESTE;LT  230 kV DELM. GOUVEIA        / FORTALEZA II         C F4 CE (04F4);CEDMG-2FZD-1        ;2006-02-13;;2006-02-28;7.1;0.07;0.5;1.74;503.0;503.0;790.0;790.0;503.0;503.0;503.0;503.0;790.0;790.0;790.0;790.0;5471;5458
NE;NORDESTE;NE;NORDESTE;CE;CEARA;CE;CEARA;DELM. GOUVEIA;FORTALEZA II        ;230.0;BASICA         ;LINHA DE TRANSMISSÃO;AXIA NORDESTE;LT  230 kV DELM. GOUVEIA        / FORTALEZA II         C F5 CE (04F5);CEDMG-2FZD-2        ;2006-03-09;;2006-03-09;7.1;0.07;0.5;1.74;503.0;503.0;790.0;790.0;503.0;503.0;503.0;503.0;790.0;790.0;790.0;790.0;5471;5458
NE;NORDESTE;NE;NORDESTE;CE;CEARA;CE;CEARA;ENERGIA PECEM;PECEM II            ;230.0;COMPLEMENTAR   ;LINHA DE TRANSMISSÃO;PORTO PECEM;LT  230 kV ENERGIA PECEM        / PECEM II             C P3 CE (04P3);CEPCM-2PCE-1        ;2013-10-06;;2013-10-31;2.5;0.002;0.6697;0.91;;;;;;;;;;;;;5656;5371
NE;NORDESTE;NE;NORDESTE;CE;CEARA;CE;CEARA;ENERGIA PECEM;PECEM II            ;230.0;COMPLEMENTAR   ;LINHA DE TRANSMISSÃO;PORTO PECEM;LT  230 kV ENERGIA PECEM        / PECEM II             C P4 CE (04P4);CEPCM-2PCE-2        ;2013-10-15;;2013-08-30;2.5;0.002;0.6697;0.91;;;;;;;;;;;;;5656;5371
NE;NORDESTE;NE;NORDESTE;CE;CEARA;CE;CEARA;ENERGIA PECEM;PECEM II            ;230.0;COMPLEMENTAR   ;LINHA DE TRANSMISSÃO;PORTO PECEM;LT  230 kV ENERGIA PECEM        / PECEM II             C P5 CE (04P5);CEPCM-2PCE-3        ;2013-10-07;;2013-08-30;2.5;0.002;0.6697;0.91;;;;;;;;;;;;;5656;5371
NE;NORDESTE;NE;NORDESTE;CE;CEARA;CE;CEARA;ENERGIA PECEM;CAUIPE              ;230.0;COMPLEMENTAR   ;LINHA DE TRANSMISSÃO;PORTO PECEM;LT  230 kV ENERGIA PECEM/CAUIPE        C-1 CE (04S7);CEPCM-2CPE-1        ;2010-12-17;2013-10-06;2011-11-30;15.0;0.0934;0.851;3.82;;;;;;;;;;;;;5656;5651
NE;NORDESTE;NE;NORDESTE;CE;CEARA;CE;CEARA;FORTALEZA;FORTALEZA II        ;230.0;BASICA         ;LINHA DE TRANSMISSÃO;AXIA NORDESTE;LT  230 kV FORTALEZA            / FORTALEZA II         C Z4 CE (04Z4);CEFTZ-2FZD-1        ;1990-12-31;;2005-11-08;0.35;0.002;0.0174;0.06;1610.0;1200.0;1884.0;1200.0;1610.0;1610.0;1610.0;1610.0;1884.0;1884.0;1884.0;1884.0;5452;5458
NE;NORDESTE;NE;NORDESTE;CE;CEARA;CE;CEARA;FORTALEZA;FORTALEZA II        ;230.0;BASICA         ;LINHA DE TRANSMISSÃO;AXIA NORDESTE;LT  230 kV FORTALEZA            / FORTALEZA II         C Z5 CE (04Z5);CEFTZ-2FZD-2        ;1990-12-31;;2005-11-08;0.35;0.0025;0.0179;0.08;1610.0;1200.0;1884.0;1200.0;1610.0;1610.0;1610.0;1610.0;1884.0;1884.0;1884.0;1884.0;5452;5458
NE;NORDESTE;NE;NORDESTE;CE;CEARA;CE;CEARA;FORTALEZA;FORTALEZA II        ;230.0;BASICA         ;LINHA DE TRANSMISSÃO;AXIA NORDESTE;LT  230 kV FORTALEZA            / FORTALEZA II         C Z6 CE (04Z6);CEFTZ-2FZD-3        ;2005-10-04;;2005-10-04;0.35;0.0026;0.0188;0.06;1610.0;1200.0;1884.0;1200.0;1610.0;1610.0;1610.0;1610.0;1884.0;1884.0;1884.0;1884.0;5452;5458
NE;NORDESTE;NE;NORDESTE;CE;CEARA;CE;CEARA;FORTALEZA;CAUIPE              ;230.0;BASICA         ;LINHA DE TRANSMISSÃO;AXIA NORDESTE;LT  230 kV FORTALEZA    /CAUIPE        C-1 CE (04S1);CEFTZ-2CPE-1        ;2001-04-01;2005-07-31;;63.5;0.92;5.16;8.84;;;;;;;;;;;;;5452;5651
NE;NORDESTE;NE;NORDESTE;CE;CEARA;CE;CEARA;FORTALEZA;DELM. GOUVEIA       ;230.0;BASICA         ;LINHA DE TRANSMISSÃO;AXIA NORDESTE;LT  230 kV FORTALEZA    /DELM. GOUVEIA C-1 CE (04F5);CEFTZ-2DMG-1        ;1990-12-31;2006-03-04;;7.0;0.06;0.48;1.7;;;;;;;;;;;;;5452;5471
NE;NORDESTE;NE;NORDESTE;CE;CEARA;CE;CEARA;FORTALEZA II;MARACANAU II        ;230.0;BASICA         ;LINHA DE TRANSMISSÃO;AXIA NORDESTE;LT  230 kV FORTALEZA II         / MARACANAU II         C Z7 CE (04Z7);CEFZD-2MAU-1        ;2022-05-01;;2022-03-21;20.6;0.199;1.38;5.106;1196.0;1196.0;1507.0;1507.0;1196.0;1256.0;1196.0;1196.0;1507.0;1594.0;1534.0;1547.0;5458;5081
NE;NORDESTE;NE;NORDESTE;CE;CEARA;CE;CEARA;FORTALEZA II;PICI II             ;230.0;BASICA         ;LINHA DE TRANSMISSÃO;AXIA NORDESTE;LT  230 kV FORTALEZA II         / PICI II              C Z2 CE (04Z2);CEFZD-2PCD-1        ;2005-05-05;;2005-05-08;25.0;0.41;1.96;6.52;910.0;910.0;1147.0;1147.0;910.0;910.0;910.0;910.0;1147.0;1172.0;1177.0;1147.0;5458;5641
NE;NORDESTE;NE;NORDESTE;CE;CEARA;CE;CEARA;FORTALEZA II;PICI II             ;230.0;BASICA         ;LINHA DE TRANSMISSÃO;AXIA NORDESTE;LT  230 kV FORTALEZA II         / PICI II              C Z3 CE (04Z3);CEFZD-2PCD-2        ;2005-05-05;;2005-05-08;25.0;0.41;1.96;6.52;910.0;910.0;1147.0;1147.0;910.0;910.0;910.0;910.0;1147.0;1172.0;1177.0;1147.0;5458;5641
NE;NORDESTE;NE;NORDESTE;CE;CEARA;PI;PIAUI;IBIAPINA II;MARANGATU           ;230.0;BASICA         ;LINHA DE TRANSMISSÃO;SITE;LT  230 kV IBIAPINA II          / MARANGATU            C N2 CE/PI ();CEIBD-2MRG-1PI      ;2024-04-01;;2023-10-31;47.0;0.3079;3.0854;11.81;1575.0;1575.0;1960.0;1960.0;;;;;;;;;6011;44609
NE;NORDESTE;NE;NORDESTE;CE;CEARA;PI;PIAUI;IBIAPINA II;PIRIPIRI            ;230.0;BASICA         ;LINHA DE TRANSMISSÃO;AXIA NORDESTE;LT  230 kV IBIAPINA II          / PIRIPIRI             C N1 CE/PI (04N1);CEIBD-2PRI-1PI      ;2016-09-12;;2016-08-30;85.8;1.64;8.44;14.56;500.0;500.0;630.0;595.0;500.0;590.0;500.0;595.0;630.0;630.0;630.0;630.0;6011;5491
NE;NORDESTE;NE;NORDESTE;CE;CEARA;PI;PIAUI;IBIAPINA II;PIRIPIRI            ;230.0;BASICA         ;LINHA DE TRANSMISSÃO;SITE;LT  230 kV IBIAPINA II          / PIRIPIRI             C N2 CE/PI (04N2);CEIBD-2PRI-2PI      ;2021-03-24;2024-04-01;2023-03-09;85.04;0.554;5.574;21.39;;;;;1575.0;2020.0;1600.0;2040.0;1975.0;2260.0;1995.0;2275.0;6011;5491
NE;NORDESTE;NE;NORDESTE;CE;CEARA;CE;CEARA;IBIAPINA II;SOBRAL II           ;230.0;BASICA         ;LINHA DE TRANSMISSÃO;AXIA NORDESTE;LT  230 kV IBIAPINA II          / SOBRAL II            C L1 CE (04L1);CEIBD-2SBD-1        ;2016-09-13;;2016-08-30;101.98;1.968;10.059;17.66;500.0;500.0;630.0;595.0;500.0;590.0;500.0;595.0;630.0;630.0;630.0;630.0;6011;5481
NE;NORDESTE;NE;NORDESTE;CE;CEARA;CE;CEARA;IBIAPINA II;TIANGUA II          ;230.0;BASICA         ;LINHA DE TRANSMISSÃO;SITE;LT  230 kV IBIAPINA II          / TIANGUA II           C Z1 CE (04Z1);CEIBD-2TIA-1        ;2021-03-13;;2023-03-09;25.76;0.1694;1.6904;6.556;1570.0;1570.0;1975.0;1975.0;1570.0;1990.0;1595.0;2010.0;1975.0;2260.0;1995.0;2275.0;6011;5917
NE;NORDESTE;NE;NORDESTE;CE;CEARA;CE;CEARA;IBIAPINA II;TIANGUA II          ;230.0;BASICA         ;LINHA DE TRANSMISSÃO;SITE;LT  230 kV IBIAPINA II          / TIANGUA II           C Z2 CE (04Z2);CEIBD-2TIA-2        ;2021-03-13;;2023-03-09;26.0;0.1694;1.6904;6.556;1570.0;1570.0;1975.0;1975.0;1570.0;1990.0;1595.0;2010.0;1975.0;2260.0;1995.0;2275.0;6011;5917
NE;NORDESTE;NE;NORDESTE;CE;CEARA;CE;CEARA;ICARAI;SOBRAL III          ;230.0;COMPLEMENTAR   ;LINHA DE TRANSMISSÃO;EOL ICARAÍ I;LT  230 kV ICARAI               / SOBRAL III           C P4 CE (04P4);CESEIC2SBT-1        ;2014-03-29;;2014-02-28;104.0;2.1169;9.8735;18.07;;;;;;;;;;;;;6766;5488
NE;NORDESTE;NE;NORDESTE;CE;CEARA;CE;CEARA;ICARAIZINHO SE;MASSAPE II          ;230.0;COMPLEMENTAR   ;LINHA DE TRANSMISSÃO;CPFL ENERGIAS;LT  230 kV ICARAIZINHO SE       / MASSAPE II           C M2 CE (04M2);CEUCZ-2MPD-1        ;2009-10-14;;2009-09-30;107.0;1.58;8.18;14.81;;;;;;;;;;;;;5537;5527
NE;NORDESTE;NE;NORDESTE;CE;CEARA;CE;CEARA;ICO;MILAGRES            ;230.0;BASICA         ;LINHA DE TRANSMISSÃO;AXIA NORDESTE;LT  230 kV ICO                  / MILAGRES             C M2 CE (04M2);CEICO-2MLG-1        ;2012-11-12;;2012-12-01;103.4;1.7;7.22;25.08;810.0;810.0;810.0;810.0;810.0;810.0;810.0;810.0;810.0;810.0;810.0;810.0;5631;5411
NE;NORDESTE;NE;NORDESTE;CE;CEARA;RN;RIO GRANDE DO NORTE;JAGUARUANA II;MOSSORO IV          ;230.0;BASICA         ;LINHA DE TRANSMISSÃO;DUNAS;LT  230 kV JAGUARUANA II        / MOSSORO IV           C S1 CE/RN (04S1);CEJGII2MSQ-1RN      ;2024-05-15;;2023-09-21;49.52;0.3235;3.2732;12.506;1485.0;1485.0;1875.0;1875.0;1485.0;1924.0;1534.0;1947.0;1875.0;2175.0;1910.0;2195.0;5925;6091
NE;NORDESTE;NE;NORDESTE;CE;CEARA;RN;RIO GRANDE DO NORTE;JAGUARUANA II;MOSSORO IV          ;230.0;BASICA         ;LINHA DE TRANSMISSÃO;DUNAS;LT  230 kV JAGUARUANA II        / MOSSORO IV           C S2 CE/RN (04S2);CEJGII2MSQ-2RN      ;2024-05-19;;2023-09-21;49.52;0.3235;3.2732;12.506;1485.0;1485.0;1875.0;1875.0;1485.0;1924.0;1534.0;1947.0;1875.0;2175.0;1910.0;2195.0;5925;6091
NE;NORDESTE;NE;NORDESTE;CE;CEARA;CE;CEARA;JAGUARUANA II;RUSSAS II           ;230.0;BASICA         ;LINHA DE TRANSMISSÃO;DUNAS;LT  230 kV JAGUARUANA II        / RUSSAS II            C S3 CE (04S3);CEJGII2RSD-1        ;2024-06-04;;2023-09-21;36.9;0.2398;2.437;9.226;1450.0;1450.0;1825.0;1825.0;1450.0;1946.0;1518.0;1969.0;1825.0;2182.0;1880.0;2202.0;5925;5431
NE;NORDESTE;NE;NORDESTE;CE;CEARA;CE;CEARA;JANDAIA;RUSSAS II           ;230.0;COMPLEMENTAR   ;LINHA DE TRANSMISSÃO;E DOS VENTOS VII;LT  230 kV JANDAIA              / RUSSAS II            C P4 CE (CIRC.1);CESJAN2RSD-1        ;2020-05-30;;2020-01-31;68.76;1.3409;6.166;12.3;;;;;;;;;;;;;8240;5431
NE;NORDESTE;NE;NORDESTE;CE;CEARA;CE;CEARA;MASSAPE II;SOBRAL III          ;230.0;COMPLEMENTAR   ;LINHA DE TRANSMISSÃO;FORMOSA;LT  230 kV MASSAPE II           / SOBRAL III           C P1 CE (04P1);CEMPD-2SBT-1        ;2009-08-26;;2009-07-30;15.0;0.205;1.056;1.913;;;;;;;;;;;;;5527;5488
NE;NORDESTE;NE;NORDESTE;CE;CEARA;PE;PERNAMBUCO;MAURITI II;BOM NOME            ;230.0;BASICA         ;LINHA DE TRANSMISSÃO;AXIA NORDESTE;LT  230 kV MAURITI II           / BOM NOME             C F4 CE/PE (04F4);CEMTD-2BNO-1PE      ;2025-01-18;;1990-12-30;86.03;1.1328;5.5682;21.07;1003.0;1003.0;1003.0;1003.0;;;;;;;;;7911;5401
NE;NORDESTE;NE;NORDESTE;CE;CEARA;CE;CEARA;MAURITI II;MILAGRES            ;230.0;BASICA         ;LINHA DE TRANSMISSÃO;AXIA NORDESTE;LT  230 kV MAURITI II           / MILAGRES             C L3 CE (04L3);CEMTD-2MLG-1        ;2025-01-18;;1990-12-30;28.02;0.3807;2.12;8.336;1003.0;1003.0;1003.0;1003.0;;;;;;;;;7911;5411
NE;NORDESTE;NE;NORDESTE;CE;CEARA;CE;CEARA;MILAGRES;BANABUIU            ;230.0;BASICA         ;LINHA DE TRANSMISSÃO;AXIA NORDESTE;LT  230 kV MILAGRES             / BANABUIU             C M1 CE (04M1);CEMLG-2BNB-1        ;1990-12-31;;;225.9;4.05;21.89;38.24;437.0;437.0;621.0;437.0;437.0;546.0;437.0;551.0;621.0;621.0;621.0;621.0;5411;5421
NE;NORDESTE;NE;NORDESTE;CE;CEARA;CE;CEARA;MILAGRES;BANABUIU            ;230.0;BASICA         ;LINHA DE TRANSMISSÃO;AXIA NORDESTE;LT  230 kV MILAGRES             / BANABUIU             C M2 CE (04M2);CEMLG-2BNB-2        ;1990-12-31;2012-11-09;;225.1;3.59;14.93;56.44;;;;;;;;;;;;;5411;5421
NE;NORDESTE;NE;NORDESTE;CE;CEARA;CE;CEARA;MILAGRES;BANABUIU            ;230.0;BASICA         ;LINHA DE TRANSMISSÃO;AXIA NORDESTE;LT  230 kV MILAGRES             / BANABUIU             C M3 CE (04M3);CEMLG-2BNB-3        ;1990-12-31;;;225.1;3.61;15.47;55.14;810.0;810.0;810.0;810.0;810.0;810.0;810.0;810.0;810.0;810.0;810.0;810.0;5411;5421
NE;NORDESTE;NE;NORDESTE;CE;CEARA;PB;PARAIBA;MILAGRES;COREMAS             ;230.0;BASICA         ;LINHA DE TRANSMISSÃO;AXIA NORDESTE;LT  230 kV MILAGRES             / COREMAS              C M5 CE/PB (04M5);CEMLG-2CMA-2PB      ;2009-09-25;;2009-09-30;110.0;2.2;11.64;20.3;730.0;730.0;730.0;730.0;631.0;663.0;631.0;663.0;795.0;854.0;795.0;795.0;5411;5621
NE;NORDESTE;NE;NORDESTE;CE;CEARA;PB;PARAIBA;MILAGRES;COREMAS             ;230.0;BASICA         ;LINHA DE TRANSMISSÃO;AXIA NORDESTE;LT  230 kV MILAGRES             / COREMAS              C M6 CE/PB (04M6);CEMLG-2CMA-1PB      ;1990-12-31;;;119.4;2.19;11.65;20.24;631.0;631.0;795.0;795.0;730.0;730.0;730.0;730.0;730.0;730.0;730.0;730.0;5411;5621
NE;NORDESTE;NE;NORDESTE;CE;CEARA;CE;CEARA;MILAGRES;TAUA II             ;230.0;BASICA         ;LINHA DE TRANSMISSÃO;AXIA NORDESTE;LT  230 kV MILAGRES             / TAUA II              C M4 CE (04M4);CEMLG-2TAA-1        ;2007-12-28;2026-02-14;2007-12-12;220.0;3.709;19.343;34.77;;;;;730.0;730.0;730.0;730.0;730.0;730.0;730.0;730.0;5411;5611
NE;NORDESTE;NE;NORDESTE;CE;CEARA;CE;CEARA;MILAGRES;BANABUIU            ;230.0;BASICA         ;LINHA DE TRANSMISSÃO;AXIA NORDESTE;LT  230 kV MILAGRES     /BANABUIU      C-4 CE (04M4);CEMLG-2BNB-4        ;1990-12-31;2003-04-10;;225.0;1.68;10.9;79.1;;;;;;;;;;;;;5411;5421
NE;NORDESTE;NE;NORDESTE;CE;CEARA;CE;CEARA;MILAGRES;BANABUIU            ;230.0;BASICA         ;LINHA DE TRANSMISSÃO;AXIA NORDESTE;LT  230 kV MILAGRES     /BANABUIU      C-5 CE (04M5);CEMLG-2BNB-5        ;1990-12-31;2003-04-10;;225.0;2.36;10.92;79.12;;;;;;;;;;;;;5411;5421
NE;NORDESTE;NE;NORDESTE;CE;CEARA;CE;CEARA;PITOMBEIRA;RUSSAS II           ;230.0;COMPLEMENTAR   ;LINHA DE TRANSMISSÃO;ENERGIA DOS VENTOS 1;LT  230 kV PITOMBEIRA           / RUSSAS II            C P2 CE (04P2);CEPTM-2RSD-1        ;2018-12-22;;2018-09-30;62.7;1.2336;6.0749;11.66;;;;;;;;;;;;;7184;5431
NE;NORDESTE;NE;NORDESTE;CE;CEARA;CE;CEARA;PORTO PECEM I;ENERGIA PECEM       ;230.0;COMPLEMENTAR   ;LINHA DE TRANSMISSÃO;PORTO PECEM;LT  230 kV PORTO PECEM I/ENERGIA PECEM C-1 CE (04G1);CEUTPC2PCM-1        ;2012-12-01;;2012-12-30;0.1;0.0;0.01;0.0;;;;;;;;;;;;;93748;5656
NE;NORDESTE;NE;NORDESTE;CE;CEARA;CE;CEARA;PORTO PECEM I;ENERGIA PECEM       ;230.0;COMPLEMENTAR   ;LINHA DE TRANSMISSÃO;PORTO PECEM;LT  230 kV PORTO PECEM I/ENERGIA PECEM C-2 CE (04G2);CEUTPC2PCM-2        ;2013-05-10;;2013-05-31;0.1;0.0;0.01;0.0;;;;;;;;;;;;;95007;5656
NE;NORDESTE;NE;NORDESTE;CE;CEARA;CE;CEARA;PORTO PECEM II;ENERGIA PECEM       ;230.0;COMPLEMENTAR   ;LINHA DE TRANSMISSÃO;PECEM II;LT  230 kV PORTO PECEM II       / ENERGIA PECEM        C 1  CE (04G3);CEUTPD2PCM-1        ;2012-12-01;;2013-03-31;0.1;0.01;0.02;0.0;;;;;;;;;;;;;90042;5656
NE;NORDESTE;NE;NORDESTE;CE;CEARA;CE;CEARA;PRAIA FORMOS SE;MASSAPE II          ;230.0;COMPLEMENTAR   ;LINHA DE TRANSMISSÃO;CPFL ENERGIAS;LT  230 kV PRAIA FORMOS SE      / MASSAPE II           C M1 CE (04M1);CEUFM-2MPD-1        ;2009-08-26;;2009-07-30;105.0;2.05;10.57;19.13;;;;;;;;;;;;;5449;5527
NE;NORDESTE;NE;NORDESTE;CE;CEARA;CE;CEARA;QUIXERE;RUSSAS II           ;230.0;BASICA         ;LINHA DE TRANSMISSÃO;AXIA NORDESTE;LT  230 kV QUIXERE              / RUSSAS II            C C2 CE (04C2);CEQXR-2RSD-1        ;2014-11-12;;2014-05-31;25.077;0.47;2.5;4.32;631.0;631.0;795.0;795.0;631.0;663.0;631.0;663.0;795.0;854.0;795.0;795.0;5337;5431
NE;NORDESTE;NE;NORDESTE;CE;CEARA;RN;RIO GRANDE DO NORTE;RUSSAS II;MOSSORO II          ;230.0;BASICA         ;LINHA DE TRANSMISSÃO;AXIA NORDESTE;LT  230 kV RUSSAS II            / MOSSORO II           C L1 CE/RN (04L1);CERSD-2MSD-1RN      ;1990-12-31;2014-11-12;;75.0;1.38;7.36;12.72;;;;;631.0;663.0;631.0;663.0;795.0;854.0;795.0;795.0;5431;5441
NE;NORDESTE;NE;NORDESTE;CE;CEARA;CE;CEARA;SOBRAL II;SOBRAL III          ;230.0;BASICA         ;LINHA DE TRANSMISSÃO;AXIA NORDESTE;LT  230 kV SOBRAL II            / SOBRAL III           C L2 CE (04L2);CESBD-2SBT-1        ;2005-07-03;;2005-07-03;13.9;0.09;0.91;3.5;1478.0;1478.0;1862.0;1560.0;1478.0;1596.0;1478.0;1537.0;1862.0;2021.0;1862.0;1957.0;5481;5488
NE;NORDESTE;NE;NORDESTE;CE;CEARA;CE;CEARA;SOBRAL II;SOBRAL III          ;230.0;BASICA         ;LINHA DE TRANSMISSÃO;AXIA NORDESTE;LT  230 kV SOBRAL II            / SOBRAL III           C L3 CE (04L3);CESBD-2SBT-2        ;2005-07-03;;2005-07-03;13.9;0.09;0.91;3.5;1478.0;1478.0;1862.0;1560.0;1478.0;1596.0;1478.0;1537.0;1862.0;2021.0;1862.0;1957.0;5481;5488
NE;NORDESTE;NE;NORDESTE;CE;CEARA;CE;CEARA;SOBRAL II;FORTALEZA           ;230.0;BASICA         ;LINHA DE TRANSMISSÃO;AXIA NORDESTE;LT  230 kV SOBRAL II    /FORTALEZA     C-1 CE (04S1);CESBD-2FTZ-1        ;1990-12-31;2001-04-01;;219.0;4.088;23.04;39.87;;;;;;;;;;;;;5481;5452
NE;NORDESTE;NE;NORDESTE;CE;CEARA;CE;CEARA;UT. FORTALEZA;CAUIPE              ;230.0;COMPLEMENTAR   ;LINHA DE TRANSMISSÃO;ENEVA;LT  230 kV UT. FORTALEZA        / CAUIPE               C V1 CE (04V1);CEUTFO2CPE-1        ;2003-11-15;2023-12-29;2003-11-30;0.1;0.01;0.157;0.342;;;;;;;;;;;;;5652;5651
NE;NORDESTE;NE;NORDESTE;CE;CEARA;CE;CEARA;UT. FORTALEZA;CAUIPE              ;230.0;COMPLEMENTAR   ;LINHA DE TRANSMISSÃO;ENEVA;LT  230 kV UT. FORTALEZA        / CAUIPE               C V2 CE (04V2);CEUTFO2CPE-2        ;2003-11-26;2023-12-29;2003-11-30;0.1;0.01;0.157;0.342;;;;;;;;;;;;;5652;5651
NE;NORDESTE;NE;NORDESTE;CE;CEARA;CE;CEARA;UT.TERMOCEARA;CAUIPE              ;230.0;COMPLEMENTAR   ;LINHA DE TRANSMISSÃO;PETROBRAS;LT  230 kV UT.TERMOCEARA        / CAUIPE               C S5 CE (04S5);CEUSCJ2CPE-2        ;2002-07-07;;;0.1;0.01;0.02;0.0;;;;;;;;;;;;;90037;5651
NE;NORDESTE;NE;NORDESTE;CE;CEARA;CE;CEARA;UT.TERMOCEARA;CAUIPE              ;230.0;COMPLEMENTAR   ;LINHA DE TRANSMISSÃO;PETROBRAS;LT  230 kV UT.TERMOCEARA        / CAUIPE               C S6 CE (04S6);CEUSCJ2CPE-1        ;2002-07-07;;;0.1;0.01;0.02;0.0;;;;;;;;;;;;;93978;5651
NE;NORDESTE;;;CE;CEARA;;;ICO;;230.0;BASICA         ;RAMAL DE LINHA;AXIA NORDESTE;RL  230 kV ICO           C-1 LT MILAGRES     /BANABUIU      C-3 CE (04M3);CEICO-2DICO1        ;1990-12-31;2012-11-12;;1.5;0.0;0.01;0.0;;;;;;;;;;;;;5631;
SE;SUDESTE;SE;SUDESTE;DF;DISTRITO FEDERAL;DF;DISTRITO FEDERAL;BRAS. GERAL;BRAS. SUL           ;230.0;BASICA         ;LINHA DE TRANSMISSÃO;AXIA ENERGIA;LT  230 kV BRAS. GERAL          / BRAS. SUL            C 1  DF;DFSTBG2STBS1        ;1990-12-31;;;13.0;0.19;1.26;2.23;649.0;649.0;817.0;800.0;649.0;649.0;649.0;667.0;818.0;818.0;818.0;818.0;227;228
SE;SUDESTE;SE;SUDESTE;DF;DISTRITO FEDERAL;DF;DISTRITO FEDERAL;BRAS. GERAL;BRAS. SUL           ;230.0;BASICA         ;LINHA DE TRANSMISSÃO;AXIA ENERGIA;LT  230 kV BRAS. GERAL          / BRAS. SUL            C 2  DF;DFSTBG2STBS2        ;2007-09-23;;2008-03-31;13.0;0.26;1.3;2.23;555.0;555.0;699.0;699.0;555.0;555.0;555.0;555.0;699.0;699.0;699.0;699.0;227;228
SE;SUDESTE;SE;SUDESTE;DF;DISTRITO FEDERAL;DF;DISTRITO FEDERAL;BRAS. GERAL;BRAS. SUL           ;230.0;BASICA         ;LINHA DE TRANSMISSÃO;VSBTE;LT  230 kV BRAS. GERAL          / BRAS. SUL            C 3  DF;DFSTBG2STBS3        ;2017-04-24;;2017-01-31;13.5;0.066;0.495;56.28;725.0;725.0;845.0;845.0;;;;;;;;;227;228
SE;SUDESTE;SE;SUDESTE;DF;DISTRITO FEDERAL;GO;GOIAS;BRAS. GERAL;PIRINEUS            ;230.0;BASICA         ;LINHA DE TRANSMISSÃO;FURNAS;LT  230 kV BRAS. GERAL          / PIRINEUS             C 1  DF/GO;DFSTBG2STPP1GO      ;2006-11-29;2007-09-30;2006-11-30;130.0;2.3;11.62;19.606;;;;;;;;;;;;;227;3723
SE;SUDESTE;SE;SUDESTE;DF;DISTRITO FEDERAL;GO;GOIAS;BRAS. GERAL;XAVANTES            ;230.0;BASICA         ;LINHA DE TRANSMISSÃO;FURNAS;LT  230 kV BRAS. GERAL          / XAVANTES             C 1  DF/GO;DFSTBG2XAV-1GO      ;1990-12-31;2006-11-29;;175.8;4.09;21.05;30.233;;;;;;;;;;;;;227;766
SE;SUDESTE;SE;SUDESTE;DF;DISTRITO FEDERAL;GO;GOIAS;BRAS. SUL;AGUAS LINDAS        ;230.0;BASICA         ;LINHA DE TRANSMISSÃO;AXIA ENERGIA;LT  230 kV BRAS. SUL            / AGUAS LINDAS         C 1  DF/GO;GOALD-2STBS1DF      ;2014-03-30;;2014-04-30;30.0;0.35;2.75;5.17;714.0;714.0;900.0;900.0;714.0;714.0;714.0;714.0;900.0;900.0;900.0;900.0;228;2987
SE;SUDESTE;SE;SUDESTE;DF;DISTRITO FEDERAL;GO;GOIAS;BRAS. SUL;PIRINEUS            ;230.0;BASICA         ;LINHA DE TRANSMISSÃO;AXIA ENERGIA;LT  230 kV BRAS. SUL            / PIRINEUS             C 1  DF/GO;DFSTBS2STPP1GO      ;2007-09-30;;2008-03-31;107.0;2.163;10.699;17.38;555.0;555.0;699.0;699.0;555.0;555.0;555.0;555.0;699.0;699.0;699.0;699.0;228;3723
SE;SUDESTE;;;DF;DISTRITO FEDERAL;;;BRAS. SUL;;230.0;BASICA         ;RAMAL DE LINHA;AXIA ENERGIA;RL  230 kV BRAS. SUL            /    DBS C  1 DF;DFSTBS2DBS-1        ;2006-11-29;2008-03-31;2006-02-28;0.1;0.01;0.02;0.0;;;;;;;;;;;;;228;
SE;SUDESTE;SE;SUDESTE;ES;ESPIRITO SANTO;ES;ESPIRITO SANTO;LINHARES;MASCARENHAS         ;230.0;BASICA         ;LINHA DE TRANSMISSÃO;AXIA ENERGIA;LT  230 kV LINHARES             / MASCARENHAS          C 1  ES ();ESLNR-2MASC1        ;2018-07-17;;2018-07-01;99.0;1.108;8.355;16.7;640.0;640.0;805.0;805.0;;;;;;;;;3022;2654
SE;SUDESTE;SE;SUDESTE;ES;ESPIRITO SANTO;ES;ESPIRITO SANTO;LINHARES;SAO MATEUS 2        ;230.0;BASICA         ;LINHA DE TRANSMISSÃO;HORIZON TRANSMISSAO;LT  230 kV LINHARES             / SAO MATEUS 2         C 1  ES ();ESLNR-2SSMD1        ;2018-12-23;;2018-12-31;113.0;1.6107;9.5032;17.23;755.0;755.0;950.0;950.0;;;;;;;;;3022;3029
SE;SUDESTE;SE;SUDESTE;ES;ESPIRITO SANTO;ES;ESPIRITO SANTO;MASCARENHAS;VERONA              ;230.0;BASICA         ;LINHA DE TRANSMISSÃO;ETES;LT  230 kV MASCARENHAS          / VERONA               C 1  ES ();ESMASC2STVE1        ;2010-07-06;;2010-06-29;107.0;1.89;10.44;28.84;590.0;590.0;744.0;744.0;590.0;740.0;629.0;775.0;744.0;837.0;790.0;874.0;2654;2910
SE;SUDESTE;SE;SUDESTE;GO;GOIAS;GO;GOIAS;ANHANGUERA;BANDEIRANTES        ;230.0;BASICA         ;LINHA DE TRANSMISSÃO;EDP GOIAS;LT  230 kV ANHANGUERA           / BANDEIRANTES         C 1  GO;GOSTBD2ANH-1        ;1990-12-31;;;0.1;0.001;0.01;0.0;1876.0;1876.0;2239.0;2239.0;1100.0;1100.0;1100.0;1100.0;1100.0;1100.0;1100.0;1100.0;760;226
SE;SUDESTE;SE;SUDESTE;GO;GOIAS;GO;GOIAS;ANHANGUERA;BANDEIRANTES        ;230.0;BASICA         ;LINHA DE TRANSMISSÃO;EDP GOIAS;LT  230 kV ANHANGUERA           / BANDEIRANTES         C 2  GO;GOSTBD2ANH-2        ;1990-12-31;;;0.1;0.001;0.01;0.0;1876.0;1876.0;2239.0;2239.0;1100.0;1100.0;1100.0;1100.0;1100.0;1100.0;1100.0;1100.0;760;226
SE;SUDESTE;SE;SUDESTE;GO;GOIAS;GO;GOIAS;ANHANGUERA;C. DOURADA          ;230.0;BASICA         ;LINHA DE TRANSMISSÃO;EDP GOIAS;LT  230 kV ANHANGUERA           / C. DOURADA           C 1  GO;GOANH-2UCD-1        ;1959-01-24;;;198.0;4.16;19.43;32.12;550.0;550.0;550.0;550.0;550.0;550.0;550.0;550.0;550.0;599.0;557.0;637.0;760;749
SE;SUDESTE;SE;SUDESTE;GO;GOIAS;GO;GOIAS;ANHANGUERA;C. DOURADA          ;230.0;BASICA         ;LINHA DE TRANSMISSÃO;EDP GOIAS;LT  230 kV ANHANGUERA           / C. DOURADA           C 2  GO;GOANH-2UCD-2        ;1990-12-31;2013-08-04;;194.7;4.16;19.43;32.12;;;;;;;;;;;;;760;749
SE;SUDESTE;SE;SUDESTE;GO;GOIAS;GO;GOIAS;ANHANGUERA;CARAJAS             ;230.0;BASICA         ;LINHA DE TRANSMISSÃO;EDP GOIAS;LT  230 kV ANHANGUERA           / CARAJAS              C 1  GO;GOANH-2CJA-1        ;2013-04-28;;2013-05-31;16.53;0.35;1.51;2.81;550.0;550.0;781.0;781.0;550.0;550.0;550.0;550.0;781.0;781.0;781.0;781.0;760;3714
SE;SUDESTE;SE;SUDESTE;GO;GOIAS;GO;GOIAS;ANHANGUERA;CARAJAS             ;230.0;BASICA         ;LINHA DE TRANSMISSÃO;EDP GOIAS;LT  230 kV ANHANGUERA           / CARAJAS              C 2  GO;GOANH-2CJA-2        ;2009-01-25;;2009-01-07;16.5;0.35;1.51;2.81;550.0;550.0;781.0;781.0;550.0;550.0;550.0;551.0;781.0;781.0;781.0;781.0;760;3714
SE;SUDESTE;SE;SUDESTE;GO;GOIAS;GO;GOIAS;ANHANGUERA;FIRMINOPOLIS        ;230.0;BASICA         ;LINHA DE TRANSMISSÃO;EDP GOIAS;LT  230 kV ANHANGUERA           / FIRMINOPOLIS         C 1  GO;GOANH-2FIR-1        ;1990-12-31;2012-06-24;;129.3;2.77;11.92;22.13;;;;;;;;;;;;;760;2992
SE;SUDESTE;SE;SUDESTE;GO;GOIAS;GO;GOIAS;ANHANGUERA;GOIANIA LESTE       ;230.0;BASICA         ;LINHA DE TRANSMISSÃO;EDP GOIAS;LT  230 kV ANHANGUERA           / GOIANIA LESTE        C 1  GO;GOANH-2GOL-1        ;1990-12-31;;;12.4;0.26;1.24;2.04;550.0;550.0;550.0;550.0;550.0;550.0;550.0;550.0;550.0;609.0;560.0;641.0;760;763
SE;SUDESTE;SE;SUDESTE;GO;GOIAS;GO;GOIAS;ANHANGUERA;PALMEIRAS           ;230.0;BASICA         ;LINHA DE TRANSMISSÃO;EDP GOIAS;LT  230 kV ANHANGUERA           / PALMEIRAS            C 1  GO;GOANH-2PAL-1        ;2012-06-24;2013-04-28;2012-07-31;81.8;1.73;7.438;13.99;;;;;;;;;;;;;760;2990
SE;SUDESTE;SE;SUDESTE;GO;GOIAS;GO;GOIAS;ASOLO 2;EDEIA               ;230.0;BASICA         ;LINHA DE TRANSMISSÃO;GOYAZ;LT  230 kV ASOLO 2              / EDEIA                C 01 GO;GOASO22EDET01       ;2025-05-14;;2024-02-29;88.0;0.68;5.119;24.8;1450.0;1450.0;2010.0;2010.0;;;;;;;;;45680;3018
SE;SUDESTE;SE;SUDESTE;GO;GOIAS;GO;GOIAS;BAR.COQUEIROS;QUIRINOPOLIS2       ;230.0;BASICA         ;LINHA DE TRANSMISSÃO;TRANSENER RENOVAVEL;LT  230 kV BAR.COQUEIROS        / QUIRINOPOLIS2        C 1  GO;GOBCO-2QUI21        ;2011-04-17;;2011-05-02;52.7;0.783;4.766;9.44;810.0;810.0;995.0;995.0;810.0;1007.0;924.0;1046.0;995.0;1082.0;1055.0;1127.0;9444;9450
SE;SUDESTE;SE;SUDESTE;GO;GOIAS;GO;GOIAS;BAR.COQUEIROS;SALTO               ;230.0;COMPLEMENTAR   ;LINHA DE TRANSMISSÃO;RIO VERDE;LT  230 kV BAR.COQUEIROS        / SALTO                C 1  GO;GOBCQ-2UHST1        ;2010-05-25;;2010-06-30;22.8;0.341;2.207;3.91;;;;;;;;;;;;;9444;9460
SE;SUDESTE;SE;SUDESTE;GO;GOIAS;GO;GOIAS;BAR.COQUEIROS;UH BCOQUEIROS       ;230.0;COMPLEMENTAR   ;LINHA DE TRANSMISSÃO;KINROSS;LT  230 kV BAR.COQUEIROS        / UH BCOQUEIROS        C 1  GO;GOBCQ-2UHBC1        ;2010-06-19;;2010-06-30;0.8;0.1;11.0;0.01;;;;;;;;;;;;;9444;90078
SE;SUDESTE;SE;SUDESTE;GO;GOIAS;GO;GOIAS;BAR.COQUEIROS;UHE CACU            ;230.0;COMPLEMENTAR   ;LINHA DE TRANSMISSÃO;KINROSS;LT  230 kV BAR.COQUEIROS        / UHE CACU             C 1  GO;GOBCQ-2UCAC1        ;2010-07-24;;2010-06-30;29.0;0.425;2.749;0.0;;;;;;;;;;;;;9444;9458
SE;SUDESTE;SE;SUDESTE;GO;GOIAS;GO;GOIAS;BARRO ALTO;AGUAS LINDAS        ;230.0;BASICA         ;LINHA DE TRANSMISSÃO;AXIA ENERGIA;LT  230 kV BARRO ALTO           / AGUAS LINDAS         C 1  GO;GOALD-2STBT1        ;2014-03-30;;2014-04-30;104.0;1.33;9.97;17.94;714.0;714.0;900.0;900.0;714.0;714.0;714.0;714.0;900.0;900.0;900.0;900.0;229;2987
SE;SUDESTE;SE;SUDESTE;GO;GOIAS;DF;DISTRITO FEDERAL;BARRO ALTO;BRAS. SUL           ;230.0;BASICA         ;LINHA DE TRANSMISSÃO;FURNAS;LT  230 kV BARRO ALTO           / BRAS. SUL            C 1  GO/DF;GOSTBT2STBS1DF      ;1990-12-31;2014-03-30;;132.0;1.858;13.378;20.119;;;;;714.0;786.0;714.0;789.0;900.0;906.0;900.0;911.0;229;228
SE;SUDESTE;SE;SUDESTE;GO;GOIAS;GO;GOIAS;BARRO ALTO;NIQUELANDIA         ;230.0;BASICA         ;LINHA DE TRANSMISSÃO;AXIA ENERGIA;LT  230 kV BARRO ALTO           / NIQUELANDIA          C 1  GO;GOSTBT2STNQ1        ;1999-10-13;;;87.0;1.1;8.41;14.99;714.0;714.0;900.0;900.0;714.0;783.0;714.0;805.0;900.0;904.0;900.0;932.0;229;787
SE;SUDESTE;SE;SUDESTE;GO;GOIAS;GO;GOIAS;BARRO ALTO;NIQUELANDIA         ;230.0;BASICA         ;LINHA DE TRANSMISSÃO;AXIA ENERGIA;LT  230 kV BARRO ALTO           / NIQUELANDIA          C 2  GO;GOSTBT2STNI2        ;2016-05-29;;2016-05-21;87.0;1.287;9.068;16.03;775.0;775.0;980.0;980.0;775.0;775.0;775.0;775.0;980.0;980.0;980.0;980.0;229;787
SE;SUDESTE;SE;SUDESTE;GO;GOIAS;GO;GOIAS;C. DOURADA;ASOLO 2             ;230.0;BASICA         ;LINHA DE TRANSMISSÃO;GOYAZ;LT  230 kV C. DOURADA           / ASOLO 2              C 01 GO;GOASO22UCD-01       ;2025-05-14;;2024-02-29;91.0;0.699;5.261;25.5;1450.0;1450.0;2010.0;2010.0;;;;;;;;;749;45680
SE;SUDESTE;SE;SUDESTE;GO;GOIAS;GO;GOIAS;C. DOURADA;PLANALTO            ;230.0;BASICA         ;LINHA DE TRANSMISSÃO;EDP GOIAS;LT  230 kV C. DOURADA           / PLANALTO             C 1  GO;GOUCD-2PLA-1        ;2013-08-04;;2013-09-30;82.0;1.81;8.47;13.99;550.0;550.0;550.0;550.0;550.0;550.0;550.0;550.0;550.0;599.0;557.0;637.0;749;790
SE;SUDESTE;SE;SUDESTE;GO;GOIAS;GO;GOIAS;CANA BRAVA;S.DA MESA           ;230.0;COMPLEMENTAR   ;LINHA DE TRANSMISSÃO;ENGIE;LT  230 kV CANA BRAVA           / S.DA MESA            C 1  GO;GOUHCB2USSM1        ;2002-05-14;;;58.3;0.71;5.6;10.72;;;;;;;;;;;;;3965;230
SE;SUDESTE;SE;SUDESTE;GO;GOIAS;GO;GOIAS;CANA BRAVA;S.DA MESA           ;230.0;COMPLEMENTAR   ;LINHA DE TRANSMISSÃO;ENGIE;LT  230 kV CANA BRAVA           / S.DA MESA            C 2  GO;GOUHCB2USSM2        ;2002-05-14;;;58.3;0.71;5.6;10.72;;;;;;;;;;;;;3965;230
SE;SUDESTE;SE;SUDESTE;GO;GOIAS;TO;TOCANTINS;CANA BRAVA;SAO SALVADOR        ;230.0;COMPLEMENTAR   ;LINHA DE TRANSMISSÃO;ENGIE;LT  230 kV CANA BRAVA           / SAO SALVADOR         C 1  GO/TO;GOUHCB2UHSA1TO      ;2009-08-06;;2009-07-31;77.0;0.902;6.971;13.7;;;;;;;;;;;;;3965;3967
SE;SUDESTE;SE;SUDESTE;GO;GOIAS;GO;GOIAS;CARAJAS;PALMEIRAS           ;230.0;BASICA         ;LINHA DE TRANSMISSÃO;EDP GOIAS;LT  230 kV CARAJAS              / PALMEIRAS            C 1  GO;GOCJA-2PAL-1        ;2013-04-28;;2013-05-31;66.1;1.38;5.91;11.66;550.0;550.0;781.0;781.0;550.0;550.0;550.0;550.0;781.0;781.0;781.0;781.0;3714;2990
SE;SUDESTE;SE;SUDESTE;GO;GOIAS;GO;GOIAS;CARAJAS;TRINDADE            ;230.0;BASICA         ;LINHA DE TRANSMISSÃO;GOIAS TRASMI;LT  230 kV CARAJAS              / TRINDADE             C 1  GO;GOCJA-2TRI-1        ;2013-12-08;;2013-11-30;29.0;0.198;1.982;7.36;1600.0;1600.0;2030.0;2030.0;1600.0;1870.0;1600.0;1943.0;2030.0;2126.0;2030.0;2209.0;3714;4571
SE;SUDESTE;SE;SUDESTE;GO;GOIAS;GO;GOIAS;EDEIA;C. DOURADA          ;230.0;BASICA         ;LINHA DE TRANSMISSÃO;GOYAZ;LT  230 kV EDEIA                / C. DOURADA           C 1  GO;GOUCD-2EDET1        ;2022-07-01;2025-05-14;2022-09-21;142.1;1.092;8.191;40.678;;;;;1450.0;1803.0;1465.0;1858.0;2010.0;2188.0;2020.0;2230.0;3018;749
SE;SUDESTE;SE;SUDESTE;GO;GOIAS;GO;GOIAS;EDEIA;PALMEIRAS           ;230.0;BASICA         ;LINHA DE TRANSMISSÃO;TRANSENER RENOVAVEL;LT  230 kV EDEIA                / PALMEIRAS            C 1  GO;GOEDA-2PAL-1        ;2012-02-12;;2012-02-29;60.0;0.904;5.506;10.82;810.0;810.0;995.0;995.0;810.0;1002.0;905.0;1035.0;995.0;1077.0;1038.0;1117.0;3018;2990
SE;SUDESTE;SE;SUDESTE;GO;GOIAS;GO;GOIAS;FIRMINOPOLIS;PALMEIRAS           ;230.0;BASICA         ;LINHA DE TRANSMISSÃO;EDP GOIAS;LT  230 kV FIRMINOPOLIS         / PALMEIRAS            C 1  GO;GOFIR-2PAL-1        ;2012-06-24;;2012-07-31;47.5;1.03;4.48;8.14;550.0;550.0;781.0;781.0;550.0;550.0;550.0;550.0;781.0;781.0;781.0;781.0;2992;2990
SE;SUDESTE;SE;SUDESTE;GO;GOIAS;GO;GOIAS;FIRMINOPOLIS;TRINDADE            ;230.0;BASICA         ;LINHA DE TRANSMISSÃO;FIRMINOPOLIS TRA;LT  230 kV FIRMINOPOLIS         / TRINDADE             C 1  GO;GOFIR-2TRI-1        ;2019-03-01;;2019-02-24;83.0;1.276;7.6;16.88;880.0;880.0;1076.0;1076.0;;;;;;;;;2992;4571
SE;SUDESTE;SE;SUDESTE;GO;GOIAS;GO;GOIAS;GOIANIA LESTE;XAVANTES            ;230.0;BASICA         ;LINHA DE TRANSMISSÃO;EDP GOIAS;LT  230 kV GOIANIA LESTE        / XAVANTES             C 1  GO;GOGOL-2XAV-1        ;1990-12-31;;;27.0;0.58;2.69;4.48;550.0;550.0;550.0;550.0;550.0;550.0;550.0;550.0;550.0;608.0;560.0;640.0;763;766
SE;SUDESTE;SE;SUDESTE;GO;GOIAS;GO;GOIAS;ITAGUACU;BAR.COQUEIROS       ;230.0;BASICA         ;LINHA DE TRANSMISSÃO;COQUEIROS;LT  230 kV ITAGUACU             / BAR.COQUEIROS        C 1  GO;GOIGU-2BCO-1        ;2009-12-20;;2010-01-16;46.0;0.3035;2.974;12.09;2050.0;2050.0;2340.0;2340.0;2050.0;2216.0;2069.0;2291.0;2340.0;2414.0;2387.0;2498.0;9441;9444
SE;SUDESTE;SE;SUDESTE;GO;GOIAS;GO;GOIAS;ITAGUACU;JLM.G.PEREIRA       ;230.0;COMPLEMENTAR   ;LINHA DE TRANSMISSÃO;FOZ DO RIO CLARO;LT  230 kV ITAGUACU             / JLM.G.PEREIRA        C 1  GO;GOIGU-2UFRC1        ;2010-08-05;;2010-07-31;16.0;0.211;1.365;2.67;;;;;;;;;;;;;9441;9457
SE;SUDESTE;SE;SUDESTE;GO;GOIAS;GO;GOIAS;ITAGUACU;S.R.VERDINHO        ;230.0;COMPLEMENTAR   ;LINHA DE TRANSMISSÃO;CBA;LT  230 kV ITAGUACU             / S.R.VERDINHO         C 1  GO;GOIGU-2SRV-1        ;2010-07-06;;2010-07-31;25.0;0.432;2.797;1.99;;;;;;;;;;;;;9441;9459
SE;SUDESTE;SE;SUDESTE;GO;GOIAS;GO;GOIAS;ITAPACI;BARRO ALTO          ;230.0;BASICA         ;LINHA DE TRANSMISSÃO;EDP GOIAS;LT  230 kV ITAPACI              / BARRO ALTO           C 1  GO;GOITP-2STBT1        ;1996-04-28;;;67.8;1.32;6.58;13.24;570.0;570.0;809.0;809.0;570.0;570.0;570.0;570.0;809.0;809.0;809.0;809.0;2988;229
SE;SUDESTE;SE;SUDESTE;GO;GOIAS;GO;GOIAS;ITAPACI;BARRO ALTO          ;230.0;BASICA         ;LINHA DE TRANSMISSÃO;LAT;LT  230 kV ITAPACI              / BARRO ALTO           C 2  GO;GOITP-2STBT2        ;2016-09-17;;2016-11-14;68.0;1.4025;6.5014;12.29;570.0;570.0;810.0;810.0;;;;;;;;;2988;229
SE;SUDESTE;SE;SUDESTE;GO;GOIAS;GO;GOIAS;JATAI;R.VERDE NORTE       ;230.0;BASICA         ;LINHA DE TRANSMISSÃO;ENERGISA GOIÁS;LT  230 kV JATAI                / R.VERDE NORTE        C 1  GO;GOJATT2RVN-1        ;2020-03-14;;2021-08-11;136.0;1.04;8.89;34.4;1680.0;1680.0;2065.0;2065.0;;;;;;;;;1084;7079
SE;SUDESTE;SE;SUDESTE;GO;GOIAS;GO;GOIAS;JATAI;R.VERDE NORTE       ;230.0;BASICA         ;LINHA DE TRANSMISSÃO;ENERGISA GOIÁS;LT  230 kV JATAI                / R.VERDE NORTE        C 2  GO;GOJATT2RVN-2        ;2020-03-14;;2021-08-11;136.0;1.04;8.89;34.4;1680.0;1680.0;2065.0;2065.0;;;;;;;;;1084;7079
SE;SUDESTE;SE;SUDESTE;GO;GOIAS;GO;GOIAS;PALMEIRAS;PALMEIRAS GO        ;230.0;COMPLEMENTAR   ;LINHA DE TRANSMISSÃO;PALMEIRAS CEPASA;LT  230 kV PALMEIRAS            / PALMEIRAS GO         C 1  GO;GOPAL-2UTP-1        ;2012-07-17;;2012-07-31;0.45;0.01;0.01;0.0;;;;;;;;;;;;;2990;3725
SE;SUDESTE;SE;SUDESTE;GO;GOIAS;MG;MINAS GERAIS;PARANAIBA;ITUMBIARA           ;230.0;BASICA         ;LINHA DE TRANSMISSÃO;EDP GOIAS;LT  230 kV PARANAIBA            / ITUMBIARA            C 1  GO/MG;GOPRB-2USIM1MG      ;1997-10-05;;;11.0;0.22;1.02;1.91;570.0;570.0;809.0;809.0;570.0;570.0;570.0;570.0;809.0;809.0;809.0;809.0;2978;225
SE;SUDESTE;SE;SUDESTE;GO;GOIAS;MG;MINAS GERAIS;PARANAIBA;ITUMBIARA           ;230.0;BASICA         ;LINHA DE TRANSMISSÃO;EDP GOIAS;LT  230 kV PARANAIBA            / ITUMBIARA            C 2  GO/MG;GOPRB-2USIM2MG      ;2018-06-16;;2018-06-08;11.0;0.217;1.045;1.91;570.0;570.0;810.0;810.0;;;;;;;;;2978;225
SE;SUDESTE;SE;SUDESTE;GO;GOIAS;GO;GOIAS;PIRINEUS;XAVANTES            ;230.0;BASICA         ;LINHA DE TRANSMISSÃO;AXIA ENERGIA;LT  230 kV PIRINEUS             / XAVANTES             C 1  GO;GOSTPP2XAV-1        ;2006-11-29;;2006-10-10;57.21;1.06;5.29;9.66;555.0;555.0;699.0;699.0;555.0;555.0;555.0;555.0;699.0;699.0;699.0;699.0;3723;766
SE;SUDESTE;SE;SUDESTE;GO;GOIAS;GO;GOIAS;PIRINEUS;XAVANTES            ;230.0;BASICA         ;LINHA DE TRANSMISSÃO;AXIA ENERGIA;LT  230 kV PIRINEUS             / XAVANTES             C 2  GO;GOSTPS2XAV-2        ;2016-03-25;;2018-06-15;51.34;0.623;4.768;9.07;750.0;750.0;945.0;945.0;750.0;750.0;750.0;750.0;945.0;945.0;945.0;945.0;3723;766
SE;SUDESTE;SE;SUDESTE;GO;GOIAS;GO;GOIAS;PLANALTO;ANHANGUERA          ;230.0;BASICA         ;LINHA DE TRANSMISSÃO;EDP GOIAS;LT  230 kV PLANALTO             / ANHANGUERA           C 1  GO;GOANH-2PLA-1        ;2013-08-04;;2013-09-30;116.0;2.41;11.26;18.57;550.0;550.0;550.0;550.0;550.0;550.0;550.0;550.0;550.0;599.0;557.0;637.0;790;760
SE;SUDESTE;SE;SUDESTE;GO;GOIAS;GO;GOIAS;RIO CLARO 2;RIO VERDE FUR       ;230.0;BASICA         ;LINHA DE TRANSMISSÃO;AXIA ENERGIA;LT  230 kV RIO CLARO 2          / RIO VERDE FUR        C 1  GO;GOCL2-2STRV1        ;2024-04-11;;2024-04-27;86.6;1.873;8.833;14.77;528.0;528.0;665.0;665.0;620.0;780.0;638.0;807.0;775.0;882.0;789.0;906.0;3501;231
SE;SUDESTE;SE;SUDESTE;GO;GOIAS;MT;MATO GROSSO;RIO CLARO 2;RONDONOPOLIS        ;230.0;BASICA         ;LINHA DE TRANSMISSÃO;AXIA ENERGIA;LT  230 kV RIO CLARO 2          / RONDONOPOLIS         C 1  GO/MT;MTRP--2CL2-1GO      ;2024-04-17;;2024-04-27;347.82;6.853;34.5;58.43;528.0;528.0;665.0;665.0;620.0;780.0;638.0;807.0;775.0;882.0;789.0;906.0;3501;4522
SE;SUDESTE;SE;SUDESTE;GO;GOIAS;MT;MATO GROSSO;RIO VERDE FUR;BARRA PEIXE         ;230.0;BASICA         ;LINHA DE TRANSMISSÃO;AXIA ENERGIA;LT  230 kV RIO VERDE FUR        / BARRA PEIXE          C 1  GO/MT;GOSTRV2BP--2MT      ;2008-05-03;;2008-04-30;240.0;4.947;22.813;42.63;528.0;528.0;665.0;665.0;528.0;550.0;528.0;571.0;665.0;665.0;665.0;665.0;231;4502
SE;SUDESTE;SE;SUDESTE;GO;GOIAS;MT;MATO GROSSO;RIO VERDE FUR;BARRA PEIXE         ;230.0;BASICA         ;LINHA DE TRANSMISSÃO;AXIA ENERGIA;LT  230 kV RIO VERDE FUR        / BARRA PEIXE          C 2  GO/MT;GOSTRV2BP--1MT      ;1990-12-31;;;240.0;1.506;16.143;59.01;1428.0;1200.0;1799.0;1200.0;1428.0;1542.0;1428.0;1600.0;1799.0;1799.0;1799.0;1859.0;231;4502
SE;SUDESTE;SE;SUDESTE;GO;GOIAS;GO;GOIAS;RIO VERDE FUR;C. DOURADA          ;230.0;BASICA         ;LINHA DE TRANSMISSÃO;AXIA ENERGIA;LT  230 kV RIO VERDE FUR        / C. DOURADA           C 1  GO;GOSTRV2UCD-1        ;1990-12-31;;;175.0;3.65;16.66;30.33;528.0;528.0;665.0;665.0;528.0;553.0;528.0;577.0;665.0;665.0;665.0;665.0;231;749
SE;SUDESTE;SE;SUDESTE;GO;GOIAS;MT;MATO GROSSO;RIO VERDE FUR;RONDONOPOLIS        ;230.0;BASICA         ;LINHA DE TRANSMISSÃO;AXIA ENERGIA;LT  230 kV RIO VERDE FUR        / RONDONOPOLIS         C 1  GO/MT;GOSTRV2RP--1MT      ;1990-12-31;2024-10-10;;434.1;8.95;41.31;77.315;;;;;528.0;564.0;528.0;564.0;665.0;665.0;665.0;665.0;231;4522
SE;SUDESTE;SE;SUDESTE;GO;GOIAS;MT;MATO GROSSO;RIO VERDE FUR;RONDONOPOLIS        ;230.0;BASICA         ;LINHA DE TRANSMISSÃO;FURNAS;LT  230 kV RIO VERDE FUR        / RONDONOPOLIS         C 2  GO/MT;GOSTRV2RP--2MT      ;1990-12-31;2008-05-03;;457.0;8.79;40.29;75.199;;;;;;;;;;;;;231;4522
SE;SUDESTE;SE;SUDESTE;GO;GOIAS;GO;GOIAS;S.DA MESA;NIQUELANDIA         ;230.0;BASICA         ;LINHA DE TRANSMISSÃO;AXIA ENERGIA;LT  230 kV S.DA MESA            / NIQUELANDIA          C 1  GO;GOUSSM2STNQ1        ;1999-10-13;;;105.0;0.642;6.776;25.61;1428.0;1200.0;1799.0;1200.0;1428.0;1561.0;1428.0;1591.0;1799.0;1799.0;1799.0;1840.0;230;787
SE;SUDESTE;SE;SUDESTE;GO;GOIAS;GO;GOIAS;S.DA MESA;NIQUELANDIA         ;230.0;BASICA         ;LINHA DE TRANSMISSÃO;AXIA ENERGIA;LT  230 kV S.DA MESA            / NIQUELANDIA          C 2  GO;GOSTSM2STNI2        ;2017-09-26;;2017-09-03;100.0;0.65;6.51;25.24;1550.0;1550.0;1960.0;1960.0;;;;;;;;;230;787
SE;SUDESTE;SE;SUDESTE;GO;GOIAS;GO;GOIAS;TRINDADE;XAVANTES            ;230.0;BASICA         ;LINHA DE TRANSMISSÃO;GOIAS TRASMI;LT  230 kV TRINDADE             / XAVANTES             C 1  GO;GOTRI-2XAV-1        ;2013-11-05;;2013-11-30;37.0;0.241;2.382;9.55;1600.0;1600.0;2030.0;2030.0;1600.0;1861.0;1600.0;1935.0;2030.0;2119.0;2030.0;2202.0;4571;766
SE;SUDESTE;SE;SUDESTE;GO;GOIAS;GO;GOIAS;TRINDADE;XAVANTES            ;230.0;BASICA         ;LINHA DE TRANSMISSÃO;GOIAS TRASMI;LT  230 kV TRINDADE             / XAVANTES             C 2  GO;GOTRI-2XAV-2        ;2013-11-11;;2013-11-30;37.0;0.241;2.382;9.55;1600.0;1600.0;2030.0;2030.0;1600.0;1861.0;1600.0;1935.0;2030.0;2119.0;2030.0;2202.0;4571;766
SE;SUDESTE;SE;SUDESTE;GO;GOIAS;GO;GOIAS;XAVANTES;BANDEIRANTES        ;230.0;BASICA         ;LINHA DE TRANSMISSÃO;EDP GOIAS;LT  230 kV XAVANTES             / BANDEIRANTES         C 1  GO;GOXAV-2STBD1        ;1990-12-31;;;35.8;0.76;3.21;6.3;750.0;750.0;863.0;863.0;750.0;750.0;750.0;750.0;863.0;863.0;863.0;863.0;766;226
SE;SUDESTE;SE;SUDESTE;GO;GOIAS;GO;GOIAS;XAVANTES;BANDEIRANTES        ;230.0;BASICA         ;LINHA DE TRANSMISSÃO;EDP GOIAS;LT  230 kV XAVANTES             / BANDEIRANTES         C 2  GO;GOXAV-2STBD2        ;1990-12-31;;;35.8;0.77;3.24;6.46;550.0;550.0;699.0;699.0;555.0;555.0;555.0;555.0;699.0;699.0;699.0;699.0;766;226
SE;SUDESTE;;;GO;GOIAS;;;AGUAS LINDAS;;230.0;BASICA         ;RAMAL DE LINHA;EDP GOIAS;RL  230 kV AGUAS LINDAS  C-1 LT BARRO ALTO   /BRAS. SUL     C-1 GO GO/DF;GOALD-2DALD1        ;1998-02-08;2014-03-30;;0.1;0.29;2.1;3.17;;;;;;;;;;;;;2987;
SE;SUDESTE;;;GO;GOIAS;;;PALMEIRAS;;230.0;BASICA         ;RAMAL DE LINHA;EDP GOIAS;RL  230 kV PALMEIRAS     C-1 LT ANHANGUERA   /FIRMINOPOLIS  C-1 GO;GOPAL-2DPAL1        ;1990-12-31;2012-06-24;;0.1;1.036;4.48;8.14;;;;;;;;;;;;;2990;
SE;SUDESTE;;;GO;GOIAS;;;PIRINEUS CELG;;230.0;BASICA         ;RAMAL DE LINHA;EDP GOIAS;RL  230 kV PIRINEUS CELG        /   DPRS C  1 GO;GOPRS-2DPRS1        ;2006-09-30;2006-11-29;2006-09-30;0.1;0.01;0.02;0.0;;;;;;;;;;;;;91438;
SE;SUDESTE;;;GO;GOIAS;;;PLANALTO;;230.0;BASICA         ;RAMAL DE LINHA;EDP GOIAS;RL  230 kV PLANALTO      C-1 LT ANHANGUERA   /C. DOURADA    C-2 GO;GOPLA-2DPLA1        ;1990-12-31;2013-08-04;;0.0001;0.0;0.01;0.0;;;;;;;;;;;;;790;
N;NORTE;N;NORTE;MA;MARANHAO;PA;PARA;ACAILANDIA;DOM ELISEU II       ;230.0;BASICA         ;LINHA DE TRANSMISSÃO;TANGARÁ TRANSMISSORA;LT  230 kV ACAILANDIA           / DOM ELISEU II        C 1  MA/PA;MAAC--2DELD1PA      ;2026-05-03;;2026-01-30;;1.009;6.094;11.73;720.0;720.0;1000.0;1000.0;;;;;;;;;44636;44638
N;NORTE;N;NORTE;MA;MARANHAO;PA;PARA;ACAILANDIA;DOM ELISEU II       ;230.0;BASICA         ;LINHA DE TRANSMISSÃO;TANGARÁ TRANSMISSORA;LT  230 kV ACAILANDIA           / DOM ELISEU II        C 2  MA/PA;MAAC--2DELD2PA      ;2026-05-03;;2026-01-30;;1.009;6.094;11.73;720.0;720.0;1000.0;1000.0;;;;;;;;;44636;44638
N;NORTE;NE;NORDESTE;MA;MARANHAO;PI;PIAUI;BALSAS;RIB.GONCALVES       ;230.0;BASICA         ;LINHA DE TRANSMISSÃO;AXIA NORTE;LT  230 kV BALSAS               / RIB.GONCALVES        C 1  MA/PI;MABAL-2RGV-1PI      ;2011-12-04;;2011-11-30;95.0;1.52;8.72;17.1;510.0;510.0;630.0;630.0;510.0;604.0;521.0;617.0;630.0;731.0;656.0;777.0;5391;5430
N;NORTE;NE;NORDESTE;MA;MARANHAO;PI;PIAUI;BALSAS;RIB.GONCALVES       ;230.0;BASICA         ;LINHA DE TRANSMISSÃO;EDP NORTE NORDESTE 2;LT  230 kV BALSAS               / RIB.GONCALVES        C 2  MA/PI;MABS--2RGV-2PI      ;2025-12-14;;2026-01-30;95.0;1.451;8.933;16.1;700.0;700.0;880.0;880.0;710.0;889.0;700.0;897.0;888.0;1007.0;880.0;1014.0;5391;5430
N;NORTE;N;NORTE;MA;MARANHAO;MA;MARANHAO;CAXIAS II;COELHO NETO         ;230.0;BASICA         ;LINHA DE TRANSMISSÃO;AXIA NORTE;LT  230 kV CAXIAS II            / COELHO NETO          C 1  MA;MACXD-2CH--1        ;2021-06-20;;2021-01-22;103.52;1.958;9.388;17.46;586.0;586.0;738.0;738.0;;;;;;;;;44118;5525
N;NORTE;N;NORTE;MA;MARANHAO;MA;MARANHAO;CAXIAS II;PERITORO            ;230.0;BASICA         ;LINHA DE TRANSMISSÃO;AXIA NORTE;LT  230 kV CAXIAS II            / PERITORO             C 1  MA;MACXD-2PR--1        ;2021-06-13;;2021-01-22;117.56;2.322;11.468;19.939;586.0;586.0;738.0;738.0;;;;;;;;;44118;5531
N;NORTE;N;NORTE;MA;MARANHAO;MA;MARANHAO;CHAPADINHA II;COELHO NETO         ;230.0;BASICA         ;LINHA DE TRANSMISSÃO;HORIZON MA II;LT  230 kV CHAPADINHA II        / COELHO NETO          C 1  MA;MACD--2CH--1        ;2020-01-04;;2020-01-20;74.0;0.948;6.631;13.49;830.0;830.0;1030.0;1030.0;;;;;;;;;5685;5525
N;NORTE;N;NORTE;MA;MARANHAO;MA;MARANHAO;CHAPADINHA II;MIRANDA II          ;230.0;BASICA         ;LINHA DE TRANSMISSÃO;HORIZON MA II;LT  230 kV CHAPADINHA II        / MIRANDA II           C 1  MA;MACD--2MR--1        ;2020-08-02;;2020-07-30;129.0;1.642;11.529;23.55;830.0;830.0;1030.0;1030.0;;;;;;;;;5685;5541
N;NORTE;N;NORTE;MA;MARANHAO;MA;MARANHAO;COELHO NETO;PERITORO            ;230.0;BASICA         ;LINHA DE TRANSMISSÃO;AXIA NORTE;LT  230 kV COELHO NETO          / PERITORO             C 1  MA;MACH--2PR--1        ;2006-07-30;2021-06-13;2006-09-30;221.117;4.39;20.8;9.475;;;;;586.0;586.0;586.0;586.0;738.0;738.0;738.0;738.0;5525;5531
N;NORTE;N;NORTE;MA;MARANHAO;MA;MARANHAO;ENCRUZO NOVO;MIRANDA II          ;230.0;BASICA         ;LINHA DE TRANSMISSÃO;ENCRUZO NOVO;LT  230 kV ENCRUZO NOVO         / MIRANDA II           C 1  MA;MAEN--2MR--1        ;2012-07-02;;2012-08-30;240.0;3.267;19.67;40.2;640.0;640.0;850.0;850.0;640.0;900.0;750.0;902.0;850.0;1020.0;923.0;1028.0;6001;5541
N;NORTE;N;NORTE;MA;MARANHAO;MA;MARANHAO;ENCRUZO NOVO;STA LUZIA III       ;230.0;BASICA         ;LINHA DE TRANSMISSÃO;TANGARÁ TRANSMISSORA;LT  230 kV ENCRUZO NOVO         / STA LUZIA III        C 1  MA;MAENO-2SLT-1        ;2026-07-27;;2026-01-30;203.0;3.006;18.342;35.99;750.0;750.0;1020.0;1020.0;;;;;;;;;6001;44641
N;NORTE;N;NORTE;MA;MARANHAO;MA;MARANHAO;GERANORTE;MIRANDA II          ;230.0;COMPLEMENTAR   ;LINHA DE TRANSMISSÃO;ENEVA;LT  230 kV GERANORTE            / MIRANDA II           C 1  MA;MAGN--2MR--1        ;2010-01-09;;2010-01-31;2.7;0.02;0.21;6.193;;;;;;;;;;;;;5556;5541
N;NORTE;N;NORTE;MA;MARANHAO;MA;MARANHAO;IMPERATRIZ;PORTO FRANCO        ;230.0;BASICA         ;LINHA DE TRANSMISSÃO;AXIA NORTE;LT  230 kV IMPERATRIZ           / PORTO FRANCO         C 1  MA;MAIZ--2PF--1        ;1990-12-31;;;111.0;1.94;10.88;18.76;586.0;586.0;738.0;738.0;586.0;586.0;586.0;586.0;738.0;738.0;738.0;738.0;5591;5601
N;NORTE;N;NORTE;MA;MARANHAO;MA;MARANHAO;IMPERATRIZ;PORTO FRANCO        ;230.0;BASICA         ;LINHA DE TRANSMISSÃO;MATA GRANDE;LT  230 kV IMPERATRIZ           / PORTO FRANCO         C 2  MA;MAIZ--2PF--2        ;2022-07-30;;2022-09-21;113.121;2.1367;10.626;19.94;620.0;620.0;775.0;775.0;643.0;789.0;620.0;798.0;792.0;890.0;775.0;898.0;5591;5601
N;NORTE;N;NORTE;MA;MARANHAO;MA;MARANHAO;MIRANDA;MIRANDA II          ;230.0;BASICA         ;LINHA DE TRANSMISSÃO;AXIA NORTE;LT  230 kV MIRANDA      /MIRANDA II    C-1 MA;MAMI--2MR--1        ;1998-07-02;2002-12-08;;0.1;0.0;0.01;0.0;;;;;;;;;;;;;;5541
N;NORTE;N;NORTE;MA;MARANHAO;MA;MARANHAO;MIRANDA;PERITORO            ;230.0;BASICA         ;LINHA DE TRANSMISSÃO;AXIA NORTE;LT  230 kV MIRANDA      /PERITORO      C-1 MA;MAMI--2PR--1        ;1990-12-31;2002-12-08;;95.0;1.81;9.28;15.934;;;;;;;;;;;;;;5531
N;NORTE;N;NORTE;MA;MARANHAO;MA;MARANHAO;MIRANDA II;PERITORO            ;230.0;BASICA         ;LINHA DE TRANSMISSÃO;AXIA NORTE;LT  230 kV MIRANDA II           / PERITORO             C 1  MA;MAMR--2PR--1        ;2002-12-10;;;95.0;1.881;9.015;16.58;586.0;586.0;738.0;720.0;586.0;586.0;586.0;586.0;738.0;738.0;738.0;738.0;5541;5531
N;NORTE;N;NORTE;MA;MARANHAO;MA;MARANHAO;P.DUTRA;PERITORO            ;230.0;BASICA         ;LINHA DE TRANSMISSÃO;AXIA NORTE;LT  230 kV P.DUTRA              / PERITORO             C 1  MA;MAPD--2PR--1        ;2003-03-01;;2002-12-31;120.0;1.68;9.94;18.63;668.0;668.0;842.0;842.0;668.0;668.0;668.0;668.0;842.0;842.0;842.0;842.0;5581;5531
N;NORTE;NE;NORDESTE;MA;MARANHAO;PI;PIAUI;PERITORO;TERESINA            ;230.0;BASICA         ;LINHA DE TRANSMISSÃO;AXIA NORTE;LT  230 kV PERITORO     /TERESINA      C-1 MA/PI;MAPR--2TSA-1PI      ;1990-12-31;2006-09-17;;190.5;3.44;19.01;32.875;;;;;;;;;;;;;5531;5501
N;NORTE;N;NORTE;MA;MARANHAO;MA;MARANHAO;SAO LUIS II;MIRANDA II          ;230.0;BASICA         ;LINHA DE TRANSMISSÃO;AXIA NORTE;LT  230 kV SAO LUIS II          / MIRANDA II           C 1  MA;MALD--2MR--1        ;2002-12-08;;;105.0;2.077;9.959;18.33;586.0;586.0;738.0;600.0;586.0;586.0;586.0;586.0;738.0;738.0;738.0;738.0;5551;5541
N;NORTE;N;NORTE;MA;MARANHAO;MA;MARANHAO;SAO LUIS II;SAO LUIS I          ;230.0;BASICA         ;LINHA DE TRANSMISSÃO;AXIA NORTE;LT  230 kV SAO LUIS II          / SAO LUIS I           C 1  MA;MALD--2LI--1        ;1990-12-31;;2010-06-13;19.0;0.21;1.262;5.22;1456.0;1074.0;1704.0;1202.0;1456.0;1456.0;1456.0;1456.0;1704.0;1704.0;1708.0;1704.0;5551;5561
N;NORTE;N;NORTE;MA;MARANHAO;MA;MARANHAO;SAO LUIS II;SAO LUIS I          ;230.0;BASICA         ;LINHA DE TRANSMISSÃO;AXIA NORTE;LT  230 kV SAO LUIS II          / SAO LUIS I           C 2  MA;MALD--2LI--2        ;1990-12-31;;2010-08-01;19.0;0.21;1.262;5.22;1456.0;1074.0;1704.0;1202.0;1456.0;1456.0;1456.0;1456.0;1704.0;1704.0;1708.0;1704.0;5551;5561
N;NORTE;N;NORTE;MA;MARANHAO;MA;MARANHAO;SAO LUIS II;SAO LUIS III        ;230.0;BASICA         ;LINHA DE TRANSMISSÃO;AXIA NORTE;LT  230 kV SAO LUIS II          / SAO LUIS III         C 1  MA;MALD--2LT--1        ;2010-05-30;;2010-05-31;36.0;0.304;2.138;10.0;1104.0;1104.0;1534.0;1534.0;1104.0;1298.0;1126.0;1300.0;1534.0;1635.0;1534.0;1616.0;5551;5691
N;NORTE;N;NORTE;MA;MARANHAO;MA;MARANHAO;SAO LUIS II;SAO LUIS III        ;230.0;BASICA         ;LINHA DE TRANSMISSÃO;AXIA NORDESTE;LT  230 kV SAO LUIS II          / SAO LUIS III         C 2  MA;MALD--2LT--2        ;2021-10-30;;2021-07-31;34.088;0.263;2.255;8.568;1104.0;1104.0;1534.0;1534.0;;;;;;;;;5551;5691
N;NORTE;N;NORTE;MA;MARANHAO;MA;MARANHAO;SAO LUIS II;SAO LUIS IV         ;230.0;BASICA         ;LINHA DE TRANSMISSÃO;HORIZON MA I;LT  230 kV SAO LUIS II          / SAO LUIS IV          C 1  MA;MALD--2LQ--1        ;2021-05-21;;2022-08-11;1.0;0.039;0.325;1.267;1380.0;1380.0;1740.0;1740.0;;;;;;;;;5551;5689
N;NORTE;N;NORTE;MA;MARANHAO;MA;MARANHAO;SAO LUIS II;MIRANDA             ;230.0;BASICA         ;LINHA DE TRANSMISSÃO;AXIA NORTE;LT  230 kV SAO LUIS II  /MIRANDA       C-1 MA;MALD--2MI--1        ;1990-12-31;2002-12-08;;105.0;1.97;10.51;18.019;;;;;;;;;;;;;5551;
N;NORTE;N;NORTE;MA;MARANHAO;MA;MARANHAO;UT.POR.ITAQUI;SAO LUIS II         ;230.0;COMPLEMENTAR   ;LINHA DE TRANSMISSÃO;ITAQUI GERACAO;LT  230 kV UT.POR.ITAQUI        / SAO LUIS II          C 1  MA;MAUTPI2LD--1        ;2010-12-05;2021-05-10;2011-12-30;20.0;0.11;1.014;3.97;;;;;;;;;;;;;5610;5551
N;NORTE;N;NORTE;MA;MARANHAO;MA;MARANHAO;UT.POR.ITAQUI;SAO LUIS IV         ;230.0;COMPLEMENTAR   ;LINHA DE TRANSMISSÃO;ITAQUI GERACAO;LT  230 kV UT.POR.ITAQUI        / SAO LUIS IV          C 1  MA;MAUTPI2LQ--1        ;2021-05-10;;2022-08-11;10.0;0.086;0.715;2.788;;;;;;;;;;;;;5610;5689
SE;SUDESTE;SE;SUDESTE;MG;MINAS GERAIS;MG;MINAS GERAIS;AIMORES-SE;AIMORES             ;230.0;COMPLEMENTAR   ;LINHA DE TRANSMISSÃO;ALIANÇA;LT  230 kV AIMORES-SE           / AIMORES              C 1  MG ();MGAISE2AIMO1        ;2005-11-01;;2005-08-31;0.1;0.01;0.02;0.0;;;;;;;;;;;;;4043;90100
SE;SUDESTE;SE;SUDESTE;MG;MINAS GERAIS;MG;MINAS GERAIS;AIMORES-SE;AIMORES             ;230.0;COMPLEMENTAR   ;LINHA DE TRANSMISSÃO;ALIANÇA;LT  230 kV AIMORES-SE           / AIMORES              C 2  MG ();MGAISE2AIMO2        ;2005-11-01;;2005-08-31;0.1;0.01;0.02;0.0;;;;;;;;;;;;;4043;90101
SE;SUDESTE;SE;SUDESTE;MG;MINAS GERAIS;MG;MINAS GERAIS;AIMORES-SE;AIMORES             ;230.0;COMPLEMENTAR   ;LINHA DE TRANSMISSÃO;ALIANÇA;LT  230 kV AIMORES-SE           / AIMORES              C 3  MG ();MGAISE2AIMO3        ;2005-07-30;;2005-08-31;0.1;0.01;0.02;0.0;;;;;;;;;;;;;4043;90102
SE;SUDESTE;SE;SUDESTE;MG;MINAS GERAIS;MG;MINAS GERAIS;AIMORES-SE;CONSE. PENA         ;230.0;BASICA         ;LINHA DE TRANSMISSÃO;GRAUNA TR;LT  230 kV AIMORES-SE           / CONSE. PENA          C 1  MG ();MGAISE2CPEN1        ;2005-06-30;;2005-08-31;72.0;1.37;7.06;11.2;838.0;838.0;980.0;980.0;838.0;912.0;859.0;941.0;980.0;980.0;980.0;981.0;4043;319
SE;SUDESTE;SE;SUDESTE;MG;MINAS GERAIS;ES;ESPIRITO SANTO;AIMORES-SE;MASCARENHAS         ;230.0;BASICA         ;LINHA DE TRANSMISSÃO;GRAUNA TR;LT  230 kV AIMORES-SE           / MASCARENHAS          C 1  MG/ES ();MGAISE2MASC1ES      ;2005-06-30;;2005-08-31;13.6;0.25;1.28;1.356;838.0;838.0;980.0;980.0;838.0;912.0;859.0;941.0;980.0;980.0;980.0;981.0;4043;2654
SE;SUDESTE;SE;SUDESTE;MG;MINAS GERAIS;ES;ESPIRITO SANTO;AIMORES-SE;MASCARENHAS         ;230.0;BASICA         ;LINHA DE TRANSMISSÃO;CEMIG GT;LT  230 kV AIMORES-SE           / MASCARENHAS          C 2  MG/ES ();MGAISE2MASC2ES      ;2007-11-14;;2007-11-14;11.599;0.22;1.091;2.053;850.0;850.0;975.0;975.0;850.0;888.0;864.0;899.0;975.0;975.0;975.0;975.0;4043;2654
SE;SUDESTE;SE;SUDESTE;MG;MINAS GERAIS;MG;MINAS GERAIS;APERAM;IPATINGA 1          ;230.0;BASICA         ;LINHA DE TRANSMISSÃO;CEMIG GT;LT  230 kV APERAM               / IPATINGA 1           C 1  MG ();MGACES2IPAT1        ;1990-12-31;2024-02-04;;16.036;0.31;1.55;2.742;;;;;628.0;715.0;643.0;737.0;628.0;738.0;678.0;766.0;1596;1530
SE;SUDESTE;SE;SUDESTE;MG;MINAS GERAIS;MG;MINAS GERAIS;APERAM;TIMOTEO 2           ;230.0;BASICA         ;LINHA DE TRANSMISSÃO;CEMIG GT;LT  230 kV APERAM               / TIMOTEO 2            C 1  MG ();MGACES2TIM21        ;2024-01-16;;2021-02-18;3.91;0.083;0.413;0.746;627.57;627.57;627.57;627.57;;;;;;;;;1596;4072
SE;SUDESTE;SE;SUDESTE;MG;MINAS GERAIS;MG;MINAS GERAIS;ARACUAI 2;IRAPE-SE            ;230.0;BASICA         ;LINHA DE TRANSMISSÃO;TRANSIRAPÉ;LT  230 kV ARACUAI 2            / IRAPE-SE             C 1  MG ();MGACU22IRAE1        ;2007-05-23;;2007-04-30;61.049;1.0;6.03;11.57;1004.0;1004.0;1004.0;1004.0;1004.0;1132.0;1091.0;1160.0;1004.0;1132.0;1091.0;1160.0;4070;4071
SE;SUDESTE;SE;SUDESTE;MG;MINAS GERAIS;MG;MINAS GERAIS;ARACUAI 2;IRAPE-SE            ;230.0;BASICA         ;LINHA DE TRANSMISSÃO;MANTIQUEIRA TRANSMIS;LT  230 kV ARACUAI 2            / IRAPE-SE             C 2  MG ();MGACU22IRAE2        ;2020-06-06;;2020-02-14;61.0;0.473;4.057;15.13;1505.0;1505.0;1810.0;1810.0;;;;;;;;;4070;4071
SE;SUDESTE;SE;SUDESTE;MG;MINAS GERAIS;MG;MINAS GERAIS;BAGUARI-SE;BAGUARI             ;230.0;COMPLEMENTAR   ;LINHA DE TRANSMISSÃO;BAGUARI I GERAÇÃO;LT  230 kV BAGUARI-SE           / BAGUARI              C 1  MG ();MGBGR-2UBAG1        ;2009-09-09;;2009-09-30;0.75;0.01;0.02;0.0;;;;;;;;;;;;;1495;93480
SE;SUDESTE;SE;SUDESTE;MG;MINAS GERAIS;MG;MINAS GERAIS;BAGUARI-SE;BAGUARI             ;230.0;COMPLEMENTAR   ;LINHA DE TRANSMISSÃO;BAGUARI I GERAÇÃO;LT  230 kV BAGUARI-SE           / BAGUARI              C 2  MG ();MGBGR-2UBAG2        ;2009-11-28;;2010-01-01;0.75;0.01;0.02;0.0;;;;;;;;;;;;;1495;90199
SE;SUDESTE;SE;SUDESTE;MG;MINAS GERAIS;MG;MINAS GERAIS;BAGUARI-SE;BAGUARI             ;230.0;COMPLEMENTAR   ;LINHA DE TRANSMISSÃO;BAGUARI I GERAÇÃO;LT  230 kV BAGUARI-SE           / BAGUARI              C 3  MG ();MGBGR-2UBAG3        ;2010-03-02;;2010-03-01;0.75;0.01;0.02;0.0;;;;;;;;;;;;;1495;90200
SE;SUDESTE;SE;SUDESTE;MG;MINAS GERAIS;MG;MINAS GERAIS;BAGUARI-SE;BAGUARI             ;230.0;COMPLEMENTAR   ;LINHA DE TRANSMISSÃO;BAGUARI I GERAÇÃO;LT  230 kV BAGUARI-SE           / BAGUARI              C 4  MG ();MGBGR-2UBAG4        ;2010-05-19;;2010-05-31;0.75;0.01;0.02;0.0;;;;;;;;;;;;;1495;90201
SE;SUDESTE;SE;SUDESTE;MG;MINAS GERAIS;MG;MINAS GERAIS;BAGUARI-SE;G.VALADARES 2       ;230.0;BASICA         ;LINHA DE TRANSMISSÃO;CEMIG GT;LT  230 kV BAGUARI-SE           / G.VALADARES 2        C 1  MG ();MGBGR-2GVAL1        ;2009-08-21;;2009-09-30;25.519;0.488;2.465;4.374;622.0;622.0;784.0;784.0;622.0;715.0;626.0;738.0;784.0;784.0;784.0;784.0;1495;394
SE;SUDESTE;SE;SUDESTE;MG;MINAS GERAIS;MG;MINAS GERAIS;BAGUARI-SE;MESQUITA            ;230.0;BASICA         ;LINHA DE TRANSMISSÃO;CEMIG GT;LT  230 kV BAGUARI-SE           / MESQUITA             C 1  MG ();MGBGR-2MESQ1        ;2009-08-21;;2009-09-30;67.511;1.433;6.643;11.78;622.0;622.0;784.0;784.0;622.0;712.0;622.0;738.0;784.0;784.0;784.0;784.0;1495;345
SE;SUDESTE;SE;SUDESTE;MG;MINAS GERAIS;MG;MINAS GERAIS;BARAO COCAIS2;BARAO COCAIS3       ;230.0;BASICA         ;LINHA DE TRANSMISSÃO;CEMIG GT;LT  230 kV BARAO COCAIS2        / BARAO COCAIS3        C 1  MG ();MGBCOC2CVBC1        ;2005-12-13;2013-12-20;2005-11-20;0.7;0.0;0.03;0.55;;;;;;;;;;;;;9006;9004
SE;SUDESTE;SE;SUDESTE;MG;MINAS GERAIS;MG;MINAS GERAIS;BARAO COCAIS2;J.MONLEVADE 2       ;230.0;BASICA         ;LINHA DE TRANSMISSÃO;CEMIG GT;LT  230 kV BARAO COCAIS2        / J.MONLEVADE 2        C 1  MG ();MGBCOC2JMON1        ;1990-12-31;2005-12-13;;34.5;0.6657;6.088;0.59;;;;;;;;;;;;;9006;1520
SE;SUDESTE;SE;SUDESTE;MG;MINAS GERAIS;MG;MINAS GERAIS;BARAO COCAIS2;TAQUARIL            ;230.0;BASICA         ;LINHA DE TRANSMISSÃO;CEMIG GT;LT  230 kV BARAO COCAIS2        / TAQUARIL             C 1  MG ();MGBCOC2TAQU1        ;1990-12-31;2013-12-20;2007-03-12;46.035;0.88;4.44;8.39;;;;;;;;;;;;;9006;373
SE;SUDESTE;SE;SUDESTE;MG;MINAS GERAIS;MG;MINAS GERAIS;BARAO COCAIS3;J.MONLEVADE 2       ;230.0;BASICA         ;LINHA DE TRANSMISSÃO;CEMIG GT;LT  230 kV BARAO COCAIS3        / J.MONLEVADE 2        C 1  MG ();MGCVBC2JMON1        ;2005-12-13;;2006-12-18;34.61;0.662;3.331;5.943;765.0;765.0;895.0;895.0;765.0;765.0;765.0;765.0;895.0;895.0;895.0;895.0;9004;1520
SE;SUDESTE;SE;SUDESTE;MG;MINAS GERAIS;MG;MINAS GERAIS;BRAUNAS;ITABIRA 2           ;230.0;BASICA         ;LINHA DE TRANSMISSÃO;CEMIG GT;LT  230 kV BRAUNAS              / ITABIRA 2            C 1  MG ();MGBRAU2ITAB1        ;2022-06-12;;2021-02-26;73.4;1.35;6.883;12.96;765.0;765.0;895.0;895.0;;;;;;;;;9051;1534
SE;SUDESTE;SE;SUDESTE;MG;MINAS GERAIS;MG;MINAS GERAIS;BRAUNAS;PORTO ESTRELA       ;230.0;BASICA         ;LINHA DE TRANSMISSÃO;CEMIG GT;LT  230 kV BRAUNAS              / PORTO ESTRELA        C 1  MG ();MGBRAU2PORT1        ;2022-06-12;;2021-02-26;12.2;0.231;1.174;2.206;765.0;765.0;895.0;895.0;;;;;;;;;9051;1592
SE;SUDESTE;SE;SUDESTE;MG;MINAS GERAIS;MG;MINAS GERAIS;CONSE. PENA;G.VALADARES 2       ;230.0;BASICA         ;LINHA DE TRANSMISSÃO;EVRECY;LT  230 kV CONSE. PENA          / G.VALADARES 2        C 1  MG ();MGCPEN2GVAL1        ;1982-01-01;2020-09-23;2003-09-30;68.6;1.3;6.68;11.546;;;;;838.0;911.0;861.0;940.0;980.0;980.0;980.0;980.0;319;394
SE;SUDESTE;SE;SUDESTE;MG;MINAS GERAIS;ES;ESPIRITO SANTO;CONSE. PENA;MASCARENHAS         ;230.0;BASICA         ;LINHA DE TRANSMISSÃO;EDP ES;LT  230 kV CONSE. PENA          / MASCARENHAS          C 1  MG/ES ();MGCPEN2MASC1ES      ;1990-12-31;2005-06-30;;66.7;1.38;7.08;12.226;;;;;;;;;;;;;319;2654
SE;SUDESTE;SE;SUDESTE;MG;MINAS GERAIS;MG;MINAS GERAIS;G.VALADARES 2;MESQUITA            ;230.0;BASICA         ;LINHA DE TRANSMISSÃO;CEMIG GT;LT  230 kV G.VALADARES 2        / MESQUITA             C 1  MG ();MGGVAL2MESQ2        ;1990-12-31;2021-04-19;;90.977;1.74;8.55;15.896;;;;;622.0;712.0;622.0;738.0;784.0;839.0;867.0;854.0;394;345
SE;SUDESTE;SE;SUDESTE;MG;MINAS GERAIS;MG;MINAS GERAIS;G.VALADARES 2;MESQUITA            ;230.0;BASICA         ;LINHA DE TRANSMISSÃO;CEMIG GT;LT  230 kV G.VALADARES 2        / MESQUITA             C 2  MG ();MGGVAL2MESQ1        ;1990-12-31;2009-08-21;;89.9;1.65;8.72;15.146;;;;;;;;;;;;;394;345
SE;SUDESTE;SE;SUDESTE;MG;MINAS GERAIS;MG;MINAS GERAIS;G.VALADARES 6;CONSE. PENA         ;230.0;BASICA         ;LINHA DE TRANSMISSÃO;GRAUNA TR;LT  230 kV G.VALADARES 6        / CONSE. PENA          C 1  MG ();MGCPEN2GVA61        ;2020-09-23;;2020-11-30;71.0;1.363;6.894;12.21;838.0;838.0;980.0;980.0;;;;;;;;;4358;319
SE;SUDESTE;SE;SUDESTE;MG;MINAS GERAIS;MG;MINAS GERAIS;G.VALADARES 6;G.VALADARES 2       ;230.0;BASICA         ;LINHA DE TRANSMISSÃO;CEMIG GT;LT  230 kV G.VALADARES 6        / G.VALADARES 2        C 1  MG ();MGGVAL2GVA61        ;2021-04-21;;2020-11-30;6.0;0.0497;0.3373;1.272;1004.0;1004.0;1004.0;1004.0;;;;;;;;;4358;394
SE;SUDESTE;SE;SUDESTE;MG;MINAS GERAIS;MG;MINAS GERAIS;G.VALADARES 6;G.VALADARES 2       ;230.0;BASICA         ;LINHA DE TRANSMISSÃO;GRAUNA TR;LT  230 kV G.VALADARES 6        / G.VALADARES 2        C 2  MG ();MGGVAL2GVA62        ;2020-09-23;;2020-11-30;5.12;0.057;0.387;1.457;1004.0;1004.0;1200.0;1200.0;;;;;;;;;4358;394
SE;SUDESTE;SE;SUDESTE;MG;MINAS GERAIS;MG;MINAS GERAIS;G.VALADARES 6;MESQUITA            ;230.0;BASICA         ;LINHA DE TRANSMISSÃO;CEMIG GT;LT  230 kV G.VALADARES 6        / MESQUITA             C 1  MG ();MGGVA62MESQ1        ;2021-04-18;;2020-11-30;95.31;1.8254;8.9386;16.69;760.0;760.0;760.0;760.0;;;;;;;;;4358;345
SE;SUDESTE;SE;SUDESTE;MG;MINAS GERAIS;MG;MINAS GERAIS;GUIL AMORIM-SE;IPATINGA 1          ;230.0;BASICA         ;LINHA DE TRANSMISSÃO;CEMIG GT;LT  230 kV GUIL AMORIM-SE       / IPATINGA 1           C 1  MG ();MGGUIL2IPAT1        ;1997-08-01;;;50.0;0.97;4.84;5.1;760.61;760.61;890.0;890.0;761.0;839.0;817.0;852.0;890.0;890.0;890.0;890.0;1529;1530
SE;SUDESTE;SE;SUDESTE;MG;MINAS GERAIS;MG;MINAS GERAIS;GUIL AMORIM-SE;NOVA ERA 2          ;230.0;BASICA         ;LINHA DE TRANSMISSÃO;CEMIG GT;LT  230 kV GUIL AMORIM-SE       / NOVA ERA 2           C 1  MG ();MGGUIL2NERA1        ;1990-12-31;;;17.82;0.34;1.73;3.06;760.61;760.61;890.0;890.0;761.0;839.0;817.0;852.0;890.0;890.0;891.0;890.0;1529;1545
SE;SUDESTE;SE;SUDESTE;MG;MINAS GERAIS;MG;MINAS GERAIS;IPATINGA 1;ITABIRA 2           ;230.0;BASICA         ;LINHA DE TRANSMISSÃO;CEMIG GT;LT  230 kV IPATINGA 1           / ITABIRA 2            C 1  MG ();MGIPAT2ITAB1        ;1990-12-31;2001-09-04;;115.4;;;;;;;;;;;;;;;;1530;1534
SE;SUDESTE;SE;SUDESTE;MG;MINAS GERAIS;MG;MINAS GERAIS;IPATINGA 1;MESQUITA            ;230.0;BASICA         ;LINHA DE TRANSMISSÃO;CEMIG GT;LT  230 kV IPATINGA 1           / MESQUITA             C 1  MG ();MGIPAT2MESQ1        ;1990-12-31;2025-10-23;2012-02-29;3.4;0.06;0.31;0.597;;;;;761.0;839.0;817.0;852.0;1200.0;1200.0;1200.0;1200.0;1530;345
SE;SUDESTE;SE;SUDESTE;MG;MINAS GERAIS;MG;MINAS GERAIS;IPATINGA 1;MESQUITA            ;230.0;BASICA         ;LINHA DE TRANSMISSÃO;CEMIG GT;LT  230 kV IPATINGA 1           / MESQUITA             C 2  MG ();MGIPAT2MESQ2        ;1990-12-31;;2012-02-29;3.4;0.06;0.33;0.597;876.0;876.0;1200.0;1200.0;761.0;839.0;817.0;852.0;1200.0;1200.0;1200.0;1200.0;1530;345
SE;SUDESTE;SE;SUDESTE;MG;MINAS GERAIS;MG;MINAS GERAIS;IPATINGA 1;MESQUITA            ;230.0;BASICA         ;LINHA DE TRANSMISSÃO;CEMIG GT;LT  230 kV IPATINGA 1           / MESQUITA             C 3  MG ();MGIPAT2MESQ3        ;2025-02-23;;2024-08-29;3.18;0.054;0.266;0.549;876.0;876.0;1200.0;1200.0;;;;;;;;;1530;345
SE;SUDESTE;SE;SUDESTE;MG;MINAS GERAIS;MG;MINAS GERAIS;IPATINGA 1;PORTO ESTRELA       ;230.0;BASICA         ;LINHA DE TRANSMISSÃO;CEMIG GT;LT  230 kV IPATINGA 1           / PORTO ESTRELA        C 1  MG ();MGIPAT2PORT1        ;2001-09-04;;2007-02-09;43.84;0.83;4.2;7.56;761.0;761.0;891.0;891.0;750.0;839.0;812.0;852.0;890.0;890.0;890.0;890.0;1530;1592
SE;SUDESTE;SE;SUDESTE;MG;MINAS GERAIS;MG;MINAS GERAIS;IPATINGA 1;TIMOTEO 2           ;230.0;BASICA         ;LINHA DE TRANSMISSÃO;CEMIG GT;LT  230 kV IPATINGA 1           / TIMOTEO 2            C 1  MG ();MGIPAT2TIM21        ;2024-02-04;;2021-02-18;13.36;0.258;1.296;2.311;627.57;627.57;627.57;627.57;;;;;;;;;1530;4072
SE;SUDESTE;SE;SUDESTE;MG;MINAS GERAIS;MG;MINAS GERAIS;IRAPE-SE;JANAUBA 3           ;230.0;BASICA         ;LINHA DE TRANSMISSÃO;MANTIQUEIRA TRANSMIS;LT  230 kV IRAPE-SE             / JANAUBA 3            C 1  MG ();MGIRAE2JBA31        ;2021-01-12;;2021-01-15;130.0;1.008;8.647;32.24;1505.0;1505.0;1810.0;1810.0;;;;;;;;;4071;4311
SE;SUDESTE;SE;SUDESTE;MG;MINAS GERAIS;MG;MINAS GERAIS;ITABIRA 2;ITABIRA 4           ;230.0;BASICA         ;LINHA DE TRANSMISSÃO;CEMIG GT;LT  230 kV ITABIRA 2            / ITABIRA 4            C 1  MG ();MGITAB2ITB41        ;2013-07-14;2022-05-24;2013-08-31;12.493;0.243;1.209;2.152;;;;;761.0;839.0;817.0;852.0;890.0;890.0;904.0;898.0;1534;9024
SE;SUDESTE;SE;SUDESTE;MG;MINAS GERAIS;MG;MINAS GERAIS;ITABIRA 2;ITABIRA 5           ;230.0;BASICA         ;LINHA DE TRANSMISSÃO;CEMIG GT;LT  230 kV ITABIRA 2            / ITABIRA 5            C 1  MG ();MGITAB2ITB51        ;2022-05-22;;2021-06-03;17.57;0.236;1.614;3.149;889.0;889.0;1066.0;1066.0;;;;;;;;;1534;4076
SE;SUDESTE;SE;SUDESTE;MG;MINAS GERAIS;MG;MINAS GERAIS;ITABIRA 2;ITABIRA 5           ;230.0;BASICA         ;LINHA DE TRANSMISSÃO;MANTIQUEIRA TRANSMIS;LT  230 kV ITABIRA 2            / ITABIRA 5            C 2  MG ();MGITAB2ITB52        ;2022-05-27;;2021-06-03;21.0;0.239;1.605;3.225;890.0;890.0;1200.0;1200.0;;;;;;;;;1534;4076
SE;SUDESTE;SE;SUDESTE;MG;MINAS GERAIS;MG;MINAS GERAIS;ITABIRA 2;ITABIRA 5           ;230.0;BASICA         ;LINHA DE TRANSMISSÃO;CEMIG GT;LT  230 kV ITABIRA 2            / ITABIRA 5            C 3  MG ();MGITAB2ITB53        ;2025-12-14;;2025-06-02;18.5;0.311;1.702;3.1;765.0;765.0;895.0;895.0;;;;;;;;;1534;4076
SE;SUDESTE;SE;SUDESTE;MG;MINAS GERAIS;MG;MINAS GERAIS;ITABIRA 2;J.MONLEVADE 2       ;230.0;BASICA         ;LINHA DE TRANSMISSÃO;CEMIG GT;LT  230 kV ITABIRA 2            / J.MONLEVADE 2        C 1  MG ();MGITAB2JMON1        ;1990-12-31;2022-02-21;2007-02-19;26.9;0.516;2.595;4.616;;;;;765.0;839.0;817.0;852.0;890.0;890.0;903.0;890.0;1534;1520
SE;SUDESTE;SE;SUDESTE;MG;MINAS GERAIS;MG;MINAS GERAIS;ITABIRA 2;J.MONLEVADE 4       ;230.0;BASICA         ;LINHA DE TRANSMISSÃO;CEMIG GT;LT  230 kV ITABIRA 2            / J.MONLEVADE 4        C 1  MG ();MGITAB2JMO41        ;2022-02-21;;2021-04-08;29.1;0.536;2.733;5.118;765.0;765.0;895.0;895.0;;;;;;;;;1534;4331
SE;SUDESTE;SE;SUDESTE;MG;MINAS GERAIS;MG;MINAS GERAIS;ITABIRA 2;NOVA ERA 2          ;230.0;BASICA         ;LINHA DE TRANSMISSÃO;CEMIG GT;LT  230 kV ITABIRA 2            / NOVA ERA 2           C 1  MG ();MGITAB2NERA1        ;1990-12-31;;;23.22;0.45;2.24;3.979;760.61;760.61;890.0;890.0;761.0;839.0;817.0;852.0;890.0;890.0;890.0;890.0;1534;1545
SE;SUDESTE;SE;SUDESTE;MG;MINAS GERAIS;MG;MINAS GERAIS;ITABIRA 2;PORTO ESTRELA       ;230.0;BASICA         ;LINHA DE TRANSMISSÃO;CEMIG GT;LT  230 kV ITABIRA 2            / PORTO ESTRELA        C 1  MG ();MGITAB2PORT1        ;2001-09-04;2022-06-12;2007-05-01;84.36;1.61;8.07;14.55;;;;;750.0;839.0;812.0;852.0;890.0;890.0;890.0;890.0;1534;1592
SE;SUDESTE;SE;SUDESTE;MG;MINAS GERAIS;MG;MINAS GERAIS;ITABIRA 2;SABARA 3            ;230.0;BASICA         ;LINHA DE TRANSMISSÃO;CEMIG GT;LT  230 kV ITABIRA 2            / SABARA 3             C 1  MG ();MGITAB2SAB31        ;2007-08-12;2025-12-15;2007-11-30;70.77;1.216;6.831;12.13;;;;;803.2;803.2;803.2;803.2;984.03;984.03;984.03;984.03;1534;1497
SE;SUDESTE;SE;SUDESTE;MG;MINAS GERAIS;MG;MINAS GERAIS;ITABIRA 2;TAQUARIL            ;230.0;BASICA         ;LINHA DE TRANSMISSÃO;CEMIG GT;LT  230 kV ITABIRA 2            / TAQUARIL             C 2  MG ();MGITAB2TAQU1        ;1990-12-31;2007-08-12;2007-10-30;80.1;1.49;7.88;13.73;;;;;;;;;;;;;1534;373
SE;SUDESTE;SE;SUDESTE;MG;MINAS GERAIS;MG;MINAS GERAIS;ITABIRA 2;TAQUARIL            ;230.0;BASICA         ;LINHA DE TRANSMISSÃO;CEMIG GT;LT  230 kV ITABIRA 2    /TAQUARIL      C-1 MG;MGITAB2TAQU2        ;1990-12-31;2013-07-14;2010-09-24;100.0;1.67;9.12;16.103;;;;;;;;;;;;;1534;373
SE;SUDESTE;SE;SUDESTE;MG;MINAS GERAIS;MG;MINAS GERAIS;ITABIRA 4;ITABIRA 5           ;230.0;BASICA         ;LINHA DE TRANSMISSÃO;CEMIG GT;LT  230 kV ITABIRA 4            / ITABIRA 5            C 1  MG ();MGIBAQ2ITB51        ;2022-05-22;;2021-06-03;5.58;0.105;0.509;0.984;765.0;765.0;895.0;895.0;;;;;;;;;9024;4076
SE;SUDESTE;SE;SUDESTE;MG;MINAS GERAIS;MG;MINAS GERAIS;ITABIRA 4;TAQUARIL            ;230.0;BASICA         ;LINHA DE TRANSMISSÃO;CEMIG GT;LT  230 kV ITABIRA 4            / TAQUARIL             C 1  MG ();MGITB42TAQU1        ;2013-07-14;;2013-08-31;81.519;1.492;7.712;14.23;765.0;765.0;895.0;895.0;761.0;839.0;817.0;852.0;890.0;890.0;904.0;898.0;9024;373
SE;SUDESTE;SE;SUDESTE;MG;MINAS GERAIS;MG;MINAS GERAIS;ITABIRA 5;SABARA 3            ;230.0;BASICA         ;LINHA DE TRANSMISSÃO;CEMIG GT;LT  230 kV ITABIRA 5            / SABARA 3             C 1  MG ();MGITB52SAB31        ;2025-12-14;;2025-06-02;55.75;1.001;5.505;9.9;765.0;765.0;895.0;895.0;;;;;;;;;4076;1497
SE;SUDESTE;SE;SUDESTE;MG;MINAS GERAIS;GO;GOIAS;ITUMBIARA;C. DOURADA          ;230.0;BASICA         ;LINHA DE TRANSMISSÃO;AXIA ENERGIA;LT  230 kV ITUMBIARA            / C. DOURADA           C 1  MG/GO;MGUSIM2UCD-1GO      ;1990-12-31;;;44.0;0.66;4.26;7.57;649.0;649.0;817.0;817.0;649.0;649.0;649.0;649.0;818.0;818.0;818.0;818.0;225;749
SE;SUDESTE;SE;SUDESTE;MG;MINAS GERAIS;GO;GOIAS;ITUMBIARA;RIO VERDE FUR       ;230.0;BASICA         ;LINHA DE TRANSMISSÃO;AXIA ENERGIA;LT  230 kV ITUMBIARA            / RIO VERDE FUR        C 1  MG/GO;MGUSIM2STRV1GO      ;1990-12-31;;;208.0;4.1;19.76;36.08;528.0;528.0;665.0;665.0;528.0;528.0;528.0;528.0;665.0;665.0;665.0;665.0;225;231
SE;SUDESTE;SE;SUDESTE;MG;MINAS GERAIS;GO;GOIAS;ITUMBIARA;RIO VERDE FUR       ;230.0;BASICA         ;LINHA DE TRANSMISSÃO;AXIA ENERGIA;LT  230 kV ITUMBIARA            / RIO VERDE FUR        C 2  MG/GO;MGUSIM2STRV2GO      ;1990-12-31;;;202.0;1.27;13.62;49.47;1428.0;1200.0;1799.0;1200.0;1428.0;1550.0;1428.0;1620.0;1799.0;1799.0;1799.0;1873.0;225;231
SE;SUDESTE;SE;SUDESTE;MG;MINAS GERAIS;MG;MINAS GERAIS;J.MONLEVADE 2;J.MONLEVADE 4       ;230.0;BASICA         ;LINHA DE TRANSMISSÃO;CEMIG GT;LT  230 kV J.MONLEVADE 2        / J.MONLEVADE 4        C 1  MG ();MGJMON2JMO41        ;2022-02-21;;2021-04-08;4.49;0.072;0.366;0.686;765.0;765.0;895.0;895.0;;;;;;;;;1520;4331
SE;SUDESTE;SE;SUDESTE;MG;MINAS GERAIS;MG;MINAS GERAIS;JANAUBA 3;JAIBA               ;230.0;BASICA         ;LINHA DE TRANSMISSÃO;SOLARIS;LT  230 kV JANAUBA 3            / JAIBA                C 1  MG (06L1);MGJBA32JAB-1        ;2022-11-06;;2022-09-28;93.0;0.639;5.533;20.24;1450.0;1450.0;2105.0;2105.0;1450.0;1842.0;1470.0;1904.0;2105.0;2287.0;2118.0;2333.0;4311;3389
SE;SUDESTE;SE;SUDESTE;MG;MINAS GERAIS;MG;MINAS GERAIS;JANAUBA 3;JAIBA               ;230.0;BASICA         ;LINHA DE TRANSMISSÃO;SOLARIS;LT  230 kV JANAUBA 3            / JAIBA                C 2  MG (06L2);MGJBA32JAB-2        ;2022-11-06;;2022-09-28;93.0;0.639;5.533;20.24;1450.0;1450.0;2105.0;2105.0;1450.0;1842.0;1470.0;1904.0;2105.0;2287.0;2118.0;2333.0;4311;3389
SE;SUDESTE;SE;SUDESTE;MG;MINAS GERAIS;MG;MINAS GERAIS;MESQUITA;PORTO ESTRELA       ;230.0;BASICA         ;LINHA DE TRANSMISSÃO;CEMIG GT;LT  230 kV MESQUITA             / PORTO ESTRELA        C 1  MG ();MGMESQ2PORT1        ;2025-02-23;;2024-07-31;41.6;0.8;3.98;7.198;761.0;761.0;891.0;891.0;;;;;;;;;345;1592
SE;SUDESTE;SE;SUDESTE;MG;MINAS GERAIS;MG;MINAS GERAIS;MESQUITA;TIMOTEO 2           ;230.0;BASICA         ;LINHA DE TRANSMISSÃO;TIMOTEO MESQUITA;LT  230 kV MESQUITA             / TIMOTEO 2            C 1  MG ();MGMESQ2TIM21        ;2022-12-07;;2021-02-18;24.0;0.368;2.243;4.194;905.0;905.0;1055.0;1055.0;;;;;;;;;345;4072
SE;SUDESTE;SE;SUDESTE;MG;MINAS GERAIS;MG;MINAS GERAIS;MESQUITA;USIMINAS            ;230.0;COMPLEMENTAR   ;LINHA DE TRANSMISSÃO;CEMIG GT;LT  230 kV MESQUITA             / USIMINAS             C 1  MG ();MGMESQ2USI11-------1;2025-10-21;;2025-10-16;8.6;0.16;0.78;1.612;;;;;;;;;;;;;345;9040
SE;SUDESTE;SE;SUDESTE;MG;MINAS GERAIS;MG;MINAS GERAIS;MESQUITA;USIMINAS            ;230.0;COMPLEMENTAR   ;LINHA DE TRANSMISSÃO;CEMIG GT;LT  230 kV MESQUITA             / USIMINAS             C 2  MG ();MGMESQ2USI11        ;1990-12-31;;2011-11-23;8.6;0.16;0.79;1.612;;;;;;;;;;;;;345;9040
SE;SUDESTE;SE;SUDESTE;MG;MINAS GERAIS;MG;MINAS GERAIS;SABARA 3;TAQUARIL            ;230.0;BASICA         ;LINHA DE TRANSMISSÃO;CEMIG GT;LT  230 kV SABARA 3             / TAQUARIL             C 1  MG ();MGSAB32TAQU1        ;2007-08-12;;2007-11-30;14.68;0.28;1.54;2.737;765.0;765.0;895.0;895.0;761.0;839.0;817.0;852.0;890.0;892.0;940.0;909.0;1497;373
SE;SUDESTE;SE;SUDESTE;MG;MINAS GERAIS;MG;MINAS GERAIS;TAQUARIL;BARAO COCAIS3       ;230.0;BASICA         ;LINHA DE TRANSMISSÃO;CEMIG GT;LT  230 kV TAQUARIL             / BARAO COCAIS3        C 1  MG ();MGTAQU2BCO31        ;2013-12-20;;;46.03;0.884;4.45;8.39;765.0;765.0;895.0;895.0;761.0;839.0;817.0;852.0;890.0;890.0;904.0;898.0;373;9004
SE;SUDESTE;;;MG;MINAS GERAIS;;;TIMOTEO 1;;230.0;BASICA         ;RAMAL DE LINHA;CEMIG GT;RL  230 kV TIMOTEO 1            /   DTIM C  1 MG ();MGTIMO2DTIM1        ;1990-12-31;;;;0.0;0.01;0.0;;;;;;;;;;;;;91949;
SE;SUDESTE;SE;SUDESTE;MS;MATO GROSSO DO SUL;MS;MATO GROSSO DO SUL;ANASTACIO;CORUMBA 2           ;230.0;BASICA         ;LINHA DE TRANSMISSÃO;LTC;LT  230 kV ANASTACIO            / CORUMBA 2            C 1  MS;MSANA-2COB-1        ;2013-09-29;;2013-10-15;277.0;2.073;15.965;79.61;1630.0;1630.0;1990.0;1990.0;1630.0;1942.0;1831.0;2014.0;1990.0;2120.0;2114.0;2199.0;1078;1018
SE;SUDESTE;SE;SUDESTE;MS;MATO GROSSO DO SUL;MS;MATO GROSSO DO SUL;ANASTACIO;CORUMBA 2           ;230.0;BASICA         ;LINHA DE TRANSMISSÃO;LTC;LT  230 kV ANASTACIO            / CORUMBA 2            C 2  MS;MSANA-2COB-2        ;2013-09-29;;2013-10-15;277.0;2.073;15.965;79.61;1630.0;1630.0;1990.0;1990.0;1630.0;1942.0;1831.0;2014.0;1990.0;2120.0;2114.0;2199.0;1078;1018
SE;SUDESTE;SE;SUDESTE;MS;MATO GROSSO DO SUL;MS;MATO GROSSO DO SUL;ANASTACIO;DOURADOS            ;230.0;BASICA         ;LINHA DE TRANSMISSÃO;AXIA SUL;LT  230 kV ANASTACIO            / DOURADOS             C 1  MS;MSANA-2DOU-1        ;1990-12-31;;;208.0;2.445;17.235;42.87;883.0;800.0;1086.0;800.0;883.0;936.0;883.0;971.0;1086.0;1086.0;1086.0;1123.0;1078;1086
SE;SUDESTE;SE;SUDESTE;MS;MATO GROSSO DO SUL;MS;MATO GROSSO DO SUL;ANASTACIO;SIDROLANDIA 2       ;230.0;BASICA         ;LINHA DE TRANSMISSÃO;BRILHANTE;LT  230 kV ANASTACIO            / SIDROLANDIA 2        C 1  MS;MSANA-2SIA21        ;2010-11-12;;2010-11-07;105.1;0.99;6.759;26.65;1400.0;1400.0;1720.0;1720.0;1400.0;1626.0;1497.0;1689.0;1720.0;1798.0;1774.0;1867.0;1078;1085
SE;SUDESTE;SE;SUDESTE;MS;MATO GROSSO DO SUL;MS;MATO GROSSO DO SUL;CAMPO GRANDE2;CHAPADAO            ;230.0;BASICA         ;LINHA DE TRANSMISSÃO;BRILHANTE;LT  230 kV CAMPO GRANDE2        / CHAPADAO             C 1  MS;MSCGR22CAO-1        ;2016-06-06;2024-10-29;2016-04-30;295.6;2.21;20.218;74.117;;;;;1620.0;1875.0;1734.0;1954.0;1990.0;2071.0;2047.0;2156.0;1025;1089
SE;SUDESTE;SE;SUDESTE;MS;MATO GROSSO DO SUL;MS;MATO GROSSO DO SUL;CAMPO GRANDE2;IMBIRUSSU           ;230.0;BASICA         ;LINHA DE TRANSMISSÃO;BRILHANTE;LT  230 kV CAMPO GRANDE2        / IMBIRUSSU            C 1  MS;MSCGR22IMB-1        ;2016-06-06;;2016-04-30;50.0;0.391;3.578;12.32;1620.0;1620.0;1990.0;1990.0;1620.0;1875.0;1734.0;1954.0;1990.0;2071.0;2047.0;2156.0;1025;1889
SE;SUDESTE;SE;SUDESTE;MS;MATO GROSSO DO SUL;MS;MATO GROSSO DO SUL;CAMPO GRANDE2;IMBIRUSSU           ;230.0;BASICA         ;LINHA DE TRANSMISSÃO;DOURADOS;LT  230 kV CAMPO GRANDE2        / IMBIRUSSU            C 2  MS;MSCGR22IMB-2        ;2021-04-25;;2021-09-30;57.0;0.399;3.408;12.997;1680.0;1680.0;2065.0;2065.0;;;;;;;;;1025;1889
SE;SUDESTE;SE;SUDESTE;MS;MATO GROSSO DO SUL;MS;MATO GROSSO DO SUL;CAMPO GRANDE2;PARAISO 2           ;230.0;BASICA         ;LINHA DE TRANSMISSÃO;BRILHANTE;LT  230 kV CAMPO GRANDE2        / PARAISO 2            C 1  MS;MSCGR22PAS21        ;2024-10-29;;2024-08-30;231.76;1.754;15.092;59.0;1990.0;1990.0;1620.0;1620.0;;;;;;;;;1025;1898
SE;SUDESTE;SE;SUDESTE;MS;MATO GROSSO DO SUL;MS;MATO GROSSO DO SUL;CAMPO GRANDE2;PARAISO 2           ;230.0;BASICA         ;LINHA DE TRANSMISSÃO;TRANSMISSORA 11;LT  230 kV CAMPO GRANDE2        / PARAISO 2            C 2  MS;MSCGR22PAS22        ;2024-06-28;;2024-04-30;230.0;1.663;14.209;54.3;1620.0;1620.0;1990.0;1990.0;;;;;;;;;1025;1898
SE;SUDESTE;SE;SUDESTE;MS;MATO GROSSO DO SUL;MS;MATO GROSSO DO SUL;CAMPO GRANDE2;RIO BRILHANTE       ;230.0;BASICA         ;LINHA DE TRANSMISSÃO;DOURADOS;LT  230 kV CAMPO GRANDE2        / RIO BRILHANTE        C 1  MS;MSCGR22RBE-1        ;2020-12-07;;2020-11-03;149.0;1.131;9.661;37.17;1680.0;1680.0;2065.0;2065.0;;;;;;;;;1025;1087
SE;SUDESTE;SE;SUDESTE;MS;MATO GROSSO DO SUL;MS;MATO GROSSO DO SUL;CHAPADAO;IMBIRUSSU           ;230.0;BASICA         ;LINHA DE TRANSMISSÃO;BRILHANTE;LT  230 kV CHAPADAO             / IMBIRUSSU            C 1  MS;MSCAO-2IMB-1        ;2012-08-26;2016-06-06;2012-10-31;321.4;2.322;19.27;87.12;;;;;1620.0;1875.0;1734.0;1954.0;1990.0;2071.0;2047.0;2156.0;1089;1889
SE;SUDESTE;SE;SUDESTE;MS;MATO GROSSO DO SUL;MS;MATO GROSSO DO SUL;CHAPADAO;INOCENCIA           ;230.0;BASICA         ;LINHA DE TRANSMISSÃO;ITATIM;LT  230 kV CHAPADAO             / INOCENCIA            C 1  MS;MSCAO-2INO-1        ;2011-10-12;;2011-10-30;134.08;0.856;8.604;34.7;1770.0;1770.0;2180.0;2180.0;1770.0;2110.0;1948.0;2190.0;2180.0;2338.0;2309.0;2426.0;1089;1090
SE;SUDESTE;SE;SUDESTE;MS;MATO GROSSO DO SUL;MS;MATO GROSSO DO SUL;CHAPADAO;INOCENCIA           ;230.0;BASICA         ;LINHA DE TRANSMISSÃO;ITATIM;LT  230 kV CHAPADAO             / INOCENCIA            C 2  MS;MSCAO-2INO-2        ;2011-10-12;;2011-10-30;134.08;0.86;8.603;34.7;1770.0;1770.0;2180.0;2180.0;1770.0;2110.0;1948.0;2190.0;2180.0;2338.0;2309.0;2426.0;1089;1090
SE;SUDESTE;SE;SUDESTE;MS;MATO GROSSO DO SUL;MS;MATO GROSSO DO SUL;CHAPADAO;INOCENCIA           ;230.0;BASICA         ;LINHA DE TRANSMISSÃO;ITATIM;LT  230 kV CHAPADAO             / INOCENCIA            C 3  MS;MSCAO-2INO-3        ;2011-10-12;;2011-10-30;134.11;0.862;8.572;34.7;1770.0;1770.0;2180.0;2180.0;1770.0;2110.0;1948.0;2190.0;2180.0;2338.0;2309.0;2426.0;1089;1090
SE;SUDESTE;SE;SUDESTE;MS;MATO GROSSO DO SUL;GO;GOIAS;CHAPADAO;JATAI               ;230.0;BASICA         ;LINHA DE TRANSMISSÃO;TRANSENER RENOVAVEL;LT  230 kV CHAPADAO             / JATAI                C 1  MS/GO;MSCAO-2JAT-1GO      ;2012-12-14;;2012-12-01;128.0;1.264;9.238;34.37;1400.0;1400.0;1720.0;1720.0;1400.0;1690.0;1545.0;1748.0;1720.0;1800.0;1750.0;1869.0;1089;1084
SE;SUDESTE;SE;SUDESTE;MS;MATO GROSSO DO SUL;GO;GOIAS;CHAPADAO;JATAI               ;230.0;BASICA         ;LINHA DE TRANSMISSÃO;TRANSENER RENOVAVEL;LT  230 kV CHAPADAO             / JATAI                C 2  MS/GO;MSCAO-2JAT-2GO      ;2012-12-14;;2012-12-01;128.0;1.264;9.238;34.37;1400.0;1400.0;1720.0;1720.0;1400.0;1690.0;1545.0;1748.0;1720.0;1800.0;1750.0;1869.0;1089;1084
SE;SUDESTE;SE;SUDESTE;MS;MATO GROSSO DO SUL;MS;MATO GROSSO DO SUL;CHAPADAO;PARAISO 2           ;230.0;BASICA         ;LINHA DE TRANSMISSÃO;BRILHANTE;LT  230 kV CHAPADAO             / PARAISO 2            C 1  MS;MSCAO-2PAS21        ;2024-10-29;;2024-08-30;63.47;0.494;4.17;16.1;1990.0;1990.0;1620.0;1620.0;;;;;;;;;1089;1898
SE;SUDESTE;SE;SUDESTE;MS;MATO GROSSO DO SUL;MS;MATO GROSSO DO SUL;CHAPADAO;PARAISO 2           ;230.0;BASICA         ;LINHA DE TRANSMISSÃO;TRANSMISSORA 11;LT  230 kV CHAPADAO             / PARAISO 2            C 2  MS;MSCAO-2PAS22        ;2024-06-28;;2024-04-30;65.0;0.511;4.305;16.2;1620.0;1620.0;1990.0;1990.0;;;;;;;;;1089;1898
SE;SUDESTE;SE;SUDESTE;MS;MATO GROSSO DO SUL;MS;MATO GROSSO DO SUL;DOURADOS;DOURADOS 2          ;230.0;BASICA         ;LINHA DE TRANSMISSÃO;PORTO PRIMAVERA;LT  230 kV DOURADOS             / DOURADOS 2           C 1  MS;MSDOU-2DOU21        ;2022-08-21;;2021-09-30;47.7;0.368;3.103;12.0;1680.0;1680.0;2065.0;2065.0;;;;;;;;;1086;10101
SE;SUDESTE;SE;SUDESTE;MS;MATO GROSSO DO SUL;MS;MATO GROSSO DO SUL;DOURADOS;DOURADOS 2          ;230.0;BASICA         ;LINHA DE TRANSMISSÃO;DOURADOS;LT  230 kV DOURADOS             / DOURADOS 2           C 2  MS;MSDOU-2DOU22        ;2021-08-03;;2021-09-30;48.0;0.367;3.127;11.9;1680.0;1680.0;2065.0;2065.0;;;;;;;;;1086;10101
SE;SUDESTE;S;SUL;MS;MATO GROSSO DO SUL;PR;PARANA;DOURADOS;GUAIRA              ;230.0;BASICA         ;LINHA DE TRANSMISSÃO;AXIA SUL;LT  230 kV DOURADOS             / GUAIRA               C 1  MS/PR;MSDOU-2GUA-1PR      ;1990-12-31;;2006-10-15;225.9;2.686;18.182;46.6;848.0;848.0;948.0;948.0;848.0;941.0;856.0;984.0;948.0;1073.0;1053.0;1139.0;1086;978
SE;SUDESTE;SE;SUDESTE;MS;MATO GROSSO DO SUL;MS;MATO GROSSO DO SUL;DOURADOS;IVINHEMA 2          ;230.0;BASICA         ;LINHA DE TRANSMISSÃO;PORTO PRIMAVERA;LT  230 kV DOURADOS             / IVINHEMA 2           C 1  MS;MSDOU-2IVI21        ;2011-01-28;2022-08-21;2010-11-15;151.9;1.167;9.949;38.084;;;;;1680.0;1929.0;1816.0;2021.0;1680.0;2121.0;2116.0;2217.0;1086;1088
SE;SUDESTE;SE;SUDESTE;MS;MATO GROSSO DO SUL;MS;MATO GROSSO DO SUL;DOURADOS 2;IVINHEMA 2          ;230.0;BASICA         ;LINHA DE TRANSMISSÃO;PORTO PRIMAVERA;LT  230 kV DOURADOS 2           / IVINHEMA 2           C 1  MS;MSDOU22IVI21        ;2022-08-21;;2021-09-30;132.3;1.007;8.575;33.4;1680.0;1680.0;1680.0;1680.0;;;;;;;;;10101;1088
SE;SUDESTE;SE;SUDESTE;MS;MATO GROSSO DO SUL;MS;MATO GROSSO DO SUL;DOURADOS 2;RIO BRILHANTE       ;230.0;BASICA         ;LINHA DE TRANSMISSÃO;DOURADOS;LT  230 kV DOURADOS 2           / RIO BRILHANTE        C 1  MS;MSDOU22RBE-1        ;2021-08-03;;2021-09-30;122.0;0.925;7.931;30.4;1680.0;1680.0;2065.0;2065.0;;;;;;;;;10101;1087
SE;SUDESTE;SE;SUDESTE;MS;MATO GROSSO DO SUL;MS;MATO GROSSO DO SUL;IL.SOLTEIRA 2;INOCENCIA           ;230.0;BASICA         ;LINHA DE TRANSMISSÃO;ITATIM;LT  230 kV IL.SOLTEIRA 2        / INOCENCIA            C 1  MS;MSISO22INO-1        ;2011-05-15;;2011-05-31;79.2;0.479;4.771;19.2;1770.0;1770.0;2180.0;2180.0;1770.0;2108.0;1948.0;2194.0;2180.0;2336.0;2309.0;2429.0;1077;1090
SE;SUDESTE;SE;SUDESTE;MS;MATO GROSSO DO SUL;MS;MATO GROSSO DO SUL;IL.SOLTEIRA 2;INOCENCIA           ;230.0;BASICA         ;LINHA DE TRANSMISSÃO;ITATIM;LT  230 kV IL.SOLTEIRA 2        / INOCENCIA            C 2  MS;MSISO22INO-2        ;2011-05-15;;2011-05-31;79.2;0.478;4.787;19.2;1770.0;1770.0;2180.0;2180.0;1770.0;2108.0;1948.0;2194.0;2180.0;2336.0;2309.0;2429.0;1077;1090
SE;SUDESTE;SE;SUDESTE;MS;MATO GROSSO DO SUL;MS;MATO GROSSO DO SUL;IL.SOLTEIRA 2;INOCENCIA           ;230.0;BASICA         ;LINHA DE TRANSMISSÃO;ITATIM;LT  230 kV IL.SOLTEIRA 2        / INOCENCIA            C 3  MS;MSISO22INO-3        ;2011-05-15;;2011-05-31;79.2;0.477;4.789;19.2;1770.0;1770.0;2180.0;2180.0;1770.0;2108.0;1948.0;2194.0;2180.0;2336.0;2309.0;2429.0;1077;1090
SE;SUDESTE;SE;SUDESTE;MS;MATO GROSSO DO SUL;MS;MATO GROSSO DO SUL;IMBIRUSSU;RIO BRILHANTE       ;230.0;BASICA         ;LINHA DE TRANSMISSÃO;PORTO PRIMAVERA;LT  230 kV IMBIRUSSU            / RIO BRILHANTE        C 1  MS;MSIMB-2RBE-1        ;2010-11-16;;2010-11-07;150.2;1.158;9.8;37.55;1680.0;1680.0;1680.0;1680.0;1680.0;1931.0;1819.0;2017.0;1680.0;2122.0;2118.0;2213.0;1889;1087
SE;SUDESTE;SE;SUDESTE;MS;MATO GROSSO DO SUL;MS;MATO GROSSO DO SUL;IMBIRUSSU;SIDROLANDIA 2       ;230.0;BASICA         ;LINHA DE TRANSMISSÃO;BRILHANTE;LT  230 kV IMBIRUSSU            / SIDROLANDIA 2        C 1  MS;MSIMB-2SIA21        ;2010-11-12;;2010-11-07;43.4;0.407;2.828;10.96;1400.0;1400.0;1720.0;1720.0;1400.0;1634.0;1504.0;1694.0;1720.0;1805.0;1780.0;1872.0;1889;1085
SE;SUDESTE;SE;SUDESTE;MS;MATO GROSSO DO SUL;SP;SAO PAULO;IVINHEMA 2;N.P.PRIMAVERA       ;230.0;BASICA         ;LINHA DE TRANSMISSÃO;PORTO PRIMAVERA;LT  230 kV IVINHEMA 2           / N.P.PRIMAVERA        C 1  MS/SP;MSIVI22NPP-1SP      ;2011-01-28;;2010-11-15;66.0;0.491;4.189;16.0;1680.0;1680.0;1680.0;1680.0;1680.0;1935.0;1826.0;2029.0;1680.0;2126.0;2124.0;2223.0;1088;545
SE;SUDESTE;SE;SUDESTE;MS;MATO GROSSO DO SUL;SP;SAO PAULO;IVINHEMA 2;N.P.PRIMAVERA       ;230.0;BASICA         ;LINHA DE TRANSMISSÃO;DOURADOS;LT  230 kV IVINHEMA 2           / N.P.PRIMAVERA        C 2  MS/SP;MSIVI22NPP-2SP      ;2020-12-27;;2021-02-28;64.0;0.499;4.263;16.13;1680.0;1680.0;2065.0;2065.0;;;;;;;;;1088;545
SE;SUDESTE;SE;SUDESTE;MT;MATO GROSSO;MT;MATO GROSSO;BARRA PEIXE;RONDONOPOLIS        ;230.0;BASICA         ;LINHA DE TRANSMISSÃO;AXIA NORTE;LT  230 kV BARRA PEIXE          / RONDONOPOLIS         C 1  MT;MTBP--2RP--1        ;2008-05-10;;2008-04-30;217.0;4.102;19.862;37.06;586.0;586.0;738.0;738.0;586.0;586.0;586.0;586.0;738.0;738.0;738.0;738.0;4502;4522
SE;SUDESTE;SE;SUDESTE;MT;MATO GROSSO;MT;MATO GROSSO;BARRA PEIXE;RONDONOPOLIS        ;230.0;BASICA         ;LINHA DE TRANSMISSÃO;AXIA NORTE;LT  230 kV BARRA PEIXE          / RONDONOPOLIS         C 2  MT;MTBP--2RP--2        ;1990-12-31;;;217.0;1.694;12.253;62.49;1336.0;1336.0;1683.0;1485.0;1336.0;1336.0;1336.0;1336.0;1683.0;1683.0;1683.0;1683.0;4502;4522
SE;SUDESTE;SE;SUDESTE;MT;MATO GROSSO;MT;MATO GROSSO;BRASNORTE;JUINA               ;230.0;BASICA         ;LINHA DE TRANSMISSÃO;EBTE;LT  230 kV BRASNORTE            / JUINA                C 1  MT;MTMGG-2JUI-1        ;2011-06-18;;2011-06-30;207.5;1.612;13.406;53.13;1400.0;1400.0;1750.0;1750.0;1400.0;1867.0;1621.0;1926.0;1750.0;2161.0;1994.0;2228.0;4868;4894
SE;SUDESTE;SE;SUDESTE;MT;MATO GROSSO;MT;MATO GROSSO;BRASNORTE;JUINA               ;230.0;BASICA         ;LINHA DE TRANSMISSÃO;EBTE;LT  230 kV BRASNORTE            / JUINA                C 2  MT;MTMGG-2JUI-2        ;2011-06-18;;2011-06-30;207.5;1.612;13.406;53.13;1400.0;1400.0;1750.0;1750.0;1400.0;1867.0;1621.0;1926.0;1750.0;2161.0;1994.0;2228.0;4868;4894
SE;SUDESTE;SE;SUDESTE;MT;MATO GROSSO;MT;MATO GROSSO;BRASNORTE;NOVA MUTUM          ;230.0;BASICA         ;LINHA DE TRANSMISSÃO;BRASNORTE;LT  230 kV BRASNORTE            / NOVA MUTUM           C 1  MT;MTMGG-2NM--1        ;2009-11-18;;2009-11-30;273.0;1.95;16.88;65.8;1180.0;1180.0;1730.0;1730.0;1180.0;1754.0;1530.0;1813.0;1730.0;1963.0;1882.0;2032.0;4868;4552
SE;SUDESTE;SE;SUDESTE;MT;MATO GROSSO;MT;MATO GROSSO;BRASNORTE;NOVA MUTUM          ;230.0;BASICA         ;LINHA DE TRANSMISSÃO;BRASNORTE;LT  230 kV BRASNORTE            / NOVA MUTUM           C 2  MT;MTMGG-2NM--2        ;2009-11-18;;2009-11-30;273.0;1.95;16.88;65.8;1180.0;1180.0;1730.0;1730.0;1180.0;1754.0;1530.0;1813.0;1730.0;1963.0;1882.0;2032.0;4868;4552
SE;SUDESTE;SE;SUDESTE;MT;MATO GROSSO;MT;MATO GROSSO;BRASNORTE;PARECIS             ;230.0;BASICA         ;LINHA DE TRANSMISSÃO;EBTE;LT  230 kV BRASNORTE            / PARECIS              C 1  MT;MTMGG-2PIS-1        ;2011-05-06;;2011-05-31;111.1;1.723;10.154;20.25;700.0;700.0;875.0;875.0;700.0;935.0;812.0;963.0;875.0;1082.0;999.0;1114.0;4868;4448
SE;SUDESTE;SE;SUDESTE;MT;MATO GROSSO;MT;MATO GROSSO;BRASNORTE;PARECIS             ;230.0;BASICA         ;LINHA DE TRANSMISSÃO;EBTE;LT  230 kV BRASNORTE            / PARECIS              C 2  MT;MTMGG-2PIS-2        ;2011-04-08;;2011-04-30;111.1;1.723;10.154;20.25;700.0;700.0;875.0;875.0;700.0;935.0;812.0;963.0;875.0;1082.0;999.0;1114.0;4868;4448
SE;SUDESTE;SE;SUDESTE;MT;MATO GROSSO;MT;MATO GROSSO;CANARANA;PARANATINGA         ;230.0;BASICA         ;LINHA DE TRANSMISSÃO;CANARANA;LT  230 kV CANARANA             / PARANATINGA          C 1  MT;MTCAN-2PRG-1        ;2018-06-03;;2020-06-27;275.0;5.553;24.04;47.24;560.0;560.0;790.0;790.0;;;;;;;;;4684;4599
SE;SUDESTE;SE;SUDESTE;MT;MATO GROSSO;MT;MATO GROSSO;COXIPO;NOBRES              ;230.0;BASICA         ;LINHA DE TRANSMISSÃO;AXIA NORTE;LT  230 kV COXIPO               / NOBRES               C 1  MT;MTCX--2NB--1        ;2001-04-29;;2013-01-31;105.0;1.79;10.585;19.85;971.4;971.4;1086.9;1086.9;971.0;971.0;971.0;971.0;1087.0;1087.0;1087.0;1087.0;4532;4542
SE;SUDESTE;SE;SUDESTE;MT;MATO GROSSO;MT;MATO GROSSO;COXIPO;SE CUIABA           ;230.0;BASICA         ;LINHA DE TRANSMISSÃO;AETE;LT  230 kV COXIPO               / SE CUIABA            C 1  MT;MTCX--2CB--1        ;2005-08-19;;2005-08-16;17.0;0.136;1.142;4.238;1400.0;1400.0;1400.0;1400.0;1400.0;1723.0;1496.0;1774.0;1400.0;1937.0;1840.0;1999.0;4532;4515
SE;SUDESTE;SE;SUDESTE;MT;MATO GROSSO;MT;MATO GROSSO;COXIPO;SE CUIABA           ;230.0;BASICA         ;LINHA DE TRANSMISSÃO;AETE;LT  230 kV COXIPO               / SE CUIABA            C 2  MT;MTCX--2CB--2        ;2005-08-19;;2005-08-16;17.0;0.136;1.142;4.238;1400.0;1400.0;1400.0;1400.0;1400.0;1723.0;1496.0;1774.0;1400.0;1937.0;1840.0;1999.0;4532;4515
SE;SUDESTE;SE;SUDESTE;MT;MATO GROSSO;MT;MATO GROSSO;COXIPO;VARZ.GRANDE 2       ;230.0;BASICA         ;LINHA DE TRANSMISSÃO;AXIA NORTE;LT  230 kV COXIPO               / VARZ.GRANDE 2        C 1  MT;MTCX--2VD--2        ;2016-06-19;;2016-07-30;25.0;0.232;1.933;7.158;1336.0;1336.0;1683.0;1683.0;1336.0;1336.0;1336.0;1336.0;1683.0;1683.0;1683.0;1683.0;4532;4711
SE;SUDESTE;SE;SUDESTE;MT;MATO GROSSO;MT;MATO GROSSO;COXIPO;VARZ.GRANDE 2       ;230.0;BASICA         ;LINHA DE TRANSMISSÃO;AXIA NORTE;LT  230 kV COXIPO               / VARZ.GRANDE 2        C 2  MT;MTCX--2VG--1        ;2012-12-09;;2012-12-23;25.0;0.232;1.933;7.158;1336.0;1336.0;1683.0;1683.0;1336.0;1336.0;1336.0;1336.0;1683.0;1683.0;1683.0;1683.0;4532;4711
SE;SUDESTE;SE;SUDESTE;MT;MATO GROSSO;MT;MATO GROSSO;COXIPO;NOVA MUTUM          ;230.0;BASICA         ;LINHA DE TRANSMISSÃO;AXIA NORTE;LT  230 kV COXIPO       /NOVA MUTUM    C-1 MT;MTCX--2NM--1        ;1990-12-31;2001-04-29;;5.0;;;;;;;;;;;;;;;;4532;4552
SE;SUDESTE;SE;SUDESTE;MT;MATO GROSSO;MT;MATO GROSSO;COXIPO;SINOP               ;230.0;BASICA         ;LINHA DE TRANSMISSÃO;AXIA NORTE;LT  230 kV COXIPO       /SINOP         C-1 MT;MTCX--2SP--1        ;1990-12-31;2001-04-29;;450.0;;;;;;;;;;;;;;;;4532;4582
SE;SUDESTE;SE;SUDESTE;MT;MATO GROSSO;MT;MATO GROSSO;DARDANELOS;JUINA               ;230.0;BASICA         ;LINHA DE TRANSMISSÃO;EBTE;LT  230 kV DARDANELOS           / JUINA                C 1  MT;MTDD--2JUI-1        ;2011-07-29;;2011-07-31;168.5;1.501;12.484;47.0;;;;;;;;;;;;;4892;4894
SE;SUDESTE;SE;SUDESTE;MT;MATO GROSSO;MT;MATO GROSSO;DARDANELOS;JUINA               ;230.0;BASICA         ;LINHA DE TRANSMISSÃO;EBTE;LT  230 kV DARDANELOS           / JUINA                C 2  MT;MTDD--2JUI-2        ;2011-07-29;;2011-07-31;168.5;1.512;12.454;47.02;;;;;;;;;;;;;4892;4894
SE;SUDESTE;SE;SUDESTE;MT;MATO GROSSO;MT;MATO GROSSO;ITIQUIRA I;ITIQUIRA II         ;230.0;COMPLEMENTAR   ;LINHA DE TRANSMISSÃO;ITIQUIRA;LT  230 kV ITIQUIRA I           / ITIQUIRA II          C 1  MT;MTUIQ12UIQ21        ;2002-10-24;;;0.1;0.01;0.02;0.0;;;;;;;;;;;;;4521;90257
SE;SUDESTE;SE;SUDESTE;MT;MATO GROSSO;MT;MATO GROSSO;ITIQUIRA I;ITIQUIRA II         ;230.0;COMPLEMENTAR   ;LINHA DE TRANSMISSÃO;ITIQUIRA;LT  230 kV ITIQUIRA I           / ITIQUIRA II          C 2  MT;MTUIQ12UIQ22        ;2002-10-24;;;0.1;0.01;0.02;0.0;;;;;;;;;;;;;4521;90258
SE;SUDESTE;SE;SUDESTE;MT;MATO GROSSO;MT;MATO GROSSO;ITIQUIRA I;RONDONOPOLIS        ;230.0;COMPLEMENTAR   ;LINHA DE TRANSMISSÃO;ITIQUIRA;LT  230 kV ITIQUIRA I           / RONDONOPOLIS         C 1  MT;MTUIQ12RP--1        ;2002-10-24;;;78.82;1.53;7.6;13.87;;;;;;;;;;;;;4521;4522
SE;SUDESTE;SE;SUDESTE;MT;MATO GROSSO;MT;MATO GROSSO;JAURU;COXIPO              ;230.0;BASICA         ;LINHA DE TRANSMISSÃO;AXIA NORTE;LT  230 kV JAURU                / COXIPO               C 1  MT;MTJU--2CX--1        ;2003-06-15;2016-06-19;2003-05-31;365.0;2.727;23.597;92.33;;;;;1336.0;1336.0;1336.0;1336.0;1683.0;1683.0;1683.0;1683.0;4862;4532
SE;SUDESTE;SE;SUDESTE;MT;MATO GROSSO;MT;MATO GROSSO;JAURU;JUBA                ;230.0;BASICA         ;LINHA DE TRANSMISSÃO;BRASNORTE;LT  230 kV JAURU                / JUBA                 C 1  MT;MTJU--2JBA-1        ;2009-09-24;;2009-10-31;129.0;0.66;7.66;33.45;1480.0;1480.0;1850.0;1850.0;1480.0;2158.0;1872.0;2246.0;1850.0;2436.0;2303.0;2533.0;4862;4869
SE;SUDESTE;SE;SUDESTE;MT;MATO GROSSO;MT;MATO GROSSO;JAURU;JUBA                ;230.0;BASICA         ;LINHA DE TRANSMISSÃO;BRASNORTE;LT  230 kV JAURU                / JUBA                 C 2  MT;MTJU--2JBA-2        ;2009-09-24;;2009-10-31;129.0;0.66;7.66;33.45;1480.0;1480.0;1850.0;1850.0;1480.0;2158.0;1872.0;2246.0;1850.0;2436.0;2303.0;2533.0;4862;4869
SE;SUDESTE;SE;SUDESTE;MT;MATO GROSSO;MT;MATO GROSSO;JAURU;VARZ.GRANDE 2       ;230.0;BASICA         ;LINHA DE TRANSMISSÃO;AXIA NORTE;LT  230 kV JAURU                / VARZ.GRANDE 2        C 1  MT;MTJU--2VD--2        ;2016-06-22;;2016-06-19;341.0;2.548;21.918;85.06;1336.0;1336.0;1683.0;1683.0;1336.0;1336.0;1336.0;1336.0;1683.0;1683.0;1683.0;1683.0;4862;4711
SE;SUDESTE;SE;SUDESTE;MT;MATO GROSSO;MT;MATO GROSSO;JAURU;VARZ.GRANDE 2       ;230.0;BASICA         ;LINHA DE TRANSMISSÃO;AXIA NORTE;LT  230 kV JAURU                / VARZ.GRANDE 2        C 2  MT;MTJU--2VG--1        ;2012-12-09;;2012-12-23;341.0;2.548;21.918;85.06;1336.0;1336.0;1683.0;1683.0;1336.0;1336.0;1336.0;1336.0;1683.0;1683.0;1683.0;1683.0;4862;4711
SE;SUDESTE;SE;SUDESTE;MT;MATO GROSSO;MT;MATO GROSSO;JAURU;COXIPO              ;230.0;BASICA         ;LINHA DE TRANSMISSÃO;AXIA NORTE;LT  230 kV JAURU        /COXIPO        C-2 MT;MTJU--2CX--2        ;2003-06-15;2012-12-09;2003-05-31;365.0;2.727;23.597;92.33;;;;;;;;;;;;;4862;4532
SE;SUDESTE;SE;SUDESTE;MT;MATO GROSSO;MT;MATO GROSSO;JUBA;BRASNORTE           ;230.0;BASICA         ;LINHA DE TRANSMISSÃO;EBTE;LT  230 kV JUBA                 / BRASNORTE            C 1  MT;MTJBA-2MGG-1        ;2010-12-20;;2010-12-16;232.0;1.838;15.284;60.58;1400.0;1400.0;1750.0;1750.0;1400.0;1865.0;1637.0;1940.0;1750.0;2159.0;2014.0;2239.0;4869;4868
SE;SUDESTE;SE;SUDESTE;MT;MATO GROSSO;MT;MATO GROSSO;JUBA;BRASNORTE           ;230.0;BASICA         ;LINHA DE TRANSMISSÃO;EBTE;LT  230 kV JUBA                 / BRASNORTE            C 2  MT;MTJBA-2MGG-2        ;2010-12-20;;2010-12-16;232.0;1.838;15.284;60.58;1400.0;1400.0;1750.0;1750.0;1400.0;1865.0;1637.0;1940.0;1750.0;2159.0;2014.0;2239.0;4869;4868
SE;SUDESTE;SE;SUDESTE;MT;MATO GROSSO;MT;MATO GROSSO;L.D.RIO VERDE;SORRISO             ;230.0;BASICA         ;LINHA DE TRANSMISSÃO;AXIA NORTE;LT  230 kV L.D.RIO VERDE        / SORRISO              C 1  MT;MTSLRV2SS--1        ;2012-11-02;;2012-10-01;52.5;0.841;4.957;9.26;668.0;668.0;842.0;842.0;668.0;686.0;668.0;749.0;842.0;842.0;842.0;855.0;4573;4562
SE;SUDESTE;SE;SUDESTE;MT;MATO GROSSO;MT;MATO GROSSO;MANSO;NOBRES              ;230.0;COMPLEMENTAR   ;LINHA DE TRANSMISSÃO;AXIA ENERGIA;LT  230 kV MANSO                / NOBRES               C 1  MT;MTUSMS2NB--1        ;1990-12-31;;;66.0;1.0;6.17;11.73;;;;;;;;;;;;;4592;4542
SE;SUDESTE;SE;SUDESTE;MT;MATO GROSSO;MT;MATO GROSSO;NOBRES;NOVA MUTUM          ;230.0;BASICA         ;LINHA DE TRANSMISSÃO;AXIA NORTE;LT  230 kV NOBRES               / NOVA MUTUM           C 1  MT;MTNB--2NM--2        ;2009-11-15;;2009-11-30;110.0;1.609;9.771;18.56;668.0;600.0;842.0;600.0;700.0;700.0;700.0;700.0;875.0;875.0;875.0;875.0;4542;4552
SE;SUDESTE;SE;SUDESTE;MT;MATO GROSSO;MT;MATO GROSSO;NOBRES;NOVA MUTUM          ;230.0;BASICA         ;LINHA DE TRANSMISSÃO;ETEM;LT  230 kV NOBRES               / NOVA MUTUM           C 2  MT;MTNB--2NM--3        ;2011-12-15;;2011-12-30;105.0;1.595;9.456;19.13;700.0;700.0;875.0;875.0;700.0;700.0;700.0;700.0;875.0;875.0;875.0;875.0;4542;4552
SE;SUDESTE;SE;SUDESTE;MT;MATO GROSSO;MT;MATO GROSSO;NOBRES;SINOP               ;230.0;BASICA         ;LINHA DE TRANSMISSÃO;AXIA NORTE;LT  230 kV NOBRES       /SINOP         C-1 MT;MTNB--2SP--1        ;2001-04-29;2009-11-15;;345.0;3.66;30.58;59.524;;;;;;;;;;;;;4542;4582
SE;SUDESTE;SE;SUDESTE;MT;MATO GROSSO;MT;MATO GROSSO;NOVA MUTUM;L.D.RIO VERDE       ;230.0;BASICA         ;LINHA DE TRANSMISSÃO;AXIA NORTE;LT  230 kV NOVA MUTUM           / L.D.RIO VERDE        C 1  MT;MTNM--2SLRV1        ;2012-11-02;;2012-10-01;93.8;1.497;8.841;16.56;668.0;668.0;842.0;842.0;668.0;688.0;668.0;750.0;842.0;842.0;842.0;856.0;4552;4573
SE;SUDESTE;SE;SUDESTE;MT;MATO GROSSO;MT;MATO GROSSO;NOVA MUTUM;SORRISO             ;230.0;BASICA         ;LINHA DE TRANSMISSÃO;EBTE;LT  230 kV NOVA MUTUM           / SORRISO              C 2  MT;MTNM--2SS--2        ;2011-03-23;;2011-03-31;145.0;2.346;13.322;27.36;700.0;700.0;875.0;875.0;700.0;940.0;814.0;968.0;875.0;1086.0;1001.0;1118.0;4552;4562
SE;SUDESTE;SE;SUDESTE;MT;MATO GROSSO;MT;MATO GROSSO;NOVA MUTUM;SINOP               ;230.0;BASICA         ;LINHA DE TRANSMISSÃO;AXIA NORTE;LT  230 kV NOVA MUTUM   /SINOP         C-1 MT;MTNM--2SP--1        ;2009-11-15;2010-05-23;2009-11-30;236.0;3.5381;20.87;39.047;;;;;;;;;;;;;4552;4582
SE;SUDESTE;SE;SUDESTE;MT;MATO GROSSO;MT;MATO GROSSO;NOVA MUTUM;SORRISO             ;230.0;BASICA         ;LINHA DE TRANSMISSÃO;AXIA NORTE;LT  230 kV NOVA MUTUM   /SORRISO       C-1 MT;MTNM--2SS--1        ;2010-05-23;2012-11-02;2010-05-30;149.0;2.14;13.75;27.644;;;;;;;;;;;;;4552;4562
SE;SUDESTE;SE;SUDESTE;MT;MATO GROSSO;MT;MATO GROSSO;PONTE PEDRA;RONDONOPOLIS        ;230.0;COMPLEMENTAR   ;LINHA DE TRANSMISSÃO;ENGIE;LT  230 kV PONTE PEDRA  /RONDONOPOLIS  C-1 MT;MTPP--2RP--1        ;2004-07-30;;2004-12-31;130.0;2.28;12.35;23.86;;;;;;;;;;;;;4594;4522
SE;SUDESTE;SE;SUDESTE;MT;MATO GROSSO;MT;MATO GROSSO;RIBEIRAOZINHO;BARRA PEIXE         ;230.0;BASICA         ;LINHA DE TRANSMISSÃO;ITE;LT  230 kV RIBEIRAOZINHO        / BARRA PEIXE          C 1  MT;MTRB--2BP--1        ;2006-12-20;;2006-12-20;3.4;0.026;0.216;0.811;1400.0;1400.0;1400.0;1400.0;1400.0;1740.0;1546.0;1799.0;1400.0;1951.0;1896.0;2020.0;4518;4502
SE;SUDESTE;SE;SUDESTE;MT;MATO GROSSO;MT;MATO GROSSO;RIBEIRAOZINHO;BARRA PEIXE         ;230.0;BASICA         ;LINHA DE TRANSMISSÃO;ITE;LT  230 kV RIBEIRAOZINHO        / BARRA PEIXE          C 2  MT;MTRB--2BP--2        ;2006-12-20;;2006-12-20;3.4;0.026;0.216;0.811;1400.0;1400.0;1400.0;1400.0;1400.0;1740.0;1546.0;1799.0;1400.0;1951.0;1896.0;2020.0;4518;4502
SE;SUDESTE;SE;SUDESTE;MT;MATO GROSSO;MT;MATO GROSSO;RONDONOPOLIS;COXIPO              ;230.0;BASICA         ;LINHA DE TRANSMISSÃO;AXIA NORTE;LT  230 kV RONDONOPOLIS         / COXIPO               C 1  MT;MTRP--2CX--1        ;1990-12-31;;;188.0;3.53;18.383;32.8;586.0;586.0;738.0;738.0;586.0;586.0;586.0;586.0;738.0;738.0;738.0;738.0;4522;4532
SE;SUDESTE;SE;SUDESTE;MT;MATO GROSSO;MT;MATO GROSSO;RONDONOPOLIS;COXIPO              ;230.0;BASICA         ;LINHA DE TRANSMISSÃO;AXIA NORTE;LT  230 kV RONDONOPOLIS         / COXIPO               C 2  MT;MTRP--2CX--2        ;1990-12-31;;;188.0;3.664;17.689;32.88;586.0;586.0;738.0;738.0;586.0;586.0;586.0;586.0;738.0;738.0;738.0;738.0;4522;4532
SE;SUDESTE;SE;SUDESTE;MT;MATO GROSSO;MT;MATO GROSSO;SE CUIABA;NOBRES              ;230.0;BASICA         ;LINHA DE TRANSMISSÃO;ETEM;LT  230 kV SE CUIABA            / NOBRES               C 1  MT;MTCB--2NB--1        ;2011-12-15;;2011-11-30;130.0;0.983;7.708;32.82;1400.0;1400.0;1750.0;1750.0;1400.0;1721.0;1496.0;1772.0;1750.0;1935.0;1840.0;1997.0;4515;4542
SE;SUDESTE;SE;SUDESTE;MT;MATO GROSSO;MT;MATO GROSSO;SE CUIABA;RONDONOPOLIS        ;230.0;BASICA         ;LINHA DE TRANSMISSÃO;AETE;LT  230 kV SE CUIABA            / RONDONOPOLIS         C 1  MT;MTCB--2RP--1        ;2005-08-21;;2005-08-16;171.0;1.345;10.589;45.37;1400.0;1400.0;1400.0;1400.0;1400.0;1726.0;1490.0;1777.0;1400.0;1939.0;1833.0;2001.0;4515;4522
SE;SUDESTE;SE;SUDESTE;MT;MATO GROSSO;MT;MATO GROSSO;SINOP;SORRISO             ;230.0;BASICA         ;LINHA DE TRANSMISSÃO;AXIA NORTE;LT  230 kV SINOP                / SORRISO              C 1  MT;MTSP--2SS--1        ;2010-05-23;2022-08-22;2010-06-30;74.8;1.112;6.738;12.774;;;;;668.0;687.0;668.0;750.0;842.0;842.0;842.0;856.0;4582;4562
SE;SUDESTE;SE;SUDESTE;MT;MATO GROSSO;MT;MATO GROSSO;SINOP;SORRISO             ;230.0;BASICA         ;LINHA DE TRANSMISSÃO;EBTE;LT  230 kV SINOP                / SORRISO              C 2  MT;MTSP--2SS--2        ;2011-03-18;;2011-03-31;76.1;1.181;6.705;13.77;700.0;700.0;875.0;875.0;700.0;941.0;814.0;969.0;875.0;1087.0;1001.0;1119.0;4582;4562
SE;SUDESTE;SE;SUDESTE;MT;MATO GROSSO;MT;MATO GROSSO;SINOP;SORRISO II          ;230.0;BASICA         ;LINHA DE TRANSMISSÃO;AXIA NORTE;LT  230 kV SINOP                / SORRISO II           C 1  MT;MTSP--2MTSR1        ;2022-08-22;;2021-01-31;53.73;0.86;5.023;9.52;668.0;668.0;842.0;842.0;;;;;;;;;4582;7736
SE;SUDESTE;SE;SUDESTE;MT;MATO GROSSO;MT;MATO GROSSO;SORRISO II;SORRISO             ;230.0;BASICA         ;LINHA DE TRANSMISSÃO;AXIA NORTE;LT  230 kV SORRISO II           / SORRISO              C 1  MT;MTMTSR2SS--1        ;2022-08-22;;2021-07-31;20.9;0.34;1.983;3.755;668.0;668.0;842.0;842.0;;;;;;;;;7736;4562
SE;SUDESTE;;;MT;MATO GROSSO;;;LUCAS R.VERDE;;230.0;COMPLEMENTAR   ;RAMAL DE LINHA;ENERGISA MT;RL  230 kV LUCAS R.VERDE        /   DLRV C  1 MT;MTLRV-2DLRV1        ;1990-12-31;2015-04-03;;0.1;0.0;0.01;0.0;;;;;;;;;;;;;4572;
SE;SUDESTE;;;MT;MATO GROSSO;;;NOVA MUTUM;;230.0;BASICA         ;RAMAL DE LINHA;AXIA NORTE;RL  230 kV NOVA MUTUM    C-1 LT COXIPO       /SINOP         C-1 MT;MTNM--2DNM-1-------1;1990-12-31;2009-11-15;;;0.0;0.01;0.0;;;;;;;;;;;;;4552;
SE;SUDESTE;;;MT;MATO GROSSO;;;NOVA MUTUM;;230.0;BASICA         ;RAMAL DE LINHA;AXIA NORTE;RL  230 kV NOVA MUTUM    C-1 LT NOBRES       /SINOP         C-1 MT;MTNM--2DNM-1        ;2001-04-29;2009-11-15;;0.1;0.0;0.01;0.0;;;;;;;;;;;;;4552;
SE;SUDESTE;;;MT;MATO GROSSO;;;SORRISO;;230.0;BASICA         ;RAMAL DE LINHA;AXIA NORTE;RL  230 kV SORRISO              /   RDSS C  1 MT ();MTSS--2DSS-1-------1;1990-12-31;2001-04-29;;;0.0;0.01;0.0;;;;;;;;;;;;;4562;
SE;SUDESTE;;;MT;MATO GROSSO;;;SORRISO;;230.0;BASICA         ;RAMAL DE LINHA;AXIA NORTE;RL  230 kV SORRISO       C-1 LT NOVA MUTUM   /SINOP         C-1 MT;MTSS--2DSS-1        ;2001-04-29;2010-05-23;;0.1;0.0;0.01;0.0;;;;;;;;;;;;;4562;
N;NORTE;N;NORTE;PA;PARA;PA;PARA;ALTAMIRA;RUROPOLIS           ;230.0;BASICA         ;LINHA DE TRANSMISSÃO;AXIA NORTE;LT  230 kV ALTAMIRA             / RUROPOLIS            C 1  PA;PAAT--2RU--1        ;1990-12-31;2016-06-19;;337.0;2.52;18.74;94.832;;;;;1336.0;1336.0;1336.0;1336.0;1683.0;1683.0;1683.0;1683.0;6521;6541
N;NORTE;N;NORTE;PA;PARA;PA;PARA;ALTAMIRA;SE PIMENTAL         ;230.0;COMPLEMENTAR   ;LINHA DE TRANSMISSÃO;NORTE ENERGIA SA;LT  230 kV ALTAMIRA             / SE PIMENTAL          C 1  PA;PAAT--2UPIM1        ;2016-04-03;;2016-02-28;61.0;0.47;4.2;15.49;;;;;;;;;;;;;6521;6554
N;NORTE;N;NORTE;PA;PARA;PA;PARA;ALTAMIRA;TRANSAMAZONIC       ;230.0;BASICA         ;LINHA DE TRANSMISSÃO;AXIA NORTE;LT  230 kV ALTAMIRA             / TRANSAMAZONIC        C 1  PA;PAAT--2TM--1        ;2016-06-19;;2017-01-20;184.6;1.452;10.47;53.12;1336.0;1000.0;1683.0;1000.0;1336.0;1336.0;1336.0;1336.0;1683.0;1683.0;1683.0;1683.0;6521;6531
N;NORTE;N;NORTE;PA;PARA;PA;PARA;ALTAMIRA;TRANSAMAZONIC       ;230.0;BASICA         ;LINHA DE TRANSMISSÃO;TAPAJOS TRANSMISSORA;LT  230 kV ALTAMIRA             / TRANSAMAZONIC        C 2  PA;PAAT--2TM--2        ;2020-01-12;;2019-12-31;188.0;1.4166;10.736;54.17;1595.0;1595.0;1975.0;1975.0;;;;;;;;;6521;6531
N;NORTE;N;NORTE;PA;PARA;PA;PARA;ALTAMIRA;XINGU               ;230.0;BASICA         ;LINHA DE TRANSMISSÃO;TAPAJOS TRANSMISSORA;LT  230 kV ALTAMIRA             / XINGU                C 1  PA;PAAT--2XNG-1        ;2019-09-24;;2019-10-30;61.0;0.456;3.428;17.07;1595.0;1595.0;1975.0;1975.0;;;;;;;;;6521;8106
N;NORTE;N;NORTE;PA;PARA;PA;PARA;CARAJAS;INTEGRADORA         ;230.0;COMPLEMENTAR   ;LINHA DE TRANSMISSÃO;AXIA NORTE;LT  230 kV CARAJAS              / INTEGRADORA          C 1  PA;PACJ--2IG--1        ;1990-12-31;;;75.3;1.306;7.363;13.27;549.4;549.4;692.0;692.0;549.4;549.4;549.4;555.0;692.0;692.0;692.0;692.0;6407;6561
N;NORTE;N;NORTE;PA;PARA;PA;PARA;CARAJAS;INTEGRADORA         ;230.0;BASICA         ;LINHA DE TRANSMISSÃO;AXIA NORTE;LT  230 kV CARAJAS              / INTEGRADORA          C 2  PA;PACJ--2IG--2        ;2008-04-06;;;83.0;1.123;7.655;15.84;692.0;692.0;872.0;872.0;692.0;708.0;692.0;716.0;872.0;872.0;872.0;872.0;6407;6561
N;NORTE;N;NORTE;PA;PARA;PA;PARA;CARAJAS;INTEGRADORA         ;230.0;BASICA         ;LINHA DE TRANSMISSÃO;AXIA NORTE;LT  230 kV CARAJAS              / INTEGRADORA          C 3  PA;PACJ--2IG--3        ;2009-04-19;;2009-04-15;83.0;1.126;7.651;15.85;692.0;692.0;872.0;872.0;692.0;708.0;692.0;716.0;872.0;872.0;872.0;872.0;6407;6561
N;NORTE;N;NORTE;PA;PARA;PA;PARA;CARAJAS;MARABA              ;230.0;BASICA         ;LINHA DE TRANSMISSÃO;AXIA NORTE;LT  230 kV CARAJAS              / MARABA               C 1  PA;PACJ--2MB--1        ;2009-04-19;;2009-04-15;145.0;2.56;13.82;25.86;416.7;416.7;525.0;525.0;417.0;417.0;417.0;417.0;525.0;525.0;525.0;525.0;6407;6401
N;NORTE;N;NORTE;PA;PARA;PA;PARA;CASTANHAL;MARITUBA            ;230.0;BASICA         ;LINHA DE TRANSMISSÃO;BELEM TRANSMISSORA7;LT  230 kV CASTANHAL            / MARITUBA             C 1  PA;PACN--2MAR-1        ;2020-12-29;;2021-02-28;68.6;0.5155;3.85;19.25;1735.0;1735.0;1995.0;1995.0;;;;;;;;;6489;6661
N;NORTE;N;NORTE;PA;PARA;PA;PARA;CASTANHAL;SANTA MARIA         ;230.0;BASICA         ;LINHA DE TRANSMISSÃO;ERTE;LT  230 kV CASTANHAL            / SANTA MARIA          C 1  PA;PACTH-2SR--2        ;2012-06-24;;2012-06-30;24.68;0.4;2.338;4.788;700.0;700.0;861.0;861.0;700.0;776.0;700.0;780.0;861.0;887.0;861.0;898.0;6489;6491
N;NORTE;N;NORTE;PA;PARA;PA;PARA;CASTANHAL;SANTA MARIA         ;230.0;BASICA         ;LINHA DE TRANSMISSÃO;AXIA NORTE;LT  230 kV CASTANHAL            / SANTA MARIA          C 2  PA;PACTH-2SR--1        ;2012-11-18;;2012-11-12;25.04;0.475;2.348;4.304;586.0;586.0;738.0;738.0;586.0;586.0;586.0;586.0;738.0;738.0;738.0;738.0;6489;6491
N;NORTE;N;NORTE;PA;PARA;PA;PARA;CASTANHAL;UTINGA              ;230.0;BASICA         ;LINHA DE TRANSMISSÃO;AXIA NORTE;LT  230 kV CASTANHAL            / UTINGA               C 1  PA;PACTH-2UG--1        ;2012-11-18;;2012-11-12;69.27;1.327;6.567;12.06;866.0;866.0;866.0;866.0;586.0;586.0;586.0;586.0;738.0;738.0;738.0;738.0;6489;6481
N;NORTE;N;NORTE;PA;PARA;PA;PARA;CASTANHAL;VILA DO CONDE       ;230.0;BASICA         ;LINHA DE TRANSMISSÃO;ERTE;LT  230 kV CASTANHAL            / VILA DO CONDE        C 1  PA;PACTH-2VC--1        ;2012-06-24;;2012-06-30;130.15;0.997;7.905;34.91;1400.0;1400.0;1722.0;1722.0;1400.0;1552.0;1400.0;1559.0;1722.0;1774.0;1722.0;1797.0;6489;6461
N;NORTE;N;NORTE;PA;PARA;PA;PARA;GUAMA;MARITUBA            ;230.0;BASICA         ;LINHA DE TRANSMISSÃO;AXIA NORTE;LT  230 kV GUAMA                / MARITUBA             C 1  PA;PAGM--2MAR-1        ;2020-08-16;;2020-10-01;10.0;0.1413;0.9951;3.651;1172.0;1172.0;1477.0;1477.0;;;;;;;;;6471;6661
N;NORTE;N;NORTE;PA;PARA;PA;PARA;GUAMA;MARITUBA            ;230.0;BASICA         ;LINHA DE TRANSMISSÃO;AXIA NORTE;LT  230 kV GUAMA                / MARITUBA             C 2  PA;PAGM--2MAR-2        ;2020-08-30;;2020-10-01;2.0;0.1413;0.9951;3.651;1172.0;1172.0;1477.0;1477.0;;;;;;;;;6471;6661
N;NORTE;N;NORTE;PA;PARA;PA;PARA;GUAMA;UTINGA              ;230.0;BASICA         ;LINHA DE TRANSMISSÃO;AXIA NORTE;LT  230 kV GUAMA                / UTINGA               C 1  PA;PAGM--2UG--1        ;1990-12-31;2020-08-16;;19.1;0.18;1.29;4.71;;;;;1172.0;1172.0;1172.0;1172.0;1477.0;1477.0;1477.0;1477.0;6471;6481
N;NORTE;N;NORTE;PA;PARA;PA;PARA;GUAMA;UTINGA              ;230.0;BASICA         ;LINHA DE TRANSMISSÃO;AXIA NORTE;LT  230 kV GUAMA                / UTINGA               C 2  PA;PAGM--2UG--2        ;1990-12-31;2020-08-30;;19.1;0.18;1.29;4.71;;;;;1172.0;1172.0;1172.0;1172.0;1477.0;1477.0;1477.0;1477.0;6471;6481
N;NORTE;N;NORTE;PA;PARA;PA;PARA;INTEGRADORA;ONCA PUMA           ;230.0;BASICA         ;LINHA DE TRANSMISSÃO;OURILANDIA;LT  230 kV INTEGRADORA          / ONCA PUMA            C 1  PA;PAIG--2ON--1        ;2008-12-20;;2019-06-27;181.0;2.218;17.08;34.02;715.0;715.0;960.0;960.0;;;;;;;;;6561;6565
N;NORTE;N;NORTE;PA;PARA;PA;PARA;INTEGRADORA;ONCA PUMA           ;230.0;BASICA         ;LINHA DE TRANSMISSÃO;OURILANDIA;LT  230 kV INTEGRADORA          / ONCA PUMA            C 2  PA;PAIG--2ON--2        ;2008-12-20;;2019-06-27;181.0;2.23;15.87;34.02;715.0;715.0;960.0;960.0;;;;;;;;;6561;6565
N;NORTE;N;NORTE;PA;PARA;PA;PARA;INTEGRADORA;XINGUARA 2          ;230.0;BASICA         ;LINHA DE TRANSMISSÃO;ATLANTICO;LT  230 kV INTEGRADORA          / XINGUARA 2           C 1  PA;PAIG--2XG--1        ;2013-09-07;;2013-09-30;79.0;1.3748;6.7018;12.21;695.0;695.0;930.0;930.0;695.0;843.0;742.0;852.0;930.0;930.0;930.0;934.0;6561;6571
N;NORTE;N;NORTE;PA;PARA;PA;PARA;INTEGRADORA;XINGUARA 2          ;230.0;BASICA         ;LINHA DE TRANSMISSÃO;ENERGISA PARÁ II;LT  230 kV INTEGRADORA          / XINGUARA 2           C 2  PA;PAIG--2XG--2        ;2021-02-16;;2021-07-31;72.3;1.356;6.806;12.688;695.0;695.0;930.0;930.0;705.0;834.0;695.0;838.0;937.0;999.0;930.0;1002.0;6561;6571
N;NORTE;N;NORTE;PA;PARA;PA;PARA;ITACAIUNAS;CARAJAS             ;230.0;BASICA         ;LINHA DE TRANSMISSÃO;TAESA;LT  230 kV ITACAIUNAS           / CARAJAS              C 1  PA;PAIT--2CJ--1        ;2008-04-27;;2008-04-27;110.0;0.69;7.102;27.3;1960.0;1960.0;1960.0;1960.0;1960.0;1971.0;1960.0;1984.0;1960.0;2264.0;2080.0;2296.0;6441;6407
N;NORTE;N;NORTE;PA;PARA;PA;PARA;ITACAIUNAS;CARAJAS             ;230.0;BASICA         ;LINHA DE TRANSMISSÃO;TAESA;LT  230 kV ITACAIUNAS           / CARAJAS              C 2  PA;PAIT--2CJ--2        ;2008-04-27;;2008-04-27;110.0;0.69;7.102;27.3;1960.0;1960.0;1960.0;1960.0;1960.0;1971.0;1960.0;1984.0;1960.0;2264.0;2080.0;2296.0;6441;6407
N;NORTE;N;NORTE;PA;PARA;PA;PARA;ITACAIUNAS;CARAJAS             ;230.0;BASICA         ;LINHA DE TRANSMISSÃO;EVOLTZ VIII;LT  230 kV ITACAIUNAS           / CARAJAS              C 3  PA;PAIN--2CJ--3        ;2014-01-30;;2014-01-31;108.0;0.699;7.036;27.3;1630.0;1630.0;1960.0;1960.0;1630.0;2099.0;1664.0;2096.0;1960.0;2184.0;1960.0;2209.0;6441;6407
N;NORTE;N;NORTE;PA;PARA;AP;AMAPA;JURUPARI;LARANJAL            ;230.0;BASICA         ;LINHA DE TRANSMISSÃO;LMTE;LT  230 kV JURUPARI             / LARANJAL             C 1  PA/AP;PAJRP-2LAL-1AP      ;2014-01-21;;2014-02-28;105.0;0.887;6.103;30.57;1400.0;1400.0;1750.0;1750.0;1400.0;1400.0;1400.0;1400.0;1750.0;1750.0;1750.0;1750.0;8250;8270
N;NORTE;N;NORTE;PA;PARA;AP;AMAPA;JURUPARI;LARANJAL            ;230.0;BASICA         ;LINHA DE TRANSMISSÃO;LMTE;LT  230 kV JURUPARI             / LARANJAL             C 2  PA/AP;PAJRP-2LAL-2AP      ;2014-01-21;;2014-02-28;105.0;0.887;6.103;30.57;1400.0;1400.0;1750.0;1750.0;1400.0;1400.0;1400.0;1400.0;1750.0;1750.0;1750.0;1750.0;8250;8270
N;NORTE;N;NORTE;PA;PARA;AP;AMAPA;JURUPARI;LARANJAL            ;230.0;BASICA         ;LINHA DE TRANSMISSÃO;AMAPAR;LT  230 kV JURUPARI             / LARANJAL             C 3  PA/AP;PAJRP-2LRJ-3AP      ;2022-09-04;;2023-03-22;105.0;0.815;6.0949;29.99;1400.0;1400.0;1750.0;1750.0;1410.0;1757.0;1400.0;1762.0;1758.0;1990.0;1750.0;1994.0;8250;8270
N;NORTE;N;NORTE;PA;PARA;AM;AMAZONAS;JURUTI;PARINTINS           ;230.0;BASICA         ;LINHA DE TRANSMISSÃO;PARINTINS AMAZONAS;LT  230 kV JURUTI               / PARINTINS            C 1  PA/AM;PAJUR-2PAR-1AM      ;2023-06-14;;2024-03-22;102.0;1.2477;8.8039;17.72;890.0;890.0;1104.0;1104.0;891.0;1033.0;890.0;1033.0;1105.0;1187.0;1104.0;1187.0;8321;8331
N;NORTE;N;NORTE;PA;PARA;AM;AMAZONAS;JURUTI;PARINTINS           ;230.0;BASICA         ;LINHA DE TRANSMISSÃO;PARINTINS AMAZONAS;LT  230 kV JURUTI               / PARINTINS            C 2  PA/AM;PAJUR-2PAR-2AM      ;2023-06-14;;2024-03-22;102.0;1.2477;8.8039;17.72;890.0;890.0;1104.0;1104.0;891.0;1033.0;890.0;1033.0;1105.0;1187.0;1104.0;1187.0;8321;8331
N;NORTE;N;NORTE;PA;PARA;PA;PARA;MARITUBA;UTINGA              ;230.0;BASICA         ;LINHA DE TRANSMISSÃO;AXIA NORTE;LT  230 kV MARITUBA             / UTINGA               C 1  PA;PAMAR-2UG--1        ;2020-08-16;;2020-10-01;10.1;0.0877;0.6179;2.268;1172.0;1172.0;1477.0;1477.0;;;;;;;;;6661;6481
N;NORTE;N;NORTE;PA;PARA;PA;PARA;MARITUBA;UTINGA              ;230.0;BASICA         ;LINHA DE TRANSMISSÃO;AXIA NORTE;LT  230 kV MARITUBA             / UTINGA               C 2  PA;PAMAR-2UG--2        ;2020-08-30;;2020-10-01;2.0;0.0877;0.6179;2.268;1172.0;1172.0;1477.0;1477.0;;;;;;;;;6661;6481
N;NORTE;N;NORTE;PA;PARA;PA;PARA;MARITUBA;UTINGA              ;230.0;BASICA         ;LINHA DE TRANSMISSÃO;BRLIG;LT  230 kV MARITUBA             / UTINGA               C 3  PA;PAMAR-2UG--4        ;2022-07-28;;2022-05-15;9.53;0.092;0.576;2.63;1535.0;1535.0;1765.0;1765.0;;;;;;;;;6661;6481
N;NORTE;N;NORTE;PA;PARA;PA;PARA;MARITUBA;UTINGA              ;230.0;BASICA         ;LINHA DE TRANSMISSÃO;BRLIG;LT  230 kV MARITUBA             / UTINGA               C 4  PA;PAMAR-2UG--3        ;2022-07-28;;2022-05-15;9.53;0.092;0.576;2.63;1535.0;1535.0;1765.0;1765.0;;;;;;;;;6661;6481
N;NORTE;N;NORTE;PA;PARA;PA;PARA;MIRAMAR;UTINGA              ;230.0;BASICA         ;LINHA DE TRANSMISSÃO;AXIA NORTE;LT  230 kV MIRAMAR              / UTINGA               C 1  PA;PAMD--2UG--1        ;2016-04-19;;2016-01-31;15.0;0.168;1.057;3.882;1532.6;1532.6;1762.49;1762.49;;;;;;;;;6710;6481
N;NORTE;N;NORTE;PA;PARA;PA;PARA;MIRAMAR;UTINGA              ;230.0;BASICA         ;LINHA DE TRANSMISSÃO;AXIA NORTE;LT  230 kV MIRAMAR              / UTINGA               C 2  PA;PAMD--2UG--2        ;2016-04-19;;2016-01-31;15.0;0.168;1.057;3.882;1532.6;1532.6;1762.49;1762.49;;;;;;;;;6710;6481
N;NORTE;N;NORTE;PA;PARA;PA;PARA;ORIXIMINA;JURUTI              ;230.0;BASICA         ;LINHA DE TRANSMISSÃO;PARINTINS AMAZONAS;LT  230 kV ORIXIMINA            / JURUTI               C 1  PA;PAJUR-2ORX-1        ;2023-05-13;;2024-03-22;128.62;1.6537;11.693;23.61;890.0;890.0;1104.0;1104.0;890.0;1036.0;896.0;1038.0;1104.0;1190.0;1108.0;1192.0;8311;8321
N;NORTE;N;NORTE;PA;PARA;PA;PARA;ORIXIMINA;JURUTI              ;230.0;BASICA         ;LINHA DE TRANSMISSÃO;PARINTINS AMAZONAS;LT  230 kV ORIXIMINA            / JURUTI               C 2  PA;PAJUR-2ORX-2        ;2023-05-13;;2024-03-22;128.62;1.6537;11.693;23.61;890.0;890.0;1104.0;1104.0;890.0;1036.0;896.0;1038.0;1104.0;1190.0;1108.0;1192.0;8311;8321
N;NORTE;N;NORTE;PA;PARA;PA;PARA;RUROPOLIS;TRANSAMAZONIC       ;230.0;BASICA         ;LINHA DE TRANSMISSÃO;AXIA NORTE;LT  230 kV RUROPOLIS            / TRANSAMAZONIC        C 1  PA;PARU--2TM--1        ;2016-06-19;;2016-06-19;145.4;1.152;8.276;41.76;1336.0;1000.0;1683.0;1000.0;1336.0;1336.0;1336.0;1336.0;1683.0;1683.0;1683.0;1683.0;6541;6531
N;NORTE;N;NORTE;PA;PARA;PA;PARA;SANT. ARAGUAIA;XINGUARA 2          ;230.0;BASICA         ;LINHA DE TRANSMISSÃO;ENERGISA PARÁ I;LT  230 kV SANT. ARAGUAIA       / XINGUARA 2           C 1  PA;PASNA-2XG--1        ;2020-11-13;;2022-02-11;267.4;3.971;24.291;48.78;700.0;700.0;880.0;880.0;;;;;;;;;6562;6571
N;NORTE;N;NORTE;PA;PARA;PA;PARA;SANT. ARAGUAIA;XINGUARA 2          ;230.0;BASICA         ;LINHA DE TRANSMISSÃO;ENERGISA PARÁ I;LT  230 kV SANT. ARAGUAIA       / XINGUARA 2           C 2  PA;PASNA-2XG--2        ;2020-11-13;;2022-02-11;267.4;3.971;24.291;48.78;700.0;700.0;880.0;880.0;;;;;;;;;6562;6571
N;NORTE;N;NORTE;PA;PARA;PA;PARA;TAPAJOS II;TRANSAMAZONIC       ;230.0;BASICA         ;LINHA DE TRANSMISSÃO;TAPAJOS TRANSMISSORA;LT  230 kV TAPAJOS II           / TRANSAMAZONIC        C 1  PA;PATA2-2TM--1        ;2020-01-12;;2020-02-28;187.0;2.215;17.766;34.07;850.0;850.0;1060.0;1060.0;;;;;;;;;6551;6531
N;NORTE;N;NORTE;PA;PARA;PA;PARA;TOME ACU;VILA DO CONDE       ;230.0;BASICA         ;LINHA DE TRANSMISSÃO;ETEPA;LT  230 kV TOME ACU             / VILA DO CONDE        C 2  PA;PATE--2VC--2        ;2023-04-04;;2021-07-13;124.67;1.921;11.49;22.44;700.0;700.0;875.0;875.0;;;;;;;;;6535;6461
N;NORTE;N;NORTE;PA;PARA;PA;PARA;TUCURUI;ALTAMIRA            ;230.0;BASICA         ;LINHA DE TRANSMISSÃO;AXIA NORTE;LT  230 kV TUCURUI              / ALTAMIRA             C 1  PA;PATC--2AT--1        ;1998-06-06;;;325.0;2.38;18.08;94.67;1336.0;1080.0;1683.0;1080.0;1336.0;1336.0;1336.0;1336.0;1683.0;1683.0;1683.0;1683.0;6416;6521
N;NORTE;N;NORTE;PA;PARA;PA;PARA;UHE PIMENTAL;SE PIMENTAL         ;230.0;COMPLEMENTAR   ;LINHA DE TRANSMISSÃO;NORTE ENERGIA SA;LT  230 kV UHE PIMENTAL         / SE PIMENTAL          C 1  PA;PAPI--2PM--1        ;2016-04-28;;2016-02-28;5.0;0.47;4.02;15.2;;;;;;;;;;;;;93620;6554
N;NORTE;N;NORTE;PA;PARA;PA;PARA;UHE PIMENTAL;SE PIMENTAL         ;230.0;COMPLEMENTAR   ;LINHA DE TRANSMISSÃO;NORTE ENERGIA SA;LT  230 kV UHE PIMENTAL         / SE PIMENTAL          C 2  PA;PAPI--2PM--2        ;2016-08-05;;2016-02-28;5.0;0.47;4.02;15.2;;;;;;;;;;;;;93620;6554
N;NORTE;N;NORTE;PA;PARA;PA;PARA;UHE PIMENTAL;SE PIMENTAL         ;230.0;COMPLEMENTAR   ;LINHA DE TRANSMISSÃO;NORTE ENERGIA SA;LT  230 kV UHE PIMENTAL         / SE PIMENTAL          C 3  PA;PAPI--2PM--3        ;2017-01-06;;2016-02-28;5.0;0.47;4.02;15.2;;;;;;;;;;;;;93620;6554
N;NORTE;N;NORTE;PA;PARA;PA;PARA;UT NT BARCARENA;VILA DO CONDE       ;230.0;COMPLEMENTAR   ;LINHA DE TRANSMISSÃO;CELBA 2;LT  230 kV UT NT BARCARENA      / VILA DO CONDE        C 1  PA;PANTB-2VC--1        ;2025-07-29;;2025-11-23;5.5;0.035;0.355;1.325;;;;;;;;;;;;;8422;6461
N;NORTE;N;NORTE;PA;PARA;PA;PARA;UTINGA;SANTA MARIA         ;230.0;BASICA         ;LINHA DE TRANSMISSÃO;AXIA NORTE;LT  230 kV UTINGA       /SANTA MARIA   C-1 PA;PAUG--2SR--1        ;1997-11-11;2012-11-18;;93.8;1.57;8.83;15.21;;;;;;;;;;;;;6481;6491
N;NORTE;N;NORTE;PA;PARA;PA;PARA;VILA DO CONDE;GUAMA               ;230.0;BASICA         ;LINHA DE TRANSMISSÃO;AXIA NORTE;LT  230 kV VILA DO CONDE        / GUAMA                C 1  PA;PAVC--2GM--1        ;1990-12-31;;;49.3;0.48;3.33;12.12;1533.0;1533.0;1762.0;1762.0;1533.0;1533.0;1533.0;1533.0;1763.0;1763.0;1763.0;1763.0;6461;6471
N;NORTE;N;NORTE;PA;PARA;PA;PARA;VILA DO CONDE;GUAMA               ;230.0;BASICA         ;LINHA DE TRANSMISSÃO;AXIA NORTE;LT  230 kV VILA DO CONDE        / GUAMA                C 2  PA;PAVC--2GM--2        ;1992-01-30;;;49.3;0.48;3.33;12.12;1533.0;1533.0;1762.0;1762.0;1533.0;1533.0;1533.0;1533.0;1763.0;1763.0;1763.0;1763.0;6461;6471
N;NORTE;N;NORTE;PA;PARA;PA;PARA;VILA DO CONDE;SANTA MARIA         ;230.0;BASICA         ;LINHA DE TRANSMISSÃO;ERTE;LT  230 kV VILA DO CONDE        / SANTA MARIA          C 1  PA;PAVC--2SR--1        ;2004-09-15;2012-06-24;2004-11-30;142.0;1.4;10.24;39.35;;;;;;;;;;;;;6461;6491
N;NORTE;;;PA;PARA;;;TRANSAMAZONIC;;230.0;BASICA         ;RAMAL DE LINHA;AXIA NORTE;RL  230 kV TRANSAMAZONIC        /   DTTM C  1 PA;PATM--2DTM-1        ;1990-12-31;2016-05-17;;0.1;0.0;0.01;0.0;;;;;;;;;;;;;6531;
N;NORTE;;;PA;PARA;;;XINGU;;230.0;BASICA         ;RAMAL DE LINHA;LXTE;RL  230 kV XINGU                /   DXNG C  1 PA;PAXNG-2DXNG1        ;2014-10-01;2019-09-24;2014-07-02;0.5;0.0;0.01;0.0;;;;;;;;;;;;;8106;
NE;NORDESTE;NE;NORDESTE;PB;PARAIBA;PB;PARAIBA;C.GRANDE II;C.GRANDE III        ;230.0;BASICA         ;LINHA DE TRANSMISSÃO;AXIA NORDESTE;LT  230 kV C.GRANDE II          / C.GRANDE III         C V3 PB (04V3);PBCGD-2CGT-2        ;2015-03-28;;2015-03-29;8.5;0.1;0.73;2.72;1265.0;1265.0;1590.0;1590.0;1265.0;1636.0;1309.0;1661.0;1590.0;1793.0;1590.0;1827.0;5222;5202
NE;NORDESTE;NE;NORDESTE;PB;PARAIBA;PB;PARAIBA;C.GRANDE II;C.GRANDE III        ;230.0;BASICA         ;LINHA DE TRANSMISSÃO;AXIA NORDESTE;LT  230 kV C.GRANDE II          / C.GRANDE III         C V4 PB (04V4);PBCGD-2CGT-3        ;2015-04-12;;2015-04-30;10.3;0.1;0.73;2.72;1262.0;1262.0;1590.0;1590.0;1265.0;1636.0;1309.0;1661.0;1590.0;1793.0;1590.0;1827.0;5222;5202
NE;NORDESTE;NE;NORDESTE;PB;PARAIBA;PB;PARAIBA;C.GRANDE II;C.GRANDE III        ;230.0;BASICA         ;LINHA DE TRANSMISSÃO;AXIA NORDESTE;LT  230 kV C.GRANDE II          / C.GRANDE III         C V5 PB (04V5);PBCGD-2CGT-1        ;2015-05-12;;2015-04-30;8.5;0.09;0.65;2.46;1265.0;1265.0;1590.0;1590.0;1265.0;1265.0;1265.0;1265.0;1590.0;1590.0;1590.0;1590.0;5222;5202
NE;NORDESTE;NE;NORDESTE;PB;PARAIBA;PB;PARAIBA;C.GRANDE II;COTEMINAS           ;230.0;BASICA         ;LINHA DE TRANSMISSÃO;AXIA NORDESTE;LT  230 kV C.GRANDE II          / COTEMINAS            C C3 PB (04C3);PBCGD-2CTM-1        ;2009-12-18;;2009-11-30;2.3;0.02;0.17;0.62;1262.0;1200.0;1590.0;1200.0;1262.0;1325.0;1262.0;1325.0;1590.0;1751.0;1613.0;1650.0;5222;5216
NE;NORDESTE;NE;NORDESTE;PB;PARAIBA;RN;RIO GRANDE DO NORTE;C.GRANDE II;EXTREMOZ II         ;230.0;BASICA         ;LINHA DE TRANSMISSÃO;AXIA NORDESTE;LT  230 kV C.GRANDE II          / EXTREMOZ II          C V3 PB/RN (04V3);PBCGD-2ETD-1RN      ;2014-02-16;2015-03-28;2014-02-28;192.8;1.75;12.73;47.92;;;;;;;;;;;;;5222;6131
NE;NORDESTE;NE;NORDESTE;PB;PARAIBA;PE;PERNAMBUCO;C.GRANDE II;MIRUEIRA            ;230.0;BASICA         ;LINHA DE TRANSMISSÃO;AXIA NORDESTE;LT  230 kV C.GRANDE II          / MIRUEIRA             C F6 PB/PE (04F6);PBCGD-2MRR-1PE      ;1999-10-21;2002-08-29;;148.6;1.35;9.87;36.7;;;;;;;;;;;;;5222;5191
NE;NORDESTE;NE;NORDESTE;PB;PARAIBA;RN;RIO GRANDE DO NORTE;C.GRANDE II;NATAL II            ;230.0;BASICA         ;LINHA DE TRANSMISSÃO;AXIA NORDESTE;LT  230 kV C.GRANDE II          / NATAL II             C V2 PB/RN (04V2);PBCGD-2NTD-2RN      ;1990-12-31;2004-02-10;;214.5;3.86;19.93;38.06;;;;;;;;;;;;;5222;5241
NE;NORDESTE;NE;NORDESTE;PB;PARAIBA;RN;RIO GRANDE DO NORTE;C.GRANDE II;NATAL III           ;230.0;BASICA         ;LINHA DE TRANSMISSÃO;AXIA NORDESTE;LT  230 kV C.GRANDE II          / NATAL III            C V3 PB/RN (04V3);PBCGD-2NTS-1RN      ;2012-09-02;2014-02-16;2012-08-31;176.6;1.61;11.72;43.94;;;;;1262.0;1325.0;1262.0;1325.0;1590.0;1691.0;1590.0;1590.0;5222;5245
NE;NORDESTE;NE;NORDESTE;PB;PARAIBA;RN;RIO GRANDE DO NORTE;C.GRANDE II;NATAL III           ;230.0;BASICA         ;LINHA DE TRANSMISSÃO;AXIA NORDESTE;LT  230 kV C.GRANDE II          / NATAL III            C V4 PB/RN (04V4);PBCGD-2NTS-2RN      ;2012-08-26;2015-04-12;2012-08-31;176.6;1.62;11.7;43.96;;;;;1262.0;1325.0;1262.0;1325.0;1590.0;1691.0;1590.0;1590.0;5222;5245
NE;NORDESTE;NE;NORDESTE;PB;PARAIBA;RN;RIO GRANDE DO NORTE;C.GRANDE II;PARAISO             ;230.0;BASICA         ;LINHA DE TRANSMISSÃO;AXIA NORDESTE;LT  230 kV C.GRANDE II          / PARAISO              C V1 PB/RN (04V1);PBCGD-2PRS-2RN      ;2009-12-19;;2009-12-13;117.7;2.16;11.06;20.9;631.0;631.0;795.0;795.0;631.0;663.0;631.0;663.0;795.0;863.0;795.0;809.0;5222;5254
NE;NORDESTE;NE;NORDESTE;PB;PARAIBA;RN;RIO GRANDE DO NORTE;C.GRANDE II;PARAISO             ;230.0;BASICA         ;LINHA DE TRANSMISSÃO;AXIA NORDESTE;LT  230 kV C.GRANDE II          / PARAISO              C V2 PB/RN (04V2);PBCGD-2PRS-1RN      ;2004-02-10;;2004-01-31;117.65;2.16;11.06;20.9;631.0;631.0;795.0;795.0;631.0;663.0;631.0;663.0;795.0;863.0;795.0;809.0;5222;5254
NE;NORDESTE;NE;NORDESTE;PB;PARAIBA;PB;PARAIBA;C.GRANDE II;UT.CAM.GRANDE       ;230.0;COMPLEMENTAR   ;LINHA DE TRANSMISSÃO;BORBOREMA ENERGETICA;LT  230 kV C.GRANDE II          / UT.CAM.GRANDE        C P1 PB (04P1);PBCGD-2UTG-1        ;2011-02-08;;2011-01-31;3.5;0.0665;0.3325;0.0;;;;;;;;;;;;;5222;44110
NE;NORDESTE;NE;NORDESTE;PB;PARAIBA;RN;RIO GRANDE DO NORTE;C.GRANDE II;NATAL II            ;230.0;BASICA         ;LINHA DE TRANSMISSÃO;AXIA NORDESTE;LT  230 kV C.GRANDE II  /NATAL II      C-1 PB/RN (04V1);PBCGD-2NTD-1RN      ;1999-10-19;2009-12-19;;214.7;3.86;19.94;38.02;;;;;;;;;;;;;5222;5241
NE;NORDESTE;NE;NORDESTE;PB;PARAIBA;RN;RIO GRANDE DO NORTE;C.GRANDE II;NATAL II            ;230.0;BASICA         ;LINHA DE TRANSMISSÃO;AXIA NORDESTE;LT  230 kV C.GRANDE II  /NATAL II      C-3 PB/RN (04V3);PBCGD-2NTD-3RN      ;1990-12-31;2012-09-02;;187.0;1.71;12.45;46.84;;;;;;;;;;;;;5222;5241
NE;NORDESTE;NE;NORDESTE;PB;PARAIBA;RN;RIO GRANDE DO NORTE;C.GRANDE II;NATAL II            ;230.0;BASICA         ;LINHA DE TRANSMISSÃO;AXIA NORDESTE;LT  230 kV C.GRANDE II  /NATAL II      C-4 PB/RN (04V4);PBCGD-2NTD-4RN      ;2002-10-11;2012-08-26;2002-06-30;187.0;1.71;12.45;46.84;;;;;;;;;;;;;5222;5241
NE;NORDESTE;NE;NORDESTE;PB;PARAIBA;RN;RIO GRANDE DO NORTE;C.GRANDE III;EXTREMOZ II         ;230.0;BASICA         ;LINHA DE TRANSMISSÃO;AXIA NORDESTE;LT  230 kV C.GRANDE III         / EXTREMOZ II          C M1 PB/RN (04M1);PBCGT-2ETD-1RN      ;2015-03-28;2023-10-31;2015-03-29;192.0;1.74;12.7;47.66;;;;;1262.0;1325.0;1262.0;1325.0;1590.0;1691.0;1590.0;1590.0;5202;6131
NE;NORDESTE;NE;NORDESTE;PB;PARAIBA;RN;RIO GRANDE DO NORTE;C.GRANDE III;EXTREMOZ II         ;230.0;BASICA         ;LINHA DE TRANSMISSÃO;AXIA NORDESTE;LT  230 kV C.GRANDE III         / EXTREMOZ II          C M2 PB/RN (04M2);PBCGT-2ETD-2RN      ;2019-12-09;;2019-12-24;192.2;1.75;12.66;47.66;1262.0;1262.0;1590.0;1590.0;;;;;;;;;5202;6131
NE;NORDESTE;NE;NORDESTE;PB;PARAIBA;RN;RIO GRANDE DO NORTE;C.GRANDE III;NATAL III           ;230.0;BASICA         ;LINHA DE TRANSMISSÃO;AXIA NORDESTE;LT  230 kV C.GRANDE III         / NATAL III            C M2 PB/RN (04M2);PBCGT-2NTT-1RN      ;2015-04-12;2019-12-09;2015-04-30;175.5;1.6;11.58;43.5;;;;;1262.0;1325.0;1262.0;1325.0;1590.0;1691.0;1590.0;1590.0;5202;5245
NE;NORDESTE;NE;NORDESTE;PB;PARAIBA;PB;PARAIBA;COREMAS;RIO ALTO            ;230.0;COMPLEMENTAR   ;LINHA DE TRANSMISSÃO;COREMAS I;LT  230 kV COREMAS              / RIO ALTO             C P1 PB (04P1);PBCMA-2RAL-1        ;2018-10-16;;2018-05-31;7.5;0.1466;0.7;1.286;;;;;;;;;;;;;5621;5958
NE;NORDESTE;NE;NORDESTE;PB;PARAIBA;PB;PARAIBA;EPASA;MUSSURE II          ;230.0;COMPLEMENTAR   ;LINHA DE TRANSMISSÃO;EPASA;LT  230 kV EPASA                / MUSSURE II           C P1 PB (04P1);PBEPA-2MRD-1        ;2010-12-22;;2011-01-31;5.0;0.01;0.02;0.06;;;;;;;;;;;;;5217;5211
NE;NORDESTE;NE;NORDESTE;PB;PARAIBA;PB;PARAIBA;EPASA;TERMONORDESTE       ;230.0;COMPLEMENTAR   ;LINHA DE TRANSMISSÃO;EPASA;LT  230 kV EPASA                / TERMONORDESTE        C B1 PB (04B1);PBEPA-2UTN-1        ;2010-12-24;;2011-01-31;0.1;0.01;0.01;0.0;;;;;;;;;;;;;5217;44109
NE;NORDESTE;NE;NORDESTE;PB;PARAIBA;PB;PARAIBA;EPASA;TERMOPARAIBA        ;230.0;COMPLEMENTAR   ;LINHA DE TRANSMISSÃO;EPASA;LT  230 kV EPASA                / TERMOPARAIBA         C A1 PB (04A1);PBEPA-2UTP-1        ;2011-01-13;;2011-01-31;0.1;0.01;0.01;0.0;;;;;;;;;;;;;5217;44108
NE;NORDESTE;NE;NORDESTE;PB;PARAIBA;PB;PARAIBA;JOAO PESSOA II;MUSSURE II          ;230.0;BASICA         ;LINHA DE TRANSMISSÃO;AXIA NORDESTE;LT  230 kV JOAO PESSOA II       / MUSSURE II           C F1 PB (04F1);PBJPII2MRD-1        ;2022-09-27;;2022-05-07;5.77;0.104;0.506;0.953;631.0;631.0;795.0;795.0;631.0;663.0;631.0;663.0;795.0;856.0;795.0;811.0;5837;5211
NE;NORDESTE;NE;NORDESTE;PB;PARAIBA;PB;PARAIBA;JOAO PESSOA II;MUSSURE II          ;230.0;BASICA         ;LINHA DE TRANSMISSÃO;AXIA NORDESTE;LT  230 kV JOAO PESSOA II       / MUSSURE II           C F2 PB (04F2);PBJPII2MRD-2        ;2022-09-21;;2022-05-07;5.4;0.104;0.506;0.953;631.0;631.0;795.0;795.0;795.0;856.0;795.0;811.0;631.0;663.0;631.0;663.0;5837;5211
NE;NORDESTE;NE;NORDESTE;PB;PARAIBA;PB;PARAIBA;JOAO PESSOA II;SANTA RITA II       ;230.0;BASICA         ;LINHA DE TRANSMISSÃO;AXIA NORDESTE;LT  230 kV JOAO PESSOA II       / SANTA RITA II        C F4 PB (04F4);PBJPII2SRD-1        ;2022-09-17;;2022-05-07;13.7;0.264;1.284;2.416;631.0;631.0;795.0;795.0;631.0;663.0;631.0;663.0;795.0;856.0;795.0;812.0;5837;5271
NE;NORDESTE;NE;NORDESTE;PB;PARAIBA;PB;PARAIBA;JOAO PESSOA II;SANTA RITA II       ;230.0;BASICA         ;LINHA DE TRANSMISSÃO;AXIA NORDESTE;LT  230 kV JOAO PESSOA II       / SANTA RITA II        C J1 PB (04J1);PBJPII2SRD-2        ;2022-09-26;;2022-05-07;13.11;0.264;1.284;2.416;631.0;631.0;795.0;795.0;631.0;663.0;631.0;663.0;795.0;856.0;795.0;812.0;5837;5271
NE;NORDESTE;NE;NORDESTE;PB;PARAIBA;PB;PARAIBA;MUSSURE II;NORFIL              ;230.0;BASICA         ;LINHA DE TRANSMISSÃO;TAESA;LT  230 kV MUSSURE II           / NORFIL               C F3 PB (04F3);PBMRD-2NFL-1        ;2014-05-07;;2014-02-28;2.0;0.035;0.187;0.344;502.0;502.0;628.0;628.0;502.0;502.0;502.0;502.0;628.0;628.0;628.0;628.0;5211;5212
NE;NORDESTE;NE;NORDESTE;PB;PARAIBA;PB;PARAIBA;MUSSURE II;SANTA RITA II       ;230.0;BASICA         ;LINHA DE TRANSMISSÃO;AXIA NORDESTE;LT  230 kV MUSSURE II           / SANTA RITA II        C F1 PB (04F1);PBMRD-2SRD-1        ;2012-07-08;2022-09-26;2012-07-30;18.6;0.32;1.61;3.0;;;;;631.0;663.0;631.0;663.0;795.0;856.0;795.0;812.0;5211;5271
NE;NORDESTE;NE;NORDESTE;PB;PARAIBA;PB;PARAIBA;RIACHAO II;C.GRANDE III        ;230.0;BASICA         ;LINHA DE TRANSMISSÃO;AXIA NORDESTE;LT  230 kV RIACHAO II           / C.GRANDE III         C M1 PB (04M1);RNRID-2CGT-1PB      ;2023-11-02;;2023-05-31;95.6;0.883;6.389;23.71;1262.0;1262.0;1590.0;1590.0;;;;;;;;;45086;5202
NE;NORDESTE;NE;NORDESTE;PB;PARAIBA;RN;RIO GRANDE DO NORTE;RIACHAO II;EXTREMOZ II         ;230.0;BASICA         ;LINHA DE TRANSMISSÃO;AXIA NORDESTE;LT  230 kV RIACHAO II           / EXTREMOZ II          C M3 PB/RN (04M3);RNRID-2ETD-1        ;2023-11-02;;2023-05-31;97.04;0.896;6.482;24.06;1262.0;1262.0;1590.0;1590.0;;;;;;;;;45086;6131
NE;NORDESTE;NE;NORDESTE;PE;PERNAMBUCO;PE;PERNAMBUCO;ALDEIA;PAU FERRO           ;230.0;COMPLEMENTAR   ;LINHA DE TRANSMISSÃO;EPESA;LT  230 kV ALDEIA               / PAU FERRO            C P1 PE (04P1);PEADE-2PFE-1        ;2009-06-07;;2009-06-30;0.46;0.1;0.2;0.1;;;;;;;;;;;;;47640;5181
NE;NORDESTE;NE;NORDESTE;PE;PERNAMBUCO;PE;PERNAMBUCO;ALDEIA;TERMOMANAUS         ;230.0;COMPLEMENTAR   ;LINHA DE TRANSMISSÃO;EPESA;LT  230 kV ALDEIA               / TERMOMANAUS          C W1 PE (04W1);PEADE-2UTM-1        ;2009-06-18;2024-01-01;2009-06-30;0.1;0.01;0.02;0.0;;;;;;;;;;;;;47640;90303
NE;NORDESTE;NE;NORDESTE;PE;PERNAMBUCO;PE;PERNAMBUCO;ALDEIA;UTE P.FERRO 1       ;230.0;COMPLEMENTAR   ;LINHA DE TRANSMISSÃO;EPESA;LT  230 kV ALDEIA               / UTE P.FERRO 1        C T3 PE (04T3);PEADE-2UPF11        ;2009-06-18;2024-01-01;2009-06-30;0.1;0.01;0.02;0.0;;;;;;;;;;;;;47640;94361
NE;NORDESTE;NE;NORDESTE;PE;PERNAMBUCO;PB;PARAIBA;ANGELIM;C.GRANDE II         ;230.0;BASICA         ;LINHA DE TRANSMISSÃO;TAESA;LT  230 kV ANGELIM              / C.GRANDE II          C C5 PE/PB (04C5);PEAGL-2CGD-1PB      ;2004-01-25;;2003-12-08;186.0;1.774;12.622;45.99;628.0;628.0;1004.0;1004.0;628.0;1532.0;1255.0;1566.0;1004.0;1747.0;1581.0;1788.0;5101;5222
NE;NORDESTE;NE;NORDESTE;PE;PERNAMBUCO;PE;PERNAMBUCO;ANGELIM;GARANHUNS II        ;230.0;BASICA         ;LINHA DE TRANSMISSÃO;AXIA NORDESTE;LT  230 kV ANGELIM              / GARANHUNS II         C N2 PE (04N2);PEAGL-2GRD-2        ;2015-09-12;;2015-09-15;12.0;0.107;0.582;3.982;874.0;874.0;1242.0;1242.0;437.0;546.0;437.0;551.0;621.0;621.0;621.0;621.0;5101;5091
NE;NORDESTE;NE;NORDESTE;PE;PERNAMBUCO;PE;PERNAMBUCO;ANGELIM;GARANHUNS II        ;230.0;BASICA         ;LINHA DE TRANSMISSÃO;AXIA NORDESTE;LT  230 kV ANGELIM              / GARANHUNS II         C N4 PE (04N4);PEAGL-2GRD-3        ;2015-09-04;;2015-09-15;12.0;0.106;0.9076;2.687;874.0;874.0;1241.0;1241.0;874.0;1093.0;874.0;1101.0;1241.0;1526.0;1241.0;1459.0;5101;5091
NE;NORDESTE;NE;NORDESTE;PE;PERNAMBUCO;PE;PERNAMBUCO;ANGELIM;GARANHUNS II        ;230.0;BASICA         ;LINHA DE TRANSMISSÃO;IE GARANHUNS;LT  230 kV ANGELIM              / GARANHUNS II         C N6 PE (04N6);PEAGL-2GRD-4        ;2016-03-06;;2016-03-01;12.0;0.118;0.822;2.96;1250.0;1250.0;1590.0;1590.0;1250.0;1594.0;1330.0;1621.0;1590.0;1803.0;1653.0;1837.0;5101;5091
NE;NORDESTE;NE;NORDESTE;PE;PERNAMBUCO;AL;ALAGOAS;ANGELIM;MESSIAS             ;230.0;BASICA         ;LINHA DE TRANSMISSÃO;AXIA NORDESTE;LT  230 kV ANGELIM              / MESSIAS              C M7 PE/AL (04M7);PEAGL-2MSI-1AL      ;1990-12-31;;;78.8;1.44;7.35;13.74;437.0;437.0;621.0;590.0;437.0;546.0;437.0;551.0;621.0;621.0;621.0;621.0;5101;5301
NE;NORDESTE;NE;NORDESTE;PE;PERNAMBUCO;AL;ALAGOAS;ANGELIM;MESSIAS             ;230.0;BASICA         ;LINHA DE TRANSMISSÃO;AXIA NORDESTE;LT  230 kV ANGELIM              / MESSIAS              C M8 PE/AL (04M8);PEAGL-2MSI-2AL      ;1990-12-31;;;78.8;1.44;7.35;13.74;437.0;437.0;621.0;590.0;437.0;546.0;437.0;551.0;621.0;621.0;621.0;621.0;5101;5301
NE;NORDESTE;NE;NORDESTE;PE;PERNAMBUCO;AL;ALAGOAS;ANGELIM;MESSIAS             ;230.0;BASICA         ;LINHA DE TRANSMISSÃO;AXIA NORDESTE;LT  230 kV ANGELIM              / MESSIAS              C M9 PE/AL (04M9);PEAGL-2MSI-3AL      ;1990-12-31;;;79.1;1.46;7.7;13.42;631.0;631.0;795.0;795.0;631.0;663.0;631.0;663.0;795.0;868.0;795.0;825.0;5101;5301
NE;NORDESTE;NE;NORDESTE;PE;PERNAMBUCO;PE;PERNAMBUCO;ANGELIM;RECIFE II           ;230.0;BASICA         ;LINHA DE TRANSMISSÃO;AXIA NORDESTE;LT  230 kV ANGELIM              / RECIFE II            C M1 PE (04M1);PEAGL-2RCD-3        ;1990-12-31;2002-07-12;;171.5;3.09;16.15;29.48;;;;;;;;;;;;;5101;5141
NE;NORDESTE;NE;NORDESTE;PE;PERNAMBUCO;PE;PERNAMBUCO;ANGELIM;RECIFE II           ;230.0;BASICA         ;LINHA DE TRANSMISSÃO;AXIA NORDESTE;LT  230 kV ANGELIM              / RECIFE II            C M2 PE (04M2);PEAGL-2RCD-1        ;1990-12-31;2019-07-29;;172.3;3.12;16.34;29.48;;;;;437.0;546.0;437.0;551.0;621.0;621.0;621.0;621.0;5101;5141
NE;NORDESTE;NE;NORDESTE;PE;PERNAMBUCO;PE;PERNAMBUCO;ANGELIM;RECIFE II           ;230.0;BASICA         ;LINHA DE TRANSMISSÃO;AXIA NORDESTE;LT  230 kV ANGELIM              / RECIFE II            C M3 PE (04M3);PEAGL-2RCD-2        ;1990-12-31;;;171.7;3.12;16.34;29.76;437.0;437.0;621.0;437.0;437.0;546.0;437.0;551.0;621.0;621.0;621.0;621.0;5101;5141
NE;NORDESTE;NE;NORDESTE;PE;PERNAMBUCO;PE;PERNAMBUCO;ANGELIM;RIBEIRAO            ;230.0;BASICA         ;LINHA DE TRANSMISSÃO;AXIA NORDESTE;LT  230 kV ANGELIM              / RIBEIRAO             C S1 PE (04S1);PEAGL-2RIB-1        ;2002-07-12;;2015-07-30;115.6;2.1;11.44;18.96;437.0;437.0;621.0;621.0;437.0;546.0;437.0;551.0;621.0;621.0;621.0;621.0;5101;5281
NE;NORDESTE;NE;NORDESTE;PE;PERNAMBUCO;PE;PERNAMBUCO;ANGELIM;RIBEIRAO            ;230.0;BASICA         ;LINHA DE TRANSMISSÃO;AXIA NORDESTE;LT  230 kV ANGELIM              / RIBEIRAO             C S2 PE (04S2);PEAGL-2RIB-2        ;2019-08-04;;2019-09-01;115.0;2.1;11.44;18.96;437.0;437.0;621.0;437.0;;;;;;;;;5101;5281
NE;NORDESTE;NE;NORDESTE;PE;PERNAMBUCO;PE;PERNAMBUCO;ANGELIM;TACAIMBO            ;230.0;BASICA         ;LINHA DE TRANSMISSÃO;AXIA NORDESTE;LT  230 kV ANGELIM              / TACAIMBO             C M4 PE (04M4);PEAGL-2TAC-1        ;1990-12-31;;2004-07-31;64.0;1.19;6.12;11.88;631.0;631.0;795.0;631.0;631.0;663.0;631.0;663.0;795.0;795.0;795.0;795.0;5101;5121
NE;NORDESTE;NE;NORDESTE;PE;PERNAMBUCO;PE;PERNAMBUCO;ANGELIM;TACAIMBO            ;230.0;BASICA         ;LINHA DE TRANSMISSÃO;AXIA NORDESTE;LT  230 kV ANGELIM              / TACAIMBO             C M5 PE (04M5);PEAGL-2TAC-2        ;1990-12-31;;2004-07-31;64.0;1.2;6.26;11.76;631.0;631.0;795.0;631.0;631.0;663.0;631.0;663.0;795.0;795.0;795.0;795.0;5101;5121
NE;NORDESTE;NE;NORDESTE;PE;PERNAMBUCO;PE;PERNAMBUCO;ANGELIM;TACAIMBO            ;230.0;BASICA         ;LINHA DE TRANSMISSÃO;AXIA NORDESTE;LT  230 kV ANGELIM              / TACAIMBO             C M6 PE (04M6);PEAGL-2TAC-3        ;1990-12-31;;2004-07-31;65.7;1.22;6.15;12.22;631.0;631.0;795.0;795.0;631.0;663.0;631.0;663.0;795.0;879.0;814.0;832.0;5101;5121
NE;NORDESTE;NE;NORDESTE;PE;PERNAMBUCO;PE;PERNAMBUCO;ARCOVERDE II;CAETES II           ;230.0;BASICA         ;LINHA DE TRANSMISSÃO;ARCOVERDE;LT  230 kV ARCOVERDE II         / CAETES II            C P1 PE (04P1);PEARD-2CE2-1        ;2019-04-17;;2019-04-30;48.0;0.743;4.434;8.61;1000.0;1000.0;1150.0;1150.0;;;;;;;;;5092;5098
NE;NORDESTE;NE;NORDESTE;PE;PERNAMBUCO;PE;PERNAMBUCO;ARCOVERDE II;GARANHUNS II        ;230.0;BASICA         ;LINHA DE TRANSMISSÃO;ARCOVERDE;LT  230 kV ARCOVERDE II         / GARANHUNS II         C P4 PE (04P4);PEARD-2GRD-1        ;2019-04-17;;2019-04-20;81.0;1.251;7.474;14.53;1000.0;1000.0;1150.0;1150.0;;;;;;;;;5092;5091
NE;NORDESTE;NE;NORDESTE;PE;PERNAMBUCO;PE;PERNAMBUCO;BOM NOME;FLORESTA II         ;230.0;BASICA         ;LINHA DE TRANSMISSÃO;AXIA NORDESTE;LT  230 kV BOM NOME             / FLORESTA II          C S2 PE (04S2);PEBNO-2FLD-1        ;2014-10-08;;2014-10-31;83.6;1.19;5.32;27.66;1003.0;1003.0;1003.0;1003.0;1003.0;1003.0;1003.0;1003.0;1003.0;1003.0;1003.0;1003.0;5401;5420
NE;NORDESTE;NE;NORDESTE;PE;PERNAMBUCO;CE;CEARA;BOM NOME;MILAGRES            ;230.0;BASICA         ;LINHA DE TRANSMISSÃO;AXIA NORDESTE;LT  230 kV BOM NOME             / MILAGRES             C L1 PE/CE (04L1);PEBNO-2MLG-1CE      ;1990-12-31;;;83.7;1.54;8.05;14.6;437.0;437.0;621.0;437.0;437.0;546.0;437.0;551.0;621.0;621.0;621.0;621.0;5401;5411
NE;NORDESTE;NE;NORDESTE;PE;PERNAMBUCO;CE;CEARA;BOM NOME;MILAGRES            ;230.0;BASICA         ;LINHA DE TRANSMISSÃO;AXIA NORDESTE;LT  230 kV BOM NOME             / MILAGRES             C L2 PE/CE (04L2);PEBNO-2MLG-2CE      ;1990-12-31;2023-11-25;;84.1;1.09;4.84;25.08;;;;;1003.0;1003.0;1003.0;1003.0;1003.0;1003.0;1003.0;1003.0;5401;5411
NE;NORDESTE;NE;NORDESTE;PE;PERNAMBUCO;CE;CEARA;BOM NOME;MILAGRES            ;230.0;BASICA         ;LINHA DE TRANSMISSÃO;AXIA NORDESTE;LT  230 kV BOM NOME             / MILAGRES             C L3 PE/CE (04L3);PEBNO-2MLG-3CE      ;1990-12-31;2025-02-10;;83.8;1.09;4.83;25.02;;;;;1003.0;1003.0;1003.0;1003.0;1003.0;1003.0;1003.0;1003.0;5401;5411
NE;NORDESTE;NE;NORDESTE;PE;PERNAMBUCO;PE;PERNAMBUCO;BOM NOME;TACARATU            ;230.0;BASICA         ;LINHA DE TRANSMISSÃO;AXIA NORDESTE;LT  230 kV BOM NOME             / TACARATU             C S1 PE (04S1);PEBNO-2TAT-1        ;2014-12-23;;2014-12-30;141.0;2.5;13.11;23.94;631.0;631.0;795.0;631.0;631.0;663.0;631.0;663.0;795.0;795.0;795.0;795.0;5401;5378
NE;NORDESTE;NE;NORDESTE;PE;PERNAMBUCO;CE;CEARA;BOM NOME;MILAGRES            ;230.0;BASICA         ;LINHA DE TRANSMISSÃO;AXIA NORDESTE;LT  230 kV BOM NOME     /MILAGRES      C-4 PE/CE (04L4);PEBNO-2MLG-4CE      ;1990-12-31;2000-06-02;;84.0;;;;;;;;;;;;;;;;5401;5411
NE;NORDESTE;NE;NORDESTE;PE;PERNAMBUCO;PE;PERNAMBUCO;BONGI;JOAIRAM             ;230.0;BASICA         ;LINHA DE TRANSMISSÃO;AXIA NORDESTE;LT  230 kV BONGI                / JOAIRAM              C V4 PE (04V4);PEBGI-2VZD-1        ;2006-07-10;;2006-07-30;6.26;0.11;0.62;1.03;631.0;631.0;795.0;631.0;631.0;663.0;631.0;663.0;795.0;795.0;795.0;795.0;5152;5331
NE;NORDESTE;NE;NORDESTE;PE;PERNAMBUCO;PE;PERNAMBUCO;BONGI;JOAIRAM             ;230.0;BASICA         ;LINHA DE TRANSMISSÃO;AXIA NORDESTE;LT  230 kV BONGI                / JOAIRAM              C V5 PE (04V5);PEBGI-2VZD-2        ;2006-07-23;;2006-07-30;6.37;0.12;0.61;1.1;631.0;631.0;795.0;631.0;631.0;663.0;631.0;663.0;795.0;795.0;795.0;795.0;5152;5331
NE;NORDESTE;NE;NORDESTE;PE;PERNAMBUCO;PE;PERNAMBUCO;BONGI;JOAIRAM             ;230.0;BASICA         ;LINHA DE TRANSMISSÃO;AXIA NORDESTE;LT  230 kV BONGI                / JOAIRAM              C V6 PE (04V6);PEBGI-2VZD-3        ;2006-09-03;;2006-09-03;6.37;0.12;0.61;1.1;631.0;631.0;795.0;631.0;631.0;663.0;631.0;663.0;795.0;795.0;795.0;795.0;5152;5331
NE;NORDESTE;NE;NORDESTE;PE;PERNAMBUCO;PE;PERNAMBUCO;CAETES II;GARANHUNS II        ;230.0;BASICA         ;LINHA DE TRANSMISSÃO;ARCOVERDE;LT  230 kV CAETES II            / GARANHUNS II         C P2 PE (04P2);PECE2-2GRD-1        ;2015-12-25;;2015-12-30;45.0;0.9613;4.593;8.042;661.0;661.0;661.0;661.0;;;;;;;;;5098;5091
NE;NORDESTE;NE;NORDESTE;PE;PERNAMBUCO;PE;PERNAMBUCO;CAM. MURICY II;ALDEIA              ;230.0;COMPLEMENTAR   ;LINHA DE TRANSMISSÃO;ECM II;LT  230 kV CAM. MURICY II       / ALDEIA               C 1  PE (1);PEUTCD2ADE-1        ;2024-10-02;;2024-03-29;;0.01;0.02;0.0;;;;;;;;;;;;;46600;47640
NE;NORDESTE;NE;NORDESTE;PE;PERNAMBUCO;BA;BAHIA;FLORESTA II;P.AFONSO III        ;230.0;BASICA         ;LINHA DE TRANSMISSÃO;AXIA NORDESTE;LT  230 kV FLORESTA II          / P.AFONSO III         C F2 PE/BA (04F2);PEFLD-2PAF-1BA      ;2014-10-08;;2014-10-31;80.6;1.02;4.51;23.26;1003.0;1003.0;1003.0;1003.0;1003.0;1003.0;1003.0;1003.0;1003.0;1003.0;1003.0;1003.0;5420;5003
NE;NORDESTE;NE;NORDESTE;PE;PERNAMBUCO;BA;BAHIA;GARANHUNS II;P.AFONSO III        ;230.0;BASICA         ;LINHA DE TRANSMISSÃO;AXIA NORDESTE;LT  230 kV GARANHUNS II         / P.AFONSO III         C L2 PE/BA (04L2);PEGRD-2PAF-1BA      ;2015-09-12;;2015-09-15;209.0;3.681;20.066;34.32;437.0;437.0;621.0;437.0;437.0;546.0;437.0;551.0;621.0;621.0;621.0;621.0;5091;5003
NE;NORDESTE;NE;NORDESTE;PE;PERNAMBUCO;BA;BAHIA;GARANHUNS II;P.AFONSO III        ;230.0;BASICA         ;LINHA DE TRANSMISSÃO;AXIA NORDESTE;LT  230 kV GARANHUNS II         / P.AFONSO III         C L3 PE/BA (04L3);PEGRD-2PAF-2BA      ;2015-09-12;;2015-09-15;209.0;3.681;20.066;34.32;437.0;437.0;621.0;437.0;437.0;546.0;437.0;551.0;621.0;621.0;621.0;621.0;5091;5003
NE;NORDESTE;NE;NORDESTE;PE;PERNAMBUCO;BA;BAHIA;GARANHUNS II;P.AFONSO III        ;230.0;BASICA         ;LINHA DE TRANSMISSÃO;AXIA NORDESTE;LT  230 kV GARANHUNS II         / P.AFONSO III         C L4 PE/BA (04L4);PEGRD-2PAF-3BA      ;2015-09-04;;2015-09-15;209.0;1.82;15.632;46.38;874.0;874.0;1241.0;1241.0;874.0;1093.0;874.0;1101.0;1241.0;1526.0;1241.0;1459.0;5091;5003
NE;NORDESTE;NE;NORDESTE;PE;PERNAMBUCO;PE;PERNAMBUCO;GARANHUNS II;PARANATAMA          ;230.0;COMPLEMENTAR   ;LINHA DE TRANSMISSÃO;SERRA DAS VACAS I;LT  230 kV GARANHUNS II         / PARANATAMA           C P1 PE (04P1);PEGRD-2PAR-1        ;2015-12-18;;2016-04-30;45.0;0.883;4.5528;8.224;;;;;;;;;;;;;5091;5155
NE;NORDESTE;NE;NORDESTE;PE;PERNAMBUCO;PB;PARAIBA;GOIANINHA;C.GRANDE II         ;230.0;BASICA         ;LINHA DE TRANSMISSÃO;AXIA NORDESTE;LT  230 kV GOIANINHA            / C.GRANDE II          C L3 PE/PB (04L3);PEGNN-2CGD-1PB      ;1990-12-31;;2021-08-21;99.2;1.82;9.73;16.68;631.0;631.0;795.0;688.0;631.0;663.0;631.0;663.0;688.0;688.0;688.0;688.0;5201;5222
NE;NORDESTE;NE;NORDESTE;PE;PERNAMBUCO;PB;PARAIBA;GOIANINHA;JOAO PESSOA II      ;230.0;BASICA         ;LINHA DE TRANSMISSÃO;AXIA NORDESTE;LT  230 kV GOIANINHA            / JOAO PESSOA II       C N2 PE/PB (04N2);PEGNN-2JPII2PB      ;2022-10-01;;2022-05-07;45.54;0.904;4.41;8.294;631.0;631.0;795.0;795.0;631.0;663.0;631.0;663.0;795.0;856.0;795.0;811.0;5201;5837
NE;NORDESTE;NE;NORDESTE;PE;PERNAMBUCO;PB;PARAIBA;GOIANINHA;JOAO PESSOA II      ;230.0;BASICA         ;LINHA DE TRANSMISSÃO;AXIA NORDESTE;LT  230 kV GOIANINHA            / JOAO PESSOA II       C N3 PE/PB (04N3);PEGNN-2JPII1PB      ;2022-10-06;;2022-05-07;45.76;0.904;4.41;8.294;631.0;631.0;795.0;795.0;631.0;663.0;631.0;663.0;795.0;855.0;795.0;811.0;5201;5837
NE;NORDESTE;NE;NORDESTE;PE;PERNAMBUCO;PB;PARAIBA;GOIANINHA;MUSSURE II          ;230.0;BASICA         ;LINHA DE TRANSMISSÃO;AXIA NORDESTE;LT  230 kV GOIANINHA            / MUSSURE II           C F1 PE/PB (04F1);PEGNN-2MRD-1PB      ;1990-12-31;2012-07-08;;50.6;0.96;4.94;9.07;;;;;;;;;;;;;5201;5211
NE;NORDESTE;NE;NORDESTE;PE;PERNAMBUCO;PB;PARAIBA;GOIANINHA;MUSSURE II          ;230.0;BASICA         ;LINHA DE TRANSMISSÃO;AXIA NORDESTE;LT  230 kV GOIANINHA            / MUSSURE II           C F2 PE/PB (04F2);PEGNN-2MRD-2PB      ;1990-12-31;2022-09-21;;50.6;0.94;4.75;8.9;;;;;631.0;663.0;631.0;663.0;795.0;855.0;795.0;811.0;5201;5211
NE;NORDESTE;NE;NORDESTE;PE;PERNAMBUCO;PB;PARAIBA;GOIANINHA;MUSSURE II          ;230.0;BASICA         ;LINHA DE TRANSMISSÃO;TAESA;LT  230 kV GOIANINHA            / MUSSURE II           C F3 PE/PB (04F3);PEGNN-2MRD-3PB      ;2003-08-26;2014-05-07;2003-08-21;51.0;0.92;4.86;8.94;;;;;502.0;647.0;502.0;677.0;628.0;737.0;628.0;770.0;5201;5211
NE;NORDESTE;NE;NORDESTE;PE;PERNAMBUCO;PB;PARAIBA;GOIANINHA;NORFIL              ;230.0;BASICA         ;LINHA DE TRANSMISSÃO;TAESA;LT  230 kV GOIANINHA            / NORFIL               C N1 PE/PB (04N1);PEGNN-2NFL-1PB      ;2014-05-07;;2014-02-28;50.0;0.88;4.67;8.6;502.0;502.0;628.0;628.0;502.0;502.0;502.0;502.0;628.0;628.0;628.0;628.0;5201;5212
NE;NORDESTE;NE;NORDESTE;PE;PERNAMBUCO;PE;PERNAMBUCO;GOIANINHA;PAU FERRO           ;230.0;BASICA         ;LINHA DE TRANSMISSÃO;AXIA NORDESTE;LT  230 kV GOIANINHA            / PAU FERRO            C C7 PE (04C7);PEGNN-2PFE-1        ;2019-05-26;;2019-12-01;43.3;0.72;3.85;8.23;631.0;631.0;795.0;795.0;;;;;;;;;5201;5181
NE;NORDESTE;NE;NORDESTE;PE;PERNAMBUCO;PB;PARAIBA;GOIANINHA;SANTA RITA II       ;230.0;BASICA         ;LINHA DE TRANSMISSÃO;AXIA NORDESTE;LT  230 kV GOIANINHA            / SANTA RITA II        C F4 PE/PB (04F4);PEGNN-2SRD-1PB      ;2012-07-08;2022-09-13;2021-08-31;57.6;1.08;5.53;10.34;;;;;631.0;663.0;631.0;663.0;795.0;856.0;795.0;811.0;5201;5271
NE;NORDESTE;NE;NORDESTE;PE;PERNAMBUCO;PE;PERNAMBUCO;JABOATAO II;PIRAPAMA II         ;230.0;BASICA         ;LINHA DE TRANSMISSÃO;AXIA NORDESTE;LT  230 kV JABOATAO II          / PIRAPAMA II          C J2 PE (04J2);PEJBD-2PRD-1        ;2018-04-29;;2018-04-30;33.9;0.63;3.2;5.98;903.0;903.0;903.0;903.0;;;;;;;;;5346;5131
NE;NORDESTE;NE;NORDESTE;PE;PERNAMBUCO;PE;PERNAMBUCO;JABOATAO II;RECIFE II           ;230.0;BASICA         ;LINHA DE TRANSMISSÃO;AXIA NORDESTE;LT  230 kV JABOATAO II          / RECIFE II            C J1 PE (04J1);PEJBD-2RCD-1        ;2018-04-29;;2018-04-30;15.9;0.3;1.5;2.8;903.0;903.0;903.0;903.0;;;;;;;;;5346;5141
NE;NORDESTE;NE;NORDESTE;PE;PERNAMBUCO;PB;PARAIBA;LAGOA DO CARRO;COTEMINAS           ;230.0;BASICA         ;LINHA DE TRANSMISSÃO;AXIA NORDESTE;LT  230 kV LAGOA DO CARRO       / COTEMINAS            C F9 PE/PB (04F9);PELAGC2CTM-1PB      ;2020-09-28;;2021-09-09;95.98;0.908;6.414;23.69;1262.0;1200.0;1590.0;1200.0;1262.0;1587.0;1283.0;1613.0;1590.0;1805.0;1605.0;1825.0;6663;5216
NE;NORDESTE;NE;NORDESTE;PE;PERNAMBUCO;PE;PERNAMBUCO;LAGOA DO CARRO;PAU FERRO           ;230.0;BASICA         ;LINHA DE TRANSMISSÃO;AXIA NORDESTE;LT  230 kV LAGOA DO CARRO       / PAU FERRO            C F8 PE (04F8);PELAGC2PFE-1        ;2020-09-28;;2021-09-09;50.0;0.474;3.34;12.36;1262.0;1200.0;1590.0;1200.0;1262.0;1587.0;1283.0;1613.0;1590.0;1805.0;1605.0;1825.0;6663;5181
NE;NORDESTE;NE;NORDESTE;PE;PERNAMBUCO;PE;PERNAMBUCO;MATA NORTE;PAU FERRO           ;230.0;BASICA         ;LINHA DE TRANSMISSÃO;ITAMARACA;LT  230 kV MATA NORTE           / PAU FERRO            C S1 PE (04S1);PEFIAT2PFE-1        ;2022-10-11;;2021-07-31;32.0;0.5995;3.0428;5.675;630.0;630.0;756.0;756.0;;;;;;;;;44629;5181
NE;NORDESTE;NE;NORDESTE;PE;PERNAMBUCO;PE;PERNAMBUCO;MATA NORTE;PAU FERRO           ;230.0;BASICA         ;LINHA DE TRANSMISSÃO;ITAMARACA;LT  230 kV MATA NORTE           / PAU FERRO            C S2 PE (04S2);PEFIAT2PFE-2        ;2022-10-11;;2021-07-31;32.0;0.5995;3.0428;5.675;630.0;630.0;756.0;756.0;;;;;;;;;44629;5181
NE;NORDESTE;NE;NORDESTE;PE;PERNAMBUCO;PE;PERNAMBUCO;MIRUEIRA;GOIANINHA           ;230.0;BASICA         ;LINHA DE TRANSMISSÃO;AXIA NORDESTE;LT  230 kV MIRUEIRA             / GOIANINHA            C C7 PE (04C7);PEMRR-2GNN-1        ;1998-07-01;2016-04-17;;50.3;0.81;4.4;9.64;;;;;631.0;663.0;631.0;663.0;795.0;860.0;795.0;816.0;5191;5201
NE;NORDESTE;NE;NORDESTE;PE;PERNAMBUCO;PE;PERNAMBUCO;MIRUEIRA II;GOIANINHA           ;230.0;BASICA         ;LINHA DE TRANSMISSÃO;AXIA NORDESTE;LT  230 kV MIRUEIRA II          / GOIANINHA            C C7 PE (04C7);PEMID-2GNN-C7       ;2016-04-17;2019-05-19;2016-04-10;50.3;0.81;4.4;9.64;;;;;631.0;663.0;631.0;663.0;795.0;860.0;795.0;816.0;5341;5201
NE;NORDESTE;NE;NORDESTE;PE;PERNAMBUCO;PE;PERNAMBUCO;MIRUEIRA II;PAU FERRO           ;230.0;BASICA         ;LINHA DE TRANSMISSÃO;AXIA NORDESTE;LT  230 kV MIRUEIRA II          / PAU FERRO            C F3 PE (04F3);PEMID-2PFE-1        ;2016-04-12;;2016-04-10;22.5;0.22;1.5;5.578;1262.0;1262.0;1590.0;1590.0;1262.0;1325.0;1262.0;1325.0;1590.0;1729.0;1624.0;1641.0;5341;5181
NE;NORDESTE;NE;NORDESTE;PE;PERNAMBUCO;PE;PERNAMBUCO;MIRUEIRA II;PAU FERRO           ;230.0;BASICA         ;LINHA DE TRANSMISSÃO;AXIA NORDESTE;LT  230 kV MIRUEIRA II          / PAU FERRO            C F5 PE (04F5);PEMID-2PFE-2        ;2019-05-20;;2019-12-01;22.5;0.22;1.5;5.578;1262.0;1262.0;1590.0;1590.0;;;;;;;;;5341;5181
NE;NORDESTE;NE;NORDESTE;PE;PERNAMBUCO;PB;PARAIBA;PAU FERRO;C.GRANDE II         ;230.0;BASICA         ;LINHA DE TRANSMISSÃO;AXIA NORDESTE;LT  230 kV PAU FERRO            / C.GRANDE II          C C3 PE/PB (04C3);PEPFE-2CGD-2PB      ;2002-08-29;2009-12-18;2003-06-30;127.0;1.16;8.47;31.4;;;;;;;;;;;;;5181;5222
NE;NORDESTE;NE;NORDESTE;PE;PERNAMBUCO;PB;PARAIBA;PAU FERRO;C.GRANDE II         ;230.0;BASICA         ;LINHA DE TRANSMISSÃO;AXIA NORDESTE;LT  230 kV PAU FERRO            / C.GRANDE II          C C4 PE/PB (04C4);PEPFE-2CGD-1PB      ;2003-03-28;;2002-02-28;127.0;1.16;8.38;31.24;1262.0;1200.0;1590.0;1200.0;1262.0;1325.0;1262.0;1325.0;1590.0;1717.0;1590.0;1623.0;5181;5222
NE;NORDESTE;NE;NORDESTE;PE;PERNAMBUCO;PB;PARAIBA;PAU FERRO;COTEMINAS           ;230.0;BASICA         ;LINHA DE TRANSMISSÃO;AXIA NORDESTE;LT  230 kV PAU FERRO            / COTEMINAS            C F8 PE/PB (04F8);PBCTM-2PFE-1PE      ;2009-12-18;2020-09-28;2009-11-30;125.3;1.13;8.19;30.56;;;;;1262.0;1325.0;1262.0;1325.0;1590.0;1717.0;1590.0;1623.0;5181;5216
NE;NORDESTE;NE;NORDESTE;PE;PERNAMBUCO;PE;PERNAMBUCO;PAU FERRO;MIRUEIRA            ;230.0;BASICA         ;LINHA DE TRANSMISSÃO;AXIA NORDESTE;LT  230 kV PAU FERRO            / MIRUEIRA             C F3 PE (04F3);PEPFE-2MRR-1        ;2002-08-29;2016-04-11;2002-02-28;22.6;0.21;1.51;5.6;;;;;1262.0;1325.0;1262.0;1325.0;1590.0;1729.0;1624.0;1641.0;5181;5191
NE;NORDESTE;NE;NORDESTE;PE;PERNAMBUCO;PB;PARAIBA;PAU FERRO;SANTA RITA II       ;230.0;BASICA         ;LINHA DE TRANSMISSÃO;AXIA NORDESTE;LT  230 kV PAU FERRO            / SANTA RITA II        C F9 PE/PB (04F9);PEPFE-2SRD-1PB      ;2021-01-30;;2021-01-13;96.7;0.781;5.589;21.144;1600.0;1600.0;1882.0;1882.0;;;;;;;;;5181;5271
NE;NORDESTE;NE;NORDESTE;PE;PERNAMBUCO;PE;PERNAMBUCO;PAU FERRO;UTE PERNAMB.3       ;230.0;COMPLEMENTAR   ;LINHA DE TRANSMISSÃO;UTE PERNAMBUCO III;LT  230 kV PAU FERRO            / UTE PERNAMB.3        C P2 PE (04P2);PEPFE-2UTPT1        ;2013-12-05;;2014-01-31;0.8;0.0148;0.0753;0.084;;;;;;;;;;;;;5181;5184
NE;NORDESTE;NE;NORDESTE;PE;PERNAMBUCO;PE;PERNAMBUCO;PIRAPAMA II;SUAPE II            ;230.0;BASICA         ;LINHA DE TRANSMISSÃO;AXIA NORDESTE;LT  230 kV PIRAPAMA II          / SUAPE II             C Z7 PE (04Z7);PEPRD-2SUD-1        ;2015-01-20;;2012-12-16;20.3;0.19;1.38;5.08;1355.0;1355.0;1620.0;1620.0;1355.0;1355.0;1355.0;1355.0;1620.0;1776.0;1706.0;1683.0;5131;5361
NE;NORDESTE;NE;NORDESTE;PE;PERNAMBUCO;PE;PERNAMBUCO;PIRAPAMA II;SUAPE II            ;230.0;BASICA         ;LINHA DE TRANSMISSÃO;AXIA NORDESTE;LT  230 kV PIRAPAMA II          / SUAPE II             C Z8 PE (04Z8);PEPRD-2SUD-2        ;2012-12-08;;2012-12-16;20.3;0.19;1.38;5.08;1355.0;1355.0;1620.0;1620.0;1355.0;1355.0;1355.0;1355.0;1620.0;1776.0;1706.0;1683.0;5131;5361
NE;NORDESTE;NE;NORDESTE;PE;PERNAMBUCO;PE;PERNAMBUCO;PIRAPAMA II;SUAPE III           ;230.0;BASICA         ;LINHA DE TRANSMISSÃO;AXIA NORDESTE;LT  230 kV PIRAPAMA II  /SUAPE III     C-1 PE (04Z8);PEPRD-2SUT-1        ;2012-07-03;2012-08-12;2012-07-30;14.3;0.22;1.62;5.63;;;;;;;;;;;;;5131;5362
NE;NORDESTE;NE;NORDESTE;PE;PERNAMBUCO;PE;PERNAMBUCO;PIRAPAMA II;SUAPE III           ;230.0;BASICA         ;LINHA DE TRANSMISSÃO;AXIA NORDESTE;LT  230 kV PIRAPAMA II  /SUAPE III     C-2 PE (04Z7);PEPRD-2SUT-2        ;2012-08-04;2012-10-12;2012-08-31;22.0;0.22;1.62;5.63;;;;;;;;;;;;;5131;5362
NE;NORDESTE;NE;NORDESTE;PE;PERNAMBUCO;PE;PERNAMBUCO;RECIFE II;BONGI               ;230.0;BASICA         ;LINHA DE TRANSMISSÃO;AXIA NORDESTE;LT  230 kV RECIFE II            / BONGI                C V3 PE (04V3);PERCD-2BGI-3        ;1985-12-06;2006-09-03;;13.5;0.25;1.29;2.36;;;;;;;;;;;;;5141;5152
NE;NORDESTE;NE;NORDESTE;PE;PERNAMBUCO;PE;PERNAMBUCO;RECIFE II;GOIANINHA           ;230.0;BASICA         ;LINHA DE TRANSMISSÃO;AXIA NORDESTE;LT  230 kV RECIFE II            / GOIANINHA            C C8 PE (04C8);PERCD-2GNN-1        ;1990-12-31;;;71.34;1.31;6.79;12.27;631.0;631.0;795.0;795.0;631.0;663.0;631.0;663.0;795.0;861.0;795.0;816.0;5141;5201
NE;NORDESTE;NE;NORDESTE;PE;PERNAMBUCO;PE;PERNAMBUCO;RECIFE II;GOIANINHA           ;230.0;BASICA         ;LINHA DE TRANSMISSÃO;AXIA NORDESTE;LT  230 kV RECIFE II            / GOIANINHA            C C9 PE (04C9);PERCD-2GNN-2        ;1990-12-31;;;71.34;1.31;6.79;12.27;631.0;631.0;795.0;795.0;631.0;663.0;631.0;663.0;795.0;861.0;795.0;816.0;5141;5201
NE;NORDESTE;NE;NORDESTE;PE;PERNAMBUCO;PE;PERNAMBUCO;RECIFE II;JOAIRAM             ;230.0;BASICA         ;LINHA DE TRANSMISSÃO;AXIA NORDESTE;LT  230 kV RECIFE II            / JOAIRAM              C V1 PE (04V1);PERCD-2VZD-1        ;2006-07-09;;2007-12-17;7.6;0.14;0.76;1.26;880.0;880.0;880.0;880.0;880.0;880.0;880.0;880.0;880.0;880.0;880.0;880.0;5141;5331
NE;NORDESTE;NE;NORDESTE;PE;PERNAMBUCO;PE;PERNAMBUCO;RECIFE II;JOAIRAM             ;230.0;BASICA         ;LINHA DE TRANSMISSÃO;AXIA NORDESTE;LT  230 kV RECIFE II            / JOAIRAM              C V2 PE (04V2);PERCD-2VZD-2        ;2006-07-23;;2007-12-17;7.31;0.14;0.7;1.27;880.0;880.0;880.0;880.0;880.0;880.0;880.0;880.0;880.0;880.0;880.0;880.0;5141;5331
NE;NORDESTE;NE;NORDESTE;PE;PERNAMBUCO;PE;PERNAMBUCO;RECIFE II;JOAIRAM             ;230.0;BASICA         ;LINHA DE TRANSMISSÃO;AXIA NORDESTE;LT  230 kV RECIFE II            / JOAIRAM              C V3 PE (04V3);PERCD-2VZD-3        ;2006-09-03;;2007-12-17;7.31;0.13;0.72;1.27;880.0;880.0;880.0;880.0;880.0;880.0;880.0;880.0;880.0;880.0;880.0;880.0;5141;5331
NE;NORDESTE;NE;NORDESTE;PE;PERNAMBUCO;PE;PERNAMBUCO;RECIFE II;MIRUEIRA            ;230.0;BASICA         ;LINHA DE TRANSMISSÃO;AXIA NORDESTE;LT  230 kV RECIFE II            / MIRUEIRA             C C4 PE (04C4);PERCD-2MRR-1        ;1990-12-31;;;31.0;0.58;3.09;5.3;631.0;631.0;795.0;631.0;631.0;663.0;631.0;663.0;795.0;795.0;795.0;795.0;5141;5191
NE;NORDESTE;NE;NORDESTE;PE;PERNAMBUCO;PE;PERNAMBUCO;RECIFE II;MIRUEIRA            ;230.0;BASICA         ;LINHA DE TRANSMISSÃO;AXIA NORDESTE;LT  230 kV RECIFE II            / MIRUEIRA             C C5 PE (04C5);PERCD-2MRR-2        ;1990-12-31;;;31.4;0.58;2.95;5.56;631.0;631.0;795.0;795.0;631.0;663.0;631.0;663.0;795.0;862.0;816.0;818.0;5141;5191
NE;NORDESTE;NE;NORDESTE;PE;PERNAMBUCO;PE;PERNAMBUCO;RECIFE II;MIRUEIRA            ;230.0;BASICA         ;LINHA DE TRANSMISSÃO;AXIA NORDESTE;LT  230 kV RECIFE II            / MIRUEIRA             C C6 PE (04C6);PERCD-2MRR-3        ;1990-12-31;;;31.4;0.5800000000000001;2.96;5.52;631.0;631.0;795.0;795.0;631.0;663.0;631.0;663.0;795.0;862.0;816.0;818.0;5141;5191
NE;NORDESTE;NE;NORDESTE;PE;PERNAMBUCO;PE;PERNAMBUCO;RECIFE II;PAU FERRO           ;230.0;BASICA         ;LINHA DE TRANSMISSÃO;AXIA NORDESTE;LT  230 kV RECIFE II            / PAU FERRO            C F6 PE (04F6);PERCD-2PFE-1        ;2004-09-01;;2004-08-31;32.0;0.31;2.21;8.28;1262.0;1200.0;1590.0;1200.0;1262.0;1325.0;1262.0;1325.0;1590.0;1724.0;1624.0;1636.0;5141;5181
NE;NORDESTE;NE;NORDESTE;PE;PERNAMBUCO;PE;PERNAMBUCO;RECIFE II;PAU FERRO           ;230.0;BASICA         ;LINHA DE TRANSMISSÃO;AXIA NORDESTE;LT  230 kV RECIFE II            / PAU FERRO            C F7 PE (04F7);PERCD-2PFE-2        ;2004-09-01;;2004-08-31;32.0;0.31;2.21;8.28;1262.0;1200.0;1590.0;1200.0;1262.0;1325.0;1262.0;1325.0;1590.0;1724.0;1624.0;1636.0;5141;5181
NE;NORDESTE;NE;NORDESTE;PE;PERNAMBUCO;PE;PERNAMBUCO;RECIFE II;PIRAPAMA II         ;230.0;BASICA         ;LINHA DE TRANSMISSÃO;AXIA NORDESTE;LT  230 kV RECIFE II            / PIRAPAMA II          C C1 PE (04C1);PERCD-2PRD-1        ;1990-12-31;;2003-12-31;27.6;0.51;2.59;4.84;903.0;903.0;903.0;903.0;903.0;903.0;903.0;903.0;903.0;903.0;903.0;903.0;5141;5131
NE;NORDESTE;NE;NORDESTE;PE;PERNAMBUCO;PE;PERNAMBUCO;RECIFE II;PIRAPAMA II         ;230.0;BASICA         ;LINHA DE TRANSMISSÃO;AXIA NORDESTE;LT  230 kV RECIFE II            / PIRAPAMA II          C C2 PE (04C2);PERCD-2PRD-2        ;1990-12-31;2018-04-29;2003-12-31;27.6;0.51;2.59;4.86;;;;;903.0;903.0;903.0;903.0;903.0;903.0;903.0;903.0;5141;5131
NE;NORDESTE;NE;NORDESTE;PE;PERNAMBUCO;PE;PERNAMBUCO;REFI ABREU LIMA;PIRAPAMA II         ;230.0;COMPLEMENTAR   ;LINHA DE TRANSMISSÃO;AXIA NORDESTE;LT  230 kV REFI ABREU LIMA      / PIRAPAMA II          C Z7 PE (04Z7);PEUTAL2PRD-1        ;2013-01-19;2015-01-20;2012-12-22;17.65;0.17;1.19;4.42;;;;;;;;;;;;;5372;5131
NE;NORDESTE;NE;NORDESTE;PE;PERNAMBUCO;PE;PERNAMBUCO;RIBEIRAO;RECIFE II           ;230.0;BASICA         ;LINHA DE TRANSMISSÃO;AXIA NORDESTE;LT  230 kV RIBEIRAO             / RECIFE II            C M1 PE (04M1);PERIB-2RCD-1        ;2002-07-12;;2016-01-31;56.7;1.05;5.71;9.36;437.0;437.0;621.0;621.0;437.0;546.0;437.0;551.0;621.0;621.0;621.0;621.0;5281;5141
NE;NORDESTE;NE;NORDESTE;PE;PERNAMBUCO;PE;PERNAMBUCO;RIBEIRAO;RECIFE II           ;230.0;BASICA         ;LINHA DE TRANSMISSÃO;AXIA NORDESTE;LT  230 kV RIBEIRAO             / RECIFE II            C M2 PE (04M2);PERIB-2RCD-2        ;2019-08-04;;2019-09-01;56.7;1.05;5.71;9.42;437.0;437.0;621.0;437.0;;;;;;;;;5281;5141
NE;NORDESTE;NE;NORDESTE;PE;PERNAMBUCO;PE;PERNAMBUCO;SUAPE II;SUAPE III           ;230.0;BASICA         ;LINHA DE TRANSMISSÃO;AXIA NORDESTE;LT  230 kV SUAPE II             / SUAPE III            C Z5 PE (04Z5);PESUD-2SUT-1        ;2012-12-10;;2012-12-16;3.58;0.03;0.25;0.92;1355.0;1355.0;1620.0;1620.0;1355.0;1355.0;1355.0;1355.0;1620.0;1776.0;1708.0;1683.0;5361;5362
NE;NORDESTE;NE;NORDESTE;PE;PERNAMBUCO;PE;PERNAMBUCO;SUAPE II;SUAPE III           ;230.0;BASICA         ;LINHA DE TRANSMISSÃO;AXIA NORDESTE;LT  230 kV SUAPE II             / SUAPE III            C Z6 PE (04Z6);PESUD-2SUT-2        ;2012-12-08;;2012-12-16;3.58;0.03;0.25;0.92;1355.0;1355.0;1620.0;1620.0;1355.0;1355.0;1355.0;1355.0;1620.0;1776.0;1708.0;1683.0;5361;5362
NE;NORDESTE;NE;NORDESTE;PE;PERNAMBUCO;PE;PERNAMBUCO;SUAPE III;TERMOPERNAMBU       ;230.0;COMPLEMENTAR   ;LINHA DE TRANSMISSÃO;TERMOPERNAMBUCO;LT  230 kV SUAPE III            / TERMOPERNAMBU        C S2 PE ();PESUT-2UTPE2        ;2012-08-07;;2012-08-31;5.25;0.05;0.37;1.38;;;;;;;;;;;;;5362;5150
NE;NORDESTE;NE;NORDESTE;PE;PERNAMBUCO;PE;PERNAMBUCO;SUAPE III;TERMOPERNAMBU       ;230.0;COMPLEMENTAR   ;LINHA DE TRANSMISSÃO;TERMOPERNAMBUCO;LT  230 kV SUAPE III            / TERMOPERNAMBU        C S3 PE (04S3);PESUT-2UTPE1        ;2012-07-08;;2012-07-30;5.25;0.05;0.38;1.38;;;;;;;;;;;;;5362;5150
NE;NORDESTE;NE;NORDESTE;PE;PERNAMBUCO;PB;PARAIBA;TACAIMBO;C.GRANDE II         ;230.0;BASICA         ;LINHA DE TRANSMISSÃO;AXIA NORDESTE;LT  230 kV TACAIMBO             / C.GRANDE II          C C1 PE/PB (04C1);PETAC-2CGD-1PB      ;1990-12-31;;;120.7;2.28;11.96;21.3;631.0;631.0;795.0;656.0;631.0;663.0;631.0;663.0;795.0;795.0;795.0;795.0;5121;5222
NE;NORDESTE;NE;NORDESTE;PE;PERNAMBUCO;PB;PARAIBA;TACAIMBO;C.GRANDE II         ;230.0;BASICA         ;LINHA DE TRANSMISSÃO;AXIA NORDESTE;LT  230 kV TACAIMBO             / C.GRANDE II          C C2 PE/PB (04C2);PETAC-2CGD-2PB      ;1990-12-31;;;120.7;2.28;12.19;21.08;631.0;631.0;795.0;631.0;631.0;663.0;631.0;663.0;795.0;795.0;795.0;795.0;5121;5222
NE;NORDESTE;NE;NORDESTE;PE;PERNAMBUCO;PE;PERNAMBUCO;TERMOPERNAMBU;PIRAPAMA II         ;230.0;COMPLEMENTAR   ;LINHA DE TRANSMISSÃO;TERMOPERNAMBUCO;LT  230 kV TERMOPERNAMBU/PIRAPAMA II   C-1 PE (04S2);PEUTPE2PRD-1        ;2004-01-31;2012-08-04;2003-12-31;16.7;0.27;1.94;6.94;;;;;;;;;;;;;5150;5131
NE;NORDESTE;NE;NORDESTE;PE;PERNAMBUCO;PE;PERNAMBUCO;TERMOPERNAMBU;PIRAPAMA II         ;230.0;COMPLEMENTAR   ;LINHA DE TRANSMISSÃO;TERMOPERNAMBUCO;LT  230 kV TERMOPERNAMBU/PIRAPAMA II   C-2 PE (04S3);PEUTPE2PRD-2        ;2004-01-31;2012-07-03;2003-12-31;16.7;0.27;1.94;6.94;;;;;;;;;;;;;5150;5131
NE;NORDESTE;NE;NORDESTE;PE;PERNAMBUCO;PE;PERNAMBUCO;UTE PECEM II;ALDEIA              ;230.0;COMPLEMENTAR   ;LINHA DE TRANSMISSÃO;ECM II;LT  230 kV UTE PECEM II         / ALDEIA               C 1  PE (1);PEUTPM2ADE-1        ;2024-10-01;;2024-03-29;;0.01;0.02;0.0;;;;;;;;;;;;;46602;47640
NE;NORDESTE;NE;NORDESTE;PE;PERNAMBUCO;PE;PERNAMBUCO;UTE SUAPE II;SUAPE II            ;230.0;COMPLEMENTAR   ;LINHA DE TRANSMISSÃO;SUAPE II;LT  230 kV UTE SUAPE II         / SUAPE II             C P1 PE (04P1);PEUTSD2SUD-1        ;2013-01-24;;2013-02-28;5.6;0.092;0.459;0.8932;;;;;;;;;;;;;5364;5361
NE;NORDESTE;NE;NORDESTE;PE;PERNAMBUCO;PE;PERNAMBUCO;UTE SUAPE II;SUAPE II            ;230.0;COMPLEMENTAR   ;LINHA DE TRANSMISSÃO;SUAPE II;LT  230 kV UTE SUAPE II         / SUAPE II             C P2 PE (04P2);PEUTSD2SUD-2        ;2013-01-24;;2013-02-28;5.6;0.092;0.459;0.8932;;;;;;;;;;;;;5364;5361
NE;NORDESTE;;;PE;PERNAMBUCO;;;RIBEIRAO;;230.0;BASICA         ;RAMAL DE LINHA;AXIA NORDESTE;RL  230 kV RIBEIRAO             /  RDRIB C S1 PE (04S1);PERIB-2DRIB1        ;1990-12-31;2002-07-12;;0.8;9.99999;5.0;7.999999;;;;;;;;;;;;;5281;
NE;NORDESTE;NE;NORDESTE;PI;PIAUI;PI;PIAUI;B. ESPERANCA;TERESINA            ;230.0;BASICA         ;LINHA DE TRANSMISSÃO;AXIA NORDESTE;LT  230 kV B. ESPERANCA         / TERESINA             C L1 PI (04L1);PIBEA-2TSA-1        ;1990-12-31;;;198.0;3.59;19.24;33.76;500.0;500.0;630.0;545.0;500.0;590.0;500.0;595.0;630.0;630.0;630.0;630.0;5511;5501
NE;NORDESTE;NE;NORDESTE;PI;PIAUI;PI;PIAUI;B. ESPERANCA;TERESINA            ;230.0;BASICA         ;LINHA DE TRANSMISSÃO;AXIA NORDESTE;LT  230 kV B. ESPERANCA         / TERESINA             C L2 PI (04L2);PIBEA-2TSA-2        ;1990-12-31;;;198.0;3.61;19.2;34.12;500.0;500.0;630.0;630.0;500.0;590.0;500.0;595.0;630.0;737.0;703.0;749.0;5511;5501
NE;NORDESTE;NE;NORDESTE;PI;PIAUI;PI;PIAUI;BOM JESUS II;ELISEU MARTINS      ;230.0;BASICA         ;LINHA DE TRANSMISSÃO;SPEDRO;LT  230 kV BOM JESUS II         / ELISEU MARTINS       C M3 PI (04M3);PIBSD-2ELM-1        ;2018-02-21;;2018-01-29;134.0;1.992;12.402;24.0;820.0;820.0;975.0;975.0;;;;;;;;;7181;5681
NE;NORDESTE;NE;NORDESTE;PI;PIAUI;PI;PIAUI;BOM JESUS II;GILBUES II          ;230.0;BASICA         ;LINHA DE TRANSMISSÃO;SPEDRO;LT  230 kV BOM JESUS II         / GILBUES II           C 1  PI (BJGD6C1);PIBSD-2GBD-1        ;2018-02-21;;2018-01-29;139.0;2.065;12.86;24.9;820.0;820.0;975.0;975.0;;;;;;;;;7181;7191
NE;NORDESTE;NE;NORDESTE;PI;PIAUI;PI;PIAUI;CHAPADA I;CHAPADA II          ;230.0;BASICA         ;LINHA DE TRANSMISSÃO;SIMOES;LT  230 kV CHAPADA I            / CHAPADA II           C L1 PI (04L1);PICH1-2CP2-1        ;2022-05-08;;2022-03-21;12.0;0.21;1.12;2.132;630.0;630.0;795.0;795.0;630.0;792.0;648.0;802.0;795.0;901.0;808.0;910.0;5303;6631
NE;NORDESTE;NE;NORDESTE;PI;PIAUI;PI;PIAUI;CHAPADA I;CURRAL PIAUI II     ;230.0;BASICA         ;LINHA DE TRANSMISSÃO;SIMOES;LT  230 kV CHAPADA I            / CURRAL PIAUI II      C L3 PI (04L3);PICH1-2CNP-1        ;2015-12-18;;2015-10-31;53.0;1.084;5.1798;9.06;739.0;739.0;835.2;835.2;;;;;;;;;5303;6641
NE;NORDESTE;NE;NORDESTE;PI;PIAUI;PI;PIAUI;CHAPADA II;CHAPADA III         ;230.0;BASICA         ;LINHA DE TRANSMISSÃO;SIMOES;LT  230 kV CHAPADA II           / CHAPADA III          C L3 PI (04L3);PICP2-2CP3-1        ;2022-05-07;;2022-03-21;14.6;0.2558;1.3615;2.594;630.0;630.0;795.0;795.0;630.0;788.0;646.0;797.0;795.0;900.0;808.0;907.0;6631;5305
NE;NORDESTE;NE;NORDESTE;PI;PIAUI;PI;PIAUI;CHAPADA II;PICOS               ;230.0;BASICA         ;LINHA DE TRANSMISSÃO;SIMOES;LT  230 kV CHAPADA II           / PICOS                C P1 PI (04P1);PICP2-2PIC-P1       ;2015-06-16;;2015-08-31;85.0;1.738;8.307;14.54;706.9;706.9;835.2;835.2;;;;;;;;;6631;5671
NE;NORDESTE;NE;NORDESTE;PI;PIAUI;PI;PIAUI;CHAPADA III;CURRAL PIAUI II     ;230.0;BASICA         ;LINHA DE TRANSMISSÃO;SIMOES;LT  230 kV CHAPADA III          / CURRAL PIAUI II      C L2 PI (04L2);PICP3-2CNP-1        ;2016-01-16;;2015-12-30;74.0;1.5749;7.5253;13.17;739.0;684.3;835.2;684.3;;;;;;;;;5305;6641
NE;NORDESTE;NE;NORDESTE;PI;PIAUI;PI;PIAUI;CURRAL PIAUI II;SAO BASILIO         ;230.0;COMPLEMENTAR   ;LINHA DE TRANSMISSÃO;EOL BRITE;LT  230 kV CURRAL PIAUI II      / SAO BASILIO          C L4 PI (04L4);PICNP-2SBA-1        ;2016-07-05;;2016-04-01;87.0;0.5518;5.5546;23.3;;;;;;;;;;;;;6641;6017
NE;NORDESTE;NE;NORDESTE;PI;PIAUI;PI;PIAUI;CURRAL PIAUI II;SAO BASILIO         ;230.0;COMPLEMENTAR   ;LINHA DE TRANSMISSÃO;EOL BRITE;LT  230 kV CURRAL PIAUI II      / SAO BASILIO          C L5 PI (04L5);PICNP-2SBA-2        ;2016-07-05;;2016-04-01;87.0;0.5518;5.5546;23.3;;;;;;;;;;;;;6641;6017
NE;NORDESTE;NE;NORDESTE;PI;PIAUI;PI;PIAUI;MARANGATU;PIRIPIRI            ;230.0;BASICA         ;LINHA DE TRANSMISSÃO;SITE;LT  230 kV MARANGATU            / PIRIPIRI             C S2 PI ();PIMRG-2PRI-1        ;2024-04-01;;2023-10-31;38.0;0.249;2.4951;9.55;1575.0;1575.0;1960.0;1960.0;;;;;;;;;44609;5491
NE;NORDESTE;NE;NORDESTE;PI;PIAUI;CE;CEARA;PICOS;TAUA II             ;230.0;BASICA         ;LINHA DE TRANSMISSÃO;AXIA NORDESTE;LT  230 kV PICOS                / TAUA II              C M3 PI/CE (04M3);PIPIC-2TAA-1CE      ;2013-02-01;;2013-01-31;183.2;3.23;17.31;32.14;628.0;628.0;747.0;747.0;628.0;628.0;628.0;628.0;747.0;800.0;811.0;813.0;5671;5611
NE;NORDESTE;NE;NORDESTE;PI;PIAUI;CE;CEARA;PIRIPIRI;SOBRAL II           ;230.0;BASICA         ;LINHA DE TRANSMISSÃO;AXIA NORDESTE;LT  230 kV PIRIPIRI             / SOBRAL II            C L1 PI/CE (04L1);PIPRI-2SBD-1CE      ;1990-12-31;2016-09-11;2019-03-26;167.4;3.04;16.33;28.3;;;;;500.0;590.0;500.0;595.0;630.0;737.0;689.0;743.0;5491;5481
NE;NORDESTE;NE;NORDESTE;PI;PIAUI;PI;PIAUI;PIRIPIRI;TERESINA III        ;230.0;BASICA         ;LINHA DE TRANSMISSÃO;SITE;LT  230 kV PIRIPIRI             / TERESINA III         C L7 PI (04L7);PIPRI-2TST-1        ;2021-04-18;;2021-05-09;143.3;0.9267;9.3581;36.11;1575.0;1575.0;1960.0;1960.0;1575.0;2020.0;1600.0;2040.0;1960.0;2270.0;1980.0;2290.0;5491;5321
NE;NORDESTE;NE;NORDESTE;PI;PIAUI;PI;PIAUI;S.JOAO PIAUI;ELISEU MARTINS      ;230.0;BASICA         ;LINHA DE TRANSMISSÃO;AXIA NORDESTE;LT  230 kV S.JOAO PIAUI         / ELISEU MARTINS       C M2 PI (04M2);PISJI-2ELM-1        ;2006-01-08;;2006-01-08;172.9;3.14;16.73;29.38;500.0;500.0;630.0;630.0;500.0;590.0;500.0;595.0;630.0;739.0;714.0;754.0;5571;5681
NE;NORDESTE;NE;NORDESTE;PI;PIAUI;PI;PIAUI;S.JOAO PIAUI;LAGOA BARRO I       ;230.0;COMPLEMENTAR   ;LINHA DE TRANSMISSÃO;LAGOA DO BARRO I;LT  230 kV S.JOAO PIAUI         / LAGOA BARRO I        C M3 PI (04M3);PISJI-2LDB-M3       ;2018-10-27;;2018-08-31;88.0;0.6;5.7;22.34;;;;;;;;;;;;;5571;5037
NE;NORDESTE;NE;NORDESTE;PI;PIAUI;PI;PIAUI;S.JOAO PIAUI;PICOS               ;230.0;BASICA         ;LINHA DE TRANSMISSÃO;AXIA NORDESTE;LT  230 kV S.JOAO PIAUI         / PICOS                C M1 PI (04M1);PISJI-2PIC-1        ;1990-12-31;;;167.8;3.05;16.24;28.24;500.0;500.0;630.0;630.0;500.0;590.0;500.0;595.0;630.0;734.0;701.0;749.0;5571;5671
NE;NORDESTE;N;NORTE;PI;PIAUI;MA;MARANHAO;TERESINA;COELHO NETO         ;230.0;BASICA         ;LINHA DE TRANSMISSÃO;AXIA NORTE;LT  230 kV TERESINA             / COELHO NETO          C 1  PI/MA;PITSA-2CH--1MA      ;2006-09-17;;2006-09-30;120.0;2.544;12.217;22.54;586.0;586.0;738.0;600.0;586.0;586.0;586.0;586.0;738.0;738.0;738.0;738.0;5501;5525
NE;NORDESTE;NE;NORDESTE;PI;PIAUI;PI;PIAUI;TERESINA;PIRIPIRI            ;230.0;BASICA         ;LINHA DE TRANSMISSÃO;AXIA NORDESTE;LT  230 kV TERESINA             / PIRIPIRI             C S1 PI (04S1);PITSA-2PRI-1        ;1990-12-31;;;154.7;2.82;15.1;26.08;500.0;500.0;630.0;630.0;500.0;590.0;500.0;595.0;747.0;747.0;747.0;747.0;5501;5491
NE;NORDESTE;NE;NORDESTE;PI;PIAUI;PI;PIAUI;TERESINA II;TERESINA            ;230.0;BASICA         ;LINHA DE TRANSMISSÃO;AXIA NORDESTE;LT  230 kV TERESINA II          / TERESINA             C L3 PI (04L3);PITSD-2TSA-1        ;2002-09-29;;2002-07-31;25.0;0.46;2.35;4.4;826.0;826.0;938.0;938.0;826.0;826.0;826.0;826.0;938.0;938.0;938.0;938.0;5502;5501
NE;NORDESTE;NE;NORDESTE;PI;PIAUI;PI;PIAUI;TERESINA II;TERESINA            ;230.0;BASICA         ;LINHA DE TRANSMISSÃO;AXIA NORDESTE;LT  230 kV TERESINA II          / TERESINA             C L4 PI (04L4);PITSD-2TSA-2        ;2002-09-29;;2002-07-31;25.0;0.46;2.35;4.4;826.0;826.0;938.0;938.0;826.0;826.0;826.0;826.0;938.0;938.0;938.0;938.0;5502;5501
NE;NORDESTE;NE;NORDESTE;PI;PIAUI;PI;PIAUI;TERESINA II;TERESINA III        ;230.0;BASICA         ;LINHA DE TRANSMISSÃO;AXIA NORDESTE;LT  230 kV TERESINA II          / TERESINA III         C L5 PI (04L5);PITSD-2TST-1        ;2017-10-18;;2017-11-30;22.77;0.29;1.54;5.56;1055.0;1055.0;1330.0;1330.0;;;;;;;;;5502;5321
NE;NORDESTE;NE;NORDESTE;PI;PIAUI;PI;PIAUI;TERESINA II;TERESINA III        ;230.0;BASICA         ;LINHA DE TRANSMISSÃO;AXIA NORDESTE;LT  230 kV TERESINA II          / TERESINA III         C L6 PI (04L6);PITSD-2TST-2        ;2017-10-18;;2017-11-30;22.77;0.29;1.54;5.56;1055.0;1055.0;1330.0;1330.0;;;;;;;;;5502;5321
NE;NORDESTE;NE;NORDESTE;PI;PIAUI;PI;PIAUI;UB.ESPERANCA;B. ESPERANCA        ;230.0;BASICA         ;LINHA DE TRANSMISSÃO;AXIA NORDESTE;LT  230 kV UB.ESPERANCA         / B. ESPERANCA         C V1 PI (04V1);PIUBE-2BEA-1        ;1990-12-31;;;2.8;0.06;0.3;0.5;600.0;600.0;714.0;714.0;600.0;600.0;600.0;600.0;600.0;600.0;600.0;600.0;44095;5511
S;SUL;SE;SUDESTE;PR;PARANA;SP;SAO PAULO;ANDIRA LESTE;ASSIS               ;230.0;BASICA         ;LINHA DE TRANSMISSÃO;ISA ENERGIA BRASIL;LT  230 kV ANDIRA LESTE         / ASSIS                C 1  PR/SP ();PRADA22ASS-1SP      ;2019-09-07;;2019-09-04;64.2;0.8018;4.4988;15.05;816.0;800.0;1122.0;1064.0;;;;;;;;;9892;551
S;SUL;SE;SUDESTE;PR;PARANA;SP;SAO PAULO;ANDIRA LESTE;SALTO GRANDE SP     ;230.0;BASICA         ;LINHA DE TRANSMISSÃO;ISA ENERGIA BRASIL;LT  230 kV ANDIRA LESTE         / SALTO GRANDE SP      C 1  PR/SP ();PRADA22SAG-1SP      ;2019-09-07;;2019-09-04;32.7;0.4126;2.2634;7.76;816.0;800.0;1122.0;960.0;;;;;;;;;9892;612
S;SUL;S;SUL;PR;PARANA;PR;PARANA;APUCARANA;LONDRINA SUL        ;230.0;BASICA         ;LINHA DE TRANSMISSÃO;AXIA SUL;LT  230 kV APUCARANA            / LONDRINA SUL         C 1  PR;PRAPA-2LOS-1        ;2021-12-13;;2021-08-11;33.1;0.446;2.483;7.7;978.0;978.0;1232.0;1232.0;;;;;;;;;878;10001
S;SUL;S;SUL;PR;PARANA;PR;PARANA;APUCARANA;SARANDI             ;230.0;BASICA         ;LINHA DE TRANSMISSÃO;COPEL-GT;LT  230 kV APUCARANA            / SARANDI              C 1  PR;PRAPA-2SDI-1        ;2006-06-28;;2006-06-30;42.4;0.78;3.98;6.884;457.0;457.0;608.0;608.0;457.0;535.0;489.0;553.0;608.0;674.0;650.0;730.0;878;872
S;SUL;S;SUL;PR;PARANA;PR;PARANA;APUCARANA;FIGUEIRA            ;230.0;BASICA         ;LINHA DE TRANSMISSÃO;COPEL-GT;LT  230 kV APUCARANA    /FIGUEIRA      C-1 PR;PRAPA-2FRA-1        ;1990-12-31;2010-04-19;;115.2;2.18;11.35;19.05;;;;;;;;;;;;;878;884
S;SUL;S;SUL;PR;PARANA;PR;PARANA;APUCARANA;MARINGA             ;230.0;BASICA         ;LINHA DE TRANSMISSÃO;COPEL-GT;LT  230 kV APUCARANA    /MARINGA       C-1 PR;PRAPA-2MGA-1        ;1990-12-31;2006-06-28;;57.8;1.1;5.68;9.79;;;;;;;;;;;;;878;868
S;SUL;S;SUL;PR;PARANA;PR;PARANA;AREIA;GUARAPUAVA OEST     ;230.0;BASICA         ;LINHA DE TRANSMISSÃO;AXIA SUL;LT  230 kV AREIA                / GUARAPUAVA OEST      C 1  PR;PRARE-2GUO-1        ;2022-04-03;;2021-09-01;64.52;1.29;6.032;11.4;650.0;650.0;819.0;819.0;880.0;1030.0;930.0;1080.0;1000.0;1115.0;1040.0;1155.0;934;10136
S;SUL;S;SUL;PR;PARANA;PR;PARANA;AREIA;GUARAPUAVA OEST     ;230.0;BASICA         ;LINHA DE TRANSMISSÃO;GRALHA AZUL;LT  230 kV AREIA                / GUARAPUAVA OEST      C 2  PR;PRGUO-2ARE-2        ;2022-04-04;;2023-03-09;62.5;0.968;5.788;11.2;880.0;880.0;1000.0;1000.0;650.0;809.0;708.0;854.0;819.0;822.0;858.0;959.0;934;10136
S;SUL;S;SUL;PR;PARANA;PR;PARANA;AREIA;PONTA G NORTE       ;230.0;BASICA         ;LINHA DE TRANSMISSÃO;AXIA SUL;LT  230 kV AREIA                / PONTA G NORTE        C 1  PR;PRARE-2PGN-1        ;1990-12-31;2021-12-19;;181.6;3.441;17.81;30.653;;;;;650.0;683.0;657.0;715.0;819.0;819.0;819.0;819.0;934;829
S;SUL;S;SUL;PR;PARANA;PR;PARANA;AREIA;S. OSORIO           ;230.0;BASICA         ;LINHA DE TRANSMISSÃO;AXIA SUL;LT  230 kV AREIA                / S. OSORIO            C 1  PR;PRARE-2SOS-1        ;1990-12-31;;;160.5;3.19;15.74;27.14;650.0;650.0;819.0;819.0;650.0;661.0;650.0;702.0;819.0;819.0;819.0;819.0;934;1047
S;SUL;S;SUL;PR;PARANA;PR;PARANA;AREIA;S. OSORIO           ;230.0;BASICA         ;LINHA DE TRANSMISSÃO;AXIA SUL;LT  230 kV AREIA                / S. OSORIO            C 2  PR;PRARE-2SOS-2        ;1990-12-31;;;160.3;3.19;15.74;27.13;650.0;650.0;819.0;819.0;650.0;661.0;650.0;702.0;819.0;819.0;819.0;819.0;934;1047
S;SUL;S;SUL;PR;PARANA;PR;PARANA;AREIA;S.MATEUS SUL        ;230.0;BASICA         ;LINHA DE TRANSMISSÃO;AXIA SUL;LT  230 kV AREIA                / S.MATEUS SUL         C 1  PR;PRARE-2SMS-1        ;1990-12-31;;2004-06-30;129.0;2.473;12.623;21.83;901.0;901.0;973.0;973.0;901.0;901.0;901.0;901.0;973.0;973.0;1009.0;987.0;934;834
S;SUL;S;SUL;PR;PARANA;PR;PARANA;AREIA;U.VITORIA NORTE     ;230.0;BASICA         ;LINHA DE TRANSMISSÃO;GRALHA AZUL;LT  230 kV AREIA                / U.VITORIA NORTE      C 1  PR;PRARE-2UVN-1        ;2021-12-21;;2023-03-09;53.0;0.59;4.753;9.8;1080.0;1080.0;1230.0;1230.0;1080.0;1270.0;1135.0;1330.0;1230.0;1375.0;1275.0;1430.0;934;10134
S;SUL;S;SUL;PR;PARANA;PR;PARANA;BAIXO IGUACU;CASCAVEL OEST       ;230.0;BASICA         ;LINHA DE TRANSMISSÃO;COPEL-GT;LT  230 kV BAIXO IGUACU         / CASCAVEL OEST        C 1  PR;PRUHBI2CVO-1        ;2019-02-08;;2018-08-31;60.0;0.339;3.818;15.57;980.0;980.0;1392.0;1392.0;;;;;;;;;9354;2458
S;SUL;S;SUL;PR;PARANA;PR;PARANA;BAIXO IGUACU;REALEZA SUL         ;230.0;BASICA         ;LINHA DE TRANSMISSÃO;COPEL-GT;LT  230 kV BAIXO IGUACU         / REALEZA SUL          C 1  PR;PRUHBI2RZS-1        ;2019-08-04;;2021-03-04;35.0;0.415;3.356;6.81;950.0;950.0;1130.0;1130.0;;;;;;;;;9354;9890
S;SUL;S;SUL;PR;PARANA;PR;PARANA;BATEIAS;C.COMPRIDO          ;230.0;BASICA         ;LINHA DE TRANSMISSÃO;COPEL-GT;LT  230 kV BATEIAS              / C.COMPRIDO           C 1  PR;PRBTA-2CCO-1        ;1990-12-31;;;14.0;0.271;1.611;3.216;823.0;823.0;939.0;939.0;823.0;941.0;832.0;967.0;939.0;960.0;973.0;1006.0;814;816
S;SUL;S;SUL;PR;PARANA;PR;PARANA;BATEIAS;C.COMPRIDO          ;230.0;BASICA         ;LINHA DE TRANSMISSÃO;COPEL-GT;LT  230 kV BATEIAS              / C.COMPRIDO           C 2  PR;PRBTA-2CCO-2        ;1999-10-30;;;17.8;0.27;1.61;3.216;823.0;823.0;939.0;939.0;823.0;941.0;832.0;967.0;939.0;960.0;973.0;1006.0;814;816
S;SUL;S;SUL;PR;PARANA;PR;PARANA;BATEIAS;C.COMPRIDO          ;230.0;BASICA         ;LINHA DE TRANSMISSÃO;COPEL-GT;LT  230 kV BATEIAS              / C.COMPRIDO           C 3  PR;PRBTA-2CCO-3        ;2005-07-31;;2005-07-31;17.8;0.34;1.7;3.004;815.0;815.0;925.0;925.0;815.0;877.0;815.0;899.0;925.0;930.0;925.0;962.0;814;816
S;SUL;S;SUL;PR;PARANA;PR;PARANA;BATEIAS;CURITIBA NORT       ;230.0;BASICA         ;LINHA DE TRANSMISSÃO;COPEL-GT;LT  230 kV BATEIAS              / CURITIBA NORT        C 1  PR;PRBTA-2CBN-1        ;2016-05-22;;2016-07-29;31.2;0.46;2.89;5.58;800.0;800.0;940.0;940.0;800.0;800.0;800.0;800.0;940.0;940.0;940.0;940.0;814;9697
S;SUL;S;SUL;PR;PARANA;PR;PARANA;BATEIAS;JAGUARIAIVA         ;230.0;BASICA         ;LINHA DE TRANSMISSÃO;COPEL-GT;LT  230 kV BATEIAS              / JAGUARIAIVA          C 1  PR;PRBTA-2JGI-1        ;2003-10-31;;2003-11-30;137.1;2.09;12.77;24.59;841.0;841.0;1041.0;1041.0;841.0;939.0;900.0;963.0;1041.0;1041.0;1053.0;1050.0;814;827
S;SUL;S;SUL;PR;PARANA;PR;PARANA;BATEIAS;PILARZINHO          ;230.0;BASICA         ;LINHA DE TRANSMISSÃO;COPEL-GT;LT  230 kV BATEIAS              / PILARZINHO           C 1  PR;PRBTA-2PIL-1        ;2009-09-14;;2009-09-19;29.0;0.655;2.906;5.6;861.0;861.0;990.0;990.0;610.0;714.0;653.0;738.0;860.0;860.0;860.0;860.0;814;819
S;SUL;S;SUL;PR;PARANA;PR;PARANA;BATEIAS;PONTA G SUL         ;230.0;BASICA         ;LINHA DE TRANSMISSÃO;COPEL-GT;LT  230 kV BATEIAS              / PONTA G SUL          C 1  PR;PRBTA-2PGS-1        ;1999-10-30;;;90.2;1.6;8.07;14.21;439.0;439.0;584.0;584.0;439.0;514.0;470.0;531.0;584.0;684.0;625.0;706.0;814;831
S;SUL;S;SUL;PR;PARANA;PR;PARANA;C.COMPRIDO;C.I.CURITIBA        ;230.0;BASICA         ;LINHA DE TRANSMISSÃO;COPEL-GT;LT  230 kV C.COMPRIDO           / C.I.CURITIBA         C 1  PR;PRCCO-2CIC-1        ;2003-11-08;;2003-11-30;16.7;0.25;1.25;2.434;958.0;958.0;1073.0;1073.0;958.0;1052.0;958.0;1075.0;1073.0;1105.0;1073.0;1140.0;816;815
S;SUL;S;SUL;PR;PARANA;PR;PARANA;C.COMPRIDO;GRALHA AZUL         ;230.0;BASICA         ;LINHA DE TRANSMISSÃO;COPEL-GT;LT  230 kV C.COMPRIDO           / GRALHA AZUL          C 1  PR;PRCCO-2GRL-2        ;2010-08-15;;2010-07-18;23.5;0.37;2.15;4.28;968.0;968.0;1084.0;1084.0;968.0;1052.0;968.0;1076.0;1084.0;1105.0;1084.0;1141.0;816;813
S;SUL;S;SUL;PR;PARANA;PR;PARANA;C.COMPRIDO;PILARZINHO          ;230.0;BASICA         ;LINHA DE TRANSMISSÃO;COPEL-GT;LT  230 kV C.COMPRIDO           / PILARZINHO           C 1  PR;PRCCO-2PIL-1        ;1990-12-31;;;17.7;0.34;1.64;3.16;996.0;996.0;1116.0;1116.0;996.0;1016.0;996.0;1037.0;1116.0;1116.0;1116.0;1116.0;816;819
S;SUL;S;SUL;PR;PARANA;PR;PARANA;C.COMPRIDO;SANTAQUITERIA       ;230.0;BASICA         ;LINHA DE TRANSMISSÃO;COPEL-GT;LT  230 kV C.COMPRIDO           / SANTAQUITERIA        C 1  PR;PRCCO-2SQU-1        ;2014-07-23;;2014-07-30;10.33;0.152;0.903;2.9;969.0;969.0;1085.0;1085.0;694.0;694.0;694.0;694.0;694.0;694.0;694.0;694.0;816;9537
S;SUL;S;SUL;PR;PARANA;PR;PARANA;C.COMPRIDO;UMBARA              ;230.0;BASICA         ;LINHA DE TRANSMISSÃO;COPEL-GT;LT  230 kV C.COMPRIDO           / UMBARA               C 1  PR;PRCCO-2UMB-1        ;1990-12-31;2014-07-23;;26.4;0.37;1.95;3.83;;;;;694.0;812.0;718.0;832.0;694.0;812.0;718.0;832.0;816;821
S;SUL;S;SUL;PR;PARANA;PR;PARANA;C.COMPRIDO;GRALHA AZUL         ;230.0;BASICA         ;LINHA DE TRANSMISSÃO;COPEL-GT;LT  230 kV C.COMPRIDO   /GRALHA AZUL   C-2 PR;PRCCO-2GRL-1        ;2001-12-28;2003-11-08;2001-12-31;24.9;0.36;2.18;4.352;;;;;;;;;;;;;816;813
S;SUL;S;SUL;PR;PARANA;PR;PARANA;C.COMPRIDO;UMBARA              ;230.0;BASICA         ;LINHA DE TRANSMISSÃO;COPEL-GT;LT  230 kV C.COMPRIDO   /UMBARA        C-2 PR;PRCCO-2UMB-2        ;1990-12-31;2010-08-15;;19.9;0.51;2.62;4.54;;;;;;;;;;;;;816;821
S;SUL;S;SUL;PR;PARANA;PR;PARANA;C.I.CURITIBA;UMBARA              ;230.0;BASICA         ;LINHA DE TRANSMISSÃO;COPEL-GT;LT  230 kV C.I.CURITIBA         / UMBARA               C 1  PR;PRCIC-2UMB-1        ;2010-08-15;;2010-07-18;8.7;0.12;0.7;1.4;968.0;968.0;1084.0;1084.0;968.0;1052.0;968.0;1080.0;1084.0;1105.0;1084.0;1145.0;815;821
S;SUL;S;SUL;PR;PARANA;PR;PARANA;C.I.CURITIBA;GRALHA AZUL         ;230.0;BASICA         ;LINHA DE TRANSMISSÃO;COPEL-GT;LT  230 kV C.I.CURITIBA /GRALHA AZUL   C-1 PR;PRCIC-2GRL-1        ;2003-11-08;2010-08-15;2003-11-30;12.3;0.18;1.09;2.186;;;;;;;;;;;;;815;813
S;SUL;S;SUL;PR;PARANA;PR;PARANA;C.MOURAO;APUCARANA           ;230.0;BASICA         ;LINHA DE TRANSMISSÃO;AXIA SUL;LT  230 kV C.MOURAO             / APUCARANA            C 1  PR;PRCMO-2APA-1        ;1990-12-31;;;114.5;2.17;11.23;19.32;594.0;594.0;749.0;749.0;594.0;642.0;594.0;677.0;749.0;749.0;749.0;764.0;954;878
S;SUL;S;SUL;PR;PARANA;PR;PARANA;C.MOURAO;MARINGA             ;230.0;BASICA         ;LINHA DE TRANSMISSÃO;AXIA SUL;LT  230 kV C.MOURAO             / MARINGA              C 1  PR;PRCMO-2MGA-1        ;1990-12-31;;;79.9;1.592;7.835;13.6;594.0;594.0;749.0;749.0;594.0;642.0;594.0;677.0;749.0;749.0;749.0;764.0;954;868
S;SUL;S;SUL;PR;PARANA;PR;PARANA;C.MOURAO;S. OSORIO           ;230.0;BASICA         ;LINHA DE TRANSMISSÃO;AXIA SUL;LT  230 kV C.MOURAO             / S. OSORIO            C 1  PR;PRCMO-2SOS-1        ;1990-12-31;;2004-04-30;181.2;3.605;17.776;30.65;878.0;878.0;948.0;948.0;878.0;878.0;878.0;887.0;948.0;948.0;983.0;971.0;954;1047
S;SUL;S;SUL;PR;PARANA;PR;PARANA;C.MOURAO;S. OSORIO           ;230.0;BASICA         ;LINHA DE TRANSMISSÃO;AXIA SUL;LT  230 kV C.MOURAO             / S. OSORIO            C 2  PR;PRCMO-2SOS-2        ;1990-12-31;;2004-06-30;181.3;3.606;17.776;30.87;878.0;878.0;948.0;948.0;878.0;878.0;878.0;887.0;948.0;948.0;983.0;971.0;954;1047
S;SUL;S;SUL;PR;PARANA;PR;PARANA;CAMPO ASSOBIO;D.S.J.PINHAIS       ;230.0;BASICA         ;LINHA DE TRANSMISSÃO;COPEL-GT;LT  230 kV CAMPO ASSOBIO        / D.S.J.PINHAIS        C 1  PR;PRCSO-2DJP-1        ;1999-03-28;;;18.1;0.37;1.8;3.487;750.0;750.0;750.0;750.0;750.0;800.0;785.0;817.0;750.0;800.0;785.0;817.0;2353;818
S;SUL;S;SUL;PR;PARANA;PR;PARANA;CAMPO ASSOBIO;UMBARA              ;230.0;BASICA         ;LINHA DE TRANSMISSÃO;COPEL-GT;LT  230 kV CAMPO ASSOBIO        / UMBARA               C 1  PR;PRCSO-2UMB-1        ;2004-02-14;;;21.8;0.38;1.88;3.63;750.0;750.0;750.0;750.0;750.0;800.0;785.0;817.0;750.0;800.0;785.0;817.0;2353;821
S;SUL;S;SUL;PR;PARANA;PR;PARANA;CASCAVEL;F.IGUACUNORTE       ;230.0;BASICA         ;LINHA DE TRANSMISSÃO;COPEL-GT;LT  230 kV CASCAVEL             / F.IGUACUNORTE        C 1  PR;PRCEL-2FIN-1        ;2012-04-22;2019-06-02;2012-05-01;124.31;1.9;11.8;21.58;;;;;714.0;793.0;744.0;850.0;876.0;876.0;908.0;935.0;839;843
S;SUL;S;SUL;PR;PARANA;PR;PARANA;CASCAVEL;FOZ DO CHOPIM       ;230.0;BASICA         ;LINHA DE TRANSMISSÃO;COPEL-GT;LT  230 kV CASCAVEL             / FOZ DO CHOPIM        C 1  PR;PRCEL-2FOC-1        ;1998-11-02;;2009-03-19;78.0;1.11;6.92;12.49;812.0;812.0;950.0;950.0;812.0;880.0;859.0;915.0;950.0;968.0;1005.0;1025.0;839;898
S;SUL;S;SUL;PR;PARANA;PR;PARANA;CASCAVEL;FOZ DO CHOPIM       ;230.0;BASICA         ;LINHA DE TRANSMISSÃO;COPEL-GT;LT  230 kV CASCAVEL             / FOZ DO CHOPIM        C 2  PR;PRCEL-2FOC-2        ;2025-10-19;;2026-02-13;72.43;1.118;6.9;12.6;812.0;812.0;950.0;950.0;;;;;;;;;839;898
S;SUL;S;SUL;PR;PARANA;PR;PARANA;CASCAVEL;MEDIANEIRA NT       ;230.0;BASICA         ;LINHA DE TRANSMISSÃO;COPEL-GT;LT  230 kV CASCAVEL             / MEDIANEIRA NT        C 1  PR;PRCEL-2MNO-1        ;2019-06-02;;2019-10-04;70.0;1.133;7.055;12.84;713.0;713.0;876.0;876.0;;;;;;;;;839;10005
S;SUL;S;SUL;PR;PARANA;PR;PARANA;CASCAVEL;S. OSORIO           ;230.0;BASICA         ;LINHA DE TRANSMISSÃO;COPEL-GT;LT  230 kV CASCAVEL             / S. OSORIO            C 1  PR;PRCEL-2SOS-1        ;1990-12-31;2025-10-15;2007-06-26;80.3;1.22;7.69;13.81;;;;;812.0;899.0;838.0;949.0;950.0;971.0;980.0;1025.0;839;1047
S;SUL;S;SUL;PR;PARANA;PR;PARANA;CASCAVEL NORT;CASCAVEL OEST       ;230.0;BASICA         ;LINHA DE TRANSMISSÃO;COSTA OESTE;LT  230 kV CASCAVEL NORT        / CASCAVEL OEST        C 1  PR;PRCTE-2CVO-1        ;2014-08-31;;2014-09-30;26.5;0.41;2.44;4.77;800.0;800.0;935.0;935.0;800.0;989.0;922.0;1034.0;935.0;1031.0;1020.0;1087.0;9538;2458
S;SUL;S;SUL;PR;PARANA;PR;PARANA;CASCAVEL NORT;CASCAVEL OEST       ;230.0;BASICA         ;LINHA DE TRANSMISSÃO;CAIUÁ TRANSMISSORA;LT  230 kV CASCAVEL NORT        / CASCAVEL OEST        C 2  PR;PRCTE-2CVO-2        ;2014-07-15;;2014-07-30;30.3;0.56;3.35;6.67;800.0;800.0;935.0;935.0;800.0;988.0;941.0;1033.0;935.0;1030.0;1032.0;1086.0;9538;2458
S;SUL;S;SUL;PR;PARANA;PR;PARANA;CASCAVEL NORT;UMUARAMA SUL        ;230.0;BASICA         ;LINHA DE TRANSMISSÃO;COSTA OESTE;LT  230 kV CASCAVEL NORT        / UMUARAMA SUL         C 1  PR;PRCTE-2UMU21        ;2014-08-30;;2014-09-30;129.4;2.02;11.96;23.22;800.0;800.0;935.0;935.0;800.0;972.0;890.0;1011.0;935.0;1015.0;994.0;1066.0;9538;9725
S;SUL;S;SUL;PR;PARANA;PR;PARANA;CASCAVEL OEST;CASCAVEL            ;230.0;BASICA         ;LINHA DE TRANSMISSÃO;AXIA SUL;LT  230 kV CASCAVEL OEST        / CASCAVEL             C 1  PR;PRCVO-2CEL-1        ;2001-04-22;;2001-04-22;10.3;0.2;1.03;1.861;878.0;878.0;948.0;948.0;878.0;878.0;878.0;887.0;948.0;948.0;983.0;979.0;2458;839
S;SUL;S;SUL;PR;PARANA;PR;PARANA;CASCAVEL OEST;CASCAVEL            ;230.0;BASICA         ;LINHA DE TRANSMISSÃO;COPEL-GT;LT  230 kV CASCAVEL OEST        / CASCAVEL             C 2  PR;PRCVO-2CEL-2        ;2001-04-29;;2001-04-22;11.3;0.18;1.07;2.141;895.0;895.0;1029.0;1029.0;895.0;950.0;895.0;989.0;1029.0;1029.0;1029.0;1048.0;2458;839
S;SUL;S;SUL;PR;PARANA;PR;PARANA;CASCAVEL OEST;CASCAVEL            ;230.0;BASICA         ;LINHA DE TRANSMISSÃO;COPEL-GT;LT  230 kV CASCAVEL OEST        / CASCAVEL             C 3  PR;PRCVO-2CEL-3        ;2008-04-29;;2008-04-30;11.3;0.17;1.03;2.053;895.0;895.0;1029.0;1029.0;895.0;950.0;895.0;989.0;1029.0;1029.0;1029.0;1048.0;2458;839
S;SUL;S;SUL;PR;PARANA;PR;PARANA;CASCAVEL OEST;F.IGUACUNORTE       ;230.0;BASICA         ;LINHA DE TRANSMISSÃO;EVOLTZ VII;LT  230 kV CASCAVEL OEST        / F.IGUACUNORTE        C 1  PR;PRCVO-2FON-1        ;2009-08-09;2019-07-15;2009-08-09;115.0;1.89;10.65;20.985;;;;;714.0;911.0;870.0;979.0;961.0;993.0;1012.0;1068.0;2458;843
S;SUL;S;SUL;PR;PARANA;PR;PARANA;CASCAVEL OEST;GUAIRA              ;230.0;BASICA         ;LINHA DE TRANSMISSÃO;AXIA SUL;LT  230 kV CASCAVEL OEST        / GUAIRA               C 1  PR;PRCVO-2GUA-1        ;2001-04-22;2023-05-07;2001-04-22;126.3;0.61;7.65;34.46;;;;;878.0;878.0;878.0;878.0;948.0;948.0;983.0;961.0;2458;978
S;SUL;S;SUL;PR;PARANA;PR;PARANA;CASCAVEL OEST;MEDIANEIRA NT       ;230.0;BASICA         ;LINHA DE TRANSMISSÃO;EVOLTZ VII;LT  230 kV CASCAVEL OEST        / MEDIANEIRA NT        C 1  PR;PRCVO-2MNO-1        ;2019-07-14;;2019-10-04;58.7;1.062;5.998;11.46;714.0;714.0;961.0;961.0;;;;;;;;;2458;10005
S;SUL;S;SUL;PR;PARANA;PR;PARANA;CASTRO NORTE;KLABIN CELULOSE     ;230.0;BASICA         ;LINHA DE TRANSMISSÃO;COPEL-GT;LT  230 kV CASTRO NORTE         / KLABIN CELULOSE      C 1  PR;PRCNT-2KCL-1        ;2022-05-15;;2023-03-09;119.27;1.732;11.321;21.2;836.0;836.0;980.0;980.0;;;;;;;;;10138;9988
S;SUL;S;SUL;PR;PARANA;PR;PARANA;CASTRO NORTE;PONTA GROSSA        ;230.0;BASICA         ;LINHA DE TRANSMISSÃO;COPEL-GT;LT  230 kV CASTRO NORTE         / PONTA GROSSA         C 1  PR;PRGR--2CNT-1        ;2022-05-15;;2023-03-09;63.42;0.923;5.918;11.3;836.0;836.0;980.0;980.0;;;;;;;;;10138;10009
S;SUL;S;SUL;PR;PARANA;PR;PARANA;CURIT. CENTRO;UBERABA             ;230.0;BASICA         ;LINHA DE TRANSMISSÃO;COPEL-GT;LT  230 kV CURIT. CENTRO        / UBERABA              C 1  PR;PRCPNN2UBR-1        ;2019-09-17;;2019-09-04;7.8;0.052;0.404;31.7;910.0;910.0;1205.0;1205.0;;;;;;;;;10032;820
S;SUL;S;SUL;PR;PARANA;PR;PARANA;CURIT. CENTRO;UBERABA             ;230.0;BASICA         ;LINHA DE TRANSMISSÃO;COPEL-GT;LT  230 kV CURIT. CENTRO        / UBERABA              C 2  PR;PRCPNN2UBR-2        ;2019-09-17;;2019-09-04;7.8;0.052;0.404;31.7;910.0;910.0;1205.0;1205.0;;;;;;;;;10032;820
S;SUL;S;SUL;PR;PARANA;PR;PARANA;CURIT.LESTE;D.S.J.PINHAIS       ;230.0;BASICA         ;LINHA DE TRANSMISSÃO;COPEL-GT;LT  230 kV CURIT.LESTE          / D.S.J.PINHAIS        C 1  PR;PRCBL-2DJP-1        ;2015-06-28;;2015-06-30;8.9;0.14;0.8;1.63;861.0;861.0;990.0;990.0;861.0;861.0;861.0;861.0;990.0;990.0;990.0;990.0;9543;818
S;SUL;S;SUL;PR;PARANA;PR;PARANA;CURIT.LESTE;POSTO FISCAL        ;230.0;BASICA         ;LINHA DE TRANSMISSÃO;COPEL-GT;LT  230 kV CURIT.LESTE          / POSTO FISCAL         C 1  PR;PRCBL-2PFL-1        ;2015-06-28;;2015-06-30;61.4;1.19;5.82;10.71;413.0;413.0;549.3;549.3;413.0;413.0;413.0;413.0;549.3;549.3;549.3;549.3;9543;2459
S;SUL;S;SUL;PR;PARANA;PR;PARANA;CURIT.LESTE;SANTA MONICA        ;230.0;BASICA         ;LINHA DE TRANSMISSÃO;COPEL-GT;LT  230 kV CURIT.LESTE          / SANTA MONICA         C 1  PR;PRCBL-2SMC-1        ;2015-06-28;;2015-06-30;26.4;0.4;2.36;4.85;861.0;861.0;990.0;990.0;861.0;861.0;861.0;861.0;990.0;990.0;990.0;990.0;9543;2477
S;SUL;S;SUL;PR;PARANA;PR;PARANA;CURIT.LESTE;UBERABA             ;230.0;BASICA         ;LINHA DE TRANSMISSÃO;COPEL-GT;LT  230 kV CURIT.LESTE          / UBERABA              C 1  PR;PRCBL-2UBR-1        ;2015-06-28;;2015-06-30;19.3;0.34;1.81;3.456;791.0;791.0;897.0;897.0;791.0;791.0;791.0;791.0;897.0;897.0;897.0;897.0;9543;820
S;SUL;S;SUL;PR;PARANA;SC;SANTA CATARINA;CURITIBA;JOINV.NORTE         ;230.0;BASICA         ;LINHA DE TRANSMISSÃO;AXIA SUL;LT  230 kV CURITIBA             / JOINV.NORTE          C 1  PR/SC;PRCBA-2JNO-1SC      ;2009-05-11;;2009-05-30;96.4;1.123;8.697;16.45;878.0;878.0;948.0;948.0;878.0;878.0;878.0;878.0;948.0;948.0;983.0;977.0;960;1020
S;SUL;S;SUL;PR;PARANA;SC;SANTA CATARINA;CURITIBA;JOINV.NORTE         ;230.0;BASICA         ;LINHA DE TRANSMISSÃO;IE SUL;LT  230 kV CURITIBA             / JOINV.NORTE          C 2  PR/SC;PRCBA-2JNO-2SC      ;2015-08-13;;2015-03-31;99.9;1.125;8.976;17.59;830.0;830.0;1040.0;1040.0;830.0;830.0;830.0;830.0;1040.0;1040.0;1040.0;1040.0;960;1020
S;SUL;S;SUL;PR;PARANA;SC;SANTA CATARINA;CURITIBA;JOINVILLE           ;230.0;BASICA         ;LINHA DE TRANSMISSÃO;AXIA SUL;LT  230 kV CURITIBA             / JOINVILLE            C 1  PR/SC;PRCBA-2JOI-1SC      ;1990-12-31;;2007-03-18;99.7;1.826;9.336;16.84;878.0;878.0;948.0;948.0;878.0;878.0;878.0;878.0;948.0;948.0;983.0;977.0;960;1015
S;SUL;S;SUL;PR;PARANA;SC;SANTA CATARINA;CURITIBA;JOINVILLE           ;230.0;BASICA         ;LINHA DE TRANSMISSÃO;ELETROSUL;LT  230 kV CURITIBA             / JOINVILLE            C 2  PR/SC;PRCBA-2JOI-2SC      ;1990-12-31;2009-05-11;2006-12-29;99.9;1.895;9.704;17.029;;;;;;;;;;;;;960;1015
S;SUL;S;SUL;PR;PARANA;PR;PARANA;CURITIBA;S.MATEUS SUL        ;230.0;BASICA         ;LINHA DE TRANSMISSÃO;AXIA SUL;LT  230 kV CURITIBA             / S.MATEUS SUL         C 1  PR;PRCBA-2SMS-1        ;1990-12-31;;;117.0;2.003;11.35;19.76;650.0;650.0;819.0;819.0;650.0;683.0;657.0;715.0;819.0;819.0;819.0;819.0;960;834
S;SUL;S;SUL;PR;PARANA;PR;PARANA;CURITIBA;UMBARA              ;230.0;BASICA         ;LINHA DE TRANSMISSÃO;COPEL-GT;LT  230 kV CURITIBA             / UMBARA               C 1  PR;PRUMB-2CBA-1        ;1990-12-31;;;0.02;0.001;0.01;0.024;2600.0;2600.0;2600.0;2600.0;;;;;;;;;960;821
S;SUL;S;SUL;PR;PARANA;PR;PARANA;CURITIBA;UMBARA              ;230.0;BASICA         ;LINHA DE TRANSMISSÃO;COPEL-GT;LT  230 kV CURITIBA             / UMBARA               C 2  PR;PRUMB-2CBA-2        ;1990-12-31;;;0.02;0.001;0.01;0.024;2600.0;2600.0;2600.0;2600.0;;;;;;;;;960;821
S;SUL;S;SUL;PR;PARANA;PR;PARANA;CURITIBA NORT;PILARZINHO          ;230.0;BASICA         ;LINHA DE TRANSMISSÃO;COPEL-GT;LT  230 kV CURITIBA NORT        / PILARZINHO           C 1  PR;PRCBN-2PIL-1        ;2016-07-03;;2016-07-29;17.23;0.34;1.66;2.981;397.0;397.0;528.0;528.0;800.0;800.0;800.0;800.0;;;;;9697;819
S;SUL;S;SUL;PR;PARANA;PR;PARANA;D.S.J.PINHAIS;REPAR               ;230.0;BASICA         ;LINHA DE TRANSMISSÃO;COPEL-GT;LT  230 kV D.S.J.PINHAIS        / REPAR                C 1  PR;PRDJP-2REP-1        ;2009-05-17;;2009-05-15;33.6;0.46;2.79;5.563;793.0;793.0;927.0;927.0;793.0;876.0;847.0;901.0;927.0;1007.0;991.0;1045.0;818;9399
S;SUL;S;SUL;PR;PARANA;PR;PARANA;D.S.J.PINHAIS;SANTA MONICA        ;230.0;BASICA         ;LINHA DE TRANSMISSÃO;COPEL-GT;LT  230 kV D.S.J.PINHAIS        / SANTA MONICA         C 1  PR;PRDJP-2SMC-1        ;2009-05-22;2015-06-28;2009-05-31;25.0;0.38;2.27;4.6562;;;;;861.0;926.0;903.0;945.0;990.0;1046.0;1038.0;1077.0;818;2477
S;SUL;S;SUL;PR;PARANA;PR;PARANA;D.S.J.PINHAIS;UBERABA             ;230.0;BASICA         ;LINHA DE TRANSMISSÃO;COPEL-GT;LT  230 kV D.S.J.PINHAIS        / UBERABA              C 1  PR;PRDJP-2UBR-1        ;1999-02-27;;;11.9;0.19;0.94;1.824;750.0;750.0;750.0;750.0;750.0;799.0;785.0;815.0;750.0;799.0;785.0;815.0;818;820
S;SUL;S;SUL;PR;PARANA;PR;PARANA;F.IGUACUNORTE;MEDIANEIRA NT       ;230.0;BASICA         ;LINHA DE TRANSMISSÃO;COPEL-GT;LT  230 kV F.IGUACUNORTE        / MEDIANEIRA NT        C 1  PR;PRFIN-2MNO-1        ;2019-06-02;;2019-10-04;51.0;0.878;5.542;10.05;713.0;713.0;876.0;876.0;;;;;;;;;843;10005
S;SUL;S;SUL;PR;PARANA;PR;PARANA;F.IGUACUNORTE;MEDIANEIRA NT       ;230.0;BASICA         ;LINHA DE TRANSMISSÃO;EVOLTZ VII;LT  230 kV F.IGUACUNORTE        / MEDIANEIRA NT        C 2  PR;PRFIN-2MNO-2        ;2019-07-15;;2019-10-04;51.0;0.892;5.033;9.61;714.0;714.0;961.0;961.0;;;;;;;;;843;10005
S;SUL;SE;SUDESTE;PR;PARANA;SP;SAO PAULO;FIGUEIRA;CHAVANTES           ;230.0;BASICA         ;LINHA DE TRANSMISSÃO;COPEL-GT;LT  230 kV FIGUEIRA             / CHAVANTES            C 1  PR/SP;PRFRA-2CHV-1SP      ;1990-12-31;;;105.2;2.01;10.29;17.82;586.0;586.0;708.0;708.0;586.0;666.0;627.0;697.0;708.0;713.0;721.0;767.0;884;615
S;SUL;S;SUL;PR;PARANA;PR;PARANA;FIGUEIRA;JAGUARIAIVA         ;230.0;BASICA         ;LINHA DE TRANSMISSÃO;COPEL-GT;LT  230 kV FIGUEIRA             / JAGUARIAIVA          C 1  PR;PRFRA-2JGI-1        ;1990-12-31;;;82.7;1.59;8.09;14.14;718.0;718.0;840.0;840.0;718.0;793.0;718.0;819.0;840.0;849.0;840.0;893.0;884;827
S;SUL;S;SUL;PR;PARANA;PR;PARANA;FIGUEIRA;KLABIN CELULOSE     ;230.0;BASICA         ;LINHA DE TRANSMISSÃO;COPEL-GT;LT  230 kV FIGUEIRA             / KLABIN CELULOSE      C 1  PR;PRFRA-2KCL-1        ;2015-08-16;;2016-02-28;82.7;1.221;7.777;15.46;836.0;836.0;980.0;980.0;402.0;402.0;402.0;402.0;;;;;884;9988
S;SUL;S;SUL;PR;PARANA;PR;PARANA;FIGUEIRA;PONTA G NORTE       ;230.0;BASICA         ;LINHA DE TRANSMISSÃO;COPEL-GT;LT  230 kV FIGUEIRA             / PONTA G NORTE        C 1  PR;PRFRA-2PGN-1        ;1990-12-31;2015-08-16;2016-11-05;136.5;2.63;13.5;22.9;;;;;402.0;470.0;430.0;486.0;535.0;625.0;572.0;646.0;884;829
S;SUL;S;SUL;PR;PARANA;PR;PARANA;FIGUEIRA;SE.MAUA             ;230.0;BASICA         ;LINHA DE TRANSMISSÃO;COPEL-GT;LT  230 kV FIGUEIRA             / SE.MAUA              C 1  PR;PRFRA-2UHMA1        ;2012-11-23;;2012-11-30;43.3;0.44;3.56;8.59;858.0;858.0;1067.0;1067.0;858.0;953.0;862.0;1004.0;1067.0;1067.0;1067.0;1124.0;884;981
S;SUL;S;SUL;PR;PARANA;PR;PARANA;FOZ DO CHOPIM;REALEZA SUL         ;230.0;BASICA         ;LINHA DE TRANSMISSÃO;COPEL-GT;LT  230 kV FOZ DO CHOPIM        / REALEZA SUL          C 1  PR;PRFOC-2RZS-1        ;2017-01-15;;2017-03-05;53.0;0.806;4.785;9.42;800.0;800.0;935.0;935.0;;;;;;;;;898;9890
S;SUL;S;SUL;PR;PARANA;PR;PARANA;FOZ DO CHOPIM;S. OSORIO           ;230.0;BASICA         ;LINHA DE TRANSMISSÃO;COPEL-GT;LT  230 kV FOZ DO CHOPIM        / S. OSORIO            C 1  PR;PRFOC-2SOS-1        ;1998-11-02;;;14.3;0.15;0.89;1.632;812.0;812.0;930.0;930.0;812.0;899.0;825.0;942.0;930.0;930.0;957.0;980.0;898;1047
S;SUL;S;SUL;PR;PARANA;PR;PARANA;FOZ DO CHOPIM;S. OSORIO           ;230.0;BASICA         ;LINHA DE TRANSMISSÃO;COPEL-GT;LT  230 kV FOZ DO CHOPIM        / S. OSORIO            C 2  PR;PRFOC-2SOS-2        ;2015-03-29;;2015-03-27;10.0;0.15;0.9;1.817;815.0;815.0;1030.0;1030.0;815.0;815.0;815.0;815.0;1030.0;1030.0;1030.0;1030.0;898;1047
S;SUL;S;SUL;PR;PARANA;PR;PARANA;FOZ DO CHOPIM;S. OSORIO           ;230.0;BASICA         ;LINHA DE TRANSMISSÃO;COPEL-GT;LT  230 kV FOZ DO CHOPIM        / S. OSORIO            C 3  PR;PRFOC-2SOS-3        ;2025-10-19;;2026-02-13;10.0;0.163;0.993;1.8;812.0;812.0;950.0;950.0;;;;;;;;;898;1047
S;SUL;S;SUL;PR;PARANA;PR;PARANA;GRALHA AZUL;REPAR               ;230.0;BASICA         ;LINHA DE TRANSMISSÃO;COPEL-GT;LT  230 kV GRALHA AZUL          / REPAR                C 1  PR;PRGRL-2REP-1        ;2009-03-19;;2009-02-28;0.8;0.012;0.12;0.233;793.0;793.0;927.0;927.0;793.0;876.0;847.0;901.0;927.0;1007.0;991.0;1045.0;813;9399
S;SUL;S;SUL;PR;PARANA;PR;PARANA;GRALHA AZUL;UMBARA              ;230.0;BASICA         ;LINHA DE TRANSMISSÃO;COPEL-GT;LT  230 kV GRALHA AZUL          / UMBARA               C 1  PR;PRGRL-2UMB-1        ;2004-02-14;;2004-10-31;4.2;0.051;0.391;0.8;1054.0;1054.0;1255.0;1255.0;971.0;1052.0;971.0;1072.0;1088.0;1105.0;1088.0;1147.0;813;821
S;SUL;S;SUL;PR;PARANA;PR;PARANA;GRALHA AZUL;CAMPO ASSOBIO       ;230.0;BASICA         ;LINHA DE TRANSMISSÃO;COPEL-GT;LT  230 kV GRALHA AZUL  /CAMPO ASSOBIO C-1 PR;PRGRL-2CSO-1        ;2002-08-09;2004-02-14;2002-06-30;26.0;0.47;2.4;4.661;;;;;;;;;;;;;813;2353
S;SUL;S;SUL;PR;PARANA;PR;PARANA;GUAIRA;UMUARAMA SUL        ;230.0;BASICA         ;LINHA DE TRANSMISSÃO;CAIUÁ TRANSMISSORA;LT  230 kV GUAIRA               / UMUARAMA SUL         C 1  PR;PRGUA-2UMU21        ;2014-05-10;;2014-05-10;103.9;1.6;9.56;19.0;800.0;800.0;935.0;935.0;800.0;965.0;898.0;1010.0;935.0;1009.0;994.0;1064.0;978;9725
S;SUL;S;SUL;PR;PARANA;PR;PARANA;GUAIRA;UMUARAMA SUL        ;230.0;BASICA         ;LINHA DE TRANSMISSÃO;GUAIRA;LT  230 kV GUAIRA               / UMUARAMA SUL         C 2  PR;PRGUA-2UMS-2        ;2021-01-31;;2021-08-11;108.0;1.602;9.523;18.9;825.0;825.0;965.0;965.0;;;;;;;;;978;9725
S;SUL;S;SUL;PR;PARANA;PR;PARANA;GUARAPUAVA OEST;IRATI NORTE         ;230.0;BASICA         ;LINHA DE TRANSMISSÃO;AXIA SUL;LT  230 kV GUARAPUAVA OEST      / IRATI NORTE          C 1  PR;PRGR--2ARE-1        ;2023-02-19;;2023-03-09;163.0;3.08;15.782;27.5;650.0;650.0;819.0;819.0;650.0;811.0;700.0;854.0;819.0;822.0;858.0;959.0;10136;10140
S;SUL;S;SUL;PR;PARANA;PR;PARANA;IBIPORA;LONDRINA ESU        ;230.0;BASICA         ;LINHA DE TRANSMISSÃO;COPEL-GT;LT  230 kV IBIPORA              / LONDRINA ESU         C 1  PR;PRIBP-2LON-1        ;1990-12-31;;2021-10-16;20.3;0.54;1.917;3.564;879.0;879.0;949.0;949.0;570.0;667.0;610.0;690.0;718.0;827.0;769.0;869.0;886;1028
S;SUL;S;SUL;PR;PARANA;PR;PARANA;IBIPORA;LONDRINA ESU        ;230.0;BASICA         ;LINHA DE TRANSMISSÃO;COPEL-GT;LT  230 kV IBIPORA              / LONDRINA ESU         C 2  PR;PRIBP-2LON-2        ;2005-12-17;;2005-12-15;20.3;0.54;1.917;3.564;879.0;879.0;949.0;949.0;570.0;667.0;610.0;690.0;718.0;827.0;769.0;869.0;886;1028
S;SUL;S;SUL;PR;PARANA;PR;PARANA;IRATI NORTE;PONTA GROSSA        ;230.0;BASICA         ;LINHA DE TRANSMISSÃO;AXIA SUL;LT  230 kV IRATI NORTE          / PONTA GROSSA         C 1  PR;PRIRN-2GR--1        ;2023-02-19;;2021-09-01;50.7;0.969;4.907;8.5;650.0;650.0;819.0;819.0;880.0;1025.0;925.0;1070.0;1000.0;1110.0;1035.0;1150.0;10140;10009
S;SUL;S;SUL;PR;PARANA;PR;PARANA;IRATI NORTE;PONTA GROSSA        ;230.0;BASICA         ;LINHA DE TRANSMISSÃO;GRALHA AZUL;LT  230 kV IRATI NORTE          / PONTA GROSSA         C 2  PR;PRIRN-2PGN-2        ;2023-02-19;;2023-03-09;55.0;0.869;5.196;10.0;880.0;880.0;1000.0;1000.0;650.0;809.0;708.0;854.0;819.0;926.0;853.0;963.0;10140;10009
S;SUL;S;SUL;PR;PARANA;PR;PARANA;JAGUARIAIVA;SE.MAUA             ;230.0;BASICA         ;LINHA DE TRANSMISSÃO;COPEL-GT;LT  230 kV JAGUARIAIVA          / SE.MAUA              C 1  PR;PRJGI-2UHMA1        ;2012-11-23;;2012-11-30;107.1;1.1;8.89;21.48;858.0;858.0;1067.0;1067.0;858.0;954.0;862.0;1015.0;1067.0;1067.0;1067.0;1127.0;827;981
S;SUL;S;SUL;PR;PARANA;PR;PARANA;KLABIN CELULOSE;PONTA G NORTE       ;230.0;BASICA         ;LINHA DE TRANSMISSÃO;COPEL-GT;LT  230 kV KLABIN CELULOSE      / PONTA G NORTE        C 1  PR;PRKCL-2PGN-1        ;2015-08-16;2021-11-15;2016-02-28;136.6;2.01;12.78;25.22;;;;;402.0;402.0;402.0;402.0;;;;;9988;829
S;SUL;S;SUL;PR;PARANA;PR;PARANA;KLABIN CELULOSE;PONTA GROSSA        ;230.0;BASICA         ;LINHA DE TRANSMISSÃO;COPEL-GT;LT  230 kV KLABIN CELULOSE      / PONTA GROSSA         C 1  PR;PRKCL-2GR--1        ;2021-11-15;2022-05-11;2023-03-09;158.86;2.275;14.472;29.0;;;;;836.0;1004.0;887.0;1051.0;980.0;1100.0;1015.0;1142.0;9988;10009
S;SUL;S;SUL;PR;PARANA;PR;PARANA;KLABIN CELULOSE;SE.MAUA             ;230.0;BASICA         ;LINHA DE TRANSMISSÃO;COPEL-GT;LT  230 kV KLABIN CELULOSE      / SE.MAUA              C 1  PR;PRKCL-2MUA-1        ;2015-08-16;;2016-02-28;138.2;0.461;3.477;7.919;820.0;820.0;1046.0;1046.0;;;;;;;;;9988;981
S;SUL;S;SUL;PR;PARANA;PR;PARANA;LONDRINA ESU;APUCARANA           ;230.0;BASICA         ;LINHA DE TRANSMISSÃO;AXIA SUL;LT  230 kV LONDRINA ESU         / APUCARANA            C 1  PR;PRLON-2APA-1        ;1990-12-31;2021-12-13;2008-04-27;46.4;0.575;3.361;10.56;;;;;978.0;1076.0;998.0;1125.0;1232.0;1232.0;1232.0;1279.0;1028;878
S;SUL;S;SUL;PR;PARANA;PR;PARANA;LONDRINA ESU;APUCARANA           ;230.0;BASICA         ;LINHA DE TRANSMISSÃO;COPEL-GT;LT  230 kV LONDRINA ESU         / APUCARANA            C 2  PR;PRLON-2APA-2        ;2010-04-19;;2010-04-25;45.1;0.86;4.38;7.688;724.0;724.0;847.0;847.0;724.0;776.0;725.0;813.0;847.0;847.0;848.0;870.0;1028;878
S;SUL;SE;SUDESTE;PR;PARANA;SP;SAO PAULO;LONDRINA ESU;ASSIS               ;230.0;BASICA         ;LINHA DE TRANSMISSÃO;AXIA SUL;LT  230 kV LONDRINA ESU         / ASSIS                C 1  PR/SP;PRLON-2ASS-1SP      ;2005-05-24;2020-12-14;2005-05-15;156.1;2.97;15.06;26.93;;;;;594.0;636.0;594.0;671.0;749.0;749.0;749.0;763.0;1028;551
S;SUL;S;SUL;PR;PARANA;PR;PARANA;LONDRINA ESU;FIGUEIRA            ;230.0;BASICA         ;LINHA DE TRANSMISSÃO;COPEL-GT;LT  230 kV LONDRINA ESU         / FIGUEIRA             C 1  PR;PRLON-2FRA-1        ;2010-04-19;;2010-04-25;100.1;1.91;9.84;16.85;724.0;724.0;847.0;847.0;724.0;779.0;725.0;813.0;847.0;847.0;848.0;878.0;1028;884
S;SUL;S;SUL;PR;PARANA;PR;PARANA;LONDRINA ESU;FIGUEIRA            ;230.0;BASICA         ;LINHA DE TRANSMISSÃO;COPEL-GT;LT  230 kV LONDRINA ESU         / FIGUEIRA             C 2  PR;PRLON-2FRA-2        ;2015-06-29;;2015-06-28;88.0;1.72;8.64;16.25;724.0;724.0;847.0;847.0;724.0;724.0;724.0;724.0;847.0;847.0;847.0;847.0;1028;884
S;SUL;S;SUL;PR;PARANA;PR;PARANA;LONDRINA ESU;LONDRINA COT        ;230.0;BASICA         ;LINHA DE TRANSMISSÃO;AXIA SUL;LT  230 kV LONDRINA ESU         / LONDRINA COT         C 1  PR;PRLON-2LNA-1        ;1990-12-31;;;34.3;0.467;2.584;8.0;978.0;978.0;1232.0;1232.0;978.0;1066.0;988.0;1115.0;1232.0;1232.0;1232.0;1269.0;1028;889
S;SUL;S;SUL;PR;PARANA;PR;PARANA;LONDRINA ESU;LONDRINA COT        ;230.0;BASICA         ;LINHA DE TRANSMISSÃO;AXIA SUL;LT  230 kV LONDRINA ESU         / LONDRINA COT         C 2  PR;PRLON-2LNA-2        ;2020-12-14;;2020-12-08;38.65;0.767;3.606;6.8;594.0;594.0;749.0;749.0;;;;;;;;;1028;889
S;SUL;S;SUL;PR;PARANA;PR;PARANA;LONDRINA ESU;LONDRINA SUL        ;230.0;BASICA         ;LINHA DE TRANSMISSÃO;AXIA SUL;LT  230 kV LONDRINA ESU         / LONDRINA SUL         C 1  PR;PRLON-2LOS-1        ;2021-12-13;;2021-08-11;14.1;0.183;1.026;3.2;978.0;978.0;1232.0;1232.0;;;;;;;;;1028;10001
S;SUL;S;SUL;PR;PARANA;PR;PARANA;LONDRINA ESU;MARINGA             ;230.0;BASICA         ;LINHA DE TRANSMISSÃO;AXIA SUL;LT  230 kV LONDRINA ESU         / MARINGA              C 1  PR;PRMGA-2LON-1        ;2005-05-24;2023-03-31;2005-05-15;94.3;1.804;9.09;16.196;;;;;594.0;647.0;600.0;677.0;749.0;749.0;749.0;768.0;1028;868
S;SUL;S;SUL;PR;PARANA;PR;PARANA;LONDRINA ESU;MARINGA             ;230.0;BASICA         ;LINHA DE TRANSMISSÃO;EVOLTZ V;LT  230 kV LONDRINA ESU         / MARINGA              C 2  PR;PRLON-2MGA-2        ;2009-11-21;;2009-11-21;103.93;2.123;9.673;18.41;598.0;598.0;824.0;824.0;598.0;793.0;742.0;846.0;824.0;862.0;866.0;923.0;1028;868
S;SUL;S;SUL;PR;PARANA;PR;PARANA;LONDRINA ESU;SARANDI             ;230.0;BASICA         ;LINHA DE TRANSMISSÃO;AXIA SUL;LT  230 kV LONDRINA ESU         / SARANDI              C 1  PR;PRLON-2SDI-1        ;2023-03-31;;2022-12-31;78.14;1.556;7.469;13.7;594.0;594.0;749.0;749.0;;;;;;;;;1028;872
S;SUL;S;SUL;PR;PARANA;PR;PARANA;MARINGA;SARANDI             ;230.0;BASICA         ;LINHA DE TRANSMISSÃO;COPEL-GT;LT  230 kV MARINGA              / SARANDI              C 1  PR;PRMGA-2SDI-1        ;2006-06-28;;2006-06-30;20.0;0.36;1.84;3.192;457.0;457.0;608.0;608.0;457.0;535.0;489.0;553.0;608.0;669.0;650.0;730.0;868;872
S;SUL;S;SUL;PR;PARANA;PR;PARANA;MARINGA;SARANDI             ;230.0;BASICA         ;LINHA DE TRANSMISSÃO;AXIA SUL;LT  230 kV MARINGA              / SARANDI              C 2  PR;PRMGA-2SDI-2        ;2023-03-31;;2022-12-31;17.42;0.346;1.69;2.9;594.0;594.0;749.0;749.0;;;;;;;;;868;872
S;SUL;S;SUL;PR;PARANA;PR;PARANA;PARANAVAI NOR;SARANDI             ;230.0;BASICA         ;LINHA DE TRANSMISSÃO;IE IVAI;LT  230 kV PARANAVAI NOR        / SARANDI              C 1  PR;PRPVN-2SDI-1        ;2023-01-15;;2022-04-01;85.0;1.247;7.66;14.6;804.0;804.0;957.0;957.0;;;;;;;;;10003;872
S;SUL;S;SUL;PR;PARANA;PR;PARANA;PARANAVAI NOR;SARANDI             ;230.0;BASICA         ;LINHA DE TRANSMISSÃO;IE IVAI;LT  230 kV PARANAVAI NOR        / SARANDI              C 2  PR;PRPVN-2SDI-2        ;2023-01-15;;2022-04-01;85.0;1.247;7.66;14.6;804.0;804.0;957.0;957.0;;;;;;;;;10003;872
S;SUL;S;SUL;PR;PARANA;PR;PARANA;PARIGOT SOUZA;POSTO FISCAL        ;230.0;BASICA         ;LINHA DE TRANSMISSÃO;COPEL-GT;LT  230 kV PARIGOT SOUZA        / POSTO FISCAL         C 1  PR;PRGPS-2PFL-1        ;2007-12-04;;2007-12-10;70.0;1.23;6.16;11.23;413.0;413.0;549.3;549.3;413.0;483.0;442.0;500.0;549.0;642.0;588.0;665.0;817;2459
S;SUL;S;SUL;PR;PARANA;PR;PARANA;PARIGOT SOUZA;SANTA MONICA        ;230.0;BASICA         ;LINHA DE TRANSMISSÃO;COPEL-GT;LT  230 kV PARIGOT SOUZA        / SANTA MONICA         C 1  PR;PRGPS-2SMC-1        ;2007-02-11;;2007-03-31;55.2;1.06;5.34;9.43;458.0;458.0;609.14;609.14;458.0;536.0;490.0;554.0;609.0;697.0;652.0;737.0;817;2477
S;SUL;S;SUL;PR;PARANA;PR;PARANA;PARIGOT SOUZA;PILARZINHO          ;230.0;BASICA         ;LINHA DE TRANSMISSÃO;COPEL-GT;LT  230 kV PARIGOT SOUZA/PILARZINHO    C-1 PR;PRGPS-2PIL-1        ;1990-12-31;2007-02-11;;67.5;1.26;6.42;11.2;;;;;;;;;;;;;817;819
S;SUL;S;SUL;PR;PARANA;PR;PARANA;PARIGOT SOUZA;UBERABA             ;230.0;BASICA         ;LINHA DE TRANSMISSÃO;COPEL-GT;LT  230 kV PARIGOT SOUZA/UBERABA       C-1 PR;PRGPS-2UBR-1        ;1990-12-31;2007-12-04;;80.8;1.55;7.83;13.824;;;;;;;;;;;;;817;820
S;SUL;S;SUL;PR;PARANA;SC;SANTA CATARINA;PATO BRANCO;XANXERE ESU         ;230.0;BASICA         ;LINHA DE TRANSMISSÃO;AXIA SUL;LT  230 kV PATO BRANCO          / XANXERE ESU          C 1  PR/SC;SCXAN-2PTO-1PR      ;1990-12-31;;2010-06-13;79.6;1.657;7.739;13.58;1047.0;1047.0;1130.0;1130.0;1047.0;1047.0;1047.0;1047.0;1130.0;1130.0;1131.0;1131.0;852;1069
S;SUL;S;SUL;PR;PARANA;PR;PARANA;PEROXIDOS;UMBARA              ;230.0;BASICA         ;LINHA DE TRANSMISSÃO;COPEL-GT;LT  230 kV PEROXIDOS            / UMBARA               C 1  PR;PRPOX-2UMB-1        ;1990-12-31;;;5.79;0.1;0.56;1.121;553.0;553.0;697.0;697.0;;;;;;;;;9350;821
S;SUL;S;SUL;PR;PARANA;PR;PARANA;PONTA G NORTE;PONTA G SUL         ;230.0;BASICA         ;LINHA DE TRANSMISSÃO;COPEL-GT;LT  230 kV PONTA G NORTE        / PONTA G SUL          C 1  PR;PRPGN-2PGS-1        ;1990-12-31;;;22.1;0.42;2.12;3.82;440.0;440.0;585.0;585.0;440.0;515.0;471.0;532.0;585.0;685.0;626.0;708.0;829;831
S;SUL;S;SUL;PR;PARANA;PR;PARANA;PONTA GROSSA;AREIA               ;230.0;BASICA         ;LINHA DE TRANSMISSÃO;AXIA SUL;LT  230 kV PONTA GROSSA         / AREIA                C 1  PR;PRPGR-2ARE-1        ;2021-12-19;2022-04-04;2021-08-31;164.1;3.281;16.185;27.944;;;;;;;;;;;;;10009;934
S;SUL;S;SUL;PR;PARANA;PR;PARANA;PONTA GROSSA;GUARAPUAVA OEST     ;230.0;BASICA         ;LINHA DE TRANSMISSÃO;AXIA SUL;LT  230 kV PONTA GROSSA         / GUARAPUAVA OEST      C 1  PR;PRPGR-2GUO-1        ;2022-04-03;2023-02-19;2021-08-30;209.92;4.184;20.28;36.0;;;;;;;;;;;;;10009;10136
S;SUL;S;SUL;PR;PARANA;PR;PARANA;PONTA GROSSA;PONTA G NORTE       ;230.0;BASICA         ;LINHA DE TRANSMISSÃO;AXIA SUL;LT  230 kV PONTA GROSSA         / PONTA G NORTE        C 1  PR;PRGR--2PGN-1        ;2021-12-19;;2021-09-01;21.93;0.439;2.145;3.7;650.0;650.0;819.0;819.0;650.0;811.0;700.0;854.0;819.0;924.0;852.0;960.0;10009;829
S;SUL;S;SUL;PR;PARANA;PR;PARANA;PONTA GROSSA;PONTA G NORTE       ;230.0;BASICA         ;LINHA DE TRANSMISSÃO;COPEL-GT;LT  230 kV PONTA GROSSA         / PONTA G NORTE        C 2  PR;PRGR--2PGN-2        ;2021-11-15;;2023-03-09;21.65;0.317;1.993;3.9;836.0;836.0;980.0;980.0;836.0;1004.0;887.0;1051.0;980.0;1100.0;1015.0;1142.0;10009;829
S;SUL;S;SUL;PR;PARANA;PR;PARANA;PONTA GROSSA;PONTA G SUL         ;230.0;BASICA         ;LINHA DE TRANSMISSÃO;GRALHA AZUL;LT  230 kV PONTA GROSSA         / PONTA G SUL          C 1  PR;PRGR--5PGS-1        ;2021-08-21;;2021-09-01;31.0;0.389;2.797;5.6;1045.0;1045.0;1235.0;1235.0;1045.0;1185.0;1085.0;1235.0;1235.0;1325.0;1265.0;1365.0;10009;831
S;SUL;S;SUL;PR;PARANA;PR;PARANA;PONTA GROSSA;S.MATEUS SUL        ;230.0;BASICA         ;LINHA DE TRANSMISSÃO;GRALHA AZUL;LT  230 kV PONTA GROSSA         / S.MATEUS SUL         C 1  PR;PRGR--5SMS-1        ;2021-08-21;;2021-09-01;93.0;1.118;8.038;16.1;1045.0;1045.0;1235.0;1235.0;1045.0;1190.0;1090.0;1235.0;1235.0;1330.0;1265.0;1365.0;10009;834
S;SUL;S;SUL;PR;PARANA;PR;PARANA;POSTO FISCAL;UBERABA             ;230.0;BASICA         ;LINHA DE TRANSMISSÃO;COPEL-GT;LT  230 kV POSTO FISCAL         / UBERABA              C 1  PR;PRPFL-2UBR-1        ;2007-12-04;2015-06-28;2007-12-10;67.8;1.42;7.24;13.3;;;;;413.0;483.0;442.0;500.0;549.0;642.0;588.0;665.0;2459;820
S;SUL;S;SUL;PR;PARANA;PR;PARANA;S. OSORIO;PATO BRANCO         ;230.0;BASICA         ;LINHA DE TRANSMISSÃO;AXIA SUL;LT  230 kV S. OSORIO            / PATO BRANCO          C 1  PR;PRSOS-2PTO-1        ;1990-12-31;;2010-06-13;85.9;1.838;8.578;15.06;1047.0;1047.0;1130.0;1130.0;1047.0;1047.0;1047.0;1047.0;1130.0;1130.0;1131.0;1131.0;1047;852
S;SUL;S;SUL;PR;PARANA;SC;SANTA CATARINA;S. OSORIO;XANXERE ESU         ;230.0;BASICA         ;LINHA DE TRANSMISSÃO;AXIA SUL;LT  230 kV S. OSORIO            / XANXERE ESU          C 1  PR/SC;PRSOS-2XAN-1SC      ;1990-12-31;;2010-06-03;162.0;3.396;15.861;27.83;1047.0;1047.0;1130.0;1130.0;1047.0;1047.0;1047.0;1047.0;1130.0;1130.0;1131.0;1131.0;1047;1069
S;SUL;S;SUL;PR;PARANA;PR;PARANA;S.MATEUS SUL;U.VITORIA NORTE     ;230.0;BASICA         ;LINHA DE TRANSMISSÃO;GRALHA AZUL;LT  230 kV S.MATEUS SUL         / U.VITORIA NORTE      C 1  PR;PRUVN-2SMS-1        ;2021-12-21;;2021-09-01;103.0;1.021;8.23;16.9;1080.0;1080.0;1230.0;1230.0;1080.0;1275.0;1145.0;1335.0;1230.0;1380.0;1280.0;1430.0;834;10134
S;SUL;S;SUL;PR;PARANA;PR;PARANA;SANTA MONICA;PILARZINHO          ;230.0;BASICA         ;LINHA DE TRANSMISSÃO;COPEL-GT;LT  230 kV SANTA MONICA         / PILARZINHO           C 1  PR;PRSMC-2PIL-1        ;2007-02-11;;2007-03-31;27.9;0.619;2.972;5.5;861.0;861.0;990.0;990.0;458.0;536.0;490.0;554.0;609.0;713.0;652.0;737.0;2477;819
S;SUL;S;SUL;PR;PARANA;PR;PARANA;SANTAQUITERIA;UMBARA              ;230.0;BASICA         ;LINHA DE TRANSMISSÃO;COPEL-GT;LT  230 kV SANTAQUITERIA        / UMBARA               C 1  PR;PRSQU-2UMB-1        ;2014-07-23;;2014-07-30;24.73;0.46;2.39;4.73;694.0;694.0;694.0;694.0;694.0;694.0;694.0;694.0;694.0;694.0;694.0;694.0;9537;821
S;SUL;S;SUL;PR;PARANA;PR;PARANA;UBERABA;UMBARA              ;230.0;BASICA         ;LINHA DE TRANSMISSÃO;COPEL-GT;LT  230 kV UBERABA              / UMBARA               C 1  PR;PRUBR-2UMB-1        ;1990-12-31;;;37.2;0.71;3.44;6.655;750.0;750.0;750.0;750.0;750.0;839.0;803.0;857.0;750.0;839.0;803.0;857.0;820;821
S;SUL;S;SUL;PR;PARANA;PR;PARANA;UBERABA;UMBARA              ;230.0;BASICA         ;LINHA DE TRANSMISSÃO;COPEL-GT;LT  230 kV UBERABA              / UMBARA               C 2  PR;PRUBR-2UMB-2        ;2014-06-01;;2014-05-31;37.0;0.6;3.33;6.68;791.0;791.0;896.0;896.0;791.0;791.0;791.0;791.0;896.0;896.0;896.0;896.0;820;821
SE;SUDESTE;SE;SUDESTE;RJ;RIO DE JANEIRO;SP;SAO PAULO;NILO PECANHA;SANTA CABECA        ;230.0;BASICA         ;LINHA DE TRANSMISSÃO;LOBO GUARA;LT  230 kV NILO PECANHA         / SANTA CABECA         C 1  RJ/SP ();RJNLP-2SCA-1SP      ;1990-12-31;;;115.8;2.39;12.08;20.49;730.0;666.0;905.0;666.0;730.0;820.0;731.0;856.0;905.0;907.0;905.0;945.0;252;461
NE;NORDESTE;NE;NORDESTE;RN;RIO GRANDE DO NORTE;RN;RIO GRANDE DO NORTE;ACU II;ACU III             ;230.0;BASICA         ;LINHA DE TRANSMISSÃO;TAESA;LT  230 kV ACU II               / ACU III              C L1 RN (04L1);RNACD-2ACT-1        ;2021-11-10;;2021-09-09;16.2;0.3482;1.7335;2.865;753.0;753.0;896.0;896.0;753.0;881.0;769.0;892.0;896.0;982.0;908.0;991.0;5461;5351
NE;NORDESTE;NE;NORDESTE;RN;RIO GRANDE DO NORTE;RN;RIO GRANDE DO NORTE;ACU II;ACU III             ;230.0;BASICA         ;LINHA DE TRANSMISSÃO;AXIA NORDESTE;LT  230 kV ACU II               / ACU III              C L2 RN (04L2);RNACD-2ACT-2        ;2021-12-06;;2021-09-09;15.91;0.3076;1.5353;2.727;753.0;753.0;896.0;896.0;753.0;871.0;767.0;880.0;896.0;980.0;908.0;988.0;5461;5351
NE;NORDESTE;NE;NORDESTE;RN;RIO GRANDE DO NORTE;RN;RIO GRANDE DO NORTE;ACU II;ACU III             ;230.0;BASICA         ;LINHA DE TRANSMISSÃO;AXIA NORDESTE;LT  230 kV ACU II               / ACU III              C L6 RN (04L6);RNACD-2ACT-3        ;2021-11-20;;2021-09-09;18.35;0.2923;1.5119;3.206;750.0;750.0;895.0;895.0;750.0;877.0;765.0;886.0;896.0;980.0;908.0;988.0;5461;5351
NE;NORDESTE;NE;NORDESTE;RN;RIO GRANDE DO NORTE;RN;RIO GRANDE DO NORTE;ACU II;ALEGRIA             ;230.0;COMPLEMENTAR   ;LINHA DE TRANSMISSÃO;NEW ENERGY;LT  230 kV ACU II               / ALEGRIA              C P1 RN (04P1);RNACD-2ALG-1        ;2011-12-30;;2011-12-30;88.0;1.7766;8.6004;15.05;;;;;;;;;;;;;5461;5518
NE;NORDESTE;NE;NORDESTE;RN;RIO GRANDE DO NORTE;RN;RIO GRANDE DO NORTE;ACU II;LAGOA NOVA II       ;230.0;BASICA         ;LINHA DE TRANSMISSÃO;TAESA;LT  230 kV ACU II               / LAGOA NOVA II        C L3 RN (04L3);RNACD-2LND-1        ;2015-12-20;2021-11-10;2015-12-30;76.6;1.566;7.366;13.541;;;;;750.0;750.0;750.0;750.0;750.0;750.0;750.0;750.0;5461;5071
NE;NORDESTE;NE;NORDESTE;RN;RIO GRANDE DO NORTE;RN;RIO GRANDE DO NORTE;ACU II;MIASSABA 3          ;230.0;COMPLEMENTAR   ;LINHA DE TRANSMISSÃO;BRASVENTOS MIASSABA;LT  230 kV ACU II               / MIASSABA 3           C P2 RN (04P2);RNACD-2MIT-1        ;2014-02-01;;2014-06-30;80.0;1.4876;7.1133;13.18;;;;;;;;;;;;;5461;5470
NE;NORDESTE;NE;NORDESTE;RN;RIO GRANDE DO NORTE;RN;RIO GRANDE DO NORTE;ACU III;LAGOA NOVA II       ;230.0;BASICA         ;LINHA DE TRANSMISSÃO;TAESA;LT  230 kV ACU III              / LAGOA NOVA II        C L3 RN (04L3);RNACT-2LND-1        ;2021-11-10;2023-11-30;2021-09-09;74.0;1.6602;8.3092;15.335;;;;;753.0;881.0;769.0;892.0;896.0;982.0;908.0;991.0;5351;5071
NE;NORDESTE;NE;NORDESTE;RN;RIO GRANDE DO NORTE;RN;RIO GRANDE DO NORTE;ACU III;MOSSORO II          ;230.0;BASICA         ;LINHA DE TRANSMISSÃO;AXIA NORDESTE;LT  230 kV ACU III              / MOSSORO II           C Z7 RN (04Z7);RNACT-2MSD-1        ;2021-12-06;;2021-09-09;64.93;1.2559;6.3113;11.04;753.0;753.0;753.0;753.0;753.0;873.0;767.0;882.0;896.0;974.0;908.0;982.0;5351;5441
NE;NORDESTE;NE;NORDESTE;RN;RIO GRANDE DO NORTE;RN;RIO GRANDE DO NORTE;ACU III;MOSSORO II          ;230.0;BASICA         ;LINHA DE TRANSMISSÃO;AXIA NORDESTE;LT  230 kV ACU III              / MOSSORO II           C Z8 RN (04Z8);RNACT-2MSD-2        ;2021-11-20;;2021-09-09;65.53;1.243;6.2283;11.42;750.0;750.0;895.0;895.0;750.0;879.0;765.0;889.0;896.0;982.0;908.0;988.0;5351;5441
NE;NORDESTE;NE;NORDESTE;RN;RIO GRANDE DO NORTE;RN;RIO GRANDE DO NORTE;ACU III;SIMPLICE            ;230.0;BASICA         ;LINHA DE TRANSMISSÃO;TAESA;LT  230 kV ACU III              / SIMPLICE             C L4 RN (04L4);RNACT-2SPL-1        ;2024-11-24;;2023-11-30;52.5;0.992;4.9716;9.202;753.0;753.0;896.0;896.0;;;;;;;;;5351;44705
NE;NORDESTE;NE;NORDESTE;RN;RIO GRANDE DO NORTE;RN;RIO GRANDE DO NORTE;AREIA BRANCA;MOSSORO II          ;230.0;COMPLEMENTAR   ;LINHA DE TRANSMISSÃO;EOL MAR E TERRA;LT  230 kV AREIA BRANCA         / MOSSORO II           C P1 RN (04P1);RNABR-2MSD-1        ;2013-12-21;;2014-02-28;59.7;1.824;5.78;9.79;;;;;;;;;;;;;6040;5441
NE;NORDESTE;NE;NORDESTE;RN;RIO GRANDE DO NORTE;RN;RIO GRANDE DO NORTE;CARAUBAS II;ACU III             ;230.0;BASICA         ;LINHA DE TRANSMISSÃO;DUNAS;LT  230 kV CARAUBAS II          / ACU III              C C1 RN (04C1);RNCRB-2ACT-1        ;2024-05-01;;2023-09-21;56.05;0.7171;3.8471;13.6;940.0;940.0;1185.0;1185.0;940.0;1259.0;976.0;1278.0;1185.0;1410.0;1212.0;1427.0;8160;5351
NE;NORDESTE;NE;NORDESTE;RN;RIO GRANDE DO NORTE;RN;RIO GRANDE DO NORTE;CARAUBAS II;ACU III             ;230.0;BASICA         ;LINHA DE TRANSMISSÃO;DUNAS;LT  230 kV CARAUBAS II          / ACU III              C C2 RN (04C2);RNCRB-2ACT-2        ;2024-05-01;;2023-09-21;56.05;0.7171;3.8471;13.6;940.0;940.0;1185.0;1185.0;940.0;1259.0;976.0;1278.0;1185.0;1410.0;1212.0;1427.0;8160;5351
NE;NORDESTE;NE;NORDESTE;RN;RIO GRANDE DO NORTE;RN;RIO GRANDE DO NORTE;CARCARA II;MOSSORO II          ;230.0;COMPLEMENTAR   ;LINHA DE TRANSMISSÃO;CARCARÁ II;LT  230 kV CARCARA II           / MOSSORO II           C P2 RN ();RNCAD-2MSD-1        ;2014-12-09;;2014-12-30;52.1;0.5397;3.4338;12.96;;;;;;;;;;;;;5352;5441
NE;NORDESTE;NE;NORDESTE;RN;RIO GRANDE DO NORTE;RN;RIO GRANDE DO NORTE;CEARA MIRIM 2;EXTREMOZ II         ;230.0;BASICA         ;LINHA DE TRANSMISSÃO;AXIA NORDESTE;LT  230 kV CEARA MIRIM 2        / EXTREMOZ II          C Z1 RN (04Z1);RNCMM-2ETD-1        ;2014-10-21;;2014-10-30;31.2;0.123;1.238;4.874;1380.0;1380.0;1740.0;1740.0;1380.0;1380.0;1380.0;1380.0;1740.0;1740.0;1740.0;1740.0;6132;6131
NE;NORDESTE;NE;NORDESTE;RN;RIO GRANDE DO NORTE;RN;RIO GRANDE DO NORTE;CEARA MIRIM 2;EXTREMOZ II         ;230.0;BASICA         ;LINHA DE TRANSMISSÃO;AXIA NORDESTE;LT  230 kV CEARA MIRIM 2        / EXTREMOZ II          C Z2 RN (04Z2);RNCMM-2ETD-2        ;2014-09-17;;2014-10-30;19.2;0.205;2.017;7.954;1380.0;1380.0;1740.0;1740.0;1380.0;1856.0;1380.0;1897.0;1740.0;1999.0;1740.0;2051.0;6132;6131
NE;NORDESTE;NE;NORDESTE;RN;RIO GRANDE DO NORTE;RN;RIO GRANDE DO NORTE;CEARA MIRIM 2;JOAO CAMARA 2       ;230.0;BASICA         ;LINHA DE TRANSMISSÃO;AXIA NORDESTE;LT  230 kV CEARA MIRIM 2        / JOAO CAMARA 2        C C1 RN (04C1);RNCMM-2JCD-1        ;2014-09-17;;2014-10-30;72.2;0.46;4.81;18.9;1380.0;1380.0;1740.0;1740.0;1380.0;1854.0;1380.0;1897.0;1740.0;1999.0;1740.0;2051.0;6132;6141
NE;NORDESTE;NE;NORDESTE;RN;RIO GRANDE DO NORTE;RN;RIO GRANDE DO NORTE;CEARA MIRIM 2;JOAO CAMARA 2       ;230.0;BASICA         ;LINHA DE TRANSMISSÃO;ARGO VI;LT  230 kV CEARA MIRIM 2        / JOAO CAMARA 2        C C2 RN (04C2);RNCMM-2JCD-2        ;2017-09-20;;2017-09-05;72.2;0.449;4.493;16.23;1380.0;1380.0;1740.0;1740.0;;;;;;;;;6132;6141
NE;NORDESTE;NE;NORDESTE;RN;RIO GRANDE DO NORTE;RN;RIO GRANDE DO NORTE;CEARA MIRIM 2;TOUROS              ;230.0;BASICA         ;LINHA DE TRANSMISSÃO;AXIA NORDESTE;LT  230 kV CEARA MIRIM 2        / TOUROS               C S1 RN (04S1);RNCMM-2TRS-1        ;2017-10-02;;2017-09-30;61.45;0.38;3.98;15.62;1600.0;1600.0;1900.0;1900.0;;;;;;;;;6132;6101
NE;NORDESTE;NE;NORDESTE;RN;RIO GRANDE DO NORTE;RN;RIO GRANDE DO NORTE;COL CUMARU;J. CAMARA III       ;230.0;COMPLEMENTAR   ;LINHA DE TRANSMISSÃO;CUMARU I;LT  230 kV COL CUMARU           / J. CAMARA III        C N4 RN (04N4);RNCMR-2JCT-1        ;2021-08-04;;2021-04-01;26.97;0.349;2.47;4.895;;;;;;;;;;;;;8374;5128
NE;NORDESTE;NE;NORDESTE;RN;RIO GRANDE DO NORTE;RN;RIO GRANDE DO NORTE;CURR NOVOS II;LAGOA NOVA II       ;230.0;BASICA         ;LINHA DE TRANSMISSÃO;LAGOA NOVA;LT  230 kV CURR NOVOS II        / LAGOA NOVA II        C L1 RN (04L1);RNCRD-2LND-1        ;2019-03-03;;2021-08-11;24.72;0.463;2.289;4.4;750.0;750.0;890.0;890.0;;;;;;;;;5262;5071
NE;NORDESTE;NE;NORDESTE;RN;RIO GRANDE DO NORTE;RN;RIO GRANDE DO NORTE;CURR NOVOS II;LAGOA NOVA II       ;230.0;BASICA         ;LINHA DE TRANSMISSÃO;LAGOA NOVA;LT  230 kV CURR NOVOS II        / LAGOA NOVA II        C L2 RN (04L2);RNCRD-2LND-2        ;2019-03-03;;2021-08-11;24.72;0.463;2.289;4.4;750.0;750.0;890.0;890.0;;;;;;;;;5262;5071
NE;NORDESTE;NE;NORDESTE;RN;RIO GRANDE DO NORTE;RN;RIO GRANDE DO NORTE;CUTIA;TOUROS              ;230.0;COMPLEMENTAR   ;LINHA DE TRANSMISSÃO;ENERGIA EOLICA CUTIA;LT  230 kV CUTIA                / TOUROS               C P1 RN (04P1);RNCUT-2TRS-1        ;2018-12-22;;2018-09-30;31.5;0.33;2.089;7.948;;;;;;;;;;;;;5041;6101
NE;NORDESTE;NE;NORDESTE;RN;RIO GRANDE DO NORTE;RN;RIO GRANDE DO NORTE;EXTREMOZ II;JOAO CAMARA 2       ;230.0;BASICA         ;LINHA DE TRANSMISSÃO;AXIA NORDESTE;LT  230 kV EXTREMOZ II          / JOAO CAMARA 2        C C1 RN (04C1);RNETD-2JCD-1        ;2014-02-28;2014-09-15;2014-02-28;82.0;0.53;5.45;21.5;;;;;;;;;;;;;6131;6141
NE;NORDESTE;NE;NORDESTE;RN;RIO GRANDE DO NORTE;RN;RIO GRANDE DO NORTE;EXTREMOZ II;NATAL III           ;230.0;BASICA         ;LINHA DE TRANSMISSÃO;AXIA NORDESTE;LT  230 kV EXTREMOZ II          / NATAL III            C F3 RN (04F3);RNETD-2NTS-1        ;2014-02-16;;2014-02-28;17.0;0.15;1.11;4.12;1262.0;1262.0;1590.0;1590.0;1262.0;1325.0;1262.0;1325.0;1590.0;1691.0;1590.0;1590.0;6131;5245
NE;NORDESTE;NE;NORDESTE;RN;RIO GRANDE DO NORTE;RN;RIO GRANDE DO NORTE;EXTREMOZ II;NATAL III           ;230.0;BASICA         ;LINHA DE TRANSMISSÃO;AXIA NORDESTE;LT  230 kV EXTREMOZ II          / NATAL III            C F4 RN (04F4);RNETD-2NTS-2        ;2019-12-09;;2019-12-24;16.5;0.15;1.11;4.12;1262.0;1262.0;1590.0;1590.0;;;;;;;;;6131;5245
NE;NORDESTE;NE;NORDESTE;RN;RIO GRANDE DO NORTE;RN;RIO GRANDE DO NORTE;GALINHOS;MIASSABA 3          ;230.0;COMPLEMENTAR   ;LINHA DE TRANSMISSÃO;BRASVENTOS EOLO;LT  230 kV GALINHOS             / MIASSABA 3           C P1 RN (04P1);RNGLH-2MIT-1        ;2014-02-01;;2014-06-30;40.0;0.7951;3.7978;7.029;;;;;;;;;;;;;6032;5470
NE;NORDESTE;NE;NORDESTE;RN;RIO GRANDE DO NORTE;RN;RIO GRANDE DO NORTE;GAMELEIRA;TOUROS              ;230.0;COMPLEMENTAR   ;LINHA DE TRANSMISSÃO;SPE GAMELEIRA;LT  230 kV GAMELEIRA            / TOUROS               C P2 RN (04P2);RNGAM-2TRS-1        ;2021-06-25;;2020-11-25;20.5;0.3227;1.9698;3.5682;;;;;;;;;;;;;8154;6101
NE;NORDESTE;NE;NORDESTE;RN;RIO GRANDE DO NORTE;RN;RIO GRANDE DO NORTE;JOAO CAMARA 2;J. CAMARA III       ;230.0;BASICA         ;LINHA DE TRANSMISSÃO;ETAP;LT  230 kV JOAO CAMARA 2        / J. CAMARA III        C N1 RN (04N1);RNJCD-2JCT-1        ;2019-04-06;;2019-03-31;10.0;0.059;0.587;2.277;1581.0;1581.0;1960.0;1960.0;;;;;;;;;6141;5128
NE;NORDESTE;NE;NORDESTE;RN;RIO GRANDE DO NORTE;RN;RIO GRANDE DO NORTE;JOAO CAMARA 2;J. CAMARA III       ;230.0;BASICA         ;LINHA DE TRANSMISSÃO;ETAP;LT  230 kV JOAO CAMARA 2        / J. CAMARA III        C N2 RN (04N2);RNJCD-2JCT-2        ;2019-04-06;;2019-03-31;10.0;0.059;0.587;2.277;1581.0;1581.0;1960.0;1960.0;;;;;;;;;6141;5128
NE;NORDESTE;NE;NORDESTE;RN;RIO GRANDE DO NORTE;RN;RIO GRANDE DO NORTE;JOAO CAMARA 2;UNIAO  VENTOS       ;230.0;COMPLEMENTAR   ;LINHA DE TRANSMISSÃO;EOL POTIGUAR;LT  230 kV JOAO CAMARA 2        / UNIAO  VENTOS        C P1 RN (04P1);RNJCD-2UVT-1        ;2014-04-05;;2014-04-22;26.0;0.4901;2.4435;4.54;;;;;;;;;;;;;6141;6210
NE;NORDESTE;NE;NORDESTE;RN;RIO GRANDE DO NORTE;RN;RIO GRANDE DO NORTE;LAGOA NOVA II;PARAISO             ;230.0;BASICA         ;LINHA DE TRANSMISSÃO;AXIA NORDESTE;LT  230 kV LAGOA NOVA II        / PARAISO              C L7 RN (04L7);RNLND-2PRS-1        ;2016-12-22;;2016-10-30;65.0;0.48;3.54;23.36;1390.0;1390.0;1750.0;1750.0;1390.0;1390.0;1390.0;1390.0;1750.0;1750.0;1750.0;1750.0;5071;5254
NE;NORDESTE;NE;NORDESTE;RN;RIO GRANDE DO NORTE;RN;RIO GRANDE DO NORTE;LAGOA NOVA II;PARAISO             ;230.0;BASICA         ;LINHA DE TRANSMISSÃO;TAESA;LT  230 kV LAGOA NOVA II        / PARAISO              C L8 RN (04L8);RNLND-2PRS-2        ;2015-12-20;;2015-12-30;68.65;1.23;6.52;12.04;750.0;750.0;750.0;750.0;750.0;750.0;750.0;750.0;750.0;750.0;750.0;750.0;5071;5254
NE;NORDESTE;NE;NORDESTE;RN;RIO GRANDE DO NORTE;RN;RIO GRANDE DO NORTE;MONTE DO RONCA;J. CAMARA III       ;230.0;COMPLEMENTAR   ;LINHA DE TRANSMISSÃO;VDSF1;LT  230 kV MONTE DO RONCA       / J. CAMARA III        C N3 RN (04N3);RNMDR-2JCT-N3       ;2020-10-03;;2020-07-31;30.0;0.1962;1.9735;7.527;;;;;;;;;;;;;8148;5128
NE;NORDESTE;NE;NORDESTE;RN;RIO GRANDE DO NORTE;RN;RIO GRANDE DO NORTE;MOSSORO II;ACU II              ;230.0;BASICA         ;LINHA DE TRANSMISSÃO;AXIA NORDESTE;LT  230 kV MOSSORO II           / ACU II               C L2 RN (04L2);RNMSD-2ACD-1        ;1990-12-31;2021-11-22;2005-09-25;71.5;1.3;6.91;12.08;;;;;753.0;753.0;753.0;753.0;753.0;753.0;753.0;753.0;5441;5461
NE;NORDESTE;NE;NORDESTE;RN;RIO GRANDE DO NORTE;RN;RIO GRANDE DO NORTE;MOSSORO II;ACU II              ;230.0;BASICA         ;LINHA DE TRANSMISSÃO;AXIA NORDESTE;LT  230 kV MOSSORO II           / ACU II               C L6 RN (04L6);RNMSD-2ACD-2        ;2021-05-09;2021-11-10;2021-01-15;76.19;1.33;6.85;12.574;;;;;;;;;;;;;5441;5461
NE;NORDESTE;NE;NORDESTE;RN;RIO GRANDE DO NORTE;RN;RIO GRANDE DO NORTE;MOSSORO II;MOSSORO IV          ;230.0;BASICA         ;LINHA DE TRANSMISSÃO;AXIA NORDESTE;LT  230 kV MOSSORO II           / MOSSORO IV           C M1 RN (04M1);RNMSD-2MSQ-1        ;2017-10-28;;2017-09-30;40.0;0.4649;3.3253;6.42;890.0;890.0;1040.0;1040.0;;;;;;;;;5441;6091
NE;NORDESTE;NE;NORDESTE;RN;RIO GRANDE DO NORTE;CE;CEARA;MOSSORO II;QUIXERE             ;230.0;BASICA         ;LINHA DE TRANSMISSÃO;AXIA NORDESTE;LT  230 kV MOSSORO II           / QUIXERE              C L1 RN/CE (04L1);RNMSD-2QXR-1CE      ;2014-11-12;;2014-05-31;50.077;0.93;4.92;8.5;631.0;631.0;795.0;795.0;631.0;663.0;631.0;663.0;795.0;854.0;795.0;795.0;5441;5337
NE;NORDESTE;NE;NORDESTE;RN;RIO GRANDE DO NORTE;RN;RIO GRANDE DO NORTE;MUNDO NOVO;TOUROS              ;230.0;COMPLEMENTAR   ;LINHA DE TRANSMISSÃO;SPE2 MUNDO NOVO;LT  230 kV MUNDO NOVO           / TOUROS               C P3 RN (04P3);RNMNV-2TRS-1        ;2024-01-30;;2023-08-31;;0.0156;0.0849;0.1581;;;;;;;;;;;;;8755;6101
NE;NORDESTE;NE;NORDESTE;RN;RIO GRANDE DO NORTE;RN;RIO GRANDE DO NORTE;NATAL III;NATAL II            ;230.0;BASICA         ;LINHA DE TRANSMISSÃO;AXIA NORDESTE;LT  230 kV NATAL III            / NATAL II             C N3 RN (04N3);RNNTS-2NTD-1        ;2012-09-02;;2012-08-31;11.55;0.11;0.77;2.86;1262.0;1262.0;1590.0;1590.0;1262.0;1325.0;1262.0;1325.0;1590.0;1691.0;1590.0;1590.0;5245;5241
NE;NORDESTE;NE;NORDESTE;RN;RIO GRANDE DO NORTE;RN;RIO GRANDE DO NORTE;NATAL III;NATAL II            ;230.0;BASICA         ;LINHA DE TRANSMISSÃO;AXIA NORDESTE;LT  230 kV NATAL III            / NATAL II             C N4 RN (04N4);RNNTS-2NTD-2        ;2012-08-26;;2012-08-31;11.55;0.11;0.77;2.86;1262.0;1262.0;1590.0;1590.0;1262.0;1325.0;1262.0;1325.0;1590.0;1691.0;1590.0;1590.0;5245;5241
NE;NORDESTE;NE;NORDESTE;RN;RIO GRANDE DO NORTE;RN;RIO GRANDE DO NORTE;PARAISO;ACU II              ;230.0;BASICA         ;LINHA DE TRANSMISSÃO;TAESA;LT  230 kV PARAISO              / ACU II               C L3 RN (04L3);RNPRS-2ACD-1        ;2004-09-01;2015-12-11;2004-08-31;135.0;2.36;12.27;24.04;;;;;750.0;855.0;750.0;857.0;750.0;926.0;843.0;934.0;5254;5461
NE;NORDESTE;NE;NORDESTE;RN;RIO GRANDE DO NORTE;RN;RIO GRANDE DO NORTE;PARAISO;ACU II              ;230.0;BASICA         ;LINHA DE TRANSMISSÃO;AXIA NORDESTE;LT  230 kV PARAISO              / ACU II               C L4 RN (04L4);RNPRS-2ACD-2        ;2010-09-23;;2010-09-30;135.0;2.43;12.53;23.22;753.0;753.0;896.0;896.0;753.0;753.0;753.0;753.0;896.0;964.0;904.0;897.0;5254;5461
NE;NORDESTE;NE;NORDESTE;RN;RIO GRANDE DO NORTE;RN;RIO GRANDE DO NORTE;PARAISO;ACU II              ;230.0;BASICA         ;LINHA DE TRANSMISSÃO;AXIA NORDESTE;LT  230 kV PARAISO              / ACU II               C L5 RN (04L5);RNPRS-2ACD-3        ;2022-09-25;;2021-01-15;133.45;2.486;12.58;23.22;750.0;750.0;895.0;895.0;;;;;;;;;5254;5461
NE;NORDESTE;NE;NORDESTE;RN;RIO GRANDE DO NORTE;RN;RIO GRANDE DO NORTE;PARAISO;NATAL II            ;230.0;BASICA         ;LINHA DE TRANSMISSÃO;AXIA NORDESTE;LT  230 kV PARAISO              / NATAL II             C N1 RN (04N1);RNPRS-2NTD-2        ;2009-12-19;;2009-12-13;97.1;1.8;9.18;17.26;631.0;631.0;795.0;795.0;631.0;663.0;631.0;663.0;795.0;856.0;795.0;806.0;5254;5241
NE;NORDESTE;NE;NORDESTE;RN;RIO GRANDE DO NORTE;RN;RIO GRANDE DO NORTE;PARAISO;NATAL II            ;230.0;BASICA         ;LINHA DE TRANSMISSÃO;AXIA NORDESTE;LT  230 kV PARAISO              / NATAL II             C N2 RN (04N2);RNPRS-2NTD-1        ;2004-02-10;;2004-01-31;97.05;1.8;9.17;17.26;631.0;631.0;795.0;795.0;631.0;663.0;631.0;663.0;795.0;856.0;795.0;806.0;5254;5241
NE;NORDESTE;NE;NORDESTE;RN;RIO GRANDE DO NORTE;RN;RIO GRANDE DO NORTE;SIMPLICE;LAGOA NOVA II       ;230.0;BASICA         ;LINHA DE TRANSMISSÃO;TAESA;LT  230 kV SIMPLICE             / LAGOA NOVA II        C L3 RN (04L3);RNSPL-2LND-1        ;2024-11-24;;2023-11-30;35.1;0.663;3.3252;6.151;753.0;753.0;896.0;896.0;;;;;;;;;44705;5071
NE;NORDESTE;NE;NORDESTE;RN;RIO GRANDE DO NORTE;RN;RIO GRANDE DO NORTE;VALE DO ACU;ACU II              ;230.0;COMPLEMENTAR   ;LINHA DE TRANSMISSÃO;PETROBRAS;LT  230 kV VALE DO ACU          / ACU II               C S1 RN (04S1);RNUTAC2ACD-1        ;2008-08-18;;2008-09-30;30.0;0.2888;2.0386;7.36;;;;;;;;;;;;;5462;5461
NE;NORDESTE;NE;NORDESTE;RN;RIO GRANDE DO NORTE;RN;RIO GRANDE DO NORTE;VALE DO ACU;ACU II              ;230.0;COMPLEMENTAR   ;LINHA DE TRANSMISSÃO;PETROBRAS;LT  230 kV VALE DO ACU          / ACU II               C S2 RN (04S2);RNUTAC2ACD-2        ;2008-08-18;;2008-09-30;30.0;0.2888;2.0386;7.36;;;;;;;;;;;;;5462;5461
NE;NORDESTE;;;RN;RIO GRANDE DO NORTE;;;TOUROS;;230.0;BASICA         ;RAMAL DE LINHA;AXIA NORDESTE;RL  230 kV TOUROS               /   DTRS C S1 RN (04S1);RNTRS-2DTRS1        ;2017-05-12;2017-10-02;2017-07-31;55.45;0.35;3.59;14.1;;;;;;;;;;;;;6101;
SE;SUDESTE;SE;SUDESTE;RO;RONDONIA;AC;ACRE;ABUNA;RIO BRANCO I        ;230.0;BASICA         ;LINHA DE TRANSMISSÃO;AXIA NORTE;LT  230 kV ABUNA                / RIO BRANCO I         C 1  RO/AC;ROAN--2RB--1AC      ;2002-11-15;;;302.0;2.305;16.894;89.93;1240.0;1200.0;1562.0;1200.0;1240.0;1362.0;1240.0;1358.0;1562.0;1562.0;1562.0;1562.0;6930;6950
SE;SUDESTE;SE;SUDESTE;RO;RONDONIA;AC;ACRE;ABUNA;RIO BRANCO I        ;230.0;BASICA         ;LINHA DE TRANSMISSÃO;AXIA NORTE;LT  230 kV ABUNA                / RIO BRANCO I         C 2  RO/AC;ROAN--2RB--2AC      ;2012-12-22;2024-08-25;2013-01-31;299.0;2.208;16.788;87.1;;;;;1400.0;1742.0;1512.0;1768.0;1750.0;1997.0;1860.0;2037.0;6930;6950
SE;SUDESTE;SE;SUDESTE;RO;RONDONIA;AC;ACRE;ABUNA;RIO BRANCO I        ;230.0;BASICA         ;LINHA DE TRANSMISSÃO;EDP NORTE;LT  230 kV ABUNA                / RIO BRANCO I         C 3  RO/AC;ROAN--2RB--3AC      ;2024-07-13;;2024-05-17;305.0;2.206;17.055;85.4;1500.0;1500.0;2050.0;2050.0;1503.0;1743.0;1500.0;1759.0;2052.0;2137.0;2050.0;2149.0;6930;6950
SE;SUDESTE;SE;SUDESTE;RO;RONDONIA;AC;ACRE;ABUNA;TUCUMA              ;230.0;BASICA         ;LINHA DE TRANSMISSÃO;AXIA NORTE;LT  230 kV ABUNA                / TUCUMA               C 1  RO/AC;ROAN--2TUC-1AC      ;2024-08-25;;2026-09-30;332.31;2.409;18.609;94.4;1750.0;1750.0;1400.0;1400.0;;;;;;;;;6930;7031
SE;SUDESTE;SE;SUDESTE;RO;RONDONIA;RO;RONDONIA;ARIQUEMES;JARU                ;230.0;BASICA         ;LINHA DE TRANSMISSÃO;AXIA NORTE;LT  230 kV ARIQUEMES            / JARU                 C 1  RO;ROAQ--2JR--1        ;2015-09-13;;2015-09-30;83.82;1.336;7.871;14.68;620.0;620.0;781.0;781.0;620.0;700.0;620.0;673.0;781.0;781.0;781.0;781.0;6880;6870
SE;SUDESTE;SE;SUDESTE;RO;RONDONIA;RO;RONDONIA;ARIQUEMES;JI-PARANA           ;230.0;BASICA         ;LINHA DE TRANSMISSÃO;AXIA NORTE;LT  230 kV ARIQUEMES            / JI-PARANA            C 0  RO;ROAQ--2JP--1        ;2009-12-12;2015-09-13;;164.93;2.468;14.82;29.859;;;;;620.0;700.0;620.0;673.0;781.0;781.0;781.0;781.0;6880;6840
SE;SUDESTE;SE;SUDESTE;RO;RONDONIA;RO;RONDONIA;ARIQUEMES;JI-PARANA           ;230.0;BASICA         ;LINHA DE TRANSMISSÃO;JTE;LT  230 kV ARIQUEMES            / JI-PARANA            C 2  RO;ROAQ--2JP--2        ;2013-02-09;;2013-02-17;164.0;2.482;14.86;29.85;620.0;620.0;781.0;781.0;620.0;869.0;757.0;886.0;781.0;997.0;931.0;1021.0;6880;6840
SE;SUDESTE;SE;SUDESTE;RO;RONDONIA;RO;RONDONIA;ARIQUEMES;JI-PARANA           ;230.0;BASICA         ;LINHA DE TRANSMISSÃO;AXIA NORTE;LT  230 kV ARIQUEMES            / JI-PARANA            C 3  RO;ROAQ--2JP--3        ;2016-03-20;;2016-04-30;164.0;1.26;9.42;47.64;1400.0;1400.0;1750.0;1750.0;1400.0;1400.0;1400.0;1400.0;1750.0;1750.0;1750.0;1750.0;6880;6840
SE;SUDESTE;SE;SUDESTE;RO;RONDONIA;RO;RONDONIA;ARIQUEMES;JI-PARANA           ;230.0;BASICA         ;LINHA DE TRANSMISSÃO;ARGO III;LT  230 kV ARIQUEMES            / JI-PARANA            C 4  RO;ROAQ--2JP--4        ;2020-05-22;;2020-06-30;165.0;1.268;9.505;47.31;1400.0;1400.0;1750.0;1750.0;;;;;;;;;6880;6840
SE;SUDESTE;SE;SUDESTE;RO;RONDONIA;RO;RONDONIA;C.PORTO VELHO;PORTO VELHO         ;230.0;BASICA         ;LINHA DE TRANSMISSÃO;AXIA NORTE;LT  230 kV C.PORTO VELHO        / PORTO VELHO          C 1  RO;ROCPH-2PV--1        ;2011-11-15;;2011-11-13;22.16;0.154;1.316;6.1;1130.0;1130.0;1910.0;1910.0;1130.0;1448.0;1144.0;1468.0;1910.0;1910.0;1910.0;1910.0;7054;6900
SE;SUDESTE;SE;SUDESTE;RO;RONDONIA;RO;RONDONIA;C.PORTO VELHO;PORTO VELHO         ;230.0;BASICA         ;LINHA DE TRANSMISSÃO;AXIA NORTE;LT  230 kV C.PORTO VELHO        / PORTO VELHO          C 2  RO;ROCPH-2PV--2        ;2012-01-12;;2012-01-31;22.16;0.154;1.316;6.1;1130.0;1130.0;1910.0;1910.0;1130.0;1448.0;1144.0;1468.0;1910.0;1910.0;1910.0;1910.0;7054;6900
SE;SUDESTE;SE;SUDESTE;RO;RONDONIA;RO;RONDONIA;JARU;JI-PARANA           ;230.0;BASICA         ;LINHA DE TRANSMISSÃO;AXIA NORTE;LT  230 kV JARU                 / JI-PARANA            C 1  RO;ROJR--2JP--1        ;2015-09-13;;2015-09-30;80.69;1.295;7.628;14.23;620.0;620.0;781.0;781.0;620.0;700.0;620.0;673.0;781.0;781.0;781.0;781.0;6870;6840
SE;SUDESTE;SE;SUDESTE;RO;RONDONIA;RO;RONDONIA;JI-PARANA;PIMENTA BUENO       ;230.0;BASICA         ;LINHA DE TRANSMISSÃO;AXIA NORTE;LT  230 kV JI-PARANA            / PIMENTA BUENO        C 1  RO;ROJP--2PB--1        ;2008-06-21;;2008-10-31;117.8;0.937;6.718;33.8;1240.0;1200.0;1562.0;1200.0;1240.0;1398.0;1240.0;1352.0;1562.0;1562.0;1562.0;1562.0;6840;6820
SE;SUDESTE;SE;SUDESTE;RO;RONDONIA;RO;RONDONIA;JI-PARANA;PIMENTA BUENO       ;230.0;BASICA         ;LINHA DE TRANSMISSÃO;JTE;LT  230 kV JI-PARANA            / PIMENTA BUENO        C 2  RO;ROJP--2PB--2        ;2013-01-23;;2013-02-17;118.0;0.897;6.79;33.62;1240.0;1240.0;1562.0;1562.0;1240.0;1742.0;1524.0;1784.0;1562.0;1997.0;1875.0;2051.0;6840;6820
SE;SUDESTE;SE;SUDESTE;RO;RONDONIA;RO;RONDONIA;JI-PARANA;PIMENTA BUENO       ;230.0;BASICA         ;LINHA DE TRANSMISSÃO;AXIA NORTE;LT  230 kV JI-PARANA            / PIMENTA BUENO        C 3  RO;ROJP--2PB--3        ;2016-05-19;;2016-04-30;119.0;0.915;6.819;34.3;1400.0;1400.0;1750.0;1750.0;1400.0;1400.0;1400.0;1400.0;1750.0;1750.0;1750.0;1750.0;6840;6820
SE;SUDESTE;SE;SUDESTE;RO;RONDONIA;RO;RONDONIA;PIMENTA BUENO;VILHENA             ;230.0;BASICA         ;LINHA DE TRANSMISSÃO;AXIA NORTE;LT  230 kV PIMENTA BUENO        / VILHENA              C 1  RO;ROPB--2VN--1        ;2008-10-31;;2008-10-31;160.2;1.267;9.113;46.07;1240.0;1200.0;1562.0;1200.0;1240.0;1402.0;1240.0;1360.0;1562.0;1562.0;1562.0;1562.0;6820;6800
SE;SUDESTE;SE;SUDESTE;RO;RONDONIA;RO;RONDONIA;PIMENTA BUENO;VILHENA             ;230.0;BASICA         ;LINHA DE TRANSMISSÃO;JTE;LT  230 kV PIMENTA BUENO        / VILHENA              C 2  RO;ROPB--2VN--2        ;2012-12-21;;2012-12-18;160.0;1.204;9.164;45.66;1240.0;1240.0;1562.0;1562.0;1240.0;1747.0;1530.0;1793.0;1562.0;2001.0;1882.0;2058.0;6820;6800
SE;SUDESTE;SE;SUDESTE;RO;RONDONIA;RO;RONDONIA;PIMENTA BUENO;VILHENA             ;230.0;BASICA         ;LINHA DE TRANSMISSÃO;AXIA NORTE;LT  230 kV PIMENTA BUENO        / VILHENA              C 3  RO;ROPB--2VN--3        ;2015-12-07;;2015-12-20;161.0;1.23;9.196;46.48;1400.0;1400.0;1750.0;1750.0;1400.0;1400.0;1400.0;1400.0;1750.0;1750.0;1750.0;1750.0;6820;6800
SE;SUDESTE;SE;SUDESTE;RO;RONDONIA;RO;RONDONIA;PORTO VELHO;ABUNA               ;230.0;BASICA         ;LINHA DE TRANSMISSÃO;AXIA NORTE;LT  230 kV PORTO VELHO          / ABUNA                C 1  RO;ROPV--2AN--1        ;2002-05-09;;;188.0;1.505;10.778;54.13;1240.0;1200.0;1562.0;1200.0;1240.0;1354.0;1240.0;1354.0;1562.0;1562.0;1562.0;1562.0;6900;6930
SE;SUDESTE;SE;SUDESTE;RO;RONDONIA;RO;RONDONIA;PORTO VELHO;ABUNA               ;230.0;BASICA         ;LINHA DE TRANSMISSÃO;AXIA NORTE;LT  230 kV PORTO VELHO          / ABUNA                C 2  RO;ROAN--2PV--2        ;2012-12-22;;2013-01-31;188.0;1.43;10.713;54.35;1400.0;1400.0;1750.0;1750.0;1400.0;1756.0;1530.0;1787.0;1750.0;1977.0;1858.0;2023.0;6900;6930
SE;SUDESTE;SE;SUDESTE;RO;RONDONIA;RO;RONDONIA;PORTO VELHO;ABUNA               ;230.0;BASICA         ;LINHA DE TRANSMISSÃO;EDP NORTE 2;LT  230 kV PORTO VELHO          / ABUNA                C 3  RO;ROPV--2AN--3        ;2024-12-22;;2025-01-30;188.0;1.425;10.931;53.1;1500.0;1500.0;2050.0;2050.0;;;;;;;;;6900;6930
SE;SUDESTE;SE;SUDESTE;RO;RONDONIA;RO;RONDONIA;SAMUEL;ARIQUEMES           ;230.0;BASICA         ;LINHA DE TRANSMISSÃO;AXIA NORTE;LT  230 kV SAMUEL               / ARIQUEMES            C 1  RO;ROSM--2AQ--1        ;2009-12-12;;;155.0;2.43;14.317;26.71;620.0;620.0;781.0;781.0;620.0;678.0;620.0;679.0;781.0;781.0;781.0;781.0;6890;6880
SE;SUDESTE;SE;SUDESTE;RO;RONDONIA;RO;RONDONIA;SAMUEL;ARIQUEMES           ;230.0;BASICA         ;LINHA DE TRANSMISSÃO;JTE;LT  230 kV SAMUEL               / ARIQUEMES            C 2  RO;ROSM--2AQ--2        ;2013-01-30;;2013-02-17;155.0;2.333;13.96;27.84;620.0;620.0;781.0;781.0;620.0;868.0;754.0;885.0;781.0;996.0;927.0;1020.0;6890;6880
SE;SUDESTE;SE;SUDESTE;RO;RONDONIA;RO;RONDONIA;SAMUEL;ARIQUEMES           ;230.0;BASICA         ;LINHA DE TRANSMISSÃO;AXIA NORTE;LT  230 kV SAMUEL               / ARIQUEMES            C 3  RO;ROSM--2AQ--3        ;2015-12-20;;2015-12-20;155.0;1.187;8.875;44.44;1400.0;1400.0;1750.0;1750.0;1400.0;1400.0;1400.0;1400.0;1750.0;1750.0;1750.0;1750.0;6890;6880
SE;SUDESTE;SE;SUDESTE;RO;RONDONIA;RO;RONDONIA;SAMUEL;ARIQUEMES           ;230.0;BASICA         ;LINHA DE TRANSMISSÃO;ARGO III;LT  230 kV SAMUEL               / ARIQUEMES            C 4  RO;ROSM--2AQ--4        ;2020-07-13;;2020-06-30;150.0;1.194;8.936;44.26;1400.0;1400.0;1750.0;1750.0;;;;;;;;;6890;6880
SE;SUDESTE;SE;SUDESTE;RO;RONDONIA;RO;RONDONIA;SAMUEL;JI-PARANA           ;230.0;BASICA         ;LINHA DE TRANSMISSÃO;AXIA NORTE;LT  230 kV SAMUEL               / JI-PARANA            C 1  RO;ROSM--2JP--1        ;1990-12-31;2009-12-12;1994-08-30;320.38;;;;;;;;;;;;;;;;6890;6840
SE;SUDESTE;SE;SUDESTE;RO;RONDONIA;RO;RONDONIA;SAMUEL;PORTO VELHO         ;230.0;BASICA         ;LINHA DE TRANSMISSÃO;AXIA NORTE;LT  230 kV SAMUEL               / PORTO VELHO          C 1  RO;ROSM--2PV--1        ;1989-07-26;;;40.55;0.551;3.821;7.337;691.0;691.0;871.0;871.0;691.0;763.0;691.0;765.0;871.0;897.0;871.0;901.0;6890;6900
SE;SUDESTE;SE;SUDESTE;RO;RONDONIA;RO;RONDONIA;SAMUEL;PORTO VELHO         ;230.0;BASICA         ;LINHA DE TRANSMISSÃO;AXIA NORTE;LT  230 kV SAMUEL               / PORTO VELHO          C 2  RO;ROSM--2PV--2        ;1989-07-26;;;40.55;0.551;3.821;7.337;691.0;691.0;871.0;871.0;691.0;763.0;691.0;765.0;871.0;897.0;871.0;901.0;6890;6900
SE;SUDESTE;SE;SUDESTE;RO;RONDONIA;RO;RONDONIA;SAMUEL;PORTO VELHO         ;230.0;BASICA         ;LINHA DE TRANSMISSÃO;AXIA NORTE;LT  230 kV SAMUEL               / PORTO VELHO          C 3  RO;ROPV--2SM--3        ;2015-10-15;;2015-09-30;42.0;0.328;2.437;12.09;1400.0;1400.0;1750.0;1750.0;1400.0;1400.0;1400.0;1400.0;1750.0;1750.0;1750.0;1750.0;6890;6900
SE;SUDESTE;SE;SUDESTE;RO;RONDONIA;RO;RONDONIA;SANTO ANTONIO;SE STO ANT LR       ;230.0;COMPLEMENTAR   ;LINHA DE TRANSMISSÃO;SAESA;LT  230 kV SANTO ANTONIO        / SE STO ANT LR        C 1  RO;ROUHSN2SNLR1        ;2017-01-03;;2016-07-31;5.0;0.01;0.2;;;;;;;;;;;;;;91341;6889
SE;SUDESTE;SE;SUDESTE;RO;RONDONIA;RO;RONDONIA;SANTO ANTONIO;SE STO ANT LR       ;230.0;COMPLEMENTAR   ;LINHA DE TRANSMISSÃO;SAESA;LT  230 kV SANTO ANTONIO        / SE STO ANT LR        C 2  RO;ROUHSN2SNLR2        ;2017-01-03;;2016-07-31;5.0;0.01;0.2;;;;;;;;;;;;;;91686;6889
SE;SUDESTE;SE;SUDESTE;RO;RONDONIA;RO;RONDONIA;SE STO ANT LR;PORTO VELHO         ;230.0;COMPLEMENTAR   ;LINHA DE TRANSMISSÃO;SAESA;LT  230 kV SE STO ANT LR        / PORTO VELHO          C 1  RO;ROSNLR2PV--1        ;2017-01-03;;2016-07-31;19.8;0.26;1.837;3.629;;;;;;;;;;;;;6889;6900
SE;SUDESTE;SE;SUDESTE;RO;RONDONIA;RO;RONDONIA;SE STO ANT LR;PORTO VELHO         ;230.0;COMPLEMENTAR   ;LINHA DE TRANSMISSÃO;SAESA;LT  230 kV SE STO ANT LR        / PORTO VELHO          C 2  RO;ROSNLR2PV--2        ;2017-01-03;;2016-07-31;19.8;0.26;1.837;3.629;;;;;;;;;;;;;6889;6900
SE;SUDESTE;SE;SUDESTE;RO;RONDONIA;RO;RONDONIA;TERMONORTE II;PORTO VELHO         ;230.0;COMPLEMENTAR   ;LINHA DE TRANSMISSÃO;TERMONORTE;LT  230 kV TERMONORTE II        / PORTO VELHO          C 1  RO;ROTN--2PV--1        ;1990-12-31;;;0.1;0.006;0.037;0.0;;;;;;;;;;;;;7568;6900
SE;SUDESTE;SE;SUDESTE;RO;RONDONIA;RO;RONDONIA;TERMONORTE II;PORTO VELHO         ;230.0;COMPLEMENTAR   ;LINHA DE TRANSMISSÃO;TERMONORTE;LT  230 kV TERMONORTE II        / PORTO VELHO          C 2  RO;ROTN--2PV--2        ;1990-12-31;;;0.1;0.006;0.037;0.0;;;;;;;;;;;;;7568;6900
SE;SUDESTE;SE;SUDESTE;RO;RONDONIA;MT;MATO GROSSO;VILHENA;JAURU               ;230.0;BASICA         ;LINHA DE TRANSMISSÃO;JTE;LT  230 kV VILHENA              / JAURU                C 1  RO/MT;ROVN--2JU--1MT      ;2009-10-23;;2009-09-30;354.0;2.53;19.116;100.3;1240.0;1240.0;1562.0;1562.0;1240.0;1747.0;1530.0;1811.0;1562.0;1957.0;1882.0;2030.0;6800;4862
SE;SUDESTE;SE;SUDESTE;RO;RONDONIA;MT;MATO GROSSO;VILHENA;JAURU               ;230.0;BASICA         ;LINHA DE TRANSMISSÃO;JTE;LT  230 kV VILHENA              / JAURU                C 2  RO/MT;ROVN--2JU--2MT      ;2009-10-23;;2009-09-30;354.0;2.53;19.116;100.3;1240.0;1240.0;1562.0;1562.0;1240.0;1747.0;1530.0;1811.0;1562.0;1957.0;1882.0;2030.0;6800;4862
SE;SUDESTE;SE;SUDESTE;RO;RONDONIA;MT;MATO GROSSO;VILHENA;JAURU               ;230.0;BASICA         ;LINHA DE TRANSMISSÃO;AXIA NORTE;LT  230 kV VILHENA              / JAURU                C 3  RO/MT;ROVN--2JU--3MT      ;2015-11-29;;2015-12-20;346.0;2.492;19.13;101.2;1400.0;1400.0;1750.0;1750.0;1400.0;1400.0;1400.0;1400.0;1750.0;1750.0;1750.0;1750.0;6800;4862
SE;SUDESTE;;;RO;RONDONIA;;;ARIQUEMES;;230.0;BASICA         ;RAMAL DE LINHA;AXIA NORTE;RL  230 kV ARIQUEMES            /    AAA C  1 RO;ROAQ--2DAQ-1        ;1990-12-31;2009-12-12;1994-08-30;0.1;;;;;;;;;;;;;;;;6880;
SE;SUDESTE;;;RO;RONDONIA;;;JARU;;230.0;BASICA         ;RAMAL DE LINHA;AXIA NORTE;RL  230 kV JARU                 /    XXX C  1 RO;ROJR--2DJR-1        ;2009-12-12;2014-11-20;;0.4;0.0;0.01;0.0;;;;;;;;;;;;;6870;
SE;SUDESTE;;;RO;RONDONIA;;;JARU;;230.0;BASICA         ;RAMAL DE LINHA;AXIA NORTE;RL  230 kV JARU          C-2 LT SAMUEL       /JI-PARANA     C-1 RO;ROJR--2DJR-2        ;1990-12-31;2009-12-12;1994-09-29;0.4;;;;;;;;;;;;;;;;6870;
N;NORTE;VE;VENEZUELA;RR;RORAIMA;VE;DADOS REF. VENEZUELA;BOA VISTA;SANTA ELENA         ;230.0;BASICA         ;LINHA DE TRANSMISSÃO;AXIA NORTE;LT  230 kV BOA VISTA            / SANTA ELENA          C 1  RR/VE;RRBV--2SE--1VE      ;2001-07-22;;2016-05-31;196.36;0.01;0.02;;;;;;;;;;;;;;8851;95457
N;NORTE;N;NORTE;RR;RORAIMA;RR;RORAIMA;JAGUATIRICA II;BOA VISTA           ;230.0;COMPLEMENTAR   ;LINHA DE TRANSMISSÃO;ENEVA;LT  230 kV JAGUATIRICA II       / BOA VISTA            C 1  RR;RRJII-2BV--1        ;2022-02-15;;2021-07-31;7.27;0.137;0.682;1.261;;;;;;;;;;;;;8883;8851
S;SUL;S;SUL;RS;RIO GRANDE DO SUL;RS;RIO GRANDE DO SUL;ALEGRETE2;LIVRAMENTO 2        ;230.0;BASICA         ;LINHA DE TRANSMISSÃO;CPFL T;LT  230 kV ALEGRETE2            / LIVRAMENTO 2         C 1  RS;RSALE22LIV21        ;2002-11-25;;;128.29;2.45;12.23;21.93;679.0;679.0;856.0;856.0;679.0;742.0;733.0;805.0;856.0;856.0;859.0;909.0;1186;1230
S;SUL;S;SUL;RS;RIO GRANDE DO SUL;RS;RIO GRANDE DO SUL;ALEGRETE2;LIVRAMENTO 3        ;230.0;BASICA         ;LINHA DE TRANSMISSÃO;TAESA;LT  230 kV ALEGRETE2            / LIVRAMENTO 3         C 1  RS;RSALE22LIV31        ;2022-03-27;;2024-03-22;125.0;0.946;8.188;30.1;1380.0;1380.0;1700.0;1700.0;1380.0;1822.0;1598.0;1975.0;1700.0;2022.0;1865.0;2157.0;1186;2080
S;SUL;S;SUL;RS;RIO GRANDE DO SUL;RS;RIO GRANDE DO SUL;ALEGRETE2;MACAMBARA           ;230.0;BASICA         ;LINHA DE TRANSMISSÃO;CPFL T;LT  230 kV ALEGRETE2            / MACAMBARA            C 1  RS;RSALE22MBR-1        ;1990-12-31;;;82.83;1.582;7.889;14.16;679.0;679.0;856.0;856.0;679.0;735.0;725.0;806.0;856.0;856.0;856.0;902.0;1186;1225
S;SUL;S;SUL;RS;RIO GRANDE DO SUL;RS;RIO GRANDE DO SUL;ALEGRETE2;S.VICENTE SUL       ;230.0;BASICA         ;LINHA DE TRANSMISSÃO;CPFL T;LT  230 kV ALEGRETE2            / S.VICENTE SUL        C 1  RS;RSALE22SVI-1        ;2015-06-07;;2015-06-30;104.02;1.551;9.624;18.47;729.0;729.0;919.0;919.0;;;;;;;;;1186;1286
S;SUL;S;SUL;RS;RIO GRANDE DO SUL;RS;RIO GRANDE DO SUL;ALEGRETE2;U.URUGUAIANA        ;230.0;BASICA         ;LINHA DE TRANSMISSÃO;CPFL T;LT  230 kV ALEGRETE2            / U.URUGUAIANA         C 1  RS;RSALE22UTUR1        ;2000-05-17;;;129.73;1.244;6.005;45.67;1350.0;1350.0;1350.0;1350.0;;;;;;;;;1186;1294
S;SUL;S;SUL;RS;RIO GRANDE DO SUL;RS;RIO GRANDE DO SUL;ALEGRETE2;URUGUAIANA5         ;230.0;BASICA         ;LINHA DE TRANSMISSÃO;CPFL T;LT  230 kV ALEGRETE2            / URUGUAIANA5          C 1  RS;RSALE22URU51        ;1990-12-31;;;127.13;2.43;12.15;22.74;679.0;679.0;856.0;856.0;679.0;734.0;731.0;808.0;856.0;856.0;857.0;906.0;1186;1296
S;SUL;S;SUL;RS;RIO GRANDE DO SUL;RS;RIO GRANDE DO SUL;ALEGRETE2;BAGE2               ;230.0;BASICA         ;LINHA DE TRANSMISSÃO;CPFL T;LT  230 kV ALEGRETE2    /BAGE2         C-1 RS;RSALE22BAG21        ;1990-12-31;2002-11-25;;279.63;;;;;;;;;;;;;;;;1186;1188
S;SUL;S;SUL;RS;RIO GRANDE DO SUL;RS;RIO GRANDE DO SUL;ATLANTIDA 2;GRAVATAI3           ;230.0;BASICA         ;LINHA DE TRANSMISSÃO;AXIA SUL;LT  230 kV ATLANTIDA 2          / GRAVATAI3            C 1  RS;RSATL22GRA31        ;2008-04-27;;2008-04-27;102.0;1.951;9.566;18.2;652.0;652.0;802.0;802.0;652.0;691.0;678.0;717.0;802.0;802.0;815.0;826.0;1330;1313
S;SUL;S;SUL;RS;RIO GRANDE DO SUL;RS;RIO GRANDE DO SUL;ATLANTIDA 2;OSORIO 2            ;230.0;BASICA         ;LINHA DE TRANSMISSÃO;AXIA SUL;LT  230 kV ATLANTIDA 2          / OSORIO 2             C 1  RS;RSATL22OSO21        ;2007-05-06;;2007-04-30;36.0;0.682;3.29;6.514;652.0;652.0;802.0;802.0;652.0;691.0;691.0;717.0;802.0;802.0;825.0;830.0;1330;1231
S;SUL;S;SUL;RS;RIO GRANDE DO SUL;RS;RIO GRANDE DO SUL;ATLANTIDA 2;TORRES 2            ;230.0;BASICA         ;LINHA DE TRANSMISSÃO;EDP LITORAL SUL;LT  230 kV ATLANTIDA 2          / TORRES 2             C 1  RS;RSATL22TOR21        ;2022-07-05;;2020-10-06;65.44;0.731;5.831;12.2;790.0;790.0;1190.0;1190.0;;;;;;;;;1330;9693
S;SUL;S;SUL;RS;RIO GRANDE DO SUL;RS;RIO GRANDE DO SUL;BAGE2;CANDIOTA 2          ;230.0;BASICA         ;LINHA DE TRANSMISSÃO;VINEYARDS;LT  230 kV BAGE2                / CANDIOTA 2           C 1  RS;RSBAG22CTA-1        ;2022-01-27;;2021-07-30;49.68;0.947;4.558;8.9;695.0;695.0;870.0;870.0;;;;;;;;;1188;9952
S;SUL;S;SUL;RS;RIO GRANDE DO SUL;RS;RIO GRANDE DO SUL;BAGE2;CANDIOTA 2          ;230.0;BASICA         ;LINHA DE TRANSMISSÃO;CPFL T;LT  230 kV BAGE2                / CANDIOTA 2           C 2  RS;RSBAG22CTA-2        ;2022-09-06;;2021-11-30;51.0;0.869;4.735;9.1;729.0;729.0;919.0;919.0;;;;;;;;;1188;9952
S;SUL;S;SUL;RS;RIO GRANDE DO SUL;RS;RIO GRANDE DO SUL;BAGE2;LIVRAMENTO 2        ;230.0;BASICA         ;LINHA DE TRANSMISSÃO;CPFL T;LT  230 kV BAGE2                / LIVRAMENTO 2         C 1  RS;RSBAG22LIV21        ;2002-11-25;;;151.34;2.89;14.44;25.88;679.0;679.0;856.0;856.0;679.0;702.0;752.0;748.0;856.0;856.0;874.0;919.0;1188;1230
S;SUL;S;SUL;RS;RIO GRANDE DO SUL;RS;RIO GRANDE DO SUL;C.INDUSTRIAL;CANOAS 1            ;230.0;BASICA         ;LINHA DE TRANSMISSÃO;CPFL T;LT  230 kV C.INDUSTRIAL         / CANOAS 1             C 1  RS;RSCIN-2CNA11        ;2017-10-29;;2017-09-30;13.66;0.235;1.235;2.519;679.0;679.0;856.0;856.0;;;;;;;;;1258;1190
S;SUL;S;SUL;RS;RIO GRANDE DO SUL;RS;RIO GRANDE DO SUL;C.INDUSTRIAL;CANOAS 2            ;230.0;BASICA         ;LINHA DE TRANSMISSÃO;CPFL T;LT  230 kV C.INDUSTRIAL         / CANOAS 2             C 1  RS;RSCIN-2CNA21        ;2002-08-17;;2002-03-01;9.48;0.11;0.63;1.442;729.0;729.0;919.0;919.0;729.0;763.0;792.0;802.0;919.0;919.0;927.0;985.0;1258;1248
S;SUL;S;SUL;RS;RIO GRANDE DO SUL;RS;RIO GRANDE DO SUL;C.INDUSTRIAL;CHARQUEADAS         ;230.0;BASICA         ;LINHA DE TRANSMISSÃO;CPFL T;LT  230 kV C.INDUSTRIAL         / CHARQUEADAS          C 1  RS;RSCIN-2CHA-1        ;1990-12-31;2024-11-17;;46.9;0.9;4.47;7.428;;;;;527.0;647.0;591.0;693.0;748.0;749.0;748.0;823.0;1258;951
S;SUL;S;SUL;RS;RIO GRANDE DO SUL;RS;RIO GRANDE DO SUL;C.INDUSTRIAL;CHARQUEADAS3        ;230.0;BASICA         ;LINHA DE TRANSMISSÃO;CPFL T;LT  230 kV C.INDUSTRIAL         / CHARQUEADAS3         C 1  RS;RSCIN-0CHR31        ;2024-11-17;;2025-09-30;53.88;0.874;4.534;21.0;527.0;527.0;748.0;748.0;;;;;;;;;1258;10276
S;SUL;S;SUL;RS;RIO GRANDE DO SUL;RS;RIO GRANDE DO SUL;C.INDUSTRIAL;GRAVATAI2           ;230.0;BASICA         ;LINHA DE TRANSMISSÃO;CPFL T;LT  230 kV C.INDUSTRIAL         / GRAVATAI2            C 2  RS;RSCIN-2GRA22        ;1990-12-31;2023-11-26;;12.5;0.199;1.157;2.31;;;;;729.0;763.0;790.0;802.0;919.0;919.0;926.0;985.0;1258;1210
S;SUL;S;SUL;RS;RIO GRANDE DO SUL;RS;RIO GRANDE DO SUL;C.INDUSTRIAL;GRAVATAI2           ;230.0;BASICA         ;LINHA DE TRANSMISSÃO;CPFL T;LT  230 kV C.INDUSTRIAL         / GRAVATAI2            C 3  RS;RSCIN-2GRA23        ;1990-12-31;;;12.5;0.199;1.157;2.31;729.0;729.0;919.0;919.0;729.0;763.0;790.0;802.0;919.0;919.0;926.0;985.0;1258;1210
S;SUL;S;SUL;RS;RIO GRANDE DO SUL;RS;RIO GRANDE DO SUL;C.INDUSTRIAL;GRAVATAI2           ;230.0;BASICA         ;LINHA DE TRANSMISSÃO;CPFL T;LT  230 kV C.INDUSTRIAL         / GRAVATAI2            C 4  RS;RSCIN-2GRA24        ;1990-12-31;;;12.5;0.199;1.157;2.31;729.0;729.0;919.0;919.0;729.0;763.0;790.0;802.0;919.0;919.0;926.0;985.0;1258;1210
S;SUL;S;SUL;RS;RIO GRANDE DO SUL;RS;RIO GRANDE DO SUL;C.INDUSTRIAL;GUAIBA 2            ;230.0;BASICA         ;LINHA DE TRANSMISSÃO;CPFL T;LT  230 kV C.INDUSTRIAL         / GUAIBA 2             C 1  RS;RSCIN-2GUA21        ;2012-01-29;;2012-01-29;38.5;0.742;3.692;6.63;679.0;679.0;856.0;856.0;679.0;701.0;733.0;738.0;856.0;856.0;859.0;910.0;1258;1199
S;SUL;S;SUL;RS;RIO GRANDE DO SUL;RS;RIO GRANDE DO SUL;C.INDUSTRIAL;NOVA STA RITA       ;230.0;BASICA         ;LINHA DE TRANSMISSÃO;CPFL T;LT  230 kV C.INDUSTRIAL         / NOVA STA RITA        C 1  RS;RSCIN-2POL-1        ;2006-06-20;;2006-06-30;22.5;0.398;2.086;4.068;729.0;729.0;919.0;919.0;729.0;763.0;786.0;802.0;919.0;919.0;923.0;983.0;1258;980
S;SUL;S;SUL;RS;RIO GRANDE DO SUL;RS;RIO GRANDE DO SUL;C.INDUSTRIAL;NOVA STA RITA       ;230.0;BASICA         ;LINHA DE TRANSMISSÃO;CPFL T;LT  230 kV C.INDUSTRIAL         / NOVA STA RITA        C 2  RS;RSCIN-2POL-2        ;2006-06-17;;2006-06-30;22.4;0.397;2.143;3.925;729.0;729.0;919.0;919.0;729.0;763.0;786.0;802.0;919.0;919.0;923.0;983.0;1258;980
S;SUL;S;SUL;RS;RIO GRANDE DO SUL;RS;RIO GRANDE DO SUL;C.INDUSTRIAL;NOVA STA RITA       ;230.0;BASICA         ;LINHA DE TRANSMISSÃO;CPFL T;LT  230 kV C.INDUSTRIAL         / NOVA STA RITA        C 3  RS;RSCIN-2POL-3        ;2006-06-04;;2006-06-30;23.7;0.418;2.268;3.97;564.0;564.0;801.0;801.0;564.0;699.0;633.0;748.0;801.0;810.0;801.0;889.0;1258;980
S;SUL;S;SUL;RS;RIO GRANDE DO SUL;RS;RIO GRANDE DO SUL;C.INDUSTRIAL;P.PETROQUIMIC       ;230.0;BASICA         ;LINHA DE TRANSMISSÃO;CPFL T;LT  230 kV C.INDUSTRIAL         / P.PETROQUIMIC        C 1  RS;RSCIN-2PPE-1        ;1990-12-31;;;23.57;0.402;2.158;4.11;729.0;729.0;919.0;919.0;729.0;763.0;786.0;802.0;919.0;919.0;923.0;983.0;1258;1204
S;SUL;S;SUL;RS;RIO GRANDE DO SUL;RS;RIO GRANDE DO SUL;C.INDUSTRIAL;PORTO ALEGRE9       ;230.0;BASICA         ;LINHA DE TRANSMISSÃO;CPFL T;LT  230 kV C.INDUSTRIAL         / PORTO ALEGRE9        C 1  RS;RSCIN-2PAL91        ;1990-12-31;;;14.8;0.257;1.357;2.71;679.0;679.0;856.0;856.0;679.0;703.0;737.0;738.0;856.0;856.0;862.0;912.0;1258;1267
S;SUL;S;SUL;RS;RIO GRANDE DO SUL;RS;RIO GRANDE DO SUL;C.INDUSTRIAL;PORTO ALEGRE9       ;230.0;BASICA         ;LINHA DE TRANSMISSÃO;CPFL T;LT  230 kV C.INDUSTRIAL         / PORTO ALEGRE9        C 2  RS;RSCIN-2PAL92        ;2002-08-12;2017-10-29;2002-06-30;15.0;0.29;1.41;2.53;;;;;679.0;703.0;737.0;738.0;856.0;856.0;862.0;912.0;1258;1267
S;SUL;S;SUL;RS;RIO GRANDE DO SUL;RS;RIO GRANDE DO SUL;C.INDUSTRIAL;V.AIRES             ;230.0;BASICA         ;LINHA DE TRANSMISSÃO;CPFL T;LT  230 kV C.INDUSTRIAL         / V.AIRES              C 1  RS;RSCIN-2VAI-1        ;1990-12-31;;;101.54;2.58;9.83;17.06;450.0;450.0;639.0;639.0;450.0;542.0;500.0;583.0;639.0;639.0;639.0;685.0;1258;1299
S;SUL;S;SUL;RS;RIO GRANDE DO SUL;RS;RIO GRANDE DO SUL;C.INDUSTRIAL;CAMAQUA             ;230.0;BASICA         ;LINHA DE TRANSMISSÃO;CPFL T;LT  230 kV C.INDUSTRIAL /CAMAQUA       C-1 RS;RSCIN-2CAM-1        ;1990-12-31;2002-07-25;;121.88;1.71;8.6;15.33;;;;;;;;;;;;;1258;1194
S;SUL;S;SUL;RS;RIO GRANDE DO SUL;RS;RIO GRANDE DO SUL;C.INDUSTRIAL;GRAVATAI2           ;230.0;BASICA         ;LINHA DE TRANSMISSÃO;CPFL T;LT  230 kV C.INDUSTRIAL /GRAVATAI2     C-1 RS;RSCIN-2GRA21        ;1990-12-31;2002-08-17;;12.5;0.22;1.14;2.23;;;;;;;;;;;;;1258;1210
S;SUL;S;SUL;RS;RIO GRANDE DO SUL;RS;RIO GRANDE DO SUL;C.INDUSTRIAL;ITAUBA              ;230.0;BASICA         ;LINHA DE TRANSMISSÃO;CPFL T;LT  230 kV C.INDUSTRIAL /ITAUBA        C-1 RS;RSCIN-2UITA1        ;1990-12-31;2006-06-18;;216.84;3.66;20.3;37.67;;;;;;;;;;;;;1258;1215
S;SUL;S;SUL;RS;RIO GRANDE DO SUL;RS;RIO GRANDE DO SUL;C.INDUSTRIAL;P.PETROQUIMIC       ;230.0;BASICA         ;LINHA DE TRANSMISSÃO;CPFL T;LT  230 kV C.INDUSTRIAL /P.PETROQUIMIC C-2 RS;RSCIN-2PPE-2        ;1990-12-31;2006-06-20;;23.57;0.41;2.25;4.11;;;;;;;;;;;;;1258;1204
S;SUL;S;SUL;RS;RIO GRANDE DO SUL;RS;RIO GRANDE DO SUL;C.INDUSTRIAL;PASSO REAL          ;230.0;BASICA         ;LINHA DE TRANSMISSÃO;CPFL T;LT  230 kV C.INDUSTRIAL /PASSO REAL    C-1 RS;RSCIN-2UPRE1        ;1990-12-31;2006-06-04;;224.68;3.81;21.1;39.2;;;;;;;;;;;;;1258;1243
S;SUL;S;SUL;RS;RIO GRANDE DO SUL;RS;RIO GRANDE DO SUL;C.INDUSTRIAL;PELOTAS3            ;230.0;BASICA         ;LINHA DE TRANSMISSÃO;CPFL T;LT  230 kV C.INDUSTRIAL /PELOTAS3      C-1 RS;RSCIN-2PEL31        ;2002-01-27;2012-01-29;;247.87;4.74;23.66;42.4;;;;;;;;;;;;;1258;1236
S;SUL;S;SUL;RS;RIO GRANDE DO SUL;RS;RIO GRANDE DO SUL;C.INDUSTRIAL;QUINTA              ;230.0;BASICA         ;LINHA DE TRANSMISSÃO;CPFL T;LT  230 kV C.INDUSTRIAL /QUINTA        C-1 RS;RSCIN-2QUI-1        ;1990-12-31;2002-01-27;;291.9;5.67;28.38;50.91;;;;;;;;;;;;;1258;1246
S;SUL;S;SUL;RS;RIO GRANDE DO SUL;RS;RIO GRANDE DO SUL;CACHOEIRINHA3;C.INDUSTRIAL        ;230.0;BASICA         ;LINHA DE TRANSMISSÃO;CPFL T;LT  230 kV CACHOEIRINHA3        / C.INDUSTRIAL         C 1  RS;RSCAC32CIN-1        ;2023-11-26;;2024-09-30;7.74;0.132;0.706;1.4;729.0;729.0;919.0;919.0;;;;;;;;;9304;1258
S;SUL;S;SUL;RS;RIO GRANDE DO SUL;RS;RIO GRANDE DO SUL;CACHOEIRINHA3;CANOAS 2            ;230.0;BASICA         ;LINHA DE TRANSMISSÃO;CPFL T;LT  230 kV CACHOEIRINHA3        / CANOAS 2             C 1  RS;RSCAC32CNA21        ;2023-11-26;;2024-09-30;6.43;0.099;0.522;1.1;729.0;729.0;919.0;919.0;;;;;;;;;9304;1248
S;SUL;S;SUL;RS;RIO GRANDE DO SUL;RS;RIO GRANDE DO SUL;CACHOEIRINHA3;GRAVATAI2           ;230.0;BASICA         ;LINHA DE TRANSMISSÃO;CPFL T;LT  230 kV CACHOEIRINHA3        / GRAVATAI2            C 1  RS;RSCAC32GRA21        ;2023-11-26;;2024-09-30;5.04;0.087;0.455;0.9;729.0;729.0;919.0;919.0;729.0;763.0;790.0;802.0;919.0;919.0;926.0;985.0;9304;1210
S;SUL;S;SUL;RS;RIO GRANDE DO SUL;RS;RIO GRANDE DO SUL;CACHOEIRINHA3;GRAVATAI2           ;230.0;BASICA         ;LINHA DE TRANSMISSÃO;CPFL T;LT  230 kV CACHOEIRINHA3        / GRAVATAI2            C 2  RS;RSCAC32GRA22        ;2023-11-26;;2024-09-30;5.32;0.087;0.455;0.9;729.0;729.0;919.0;919.0;729.0;763.0;790.0;802.0;919.0;919.0;926.0;985.0;9304;1210
S;SUL;S;SUL;RS;RIO GRANDE DO SUL;RS;RIO GRANDE DO SUL;CAMAQUA;GUAIBA 2            ;230.0;BASICA         ;LINHA DE TRANSMISSÃO;CPFL T;LT  230 kV CAMAQUA              / GUAIBA 2             C 1  RS;RSCAM-2GUA21        ;2010-08-29;;2010-10-25;87.25;1.729;8.578;15.32;679.0;679.0;856.0;856.0;679.0;703.0;733.0;738.0;856.0;856.0;864.0;915.0;1194;1199
S;SUL;S;SUL;RS;RIO GRANDE DO SUL;RS;RIO GRANDE DO SUL;CAMAQUA;PORTO ALEGRE9       ;230.0;BASICA         ;LINHA DE TRANSMISSÃO;CPFL T;LT  230 kV CAMAQUA      /PORTO ALEGRE9 C-1 RS;RSCAM-2PAL91        ;2002-07-25;2010-08-29;2002-06-30;130.15;2.46;12.26;22.23;;;;;;;;;;;;;1194;1267
S;SUL;S;SUL;RS;RIO GRANDE DO SUL;RS;RIO GRANDE DO SUL;CAMAQUA 3;GUAIBA 2            ;230.0;BASICA         ;LINHA DE TRANSMISSÃO;CPFL T;LT  230 kV CAMAQUA 3            / GUAIBA 2             C 1  RS;RSCAM32GUA21        ;2014-12-07;;2014-12-30;87.25;1.737;8.292;15.2;679.0;679.0;856.0;856.0;679.0;679.0;679.0;679.0;856.0;856.0;856.0;856.0;9569;1199
S;SUL;S;SUL;RS;RIO GRANDE DO SUL;RS;RIO GRANDE DO SUL;CAMAQUA 3;NOVA STA RITA       ;230.0;BASICA         ;LINHA DE TRANSMISSÃO;AXIA SUL;LT  230 kV CAMAQUA 3            / NOVA STA RITA        C 1  RS;RSCAM32NSR-1        ;2014-12-09;;2014-12-30;126.0;1.185;8.278;30.03;1380.0;1380.0;1740.0;1740.0;1380.0;1380.0;1380.0;1380.0;1740.0;1740.0;1740.0;1740.0;9569;980
S;SUL;S;SUL;RS;RIO GRANDE DO SUL;RS;RIO GRANDE DO SUL;CAMAQUA 3;PELOTAS3            ;230.0;BASICA         ;LINHA DE TRANSMISSÃO;CPFL T;LT  230 kV CAMAQUA 3            / PELOTAS3             C 1  RS;RSCAM32PEL31        ;2014-12-07;;2014-12-30;123.5;2.459;11.738;21.52;679.0;679.0;856.0;856.0;679.0;679.0;679.0;679.0;856.0;856.0;856.0;856.0;9569;1236
S;SUL;S;SUL;RS;RIO GRANDE DO SUL;RS;RIO GRANDE DO SUL;CAMAQUA 3;POVO NOVO           ;230.0;BASICA         ;LINHA DE TRANSMISSÃO;AXIA SUL;LT  230 kV CAMAQUA 3            / POVO NOVO            C 1  RS;RSCAM32PNO-1        ;2014-12-09;;2014-12-30;149.0;1.436;10.03;36.38;1380.0;1380.0;1740.0;1740.0;1380.0;1380.0;1380.0;1380.0;1740.0;1740.0;1740.0;1740.0;9569;9819
S;SUL;S;SUL;RS;RIO GRANDE DO SUL;RS;RIO GRANDE DO SUL;CAMPO BOM;CAXIAS              ;230.0;BASICA         ;LINHA DE TRANSMISSÃO;CPFL T;LT  230 kV CAMPO BOM            / CAXIAS               C 1  RS;RSCBO-2CAX-1        ;2002-12-08;;2006-01-27;61.39;1.26;5.9;10.26;879.0;879.0;879.0;879.0;879.0;879.0;879.0;884.0;1028.0;1028.0;1028.0;1028.0;1198;965
S;SUL;S;SUL;RS;RIO GRANDE DO SUL;RS;RIO GRANDE DO SUL;CAMPO BOM;CAXIAS              ;230.0;BASICA         ;LINHA DE TRANSMISSÃO;CPFL T;LT  230 kV CAMPO BOM            / CAXIAS               C 2  RS;RSCBO-2CAX-2        ;2002-12-08;;2005-12-03;61.39;1.26;5.9;10.26;879.0;879.0;879.0;879.0;879.0;879.0;879.0;884.0;1028.0;1028.0;1028.0;1028.0;1198;965
S;SUL;S;SUL;RS;RIO GRANDE DO SUL;RS;RIO GRANDE DO SUL;CAMPO BOM;GRAVATAI2           ;230.0;BASICA         ;LINHA DE TRANSMISSÃO;CPFL T;LT  230 kV CAMPO BOM            / GRAVATAI2            C 1  RS;RSCBO-2GRA21        ;2002-12-08;;;21.4;0.473;2.23;3.97;527.0;527.0;748.0;748.0;527.0;650.0;585.0;696.0;748.0;749.0;748.0;821.0;1198;1210
S;SUL;S;SUL;RS;RIO GRANDE DO SUL;RS;RIO GRANDE DO SUL;CAMPO BOM;GRAVATAI2           ;230.0;BASICA         ;LINHA DE TRANSMISSÃO;CPFL T;LT  230 kV CAMPO BOM            / GRAVATAI2            C 2  RS;RSCBO-2GRA22        ;2002-12-08;;;22.37;0.473;2.232;3.97;527.0;527.0;748.0;748.0;527.0;650.0;585.0;696.0;748.0;749.0;748.0;821.0;1198;1210
S;SUL;S;SUL;RS;RIO GRANDE DO SUL;RS;RIO GRANDE DO SUL;CAMPO BOM;TAQUARA             ;230.0;BASICA         ;LINHA DE TRANSMISSÃO;TESB;LT  230 kV CAMPO BOM            / TAQUARA              C 1  RS;RSCBO-2TAQ-1        ;2022-09-22;;2020-12-29;29.0;0.522;2.803;5.066;590.0;590.0;895.0;895.0;;;;;;;;;1198;1249
S;SUL;S;SUL;RS;RIO GRANDE DO SUL;RS;RIO GRANDE DO SUL;CANDELARIA 2;ITAUBA              ;230.0;BASICA         ;LINHA DE TRANSMISSÃO;CPFL T;LT  230 kV CANDELARIA 2         / ITAUBA               C 1  RS;RSCDL22UITA1        ;2020-05-20;;2020-02-24;65.89;1.141;6.187;11.62;917.0;917.0;1073.0;1073.0;;;;;;;;;9590;1215
S;SUL;S;SUL;RS;RIO GRANDE DO SUL;RS;RIO GRANDE DO SUL;CANDELARIA 2;NOVA STA RITA       ;230.0;BASICA         ;LINHA DE TRANSMISSÃO;CPFL T;LT  230 kV CANDELARIA 2         / NOVA STA RITA        C 1  RS;RSCDL22NSR-1        ;2020-05-20;;2020-02-24;156.77;2.679;14.749;27.89;917.0;917.0;1073.0;1073.0;;;;;;;;;9590;980
S;SUL;S;SUL;RS;RIO GRANDE DO SUL;RS;RIO GRANDE DO SUL;CANDIOTA;PRE.MEDICI          ;230.0;COMPLEMENTAR   ;LINHA DE TRANSMISSÃO;AXIA ENERGIA;LT  230 kV CANDIOTA             / PRE.MEDICI           C 1  RS;RSCTA-2PME-1        ;2015-07-10;;2015-12-30;2.74;0.023;0.186;0.6604;;;;;;;;;;;;;9785;1239
S;SUL;S;SUL;RS;RIO GRANDE DO SUL;RS;RIO GRANDE DO SUL;CANDIOTA 2;PRE.MEDICI          ;230.0;BASICA         ;LINHA DE TRANSMISSÃO;CPFL T;LT  230 kV CANDIOTA 2           / PRE.MEDICI           C 1  RS;RSCTA-2PME-2        ;2022-09-06;;2021-11-30;5.5;0.052;0.374;1.4;729.0;729.0;919.0;919.0;;;;;;;;;9952;1239
S;SUL;S;SUL;RS;RIO GRANDE DO SUL;RS;RIO GRANDE DO SUL;CANOAS 1;PORTO ALEGRE9       ;230.0;BASICA         ;LINHA DE TRANSMISSÃO;CPFL T;LT  230 kV CANOAS 1             / PORTO ALEGRE9        C 1  RS;RSCNA12PAL91        ;2017-10-29;;2017-09-30;3.46;0.059;0.304;0.665;679.0;679.0;856.0;856.0;;;;;;;;;1190;1267
S;SUL;S;SUL;RS;RIO GRANDE DO SUL;RS;RIO GRANDE DO SUL;CANOAS 2;GRAVATAI2           ;230.0;BASICA         ;LINHA DE TRANSMISSÃO;CPFL T;LT  230 kV CANOAS 2             / GRAVATAI2            C 1  RS;RSCNA22GRA21        ;2002-08-17;2023-11-26;2002-03-31;9.62;0.196;1.138;2.09;;;;;729.0;763.0;790.0;802.0;919.0;919.0;926.0;985.0;1248;1210
S;SUL;S;SUL;RS;RIO GRANDE DO SUL;RS;RIO GRANDE DO SUL;CAPIVARI SUL;VIAMAO 3            ;230.0;BASICA         ;LINHA DE TRANSMISSÃO;PAMPA TRANSMISSORA;LT  230 kV CAPIVARI SUL         / VIAMAO 3             C 1  RS;RSCAP-2VIA31        ;2023-07-03;;2023-07-22;73.75;0.581;4.838;18.5;1435.0;1435.0;1765.0;1765.0;1435.0;1745.0;1590.0;1869.0;1765.0;1970.0;1878.0;2077.0;1037;9263
S;SUL;S;SUL;RS;RIO GRANDE DO SUL;RS;RIO GRANDE DO SUL;CASTERTECH;CAXIAS 6            ;230.0;BASICA         ;LINHA DE TRANSMISSÃO;CPFL T;LT  230 kV CASTERTECH           / CAXIAS 6             C 1  RS;RSCTT-2CAX61        ;2012-08-20;;2012-07-31;4.254;0.084;0.422;0.739;916.0;916.0;1072.0;1072.0;916.0;916.0;975.0;931.0;1072.0;1072.0;1106.0;1089.0;9278;1386
S;SUL;S;SUL;RS;RIO GRANDE DO SUL;RS;RIO GRANDE DO SUL;CASTERTECH;CAXIAS SUL 2        ;230.0;BASICA         ;LINHA DE TRANSMISSÃO;CPFL T;LT  230 kV CASTERTECH           / CAXIAS SUL 2         C 1  RS;RSCTT-2CAX21        ;2009-11-30;;2009-10-31;1.7;0.034;0.17;0.3;917.0;917.0;1073.0;1073.0;916.0;916.0;975.0;931.0;1072.0;1072.0;1141.0;1089.0;9278;1200
S;SUL;S;SUL;RS;RIO GRANDE DO SUL;RS;RIO GRANDE DO SUL;CASTERTECH;CAXIAS              ;230.0;BASICA         ;LINHA DE TRANSMISSÃO;CPFL T;LT  230 kV CASTERTECH   /CAXIAS        C-1 RS;RSCTT-2CAX-1        ;2009-11-30;2012-08-20;2009-10-31;23.2;0.426;2.31;4.13;;;;;;;;;;;;;9278;965
S;SUL;S;SUL;RS;RIO GRANDE DO SUL;RS;RIO GRANDE DO SUL;CAXIAS;CAXIAS 6            ;230.0;BASICA         ;LINHA DE TRANSMISSÃO;CPFL T;LT  230 kV CAXIAS               / CAXIAS 6             C 1  RS;RSCAX-2CAX61        ;2012-08-20;;2012-07-31;19.363;0.387;1.936;3.39;916.0;916.0;1072.0;1072.0;916.0;916.0;975.0;931.0;1072.0;1072.0;1090.0;1089.0;965;1386
S;SUL;S;SUL;RS;RIO GRANDE DO SUL;RS;RIO GRANDE DO SUL;CAXIAS;CAXIAS SUL 5        ;230.0;BASICA         ;LINHA DE TRANSMISSÃO;AXIA SUL;LT  230 kV CAXIAS               / CAXIAS SUL 5         C 1  RS;RSCAX-2CAX51        ;2009-06-02;;2009-06-30;25.0;0.385;2.121;3.964;693.0;693.0;852.0;852.0;693.0;762.0;742.0;790.0;852.0;854.0;891.0;909.0;965;1192
S;SUL;S;SUL;RS;RIO GRANDE DO SUL;RS;RIO GRANDE DO SUL;CAXIAS;FARROUPILHA         ;230.0;BASICA         ;LINHA DE TRANSMISSÃO;CPFL T;LT  230 kV CAXIAS               / FARROUPILHA          C 1  RS;RSCAX-2FAR-1        ;2002-03-03;;2001-12-30;22.89;0.455;2.077;3.725;527.0;527.0;748.0;748.0;527.0;613.0;617.0;646.0;748.0;773.0;764.0;845.0;965;962
S;SUL;S;SUL;RS;RIO GRANDE DO SUL;RS;RIO GRANDE DO SUL;CAXIAS;FARROUPILHA         ;230.0;BASICA         ;LINHA DE TRANSMISSÃO;CPFL T;LT  230 kV CAXIAS               / FARROUPILHA          C 2  RS;RSCAX-2FAR-2        ;2002-03-03;;2001-12-31;22.89;0.455;2.08;3.725;527.0;527.0;748.0;748.0;527.0;613.0;617.0;646.0;748.0;773.0;764.0;845.0;965;962
S;SUL;S;SUL;RS;RIO GRANDE DO SUL;RS;RIO GRANDE DO SUL;CAXIAS;N.PETROPOLIS2       ;230.0;BASICA         ;LINHA DE TRANSMISSÃO;CPFL T;LT  230 kV CAXIAS               / N.PETROPOLIS2        C 1  RS;RSCAX-2NPE21        ;2012-11-03;;2012-12-02;27.0;0.405;2.265;3.973;917.0;917.0;1073.0;1073.0;917.0;917.0;960.0;926.0;1073.0;1073.0;1073.0;1083.0;965;9547
S;SUL;S;SUL;RS;RIO GRANDE DO SUL;RS;RIO GRANDE DO SUL;CAXIAS NORTE;CAXIAS 6            ;230.0;BASICA         ;LINHA DE TRANSMISSÃO;EVRECY;LT  230 kV CAXIAS NORTE         / CAXIAS 6             C 1  RS;RSCXN-2CAX61        ;2024-10-31;;2024-09-29;24.68;0.224;1.441;7.0;1130.0;1130.0;1425.0;1425.0;;;;;;;;;10216;1386
S;SUL;S;SUL;RS;RIO GRANDE DO SUL;RS;RIO GRANDE DO SUL;CAXIAS NORTE;CAXIAS SUL 2        ;230.0;BASICA         ;LINHA DE TRANSMISSÃO;CPFL T;LT  230 kV CAXIAS NORTE         / CAXIAS SUL 2         C 1  RS;RSCXN-2CAX21        ;2025-03-09;;2024-11-30;15.87;0.425;1.962;4.0;729.0;729.0;919.0;919.0;;;;;;;;;10216;1200
S;SUL;S;SUL;RS;RIO GRANDE DO SUL;RS;RIO GRANDE DO SUL;CAXIAS NORTE;CAXIAS SUL 5        ;230.0;BASICA         ;LINHA DE TRANSMISSÃO;AXIA SUL;LT  230 kV CAXIAS NORTE         / CAXIAS SUL 5         C 1  RS;RSCXN-2CAX51        ;2025-02-16;;2024-11-30;16.09;0.316;1.478;3.0;;;;;;;;;;;;;10216;1192
S;SUL;S;SUL;RS;RIO GRANDE DO SUL;RS;RIO GRANDE DO SUL;CAXIAS NORTE;MONTE CLARO         ;230.0;BASICA         ;LINHA DE TRANSMISSÃO;EVRECY;LT  230 kV CAXIAS NORTE         / MONTE CLARO          C 1  RS;RSCXN-2MCL-1        ;2024-12-13;;2024-11-29;29.12;0.37;1.825;7.7;1130.0;1130.0;1425.0;1425.0;;;;;;;;;10216;963
S;SUL;S;SUL;RS;RIO GRANDE DO SUL;RS;RIO GRANDE DO SUL;CAXIAS NORTE;VINHEDOS            ;230.0;BASICA         ;LINHA DE TRANSMISSÃO;EVRECY;LT  230 kV CAXIAS NORTE         / VINHEDOS             C 1  RS;RSCXN-2VIN-1        ;2024-12-13;;2024-11-29;23.37;0.297;1.464;6.2;1130.0;1130.0;1425.0;1425.0;;;;;;;;;10216;9836
S;SUL;S;SUL;RS;RIO GRANDE DO SUL;RS;RIO GRANDE DO SUL;CAXIAS SUL 2;CAXIAS              ;230.0;BASICA         ;LINHA DE TRANSMISSÃO;CPFL T;LT  230 kV CAXIAS SUL 2         / CAXIAS               C 1  RS;RSCAX22CAX-1        ;2003-04-14;2009-11-30;2003-04-30;25.0;0.43;2.36;4.318;;;;;;;;;;;;;1200;965
S;SUL;S;SUL;RS;RIO GRANDE DO SUL;RS;RIO GRANDE DO SUL;CAXIAS SUL 2;FARROUPILHA         ;230.0;BASICA         ;LINHA DE TRANSMISSÃO;CPFL T;LT  230 kV CAXIAS SUL 2         / FARROUPILHA          C 1  RS;RSFAR-2CAX21        ;1990-12-31;2025-03-09;;22.57;0.39;2.13;3.88;;;;;729.0;768.0;808.0;800.0;919.0;946.0;954.0;1008.0;1200;962
S;SUL;S;SUL;RS;RIO GRANDE DO SUL;SC;SANTA CATARINA;CAXIAS SUL 5;SIDEROPOL.ESU       ;230.0;BASICA         ;LINHA DE TRANSMISSÃO;ELETROSUL;LT  230 kV CAXIAS SUL 5         / SIDEROPOL.ESU        C 1  RS/SC;SCSID-2CAX51RS      ;1998-07-18;2003-09-27;;187.8;3.556;18.42;31.703;;;;;;;;;;;;;1192;1057
S;SUL;S;SUL;RS;RIO GRANDE DO SUL;RS;RIO GRANDE DO SUL;CERRO CHATO;LIVRAMENTO 2        ;230.0;BASICA         ;LINHA DE TRANSMISSÃO;TAESA;LT  230 kV CERRO CHATO          / LIVRAMENTO 2         C 1  RS;RSCCH-2LIV21        ;2011-06-07;;2011-07-31;18.5;0.239;1.214;8.5;960.0;960.0;1152.0;1152.0;;;;;;;;;9731;1230
S;SUL;S;SUL;RS;RIO GRANDE DO SUL;RS;RIO GRANDE DO SUL;CERRO CHATO;LIVRAMENTO 3        ;230.0;BASICA         ;LINHA DE TRANSMISSÃO;TAESA;LT  230 kV CERRO CHATO          / LIVRAMENTO 3         C 1  RS;RSCCH-2LIV31        ;2022-03-27;;2024-03-22;5.6;0.044;0.379;1.4;1380.0;1380.0;1700.0;1700.0;1380.0;1790.0;1605.0;1949.0;1700.0;1994.0;1871.0;2134.0;9731;2080
S;SUL;S;SUL;RS;RIO GRANDE DO SUL;RS;RIO GRANDE DO SUL;CHARQUEADAS;SANTA CRUZ1         ;230.0;BASICA         ;LINHA DE TRANSMISSÃO;CPFL T;LT  230 kV CHARQUEADAS          / SANTA CRUZ1          C 1  RS;RSCHA-2SCR11        ;2009-07-26;2024-12-08;2009-07-31;96.0;1.68;9.14;16.776;;;;;729.0;762.0;789.0;809.0;919.0;919.0;925.0;985.0;951;1256
S;SUL;S;SUL;RS;RIO GRANDE DO SUL;RS;RIO GRANDE DO SUL;CHARQUEADAS3;CHARQUEADAS         ;230.0;BASICA         ;LINHA DE TRANSMISSÃO;CPFL T;LT  230 kV CHARQUEADAS3         / CHARQUEADAS          C 1  RS;RSCHR32CHA-1        ;2024-12-08;;2025-09-30;4.53;0.015;0.105;11.7;790.0;790.0;1000.0;1000.0;;;;;;;;;10276;951
S;SUL;S;SUL;RS;RIO GRANDE DO SUL;RS;RIO GRANDE DO SUL;CHARQUEADAS3;CHARQUEADAS         ;230.0;BASICA         ;LINHA DE TRANSMISSÃO;CPFL T;LT  230 kV CHARQUEADAS3         / CHARQUEADAS          C 2  RS;RSCHR32CHA-2        ;2024-11-17;;2025-09-30;4.62;0.015;0.106;11.8;790.0;790.0;1000.0;1000.0;;;;;;;;;10276;951
S;SUL;S;SUL;RS;RIO GRANDE DO SUL;RS;RIO GRANDE DO SUL;CHARQUEADAS3;GUAIBA 3            ;230.0;BASICA         ;LINHA DE TRANSMISSÃO;MEZ 5 ENERGIA;LT  230 kV CHARQUEADAS3         / GUAIBA 3             C 1  RS;RSGUA32CHR31        ;2024-06-23;;2025-09-30;13.5;0.11;0.94;3.4;1600.0;1600.0;2150.0;2150.0;1600.0;1838.0;1717.0;1955.0;2150.0;2243.0;2214.0;2332.0;10276;975
S;SUL;S;SUL;RS;RIO GRANDE DO SUL;RS;RIO GRANDE DO SUL;CRUZ ALTA 2;IJUI 2              ;230.0;BASICA         ;LINHA DE TRANSMISSÃO;CPFL T;LT  230 kV CRUZ ALTA 2          / IJUI 2               C 1  RS;RSCAL22IJU21        ;2022-12-06;;2022-03-21;43.44;0.877;4.413;8.1;826.0;826.0;964.0;964.0;826.0;826.0;888.0;847.0;964.0;964.0;964.0;964.0;10218;1323
S;SUL;S;SUL;RS;RIO GRANDE DO SUL;RS;RIO GRANDE DO SUL;ELDORADO SUL;GUAIBA 2            ;230.0;BASICA         ;LINHA DE TRANSMISSÃO;CPFL T;LT  230 kV ELDORADO SUL         / GUAIBA 2             C 1  RS;RSELD-2GUA21        ;2018-04-29;;2017-11-09;14.89;0.297;1.45;2.72;679.0;679.0;856.0;856.0;;;;;;;;;1212;1199
S;SUL;S;SUL;RS;RIO GRANDE DO SUL;RS;RIO GRANDE DO SUL;ELDORADO SUL;PORTO ALEGRE9       ;230.0;BASICA         ;LINHA DE TRANSMISSÃO;CPFL T;LT  230 kV ELDORADO SUL         / PORTO ALEGRE9        C 1  RS;RSELD-2PAL91        ;2018-04-28;;2018-05-30;26.46;0.528;2.646;4.38;679.0;679.0;856.0;856.0;;;;;;;;;1212;1267
S;SUL;S;SUL;RS;RIO GRANDE DO SUL;RS;RIO GRANDE DO SUL;FARROUPILHA;CAXIAS NORTE        ;230.0;BASICA         ;LINHA DE TRANSMISSÃO;AXIA SUL;LT  230 kV FARROUPILHA          / CAXIAS NORTE         C 1  RS;RSFAR-2CXN-2        ;2025-02-16;;2024-11-30;16.55;0.329;1.503;3.1;;;;;;;;;;;;;962;10216
S;SUL;S;SUL;RS;RIO GRANDE DO SUL;RS;RIO GRANDE DO SUL;FARROUPILHA;CAXIAS NORTE        ;230.0;BASICA         ;LINHA DE TRANSMISSÃO;CPFL T;LT  230 kV FARROUPILHA          / CAXIAS NORTE         C 2  RS;RSFAR-2CXN-1        ;2025-03-09;;2024-11-30;22.6;0.318;1.494;3.0;729.0;729.0;919.0;919.0;;;;;;;;;962;10216
S;SUL;S;SUL;RS;RIO GRANDE DO SUL;RS;RIO GRANDE DO SUL;FARROUPILHA;CAXIAS SUL 5        ;230.0;BASICA         ;LINHA DE TRANSMISSÃO;AXIA SUL;LT  230 kV FARROUPILHA          / CAXIAS SUL 5         C 1  RS;RSFAR-2CAX51        ;2005-10-17;2025-02-16;2005-10-09;32.0;0.353;1.716;2.988;;;;;583.0;676.0;653.0;700.0;734.0;760.0;792.0;813.0;962;1192
S;SUL;S;SUL;RS;RIO GRANDE DO SUL;RS;RIO GRANDE DO SUL;FARROUPILHA;L.GRANDE            ;230.0;BASICA         ;LINHA DE TRANSMISSÃO;ELETROSUL;LT  230 kV FARROUPILHA          / L.GRANDE             C 1  RS;RSFAR-2LGR-1        ;2003-11-23;2005-10-17;;82.2;1.59;8.18;14.085;;;;;;;;;;;;;962;1163
S;SUL;S;SUL;RS;RIO GRANDE DO SUL;RS;RIO GRANDE DO SUL;FARROUPILHA;MONTE CLARO         ;230.0;BASICA         ;LINHA DE TRANSMISSÃO;AXIA SUL;LT  230 kV FARROUPILHA          / MONTE CLARO          C 1  RS;RSFAR-2MCL-1        ;2004-09-27;;2004-10-01;29.0;0.559;3.04;5.232;583.0;583.0;734.0;734.0;583.0;659.0;635.0;694.0;734.0;742.0;774.0;800.0;962;963
S;SUL;S;SUL;RS;RIO GRANDE DO SUL;RS;RIO GRANDE DO SUL;FARROUPILHA;MONTE CLARO         ;230.0;BASICA         ;LINHA DE TRANSMISSÃO;AXIA SUL;LT  230 kV FARROUPILHA          / MONTE CLARO          C 2  RS;RSFAR-2MCL-2        ;2008-03-31;;2008-03-31;30.7;0.559;3.04;5.232;583.0;583.0;734.0;734.0;583.0;659.0;635.0;694.0;734.0;742.0;774.0;800.0;962;963
S;SUL;S;SUL;RS;RIO GRANDE DO SUL;RS;RIO GRANDE DO SUL;FARROUPILHA;NOVA PRATA 2        ;230.0;BASICA         ;LINHA DE TRANSMISSÃO;ELETROSUL;LT  230 kV FARROUPILHA          / NOVA PRATA 2         C 1  RS;RSFAR-2NPR21        ;1990-12-31;2008-03-31;;63.9;1.22;6.14;11.08;;;;;;;;;;;;;962;1228
S;SUL;S;SUL;RS;RIO GRANDE DO SUL;RS;RIO GRANDE DO SUL;FARROUPILHA;SCHARLAU            ;230.0;BASICA         ;LINHA DE TRANSMISSÃO;CPFL T;LT  230 kV FARROUPILHA          / SCHARLAU             C 1  RS;RSFAR-2SCH-1        ;2000-01-09;2015-11-16;2017-12-15;70.77;1.7;6.3;11.55;;;;;450.0;515.0;494.0;543.0;639.0;639.0;639.0;685.0;962;2086
S;SUL;S;SUL;RS;RIO GRANDE DO SUL;RS;RIO GRANDE DO SUL;FARROUPILHA;SCHARLAU 2          ;230.0;BASICA         ;LINHA DE TRANSMISSÃO;CPFL T;LT  230 kV FARROUPILHA          / SCHARLAU 2           C 1  RS;RSFAR-2SCH21        ;2015-11-16;;2015-11-15;70.77;1.67;6.2;11.5;450.0;450.0;639.0;639.0;450.0;450.0;450.0;450.0;639.0;639.0;639.0;639.0;962;9780
S;SUL;S;SUL;RS;RIO GRANDE DO SUL;RS;RIO GRANDE DO SUL;FARROUPILHA;PASSO FUNDO         ;230.0;BASICA         ;LINHA DE TRANSMISSÃO;ELETROSUL;LT  230 kV FARROUPILHA  /PASSO FUNDO   C-1 RS;RSFAR-2PFU-1        ;1990-12-31;2004-09-27;;242.4;4.601;23.768;40.945;;;;;;;;;;;;;962;1041
S;SUL;S;SUL;RS;RIO GRANDE DO SUL;RS;RIO GRANDE DO SUL;FIBRAPLAC;OSORIO 2            ;230.0;BASICA         ;LINHA DE TRANSMISSÃO;CPFL T;LT  230 kV FIBRAPLAC            / OSORIO 2             C 1  RS;RSFIB-2OSO21        ;2003-06-18;;2003-04-30;47.47;0.821;4.165;8.059;679.0;679.0;856.0;856.0;679.0;697.0;734.0;728.0;856.0;856.0;860.0;915.0;41450;1231
S;SUL;S;SUL;RS;RIO GRANDE DO SUL;SC;SANTA CATARINA;FOZ CHAPECO;CHAPECOENSE         ;230.0;BASICA         ;LINHA DE TRANSMISSÃO;AXIA SUL;LT  230 kV FOZ CHAPECO          / CHAPECOENSE          C 1  RS/SC;RSFCO-2CHSE1SC      ;2026-07-26;;2026-09-10;3.3;0.365;2.482;9.6;1299.0;1299.0;1598.0;1598.0;;;;;;;;;1071;10213
S;SUL;S;SUL;RS;RIO GRANDE DO SUL;SC;SANTA CATARINA;FOZ CHAPECO;CHAPECOENSE         ;230.0;BASICA         ;LINHA DE TRANSMISSÃO;AXIA SUL;LT  230 kV FOZ CHAPECO          / CHAPECOENSE          C 2  RS/SC;RSFCO-2CHSE2SC      ;2026-07-23;;2026-09-10;37.97;0.366;2.479;9.6;1299.0;1299.0;1598.0;1598.0;;;;;;;;;1071;10213
S;SUL;S;SUL;RS;RIO GRANDE DO SUL;RS;RIO GRANDE DO SUL;FOZ CHAPECO;GUARITA             ;230.0;BASICA         ;LINHA DE TRANSMISSÃO;AXIA SUL;LT  230 kV FOZ CHAPECO          / GUARITA              C 1  RS;RSFCO-2GRT-1        ;2010-10-14;;2010-10-31;70.0;1.256;7.044;13.62;807.0;807.0;944.0;944.0;;;;;;;;;1071;1213
S;SUL;S;SUL;RS;RIO GRANDE DO SUL;SC;SANTA CATARINA;FOZ CHAPECO;PINHALZINHO 2       ;230.0;BASICA         ;LINHA DE TRANSMISSÃO;AXIA SUL;LT  230 kV FOZ CHAPECO          / PINHALZINHO 2        C 1  RS/SC;RSFCO-2PIN-1SC      ;2018-03-01;;2018-01-31;40.0;0.461;3.286;6.565;915.0;915.0;1150.0;1150.0;;;;;;;;;1071;9840
S;SUL;S;SUL;RS;RIO GRANDE DO SUL;SC;SANTA CATARINA;FOZ CHAPECO;PINHALZINHO 2       ;230.0;BASICA         ;LINHA DE TRANSMISSÃO;AXIA SUL;LT  230 kV FOZ CHAPECO          / PINHALZINHO 2        C 2  RS/SC;RSFCO-2PIN-2SC      ;2021-10-09;;2020-05-30;40.0;0.476;3.396;6.8;915.0;915.0;1150.0;1150.0;;;;;;;;;1071;9840
S;SUL;S;SUL;RS;RIO GRANDE DO SUL;SC;SANTA CATARINA;FOZ CHAPECO;XANXERE ESU         ;230.0;BASICA         ;LINHA DE TRANSMISSÃO;AXIA SUL;LT  230 kV FOZ CHAPECO          / XANXERE ESU          C 1  RS/SC;RSFCO-2XAN-1SC      ;2010-10-26;2026-07-26;2010-10-31;68.0;0.796;5.176;19.18;1299.0;1299.0;1598.0;1598.0;;;;;;;;;1071;1069
S;SUL;S;SUL;RS;RIO GRANDE DO SUL;SC;SANTA CATARINA;FOZ CHAPECO;XANXERE ESU         ;230.0;BASICA         ;LINHA DE TRANSMISSÃO;AXIA SUL;LT  230 kV FOZ CHAPECO          / XANXERE ESU          C 2  RS/SC;RSFCO-2XAN-2SC      ;2010-10-26;2026-07-24;2010-10-31;68.0;0.774;4.993;19.56;1299.0;1299.0;1598.0;1598.0;;;;;;;;;1071;1069
S;SUL;S;SUL;RS;RIO GRANDE DO SUL;RS;RIO GRANDE DO SUL;GARIBALDI 1;FARROUPILHA         ;230.0;BASICA         ;LINHA DE TRANSMISSÃO;CPFL T;LT  230 kV GARIBALDI 1          / FARROUPILHA          C 1  RS;RSFAR-2GAR11        ;2000-08-17;;;22.0;0.423;2.115;3.59;826.0;826.0;966.0;966.0;826.0;826.0;878.0;839.0;966.0;966.0;1017.0;982.0;1206;962
S;SUL;S;SUL;RS;RIO GRANDE DO SUL;RS;RIO GRANDE DO SUL;GARIBALDI 1;LAJEADO III         ;230.0;BASICA         ;LINHA DE TRANSMISSÃO;VINEYARDS;LT  230 kV GARIBALDI 1          / LAJEADO III          C 1  RS;RSGAR12LAJ31        ;2019-12-22;;2019-12-19;47.0;0.776;4.333;8.524;770.0;770.0;970.0;970.0;;;;;;;;;1206;9783
S;SUL;S;SUL;RS;RIO GRANDE DO SUL;RS;RIO GRANDE DO SUL;GARIBALDI 1;MONTE CLARO         ;230.0;BASICA         ;LINHA DE TRANSMISSÃO;AXIA SUL;LT  230 kV GARIBALDI 1          / MONTE CLARO          C 1  RS;RSGAR12MCL-1        ;2013-07-17;2021-06-27;2013-07-30;33.34;0.34;2.74;6.506;;;;;790.0;939.0;891.0;985.0;1190.0;1190.0;1190.0;1190.0;1206;963
S;SUL;S;SUL;RS;RIO GRANDE DO SUL;RS;RIO GRANDE DO SUL;GARIBALDI 1;VINHEDOS            ;230.0;BASICA         ;LINHA DE TRANSMISSÃO;AXIA SUL;LT  230 kV GARIBALDI 1          / VINHEDOS             C 1  RS;RSGAR12VIN-1        ;2021-06-27;;2022-08-11;12.75;0.144;1.215;2.248;790.0;790.0;1190.0;1190.0;;;;;;;;;1206;9836
S;SUL;S;SUL;RS;RIO GRANDE DO SUL;RS;RIO GRANDE DO SUL;GRAVATAI2;FARROUPILHA         ;230.0;BASICA         ;LINHA DE TRANSMISSÃO;CPFL T;LT  230 kV GRAVATAI2            / FARROUPILHA          C 1  RS;RSGRA22FAR-1        ;1990-12-31;2002-03-03;;81.2;1.65;8.45;14.51;;;;;;;;;;;;;1210;962
S;SUL;S;SUL;RS;RIO GRANDE DO SUL;RS;RIO GRANDE DO SUL;GRAVATAI2;FARROUPILHA         ;230.0;BASICA         ;LINHA DE TRANSMISSÃO;CPFL T;LT  230 kV GRAVATAI2            / FARROUPILHA          C 2  RS;RSGRA22FAR-2        ;1990-12-31;2002-03-03;;81.2;1.65;8.45;14.51;;;;;;;;;;;;;1210;962
S;SUL;S;SUL;RS;RIO GRANDE DO SUL;RS;RIO GRANDE DO SUL;GRAVATAI2;GRAVATAI            ;230.0;BASICA         ;LINHA DE TRANSMISSÃO;CPFL T;LT  230 kV GRAVATAI2            / GRAVATAI             C 4  RS;RSGRA22GRA-4        ;1990-12-31;2002-03-05;;0.01;0.01;0.107;0.0;;;;;;;;;;;;;1210;
S;SUL;S;SUL;RS;RIO GRANDE DO SUL;RS;RIO GRANDE DO SUL;GRAVATAI2;GRAVATAI3           ;230.0;BASICA         ;LINHA DE TRANSMISSÃO;AXIA SUL;LT  230 kV GRAVATAI2            / GRAVATAI3            C 1  RS;RSGRA22GRA31        ;2007-11-30;;2007-11-25;9.7;0.26;1.298;2.358;652.0;652.0;802.0;802.0;652.0;713.0;699.0;756.0;821.0;850.0;861.0;912.0;1210;1313
S;SUL;S;SUL;RS;RIO GRANDE DO SUL;RS;RIO GRANDE DO SUL;GRAVATAI2;GRAVATAI3           ;230.0;BASICA         ;LINHA DE TRANSMISSÃO;CPFL T;LT  230 kV GRAVATAI2            / GRAVATAI3            C 2  RS;RSGRA22GRA32        ;2010-03-30;;2010-03-31;13.24;0.246;1.222;2.343;729.0;729.0;919.0;919.0;679.0;754.0;736.0;793.0;856.0;856.0;861.0;912.0;1210;1313
S;SUL;S;SUL;RS;RIO GRANDE DO SUL;RS;RIO GRANDE DO SUL;GRAVATAI2;JBO LT GRA2         ;230.0;BASICA         ;LINHA DE TRANSMISSÃO;CPFL T;LT  230 kV GRAVATAI2            / JBO LT GRA2          C 1  RS;RSGRA22JBO-1        ;2019-03-17;;2019-03-10;34.78;0.618;3.1;5.905;843.0;843.0;998.0;998.0;;;;;;;;;1210;10256
S;SUL;S;SUL;RS;RIO GRANDE DO SUL;RS;RIO GRANDE DO SUL;GRAVATAI2;PORTO ALEGRE8       ;230.0;BASICA         ;LINHA DE TRANSMISSÃO;CPFL T;LT  230 kV GRAVATAI2            / PORTO ALEGRE8        C 1  RS;RSGRA22PAL81        ;2008-06-08;;2008-06-08;17.2;0.328;1.542;7.212;826.0;826.0;1005.0;1005.0;826.0;913.0;898.0;957.0;1005.0;1005.0;1005.0;1025.0;1210;1264
S;SUL;S;SUL;RS;RIO GRANDE DO SUL;RS;RIO GRANDE DO SUL;GRAVATAI2;PORTOALEGRE10       ;230.0;BASICA         ;LINHA DE TRANSMISSÃO;CPFL T;LT  230 kV GRAVATAI2            / PORTOALEGRE10        C 1  RS;RSGRA22PA101        ;2002-12-22;2019-03-17;2001-05-30;36.01;0.66;3.21;6.71;;;;;843.0;843.0;898.0;850.0;986.0;986.0;1000.0;995.0;1210;1268
S;SUL;S;SUL;RS;RIO GRANDE DO SUL;RS;RIO GRANDE DO SUL;GRAVATAI2;PORTOALEGRE6        ;230.0;BASICA         ;LINHA DE TRANSMISSÃO;CPFL T;LT  230 kV GRAVATAI2            / PORTOALEGRE6         C 1  RS;RSGRA22PAL61        ;1990-12-31;;;29.2;0.539;2.686;5.34;843.0;843.0;986.0;986.0;527.0;605.0;596.0;646.0;748.0;754.0;749.0;825.0;1210;1263
S;SUL;S;SUL;RS;RIO GRANDE DO SUL;RS;RIO GRANDE DO SUL;GRAVATAI2;PORTOALEGRE6        ;230.0;BASICA         ;LINHA DE TRANSMISSÃO;CPFL T;LT  230 kV GRAVATAI2            / PORTOALEGRE6         C 2  RS;RSGRA22PAL62        ;1990-12-31;;;29.2;0.539;2.686;5.34;527.0;527.0;748.0;748.0;527.0;605.0;596.0;646.0;748.0;754.0;749.0;825.0;1210;1263
S;SUL;S;SUL;RS;RIO GRANDE DO SUL;RS;RIO GRANDE DO SUL;GRAVATAI2;PORTOALEGRE6        ;230.0;BASICA         ;LINHA DE TRANSMISSÃO;CPFL T;LT  230 kV GRAVATAI2            / PORTOALEGRE6         C 3  RS;RSGRA22PAL63        ;2003-08-22;2016-12-18;2003-08-31;29.7;0.52;2.69;5.295;;;;;853.0;853.0;853.0;853.0;998.0;998.0;998.0;998.0;1210;1263
S;SUL;S;SUL;RS;RIO GRANDE DO SUL;RS;RIO GRANDE DO SUL;GRAVATAI2;VIAMAO 3            ;230.0;BASICA         ;LINHA DE TRANSMISSÃO;CPFL T;LT  230 kV GRAVATAI2            / VIAMAO 3             C 1  RS;RSGRA22VIA31        ;2016-12-18;;2016-11-10;20.63;0.352;1.939;3.64;843.0;843.0;986.0;986.0;853.0;853.0;853.0;853.0;998.0;998.0;998.0;998.0;1210;9263
S;SUL;S;SUL;RS;RIO GRANDE DO SUL;RS;RIO GRANDE DO SUL;GRAVATAI2;C.I.AUT.GRA         ;230.0;COMPLEMENTAR   ;LINHA DE TRANSMISSÃO;CPFL T;LT  230 kV GRAVATAI2    /C.I.AUT.GRA   C-1 RS;RSGRA22CIAG1        ;1990-12-31;2007-12-16;;12.5;;;;;;;;;;;;;;;;1210;2082
S;SUL;S;SUL;RS;RIO GRANDE DO SUL;RS;RIO GRANDE DO SUL;GRAVATAI2;CAXIAS              ;230.0;BASICA         ;LINHA DE TRANSMISSÃO;CPFL T;LT  230 kV GRAVATAI2    /CAXIAS        C-1 RS;RSGRA22CAX-1        ;2002-03-03;2002-12-08;;82.45;;;;;;;;;;;;;;;;1210;965
S;SUL;S;SUL;RS;RIO GRANDE DO SUL;RS;RIO GRANDE DO SUL;GRAVATAI2;CAXIAS              ;230.0;BASICA         ;LINHA DE TRANSMISSÃO;CPFL T;LT  230 kV GRAVATAI2    /CAXIAS        C-2 RS;RSGRA22CAX-2        ;2002-03-03;2002-12-08;;82.45;;;;;;;;;;;;;;;;1210;965
S;SUL;S;SUL;RS;RIO GRANDE DO SUL;RS;RIO GRANDE DO SUL;GRAVATAI2;FIBRAPLAC           ;230.0;BASICA         ;LINHA DE TRANSMISSÃO;CPFL T;LT  230 kV GRAVATAI2    /FIBRAPLAC     C-1 RS;RSGRA22FIB-1        ;2003-06-18;2010-03-30;2003-04-30;34.24;0.67;3.29;5.945;;;;;;;;;;;;;1210;41450
S;SUL;S;SUL;RS;RIO GRANDE DO SUL;RS;RIO GRANDE DO SUL;GRAVATAI2;OSORIO 2            ;230.0;BASICA         ;LINHA DE TRANSMISSÃO;CPFL T;LT  230 kV GRAVATAI2    /OSORIO 2      C-1 RS;RSGRA22OSO21        ;1990-12-31;2003-06-18;;74.63;1.4;7.15;12.82;;;;;;;;;;;;;1210;1231
S;SUL;S;SUL;RS;RIO GRANDE DO SUL;RS;RIO GRANDE DO SUL;GRAVATAI3;FIBRAPLAC           ;230.0;BASICA         ;LINHA DE TRANSMISSÃO;CPFL T;LT  230 kV GRAVATAI3            / FIBRAPLAC            C 1  RS;RSGRA32FIB-1        ;2010-03-30;;2010-03-31;25.8;0.415;2.06;3.745;729.0;729.0;919.0;919.0;729.0;729.0;729.0;729.0;919.0;919.0;919.0;919.0;1313;41450
S;SUL;S;SUL;RS;RIO GRANDE DO SUL;RS;RIO GRANDE DO SUL;GRAVATAI3;OSORIO 3            ;230.0;BASICA         ;LINHA DE TRANSMISSÃO;CPFL SUL II;LT  230 kV GRAVATAI3            / OSORIO 3             C 1  RS;RSGRA32OSO31        ;2023-03-11;;2024-03-22;66.0;0.507;4.313;16.7;1325.0;1325.0;1975.0;1975.0;;;;;;;;;1313;9901
S;SUL;S;SUL;RS;RIO GRANDE DO SUL;RS;RIO GRANDE DO SUL;GUAIBA 2;GUAIBA 3            ;230.0;BASICA         ;LINHA DE TRANSMISSÃO;CHIMARRÃO;LT  230 kV GUAIBA 2             / GUAIBA 3             C 1  RS;RSGUA22GUA31        ;2022-03-28;;2021-06-22;19.23;0.122;1.158;4.6;1725.0;1725.0;2050.0;2050.0;1725.0;2054.0;1889.0;2180.0;3115.0;3536.0;3336.0;3721.0;1199;975
S;SUL;S;SUL;RS;RIO GRANDE DO SUL;RS;RIO GRANDE DO SUL;GUAIBA 2;GUAIBA 3            ;230.0;BASICA         ;LINHA DE TRANSMISSÃO;CHIMARRÃO;LT  230 kV GUAIBA 2             / GUAIBA 3             C 2  RS;RSGUA22GUA32        ;2022-03-28;;2021-06-22;19.23;0.122;1.158;5.6;1725.0;1725.0;2050.0;2050.0;1725.0;2054.0;1889.0;2180.0;2050.0;2279.0;2175.0;2389.0;1199;975
S;SUL;S;SUL;RS;RIO GRANDE DO SUL;RS;RIO GRANDE DO SUL;GUAIBA 2;PELOTAS3            ;230.0;BASICA         ;LINHA DE TRANSMISSÃO;CPFL T;LT  230 kV GUAIBA 2             / PELOTAS3             C 1  RS;RSGUA22PEL31        ;2012-01-29;2014-12-07;2012-01-29;209.4;3.93;19.76;36.56;;;;;679.0;701.0;733.0;738.0;856.0;856.0;864.0;915.0;1199;1236
S;SUL;S;SUL;RS;RIO GRANDE DO SUL;RS;RIO GRANDE DO SUL;GUAIBA 2;PORTO ALEGRE9       ;230.0;BASICA         ;LINHA DE TRANSMISSÃO;CPFL T;LT  230 kV GUAIBA 2             / PORTO ALEGRE9        C 1  RS;RSGUA22PAL91        ;2010-08-29;2018-04-28;2010-10-25;42.9;0.753;3.71;6.91;;;;;679.0;703.0;733.0;738.0;856.0;856.0;859.0;910.0;1199;1267
S;SUL;S;SUL;RS;RIO GRANDE DO SUL;RS;RIO GRANDE DO SUL;GUARITA;SANTA ROSA 1        ;230.0;BASICA         ;LINHA DE TRANSMISSÃO;CPFL T;LT  230 kV GUARITA              / SANTA ROSA 1         C 1  RS;RSGRT-2SRO-1        ;1990-12-31;;;93.0;1.77;8.87;15.91;679.0;679.0;856.0;856.0;679.0;742.0;720.0;797.0;856.0;856.0;856.0;902.0;1213;1283
S;SUL;S;SUL;RS;RIO GRANDE DO SUL;RS;RIO GRANDE DO SUL;IJUI 2;PASSO REAL          ;230.0;BASICA         ;LINHA DE TRANSMISSÃO;CPFL T;LT  230 kV IJUI 2               / PASSO REAL           C 1  RS;RSIJU22UPRE1        ;2013-04-14;2022-12-06;2013-04-30;104.04;2.108;9.913;18.222;;;;;826.0;826.0;888.0;847.0;964.0;964.0;997.0;991.0;1323;1243
S;SUL;S;SUL;RS;RIO GRANDE DO SUL;RS;RIO GRANDE DO SUL;IJUI 2;SANTO ANGELO2       ;230.0;BASICA         ;LINHA DE TRANSMISSÃO;CPFL T;LT  230 kV IJUI 2               / SANTO ANGELO2        C 1  RS;RSIJU22SAG21        ;2013-04-14;;2013-04-30;43.22;0.879;4.11;7.562;826.0;826.0;964.0;964.0;826.0;826.0;888.0;847.0;964.0;964.0;992.0;991.0;1323;1250
S;SUL;S;SUL;RS;RIO GRANDE DO SUL;RS;RIO GRANDE DO SUL;ITAUBA;CHARQUEADAS         ;230.0;BASICA         ;LINHA DE TRANSMISSÃO;CPFL T;LT  230 kV ITAUBA               / CHARQUEADAS          C 1  RS;RSUITA2CHA-1        ;1990-12-31;2009-07-26;;216.2;3.21;17.91;32.73;;;;;;;;;;;;;1215;951
S;SUL;S;SUL;RS;RIO GRANDE DO SUL;RS;RIO GRANDE DO SUL;ITAUBA;NOVA STA RITA       ;230.0;BASICA         ;LINHA DE TRANSMISSÃO;CPFL T;LT  230 kV ITAUBA               / NOVA STA RITA        C 1  RS;RSUITA2POL-1        ;2006-06-18;2020-03-08;2006-06-30;204.6;3.53;19.53;35.9;;;;;917.0;917.0;961.0;929.0;1073.0;1073.0;1073.0;1087.0;1215;980
S;SUL;S;SUL;RS;RIO GRANDE DO SUL;RS;RIO GRANDE DO SUL;ITAUBA;P.PETROQUIMIC       ;230.0;BASICA         ;LINHA DE TRANSMISSÃO;CPFL T;LT  230 kV ITAUBA               / P.PETROQUIMIC        C 1  RS;RSUITA2PPE-1        ;1990-12-31;;;196.86;3.37;18.62;33.92;729.0;729.0;919.0;919.0;729.0;764.0;783.0;803.0;919.0;919.0;921.0;981.0;1215;1204
S;SUL;S;SUL;RS;RIO GRANDE DO SUL;RS;RIO GRANDE DO SUL;ITAUBA;PASSO REAL          ;230.0;BASICA         ;LINHA DE TRANSMISSÃO;CPFL T;LT  230 kV ITAUBA               / PASSO REAL           C 1  RS;RSUITA2UPRE1        ;1990-12-31;;;30.0;0.51;2.86;5.23;729.0;729.0;919.0;919.0;729.0;764.0;796.0;808.0;919.0;919.0;931.0;988.0;1215;1243
S;SUL;S;SUL;RS;RIO GRANDE DO SUL;RS;RIO GRANDE DO SUL;ITAUBA;SANTA CRUZ1         ;230.0;BASICA         ;LINHA DE TRANSMISSÃO;CPFL T;LT  230 kV ITAUBA               / SANTA CRUZ1          C 1  RS;RSUITA2SCR11        ;2009-07-19;;2009-07-31;129.4;2.21;12.08;22.06;729.0;729.0;919.0;919.0;729.0;762.0;786.0;800.0;919.0;919.0;923.0;982.0;1215;1256
S;SUL;S;SUL;RS;RIO GRANDE DO SUL;RS;RIO GRANDE DO SUL;ITAUBA;SANTA MARIA 3       ;230.0;BASICA         ;LINHA DE TRANSMISSÃO;CPFL T;LT  230 kV ITAUBA       /SANTA MARIA 3 C-1 RS;RSUITA2SMA31        ;1990-01-20;2001-01-21;;6.42;1.53;8.46;15.53;;;;;;;;;;;;;1215;1278
S;SUL;S;SUL;RS;RIO GRANDE DO SUL;RS;RIO GRANDE DO SUL;JARDIM BOTANICO;JBO LT GRA2         ;230.0;BASICA         ;LINHA DE TRANSMISSÃO;TESB;LT  230 kV JARDIM BOTANICO      / JBO LT GRA2          C 1  RS;RSGRA22JBO-1S       ;2019-03-17;;;1.68;0.005;0.036;7.333;1000.0;1000.0;1000.0;1000.0;;;;;;;;;9262;10256
S;SUL;S;SUL;RS;RIO GRANDE DO SUL;RS;RIO GRANDE DO SUL;JARDIM BOTANICO;JBO LT PA10         ;230.0;BASICA         ;LINHA DE TRANSMISSÃO;TESB;LT  230 kV JARDIM BOTANICO      / JBO LT PA10          C 1  RS;RSJBO-2PA101S       ;2019-03-17;;2019-01-31;1.68;0.005;0.036;7.333;1000.0;1000.0;1000.0;1000.0;;;;;;;;;9262;10257
S;SUL;S;SUL;RS;RIO GRANDE DO SUL;RS;RIO GRANDE DO SUL;JBO LT PA10;PORTOALEGRE10       ;230.0;BASICA         ;LINHA DE TRANSMISSÃO;CPFL T;LT  230 kV JBO LT PA10          / PORTOALEGRE10        C 1  RS;RSJBO-2PA101        ;2019-03-17;;2019-03-10;5.2;0.047;0.312;0.668;843.0;843.0;998.0;998.0;;;;;;;;;10257;1268
S;SUL;S;SUL;RS;RIO GRANDE DO SUL;RS;RIO GRANDE DO SUL;L.GRANDE;CAXIAS SUL 5        ;230.0;BASICA         ;LINHA DE TRANSMISSÃO;AXIA SUL;LT  230 kV L.GRANDE             / CAXIAS SUL 5         C 1  RS;RSLGR-2CAX51        ;2005-10-30;;2003-08-31;65.62;1.319;6.412;11.11;583.0;583.0;734.0;734.0;583.0;676.0;653.0;705.0;734.0;758.0;791.0;812.0;1163;1192
S;SUL;S;SUL;RS;RIO GRANDE DO SUL;RS;RIO GRANDE DO SUL;L.VERMELHA 2;SANTA MARTA         ;230.0;BASICA         ;LINHA DE TRANSMISSÃO;ETAU;LT  230 kV L.VERMELHA 2         / SANTA MARTA          C 1  RS;RSLVE22SMT-1        ;2005-04-17;;2005-04-10;95.63;1.63;9.07;17.0;600.0;600.0;600.0;600.0;600.0;840.0;803.0;912.0;600.0;916.0;936.0;994.0;1325;1281
S;SUL;S;SUL;RS;RIO GRANDE DO SUL;RS;RIO GRANDE DO SUL;LAJEADO 2;LAJEADO III         ;230.0;BASICA         ;LINHA DE TRANSMISSÃO;VINEYARDS;LT  230 kV LAJEADO 2            / LAJEADO III          C 1  RS;RSLAJ22LAJ31        ;2020-01-12;;2020-01-20;16.4;0.187;1.038;2.044;770.0;770.0;970.0;970.0;;;;;;;;;1218;9783
S;SUL;S;SUL;RS;RIO GRANDE DO SUL;RS;RIO GRANDE DO SUL;LAJEADO 2;NOVA STA RITA       ;230.0;BASICA         ;LINHA DE TRANSMISSÃO;CPFL T;LT  230 kV LAJEADO 2            / NOVA STA RITA        C 1  RS;RSLAJ22NSR-1        ;2009-07-13;;2009-07-31;96.2;1.914;9.55;16.74;564.0;564.0;801.0;801.0;564.0;659.0;628.0;710.0;801.0;803.0;801.0;889.0;1218;980
S;SUL;S;SUL;RS;RIO GRANDE DO SUL;RS;RIO GRANDE DO SUL;LAJEADO 2;PASSO REAL          ;230.0;BASICA         ;LINHA DE TRANSMISSÃO;CPFL T;LT  230 kV LAJEADO 2            / PASSO REAL           C 1  RS;RSLAJ22UPRE1        ;2009-07-12;;2009-07-31;136.6;2.44;13.4;24.65;564.0;564.0;801.0;801.0;564.0;658.0;631.0;699.0;801.0;801.0;801.0;890.0;1218;1243
S;SUL;UY;URUGUAI;RS;RIO GRANDE DO SUL;UY;DADOS REF. URUGUAI;LIVRAMENTO 2;RIVERA              ;230.0;COMPLEMENTAR   ;LINHA DE TRANSMISSÃO;AXIA SUL;LT  230 kV LIVRAMENTO 2         / RIVERA               C 1  RS/UY;RSLIV22RIV-1UY      ;1990-12-31;;;11.227;0.18;1.05;1.97;304.0;304.0;304.0;304.0;;;;;;;;;1230;1043
S;SUL;S;SUL;RS;RIO GRANDE DO SUL;RS;RIO GRANDE DO SUL;LIVRAMENTO 3;MACAMBARA 3         ;230.0;BASICA         ;LINHA DE TRANSMISSÃO;TAESA;LT  230 kV LIVRAMENTO 3         / MACAMBARA 3          C 1  RS;RSLIV32MBR31        ;2022-11-30;;2024-03-22;186.39;1.425;12.388;46.0;1380.0;1380.0;1700.0;1700.0;1380.0;1800.0;1599.0;1934.0;1700.0;2003.0;1866.0;2120.0;2080;9970
S;SUL;S;SUL;RS;RIO GRANDE DO SUL;RS;RIO GRANDE DO SUL;LIVRAMENTO 3;SANTA MARIA 3       ;230.0;BASICA         ;LINHA DE TRANSMISSÃO;TAESA;LT  230 kV LIVRAMENTO 3         / SANTA MARIA 3        C 1  RS;RSLIV32SMA31        ;2023-05-02;;2024-03-22;247.0;1.705;14.733;56.0;1380.0;1380.0;1700.0;1700.0;1380.0;1800.0;1599.0;1934.0;1700.0;2003.0;1866.0;2120.0;2080;1278
S;SUL;S;SUL;RS;RIO GRANDE DO SUL;RS;RIO GRANDE DO SUL;LIVRAMENTO 3;SANTA MARIA 3       ;230.0;BASICA         ;LINHA DE TRANSMISSÃO;LAGOA DOS PATOS;LT  230 kV LIVRAMENTO 3         / SANTA MARIA 3        C 2  RS;RSLIV32SMA32        ;2023-08-19;;2023-06-22;244.5;1.704;14.678;56.2;1380.0;1380.0;1700.0;1700.0;1380.0;1799.0;1598.0;1932.0;1700.0;2002.0;1865.0;2118.0;2080;1278
S;SUL;S;SUL;RS;RIO GRANDE DO SUL;RS;RIO GRANDE DO SUL;MACAMBARA;MACAMBARA 3         ;230.0;BASICA         ;LINHA DE TRANSMISSÃO;TAESA;LT  230 kV MACAMBARA            / MACAMBARA 3          C 1  RS;RSMBR-2MBR31        ;2022-11-30;;2024-03-22;1.58;0.019;0.15;0.3;1108.0;1108.0;1108.0;1108.0;1108.0;1289.0;1205.0;1372.0;1319.0;1438.0;1391.0;1510.0;1225;9970
S;SUL;S;SUL;RS;RIO GRANDE DO SUL;RS;RIO GRANDE DO SUL;MACAMBARA;MACAMBARA 3         ;230.0;BASICA         ;LINHA DE TRANSMISSÃO;AXIA SUL;LT  230 kV MACAMBARA            / MACAMBARA 3          C 2  RS;RSMBR-2MBR32        ;2023-08-25;;2024-03-22;1.52;0.015;0.11;0.2;1108.0;1108.0;1319.0;1319.0;1108.0;1289.0;1205.0;1372.0;1319.0;1438.0;1391.0;1510.0;1225;9970
S;SUL;S;SUL;RS;RIO GRANDE DO SUL;RS;RIO GRANDE DO SUL;MACAMBARA;SANTO ANGELO        ;230.0;BASICA         ;LINHA DE TRANSMISSÃO;TAESA;LT  230 kV MACAMBARA            / SANTO ANGELO         C 1  RS;RSMBR-2STA-1        ;2004-07-18;2022-11-30;2004-07-31;205.0;2.26;18.36;37.33;;;;;1108.0;1111.0;1108.0;1219.0;1108.0;1217.0;1255.0;1331.0;1225;1046
S;SUL;S;SUL;RS;RIO GRANDE DO SUL;RS;RIO GRANDE DO SUL;MACAMBARA;SANTO ANGELO        ;230.0;BASICA         ;LINHA DE TRANSMISSÃO;AXIA SUL;LT  230 kV MACAMBARA            / SANTO ANGELO         C 2  RS;RSMBR-2STA-2        ;2019-12-05;2023-08-25;2019-12-30;205.0;2.186;18.072;36.65;;;;;;;;;;;;;1225;1046
S;SUL;S;SUL;RS;RIO GRANDE DO SUL;RS;RIO GRANDE DO SUL;MACAMBARA;SAO BORJA2          ;230.0;BASICA         ;LINHA DE TRANSMISSÃO;CPFL T;LT  230 kV MACAMBARA            / SAO BORJA2           C 1  RS;RSMBR-2SBO21        ;1990-12-31;;;53.5;1.02;5.1;9.15;679.0;679.0;856.0;856.0;679.0;734.0;722.0;804.0;856.0;856.0;856.0;901.0;1225;1254
S;SUL;S;SUL;RS;RIO GRANDE DO SUL;RS;RIO GRANDE DO SUL;MACAMBARA 3;SANTO ANGELO        ;230.0;BASICA         ;LINHA DE TRANSMISSÃO;TAESA;LT  230 kV MACAMBARA 3          / SANTO ANGELO         C 1  RS;RSMBR32STA-1        ;2022-11-30;;2024-03-22;203.2;2.221;18.068;37.5;1108.0;1108.0;1108.0;1108.0;1108.0;1289.0;1205.0;1372.0;1319.0;1438.0;1391.0;1510.0;9970;1046
S;SUL;S;SUL;RS;RIO GRANDE DO SUL;RS;RIO GRANDE DO SUL;MACAMBARA 3;SANTO ANGELO        ;230.0;BASICA         ;LINHA DE TRANSMISSÃO;AXIA SUL;LT  230 kV MACAMBARA 3          / SANTO ANGELO         C 2  RS;RSMBR32STA-2        ;2023-08-25;;2024-03-22;199.53;2.443;18.246;36.4;1108.0;1108.0;1319.0;1319.0;1108.0;1289.0;1205.0;1372.0;1319.0;1438.0;1391.0;1510.0;9970;1046
S;SUL;S;SUL;RS;RIO GRANDE DO SUL;RS;RIO GRANDE DO SUL;MISSOES;SANTO ANGELO        ;230.0;BASICA         ;LINHA DE TRANSMISSÃO;CPFL T;LT  230 kV MISSOES              / SANTO ANGELO         C 1  RS;RSMIS-2STA-1        ;2010-06-13;;2010-06-30;64.0;1.19;6.62;12.97;853.0;853.0;998.0;998.0;853.0;876.0;884.0;928.0;998.0;998.0;998.0;1019.0;2078;1046
S;SUL;S;SUL;RS;RIO GRANDE DO SUL;RS;RIO GRANDE DO SUL;MISSOES;SAO BORJA2          ;230.0;BASICA         ;LINHA DE TRANSMISSÃO;CPFL T;LT  230 kV MISSOES              / SAO BORJA2           C 1  RS;RSMIS-2SBO21        ;2010-06-19;;2010-06-30;112.0;1.962;10.706;17.27;853.0;853.0;998.0;998.0;853.0;876.0;884.0;928.0;998.0;998.0;998.0;1013.0;2078;1254
S;SUL;S;SUL;RS;RIO GRANDE DO SUL;RS;RIO GRANDE DO SUL;MONTE CLARO;NOVA PRATA 2        ;230.0;BASICA         ;LINHA DE TRANSMISSÃO;AXIA SUL;LT  230 kV MONTE CLARO          / NOVA PRATA 2         C 1  RS;RSMCL-2NPR21        ;2008-03-31;;2008-03-31;28.8;0.582;2.842;5.1;582.0;582.0;733.0;733.0;402.0;563.0;519.0;603.0;571.0;657.0;666.0;724.0;963;1228
S;SUL;S;SUL;RS;RIO GRANDE DO SUL;RS;RIO GRANDE DO SUL;MONTE CLARO;NOVA PRATA 2        ;230.0;BASICA         ;LINHA DE TRANSMISSÃO;AXIA SUL;LT  230 kV MONTE CLARO          / NOVA PRATA 2         C 2  RS;RSMCL-2NPR22        ;2015-09-25;;2015-09-26;32.6;0.631;3.11;5.5;582.0;582.0;733.0;733.0;402.0;402.0;402.0;402.0;;;;;963;1228
S;SUL;S;SUL;RS;RIO GRANDE DO SUL;RS;RIO GRANDE DO SUL;MONTE CLARO;PASSO FUNDO         ;230.0;BASICA         ;LINHA DE TRANSMISSÃO;ELETROSUL;LT  230 kV MONTE CLARO          / PASSO FUNDO          C 1  RS;RSMCL-2PFU-1        ;2004-09-27;2015-09-25;2004-10-01;213.2;4.02;20.76;35.759;;;;;402.0;547.0;515.0;599.0;571.0;639.0;659.0;712.0;963;1041
S;SUL;S;SUL;RS;RIO GRANDE DO SUL;RS;RIO GRANDE DO SUL;MONTE CLARO;VINHEDOS            ;230.0;BASICA         ;LINHA DE TRANSMISSÃO;AXIA SUL;LT  230 kV MONTE CLARO          / VINHEDOS             C 1  RS;RSMCL-2VIN-1        ;2021-06-27;;2022-08-11;23.75;0.267;2.249;4.163;790.0;790.0;1190.0;1190.0;;;;;;;;;963;9836
S;SUL;S;SUL;RS;RIO GRANDE DO SUL;RS;RIO GRANDE DO SUL;N.PETROPOLIS2;TAQUARA             ;230.0;BASICA         ;LINHA DE TRANSMISSÃO;CPFL T;LT  230 kV N.PETROPOLIS2        / TAQUARA              C 1  RS;RSNPE22TAQ-1        ;2012-11-03;;2012-12-02;27.0;0.677;3.787;7.2;917.0;917.0;1073.0;1073.0;917.0;917.0;960.0;926.0;1073.0;1073.0;1073.0;1083.0;9547;1249
S;SUL;S;SUL;RS;RIO GRANDE DO SUL;RS;RIO GRANDE DO SUL;NOVA PRATA 2;VILA MARIA          ;230.0;BASICA         ;LINHA DE TRANSMISSÃO;AXIA SUL;LT  230 kV NOVA PRATA 2         / VILA MARIA           C 1  RS;RSNPR22VMA-1        ;2022-11-16;;2022-05-13;62.0;1.21;5.999;10.6;582.0;582.0;733.0;733.0;;;;;;;;;1228;9920
S;SUL;S;SUL;RS;RIO GRANDE DO SUL;RS;RIO GRANDE DO SUL;NOVA PRATA 2;VILA MARIA          ;230.0;BASICA         ;LINHA DE TRANSMISSÃO;AXIA SUL;LT  230 kV NOVA PRATA 2         / VILA MARIA           C 2  RS;RSNPR22VMA-2        ;2022-12-04;;2022-05-13;60.06;1.177;5.845;10.2;582.0;582.0;733.0;733.0;;;;;;;;;1228;9920
S;SUL;S;SUL;RS;RIO GRANDE DO SUL;RS;RIO GRANDE DO SUL;NOVA STA RITA;PORTO ALEGRE9       ;230.0;BASICA         ;LINHA DE TRANSMISSÃO;TESB;LT  230 kV NOVA STA RITA        / PORTO ALEGRE9        C 1  RS;RSPOL-2PAL91        ;2022-10-16;;2021-02-21;29.0;0.238;1.485;8.634;1180.0;1180.0;1790.0;1790.0;;;;;;;;;980;1267
S;SUL;S;SUL;RS;RIO GRANDE DO SUL;RS;RIO GRANDE DO SUL;NOVA STA RITA;SCHARLAU 2          ;230.0;BASICA         ;LINHA DE TRANSMISSÃO;IE SUL;LT  230 kV NOVA STA RITA        / SCHARLAU 2           C 1  RS;RSNSR-2SCH-1        ;2010-11-17;;2010-11-07;23.0;0.318;2.141;4.329;765.0;765.0;970.0;970.0;765.0;1050.0;994.0;1117.0;970.0;1138.0;1149.0;1215.0;980;9780
S;SUL;S;SUL;RS;RIO GRANDE DO SUL;RS;RIO GRANDE DO SUL;NOVA STA RITA;SCHARLAU 2          ;230.0;BASICA         ;LINHA DE TRANSMISSÃO;IE SUL;LT  230 kV NOVA STA RITA        / SCHARLAU 2           C 2  RS;RSNSR-2SCH-2        ;2010-11-17;;2010-11-07;23.0;0.318;2.141;4.329;765.0;765.0;970.0;970.0;765.0;1050.0;994.0;1117.0;970.0;1138.0;1149.0;1215.0;980;9780
S;SUL;S;SUL;RS;RIO GRANDE DO SUL;RS;RIO GRANDE DO SUL;OSORIO 2;OSORIO 3            ;230.0;BASICA         ;LINHA DE TRANSMISSÃO;CPFL SUL II;LT  230 kV OSORIO 2             / OSORIO 3             C 1  RS;RSOSO22OSO31        ;2023-03-11;;2024-03-22;4.0;0.025;0.123;0.2;605.0;605.0;797.0;797.0;;;;;;;;;1231;9901
S;SUL;S;SUL;RS;RIO GRANDE DO SUL;RS;RIO GRANDE DO SUL;P.PETROQUIMIC;NOVA STA RITA       ;230.0;BASICA         ;LINHA DE TRANSMISSÃO;CPFL T;LT  230 kV P.PETROQUIMIC        / NOVA STA RITA        C 1  RS;RSPPE-2POL-1        ;2007-01-28;;2007-01-14;10.9;0.106;0.526;3.766;1355.0;1355.0;1585.0;1585.0;1355.0;1487.0;1481.0;1541.0;1585.0;1740.0;1733.0;1803.0;1204;980
S;SUL;S;SUL;RS;RIO GRANDE DO SUL;RS;RIO GRANDE DO SUL;PASSO FUNDO;GUARITA             ;230.0;BASICA         ;LINHA DE TRANSMISSÃO;CPFL T;LT  230 kV PASSO FUNDO          / GUARITA              C 1  RS;RSPFU-2GRT-1        ;1990-12-31;;;87.0;2.21;8.42;14.03;450.0;450.0;639.0;639.0;450.0;536.0;488.0;604.0;639.0;639.0;639.0;679.0;1041;1213
S;SUL;S;SUL;RS;RIO GRANDE DO SUL;RS;RIO GRANDE DO SUL;PASSO FUNDO;NOVA PRATA 2        ;230.0;BASICA         ;LINHA DE TRANSMISSÃO;AXIA SUL;LT  230 kV PASSO FUNDO          / NOVA PRATA 2         C 1  RS;RSPFU-2NPR21        ;1990-12-31;2022-11-15;;195.6;3.73;18.91;33.77;;;;;402.0;547.0;515.0;599.0;571.0;639.0;659.0;712.0;1041;1228
S;SUL;S;SUL;RS;RIO GRANDE DO SUL;RS;RIO GRANDE DO SUL;PASSO FUNDO;NOVA PRATA 2        ;230.0;BASICA         ;LINHA DE TRANSMISSÃO;AXIA SUL;LT  230 kV PASSO FUNDO          / NOVA PRATA 2         C 2  RS;RSPFU-2NPR22        ;2015-09-25;2022-12-04;2015-09-26;196.09;3.734;19.171;33.131;;;;;402.0;402.0;402.0;402.0;;;;;1041;1228
S;SUL;S;SUL;RS;RIO GRANDE DO SUL;RS;RIO GRANDE DO SUL;PASSO FUNDO;SANTA MARTA         ;230.0;BASICA         ;LINHA DE TRANSMISSÃO;CPFL T;LT  230 kV PASSO FUNDO          / SANTA MARTA          C 1  RS;RSPFU-2SMT-1        ;1990-12-31;;;96.0;1.83;9.15;16.41;527.0;527.0;748.0;748.0;527.0;527.0;595.0;627.0;748.0;748.0;749.0;824.0;1041;1281
S;SUL;S;SUL;RS;RIO GRANDE DO SUL;RS;RIO GRANDE DO SUL;PASSO FUNDO;VILA MARIA          ;230.0;BASICA         ;LINHA DE TRANSMISSÃO;AXIA SUL;LT  230 kV PASSO FUNDO          / VILA MARIA           C 1  RS;RSPFU-2VMA-1        ;2022-11-16;;2022-05-13;137.0;2.673;13.379;23.3;582.0;582.0;733.0;733.0;;;;;;;;;1041;9920
S;SUL;S;SUL;RS;RIO GRANDE DO SUL;RS;RIO GRANDE DO SUL;PASSO FUNDO;VILA MARIA          ;230.0;BASICA         ;LINHA DE TRANSMISSÃO;AXIA SUL;LT  230 kV PASSO FUNDO          / VILA MARIA           C 2  RS;RSPFU-2VMA-2        ;2022-12-04;;2022-05-13;137.0;2.684;13.529;23.1;582.0;582.0;733.0;733.0;;;;;;;;;1041;9920
S;SUL;S;SUL;RS;RIO GRANDE DO SUL;SC;SANTA CATARINA;PASSO FUNDO;XANXERE ESU         ;230.0;BASICA         ;LINHA DE TRANSMISSÃO;AXIA SUL;LT  230 kV PASSO FUNDO          / XANXERE ESU          C 1  RS/SC;RSPFU-2XAN-1SC      ;1990-12-31;;;79.3;1.593;7.758;13.51;650.0;650.0;819.0;819.0;650.0;663.0;650.0;709.0;819.0;819.0;819.0;819.0;1041;1069
S;SUL;S;SUL;RS;RIO GRANDE DO SUL;SC;SANTA CATARINA;PASSO FUNDO;XANXERE ESU         ;230.0;BASICA         ;LINHA DE TRANSMISSÃO;AXIA SUL;LT  230 kV PASSO FUNDO          / XANXERE ESU          C 2  RS/SC;RSPFU-2XAN-2SC      ;1990-12-31;;;79.2;1.584;7.762;13.49;650.0;650.0;819.0;819.0;650.0;663.0;650.0;709.0;819.0;819.0;819.0;819.0;1041;1069
S;SUL;S;SUL;RS;RIO GRANDE DO SUL;RS;RIO GRANDE DO SUL;PASSO REAL;CRUZ ALTA 2         ;230.0;BASICA         ;LINHA DE TRANSMISSÃO;CPFL T;LT  230 kV PASSO REAL           / CRUZ ALTA 2          C 1  RS;RSUPRE2CAL21        ;2022-12-06;;2022-03-21;61.37;1.136;5.716;10.5;826.0;826.0;964.0;964.0;826.0;826.0;888.0;847.0;964.0;964.0;997.0;991.0;1243;10218
S;SUL;S;SUL;RS;RIO GRANDE DO SUL;RS;RIO GRANDE DO SUL;PASSO REAL;NOVA STA RITA       ;230.0;BASICA         ;LINHA DE TRANSMISSÃO;CPFL T;LT  230 kV PASSO REAL           / NOVA STA RITA        C 1  RS;RSUPRE2POL-1        ;2006-06-04;2009-07-13;2006-06-30;206.0;3.75;20.78;38.35;;;;;;;;;;;;;1243;980
S;SUL;S;SUL;RS;RIO GRANDE DO SUL;RS;RIO GRANDE DO SUL;PASSO REAL;TAPERA 2            ;230.0;BASICA         ;LINHA DE TRANSMISSÃO;CPFL T;LT  230 kV PASSO REAL           / TAPERA 2             C 1  RS;RSUPRE2TPR21        ;2005-04-30;;2008-11-01;59.2;1.397;5.143;10.19;450.0;450.0;639.0;639.0;450.0;506.0;506.0;551.0;639.0;639.0;639.0;688.0;1243;1291
S;SUL;S;SUL;RS;RIO GRANDE DO SUL;RS;RIO GRANDE DO SUL;PASSO REAL;V.AIRES             ;230.0;BASICA         ;LINHA DE TRANSMISSÃO;CPFL T;LT  230 kV PASSO REAL           / V.AIRES              C 1  RS;RSUPRE2VAI-1        ;1990-12-31;;;136.02;3.45;13.16;23.67;450.0;450.0;639.0;639.0;450.0;512.0;500.0;544.0;639.0;639.0;639.0;685.0;1243;1299
S;SUL;S;SUL;RS;RIO GRANDE DO SUL;RS;RIO GRANDE DO SUL;PASSO REAL;SANTA MARTA         ;230.0;BASICA         ;LINHA DE TRANSMISSÃO;CPFL T;LT  230 kV PASSO REAL   /SANTA MARTA   C-1 RS;RSUPRE2SMT-1        ;1963-08-01;2005-04-30;;118.4;3.01;11.46;19.9;;;;;;;;;;;;;1243;1281
S;SUL;S;SUL;RS;RIO GRANDE DO SUL;RS;RIO GRANDE DO SUL;PELOTAS3;QUINTA              ;230.0;BASICA         ;LINHA DE TRANSMISSÃO;CPFL T;LT  230 kV PELOTAS3             / QUINTA               C 1  RS;RSPEL32QUI-1        ;2002-01-27;;;43.86;0.835;4.155;7.5;679.0;679.0;856.0;856.0;679.0;698.0;756.0;735.0;856.0;859.0;877.0;924.0;1236;1246
S;SUL;S;SUL;RS;RIO GRANDE DO SUL;RS;RIO GRANDE DO SUL;PORTO ALEGRE8;PORTO ALEGRE9       ;230.0;BASICA         ;LINHA DE TRANSMISSÃO;TESB;LT  230 kV PORTO ALEGRE8        / PORTO ALEGRE9        C 1  RS;RSPAL82PAL91        ;2023-10-28;;2021-03-26;10.81;0.126;0.787;2.5;790.0;790.0;1190.0;1190.0;;;;;;;;;1264;1267
S;SUL;S;SUL;RS;RIO GRANDE DO SUL;RS;RIO GRANDE DO SUL;PORTOALEGRE 1;JARDIM BOTANICO     ;230.0;BASICA         ;LINHA DE TRANSMISSÃO;CPFL SUL II;LT  230 kV PORTOALEGRE 1        / JARDIM BOTANICO      C 1  RS;RSPA012JBO-1        ;2022-09-02;;2024-03-22;3.57;0.017;0.13;14.8;910.0;910.0;1205.0;1205.0;;;;;;;;;9961;9262
S;SUL;S;SUL;RS;RIO GRANDE DO SUL;RS;RIO GRANDE DO SUL;PORTOALEGRE 1;PORTO ALEGRE8       ;230.0;BASICA         ;LINHA DE TRANSMISSÃO;CPFL SUL II;LT  230 kV PORTOALEGRE 1        / PORTO ALEGRE8        C 1  RS;RSPA012PAL81        ;2022-09-02;;2024-03-22;4.26;0.02;0.155;17.7;910.0;910.0;1205.0;1205.0;;;;;;;;;9961;1264
S;SUL;S;SUL;RS;RIO GRANDE DO SUL;RS;RIO GRANDE DO SUL;PORTOALEGRE 4;PORTO ALEGRE9       ;230.0;BASICA         ;LINHA DE TRANSMISSÃO;TPAE;LT  230 kV PORTOALEGRE 4        / PORTO ALEGRE9        C 1  RS;RSPAL42PAL91        ;2011-12-30;;2011-12-11;11.0;0.067;0.499;47.62;910.0;910.0;1100.0;1100.0;910.0;910.0;910.0;910.0;1100.0;1100.0;1100.0;1100.0;1259;1267
S;SUL;S;SUL;RS;RIO GRANDE DO SUL;RS;RIO GRANDE DO SUL;PORTOALEGRE10;PORTOALEGRE 4       ;230.0;BASICA         ;LINHA DE TRANSMISSÃO;CPFL T;LT  230 kV PORTOALEGRE10        / PORTOALEGRE 4        C 1  RS;RSPA102PAL41        ;2002-12-22;;2003-06-30;3.53;0.046;0.31;0.587;843.0;843.0;1062.0;1062.0;843.0;886.0;920.0;930.0;1062.0;1077.0;1085.0;1156.0;1268;1259
S;SUL;S;SUL;RS;RIO GRANDE DO SUL;RS;RIO GRANDE DO SUL;PORTOALEGRE13;RESTINGA            ;230.0;BASICA         ;LINHA DE TRANSMISSÃO;TESB;LT  230 kV PORTOALEGRE13        / RESTINGA             C 1  RS;RSPA132RES-1        ;2022-12-15;;2019-10-17;13.84;0.193;0.985;2.0;590.0;590.0;895.0;895.0;;;;;;;;;1270;9302
S;SUL;S;SUL;RS;RIO GRANDE DO SUL;RS;RIO GRANDE DO SUL;PORTOALEGRE6;PORTOALEGRE 4       ;230.0;BASICA         ;LINHA DE TRANSMISSÃO;CPFL T;LT  230 kV PORTOALEGRE6         / PORTOALEGRE 4        C 1  RS;RSPAL62PAL41        ;2002-12-22;;;10.2;0.135;0.907;1.97;843.0;843.0;1062.0;1062.0;843.0;886.0;920.0;930.0;1062.0;1077.0;1085.0;1156.0;1263;1259
S;SUL;S;SUL;RS;RIO GRANDE DO SUL;RS;RIO GRANDE DO SUL;PORTOALEGRE6;PORTOALEGRE 4       ;230.0;BASICA         ;LINHA DE TRANSMISSÃO;CPFL T;LT  230 kV PORTOALEGRE6         / PORTOALEGRE 4        C 2  RS;RSPAL62PAL42        ;1974-12-01;2002-12-22;;10.2;0.14;0.86;1.97;;;;;;;;;;;;;1263;1259
S;SUL;S;SUL;RS;RIO GRANDE DO SUL;RS;RIO GRANDE DO SUL;PORTOALEGRE6;PORTOALEGRE13       ;230.0;BASICA         ;LINHA DE TRANSMISSÃO;CPFL T;LT  230 kV PORTOALEGRE6         / PORTOALEGRE13        C 1  RS;RSPAL62PA131        ;1990-12-31;;;10.1;0.182;0.869;1.4;679.0;679.0;856.0;856.0;679.0;700.0;738.0;733.0;856.0;856.0;863.0;913.0;1263;1270
S;SUL;S;SUL;RS;RIO GRANDE DO SUL;RS;RIO GRANDE DO SUL;PORTOALEGRE6;VIAMAO 3            ;230.0;BASICA         ;LINHA DE TRANSMISSÃO;CPFL T;LT  230 kV PORTOALEGRE6         / VIAMAO 3             C 1  RS;RSPAL62VIA31        ;2016-12-18;;2016-11-10;8.86;0.151;0.832;1.57;843.0;843.0;986.0;986.0;853.0;853.0;853.0;853.0;998.0;998.0;998.0;998.0;1263;9263
S;SUL;S;SUL;RS;RIO GRANDE DO SUL;RS;RIO GRANDE DO SUL;POVO NOVO;QUINTA              ;230.0;BASICA         ;LINHA DE TRANSMISSÃO;AXIA SUL;LT  230 kV POVO NOVO            / QUINTA               C 1  RS;RSPNO-2QUI-1        ;2014-12-09;;2014-12-30;20.5;0.198;1.379;5.011;1380.0;1380.0;1740.0;1740.0;1380.0;1380.0;1380.0;1380.0;1740.0;1740.0;1740.0;1740.0;9819;1246
S;SUL;S;SUL;RS;RIO GRANDE DO SUL;RS;RIO GRANDE DO SUL;PRE.MEDICI;BAGE2               ;230.0;BASICA         ;LINHA DE TRANSMISSÃO;CPFL T;LT  230 kV PRE.MEDICI           / BAGE2                C 1  RS;RSPME-2BAG21        ;1990-12-31;2022-09-06;;50.9;0.87;4.82;8.81;;;;;729.0;758.0;816.0;808.0;919.0;919.0;947.0;999.0;1239;1188
S;SUL;S;SUL;RS;RIO GRANDE DO SUL;RS;RIO GRANDE DO SUL;PRE.MEDICI;CAMAQUA             ;230.0;BASICA         ;LINHA DE TRANSMISSÃO;CPFL T;LT  230 kV PRE.MEDICI           / CAMAQUA              C 1  RS;RSPME-2CAM-1        ;1990-12-31;;;197.0;3.74;18.73;33.93;679.0;679.0;856.0;856.0;679.0;703.0;746.0;741.0;856.0;856.0;869.0;919.0;1239;1194
S;SUL;S;SUL;RS;RIO GRANDE DO SUL;RS;RIO GRANDE DO SUL;PRE.MEDICI;P.MEDICI            ;230.0;COMPLEMENTAR   ;LINHA DE TRANSMISSÃO;AXIA SUL;LT  230 kV PRE.MEDICI           / P.MEDICI             C 1  RS;RSPME-2UPME1        ;1990-12-31;2018-12-12;;0.1;0.01;0.01;0.0;;;;;;;;;;;;;1239;94227
S;SUL;S;SUL;RS;RIO GRANDE DO SUL;RS;RIO GRANDE DO SUL;PRE.MEDICI;P.MEDICI            ;230.0;COMPLEMENTAR   ;LINHA DE TRANSMISSÃO;AXIA SUL;LT  230 kV PRE.MEDICI           / P.MEDICI             C 2  RS;RSPME-2UPME2        ;1990-12-31;2018-12-12;;0.01;0.01;0.01;0.0;;;;;;;;;;;;;1239;90473
S;SUL;S;SUL;RS;RIO GRANDE DO SUL;RS;RIO GRANDE DO SUL;PRE.MEDICI;P.MEDICI            ;230.0;COMPLEMENTAR   ;LINHA DE TRANSMISSÃO;AXIA SUL;LT  230 kV PRE.MEDICI           / P.MEDICI             C 3  RS;RSPME-2UPME3        ;1990-12-31;2018-12-12;;0.01;0.01;0.01;0.0;;;;;;;;;;;;;1239;90474
S;SUL;S;SUL;RS;RIO GRANDE DO SUL;RS;RIO GRANDE DO SUL;PRE.MEDICI;P.MEDICI            ;230.0;COMPLEMENTAR   ;LINHA DE TRANSMISSÃO;AXIA SUL;LT  230 kV PRE.MEDICI           / P.MEDICI             C 4  RS;RSPME-2UPME4        ;1990-12-31;2018-12-12;;0.01;0.01;0.01;0.0;;;;;;;;;;;;;1239;90475
S;SUL;S;SUL;RS;RIO GRANDE DO SUL;RS;RIO GRANDE DO SUL;PRE.MEDICI;P.MEDICI            ;230.0;COMPLEMENTAR   ;LINHA DE TRANSMISSÃO;AXIA SUL;LT  230 kV PRE.MEDICI           / P.MEDICI             C 5  RS;RSPME-2UPME5        ;1990-12-31;2018-12-12;;0.01;0.01;0.01;0.0;;;;;;;;;;;;;1239;90476
S;SUL;S;SUL;RS;RIO GRANDE DO SUL;RS;RIO GRANDE DO SUL;PRE.MEDICI;PELOTAS3            ;230.0;BASICA         ;LINHA DE TRANSMISSÃO;CPFL T;LT  230 kV PRE.MEDICI           / PELOTAS3             C 1  RS;RSPME-2PEL31        ;2005-05-01;;2005-04-10;135.0;1.374;11.613;23.01;915.0;915.0;1071.0;1071.0;915.0;915.0;915.0;915.0;1071.0;1071.0;1071.0;1071.0;1239;1236
S;SUL;S;SUL;RS;RIO GRANDE DO SUL;RS;RIO GRANDE DO SUL;PRE.MEDICI;QUINTA              ;230.0;BASICA         ;LINHA DE TRANSMISSÃO;CPFL T;LT  230 kV PRE.MEDICI           / QUINTA               C 1  RS;RSPME-2QUI-1        ;1990-12-31;;;153.25;2.92;14.59;26.15;679.0;679.0;856.0;856.0;679.0;698.0;754.0;735.0;856.0;856.0;876.0;924.0;1239;1246
S;SUL;S;SUL;RS;RIO GRANDE DO SUL;RS;RIO GRANDE DO SUL;PRE.MEDICI;SANTA CRUZ1         ;230.0;BASICA         ;LINHA DE TRANSMISSÃO;AXIA SUL;LT  230 kV PRE.MEDICI           / SANTA CRUZ1          C 1  RS;RSPME-2SCR11        ;2010-01-21;;2010-02-28;237.0;4.256;22.015;42.17;665.0;665.0;818.0;818.0;665.0;738.0;738.0;785.0;818.0;824.0;879.0;893.0;1239;1256
S;SUL;S;SUL;RS;RIO GRANDE DO SUL;RS;RIO GRANDE DO SUL;RESTINGA;VIAMAO 3            ;230.0;BASICA         ;LINHA DE TRANSMISSÃO;TESB;LT  230 kV RESTINGA             / VIAMAO 3             C 1  RS;RSRES-2VIA31        ;2018-12-06;;2019-10-17;19.0;0.303;1.562;3.2;590.0;590.0;895.0;895.0;;;;;;;;;9302;9263
S;SUL;S;SUL;RS;RIO GRANDE DO SUL;RS;RIO GRANDE DO SUL;S.VICENTE SUL;SANTA MARIA 3       ;230.0;BASICA         ;LINHA DE TRANSMISSÃO;CPFL T;LT  230 kV S.VICENTE SUL        / SANTA MARIA 3        C 1  RS;RSSVI-2SMA31        ;2015-06-07;;2015-06-30;82.41;1.492;8.216;15.2;729.0;729.0;919.0;919.0;;;;;;;;;1286;1278
S;SUL;S;SUL;RS;RIO GRANDE DO SUL;RS;RIO GRANDE DO SUL;SANTA CRUZ1;CHARQUEADAS3        ;230.0;BASICA         ;LINHA DE TRANSMISSÃO;CPFL T;LT  230 kV SANTA CRUZ1          / CHARQUEADAS3         C 1  RS;RSSCR12CHR31        ;2024-12-08;;2025-09-30;101.36;1.507;8.747;29.9;729.0;729.0;919.0;919.0;;;;;;;;;1256;10276
S;SUL;S;SUL;RS;RIO GRANDE DO SUL;RS;RIO GRANDE DO SUL;SANTA MARIA 3;ALEGRETE2           ;230.0;BASICA         ;LINHA DE TRANSMISSÃO;CPFL T;LT  230 kV SANTA MARIA 3        / ALEGRETE2            C 1  RS;RSSMA32ALE21        ;1990-12-31;2015-06-07;;186.43;3.36;18.72;34.3;;;;;729.0;801.0;788.0;857.0;919.0;919.0;924.0;981.0;1278;1186
S;SUL;S;SUL;RS;RIO GRANDE DO SUL;RS;RIO GRANDE DO SUL;SANTA MARIA 3;SANTO ANGELO2       ;230.0;BASICA         ;LINHA DE TRANSMISSÃO;SANTA MARIA TRANS;LT  230 kV SANTA MARIA 3        / SANTO ANGELO2        C 1  RS;RSSMA32SAG21        ;2018-10-03;;2018-10-04;159.0;1.209;10.31;40.0;1325.0;1325.0;1975.0;1975.0;;;;;;;;;1278;1250
S;SUL;S;SUL;RS;RIO GRANDE DO SUL;RS;RIO GRANDE DO SUL;SANTA MARIA 3;U.D.FRANCISCA       ;230.0;BASICA         ;LINHA DE TRANSMISSÃO;CPFL T;LT  230 kV SANTA MARIA 3        / U.D.FRANCISCA        C 1  RS;RSSMA32UDFR1        ;2001-01-22;;;67.17;1.124;6.253;12.22;729.0;729.0;919.0;919.0;729.0;760.0;793.0;801.0;919.0;919.0;928.0;983.0;1278;1223
S;SUL;S;SUL;RS;RIO GRANDE DO SUL;RS;RIO GRANDE DO SUL;SANTA MARIA 3;U.D.FRANCISCA       ;230.0;BASICA         ;LINHA DE TRANSMISSÃO;EVOLTZ VI;LT  230 kV SANTA MARIA 3        / U.D.FRANCISCA        C 2  RS;RSSMA32UDFR2        ;2011-08-17;;2011-08-07;63.0;1.143;5.812;11.26;631.0;631.0;874.0;874.0;631.0;823.0;788.0;895.0;873.0;901.0;924.0;979.0;1278;1223
S;SUL;S;SUL;RS;RIO GRANDE DO SUL;RS;RIO GRANDE DO SUL;SANTA MARTA;TAPERA 2            ;230.0;BASICA         ;LINHA DE TRANSMISSÃO;CPFL T;LT  230 kV SANTA MARTA          / TAPERA 2             C 1  RS;RSSMT-2TPR21        ;2005-04-30;;2005-03-15;59.5;1.463;5.386;10.26;450.0;450.0;639.0;639.0;450.0;506.0;506.0;551.0;639.0;639.0;639.0;689.0;1281;1291
S;SUL;S;SUL;RS;RIO GRANDE DO SUL;RS;RIO GRANDE DO SUL;SANTO ANGELO;SANTA ROSA 1        ;230.0;BASICA         ;LINHA DE TRANSMISSÃO;CPFL T;LT  230 kV SANTO ANGELO         / SANTA ROSA 1         C 1  RS;RSSTA-2SRO-1        ;1999-12-30;;;50.0;0.898;4.91;8.553;826.0;826.0;966.0;966.0;826.0;826.0;890.0;850.0;966.0;966.0;993.0;995.0;1046;1283
S;SUL;S;SUL;RS;RIO GRANDE DO SUL;RS;RIO GRANDE DO SUL;SANTO ANGELO;SANTA ROSA 1        ;230.0;BASICA         ;LINHA DE TRANSMISSÃO;TAESA;LT  230 kV SANTO ANGELO         / SANTA ROSA 1         C 2  RS;RSSTA-2SRO-2        ;2004-06-27;;2004-06-30;54.0;0.8;4.38;8.443;900.0;900.0;900.0;900.0;900.0;956.0;952.0;1022.0;900.0;1017.0;1057.0;1090.0;1046;1283
S;SUL;S;SUL;RS;RIO GRANDE DO SUL;RS;RIO GRANDE DO SUL;SANTO ANGELO;SANTO ANGELO2       ;230.0;BASICA         ;LINHA DE TRANSMISSÃO;CPFL T;LT  230 kV SANTO ANGELO         / SANTO ANGELO2        C 1  RS;RSSTA-2SAG21        ;1999-12-30;;;6.0;0.05;0.374;1.49;1356.0;1356.0;1587.0;1587.0;1356.0;1478.0;1490.0;1560.0;1587.0;1729.0;1743.0;1825.0;1046;1250
S;SUL;S;SUL;RS;RIO GRANDE DO SUL;RS;RIO GRANDE DO SUL;SANTO ANGELO;SAO BORJA2          ;230.0;BASICA         ;LINHA DE TRANSMISSÃO;CPFL T;LT  230 kV SANTO ANGELO         / SAO BORJA2           C 1  RS;RSSTA-2SBO21        ;1999-12-30;2010-06-13;;177.0;3.36;16.87;30.24;;;;;;;;;;;;;1046;1254
S;SUL;S;SUL;RS;RIO GRANDE DO SUL;RS;RIO GRANDE DO SUL;SCHARLAU;CHARQUEADAS         ;230.0;BASICA         ;LINHA DE TRANSMISSÃO;CPFL T;LT  230 kV SCHARLAU             / CHARQUEADAS          C 1  RS;RSCHA-2SCH-1        ;2000-01-09;2015-11-16;;72.96;1.67;6.2;11.3;;;;;450.0;546.0;502.0;589.0;639.0;639.0;639.0;688.0;2086;951
S;SUL;S;SUL;RS;RIO GRANDE DO SUL;RS;RIO GRANDE DO SUL;SCHARLAU 2;CHARQUEADAS         ;230.0;BASICA         ;LINHA DE TRANSMISSÃO;CPFL T;LT  230 kV SCHARLAU 2           / CHARQUEADAS          C 1  RS;RSSCH22CHA-1        ;2015-11-16;;2015-11-15;72.96;1.7;6.3;11.3;450.0;450.0;639.0;639.0;450.0;450.0;450.0;450.0;639.0;639.0;639.0;639.0;9780;951
S;SUL;S;SUL;RS;RIO GRANDE DO SUL;RS;RIO GRANDE DO SUL;TAQUARA;OSORIO 2            ;230.0;BASICA         ;LINHA DE TRANSMISSÃO;CPFL T;LT  230 kV TAQUARA              / OSORIO 2             C 1  RS;RSTAQ-2OSO21        ;2003-08-04;;2003-08-31;55.0;0.98;5.51;10.13;917.0;917.0;1073.0;1073.0;917.0;917.0;960.0;917.0;1073.0;1073.0;1073.0;1073.0;1249;1231
S;SUL;S;SUL;RS;RIO GRANDE DO SUL;RS;RIO GRANDE DO SUL;TAQUARA;CAXIAS              ;230.0;BASICA         ;LINHA DE TRANSMISSÃO;CPFL T;LT  230 kV TAQUARA      /CAXIAS        C-1 RS;RSTAQ-2CAX-1        ;2003-09-06;2012-11-03;2003-08-31;55.0;1.08;6.05;11.173;;;;;;;;;;;;;1249;965
S;SUL;S;SUL;RS;RIO GRANDE DO SUL;RS;RIO GRANDE DO SUL;U.CHARQUEADAS;CHARQUEADAS         ;230.0;COMPLEMENTAR   ;LINHA DE TRANSMISSÃO;ENGIE;LT  230 kV U.CHARQUEADAS        / CHARQUEADAS          C 1  RS;RSUTCH2CHA-1        ;1990-12-31;2017-01-01;;0.01;0.01;0.01;0.0;;;;;;;;;;;;;90491;951
S;SUL;S;SUL;RS;RIO GRANDE DO SUL;RS;RIO GRANDE DO SUL;U.D.FRANCISCA;ITAUBA              ;230.0;BASICA         ;LINHA DE TRANSMISSÃO;CPFL T;LT  230 kV U.D.FRANCISCA        / ITAUBA               C 1  RS;RSUDFR2UITA1        ;2001-01-22;;;21.2;0.394;2.204;3.97;729.0;729.0;919.0;919.0;729.0;764.0;793.0;808.0;919.0;919.0;928.0;989.0;1223;1215
S;SUL;S;SUL;RS;RIO GRANDE DO SUL;RS;RIO GRANDE DO SUL;U.D.FRANCISCA;ITAUBA              ;230.0;BASICA         ;LINHA DE TRANSMISSÃO;CPFL T;LT  230 kV U.D.FRANCISCA        / ITAUBA               C 2  RS;RSUDFR2UITA2        ;2005-10-02;;2005-09-11;23.13;0.394;2.237;3.97;917.0;917.0;1073.0;1073.0;917.0;917.0;968.0;935.0;1073.0;1073.0;1080.0;1094.0;1223;1215
S;SUL;S;SUL;RS;RIO GRANDE DO SUL;RS;RIO GRANDE DO SUL;U.FOZ CHAPECO;GUARITA             ;230.0;COMPLEMENTAR   ;LINHA DE TRANSMISSÃO;FOZ DO CHAPECÓ;LT  230 kV U.FOZ CHAPECO        / GUARITA              C 1  RS;RSUHFC2GRT-1        ;2010-10-14;2013-01-04;2010-10-31;70.0;1.218;7.001;12.94;;;;;;;;;;;;;94136;1213
S;SUL;S;SUL;RS;RIO GRANDE DO SUL;SC;SANTA CATARINA;U.FOZ CHAPECO;XANXERE ESU         ;230.0;COMPLEMENTAR   ;LINHA DE TRANSMISSÃO;FOZ DO CHAPECÓ;LT  230 kV U.FOZ CHAPECO        / XANXERE ESU          C 1  RS/SC;RSUHFC2XAN-1SC      ;2010-10-26;2013-01-04;2010-10-31;68.0;0.776;5.044;19.56;;;;;;;;;;;;;94136;1069
S;SUL;S;SUL;RS;RIO GRANDE DO SUL;SC;SANTA CATARINA;U.FOZ CHAPECO;XANXERE ESU         ;230.0;COMPLEMENTAR   ;LINHA DE TRANSMISSÃO;FOZ DO CHAPECÓ;LT  230 kV U.FOZ CHAPECO        / XANXERE ESU          C 2  RS/SC;RSUHFC2XAN-2SC      ;2010-10-26;2013-01-04;2010-10-31;68.0;0.776;5.044;19.56;;;;;;;;;;;;;94136;1069
S;SUL;S;SUL;RS;RIO GRANDE DO SUL;RS;RIO GRANDE DO SUL;U.URUGUAIANA;MACAMBARA           ;230.0;BASICA         ;LINHA DE TRANSMISSÃO;TAESA;LT  230 kV U.URUGUAIANA         / MACAMBARA            C 1  RS;RSUTUR2MBR-1        ;2004-07-13;;2004-07-31;130.0;1.26;10.27;20.87;1108.0;1108.0;1108.0;1108.0;1108.0;1235.0;1232.0;1333.0;1108.0;1319.0;1372.0;1424.0;1294;1225
S;SUL;S;SUL;RS;RIO GRANDE DO SUL;RS;RIO GRANDE DO SUL;URUGUAIANA5;CV.URUGUAIANA       ;230.0;BASICA         ;LINHA DE TRANSMISSÃO;AXIA SUL;LT  230 kV URUGUAIANA5          / CV.URUGUAIANA        C 1  RS;RSURU52CUR-1        ;1990-12-31;2021-07-16;;0.1;0.01;0.02;0.0;;;;;;;;;;;;;1296;1067
S;SUL;S;SUL;RS;RIO GRANDE DO SUL;RS;RIO GRANDE DO SUL;URUGUAIANA5;U.URUGUAIANA        ;230.0;BASICA         ;LINHA DE TRANSMISSÃO;CPFL T;LT  230 kV URUGUAIANA5          / U.URUGUAIANA         C 1  RS;RSURU52UTUR1        ;2000-05-17;;;5.12;0.088;0.49;0.864;889.0;889.0;889.0;889.0;;;;;;;;;1296;1294
S;SUL;S;SUL;RS;RIO GRANDE DO SUL;RS;RIO GRANDE DO SUL;V.AIRES;GARIBALDI 1         ;230.0;BASICA         ;LINHA DE TRANSMISSÃO;CPFL T;LT  230 kV V.AIRES      /GARIBALDI 1   C-1 RS;RSVAI-2GAR11        ;1990-12-31;1990-12-31;;;;;;;;;;;;;;;;;;1299;1206
S;SUL;;;RS;RIO GRANDE DO SUL;;;CAMPO BOM;;230.0;BASICA         ;RAMAL DE LINHA;CPFL T;RL  230 kV CAMPO BOM            /  RDCB1 C  2 RS;RSCBO-2DCB12        ;1990-12-31;2002-12-08;;0.35;;;;;;;;;;;;;;;;1198;
S;SUL;;;RS;RIO GRANDE DO SUL;;;CAMPO BOM;;230.0;BASICA         ;RAMAL DE LINHA;CPFL T;RL  230 kV CAMPO BOM            /  RDCBO C  1 RS;RSCBO-2DCBO1        ;1990-12-31;2002-12-08;;0.35;;;;;;;;;;;;;;;;1198;
S;SUL;;;RS;RIO GRANDE DO SUL;;;CANOAS 1;;230.0;BASICA         ;RAMAL DE LINHA;CPFL T;RL  230 kV CANOAS 1             /   DCNA C  1 RS;RSCNA12DCNA1        ;1990-12-31;;;2.0;0.0;0.01;0.0;;;;;;;;;;;;;1190;
S;SUL;;;RS;RIO GRANDE DO SUL;;;CAXIAS SUL 5;;230.0;BASICA         ;RAMAL DE LINHA;CPFL T;RL  230 kV CAXIAS SUL 5         /  RDCAX C  1 RS;RSCAX52DCAX1        ;1990-12-31;2005-10-17;;;0.01;0.01;0.01;;;;;;;;;;;;;1192;
S;SUL;;;RS;RIO GRANDE DO SUL;;;ELDORADO SUL;;230.0;BASICA         ;RAMAL DE LINHA;CPFL T;RL  230 kV ELDORADO SUL         /   DELD C  1 RS;RSELD-2DELD1        ;1990-12-31;2018-05-03;2010-05-31;0.07;0.0;0.01;0.0;;;;;;;;;;;;;1212;
S;SUL;;;RS;RIO GRANDE DO SUL;;;GUAIBA 2;;230.0;BASICA         ;RAMAL DE LINHA;CPFL T;RL  230 kV GUAIBA 2      C-1 LT CAMAQUA      /PORTO ALEGRE9 C-1 RS;RSGUA22DGUA1        ;1990-12-31;2010-08-29;;;0.0;0.01;0.0;;;;;;;;;;;;;1199;
S;SUL;;;RS;RIO GRANDE DO SUL;;;LAJEADO 2;;230.0;BASICA         ;RAMAL DE LINHA;CPFL T;RL  230 kV LAJEADO 2     C-1 LT PASSO REAL   /SANTO ANGELO2 C-1 RS;RSLAJ22DLAJ1        ;1990-12-31;2009-07-13;;13.3;0.23;1.27999;2.329999;;;;;;;;;;;;;1218;
S;SUL;;;RS;RIO GRANDE DO SUL;;;MISSOES;;230.0;BASICA         ;RAMAL DE LINHA;ELETROSUL;RL  230 kV MISSOES       C-1 LT SANTO ANGELO /SAO BORJA2    C-1 RS;RSMIS-2DMIS1        ;1990-12-31;2010-06-13;;;;0.01;;;;;;;;;;;;;;2078;
S;SUL;;;RS;RIO GRANDE DO SUL;;;PORTOALEGRE10;;230.0;BASICA         ;RAMAL DE LINHA;CPFL T;RL  230 kV PORTOALEGRE10        /  RDP10 C  1 RS;RSPA102DP101        ;1990-12-31;2002-12-22;;0.04;0.0;0.01;0.0;;;;;;;;;;;;;1268;
S;SUL;;;RS;RIO GRANDE DO SUL;;;S.VICENTE SUL;;230.0;BASICA         ;RAMAL DE LINHA;CPFL T;RL  230 kV S.VICENTE SUL        /   DSV1 C  1 RS;RSSVI-2DSVI1        ;1990-12-31;2015-06-07;;;0.0;0.01;0.0;;;;;;;;;;;;;1286;
S;SUL;;;RS;RIO GRANDE DO SUL;;;SANTA CRUZ1;;230.0;BASICA         ;RAMAL DE LINHA;CPFL T;RL  230 kV SANTA CRUZ1   C-1 LT ITAUBA       /CHARQUEADAS   C-1 RS;RSSCR12DSC11        ;1990-12-31;2009-07-19;;17.7;0.34;1.72;3.078;;;;;;;;;;;;;1256;
S;SUL;;;RS;RIO GRANDE DO SUL;;;TAPERA 2;;230.0;BASICA         ;RAMAL DE LINHA;ELETROSUL;RL  230 kV TAPERA 2             /  RDTPR C  1 RS;RSTPR22DTPR1        ;2005-04-01;2005-04-30;2005-04-01;;0.01;0.01;0.01;;;;;;;;;;;;;1291;
S;SUL;S;SUL;SC;SANTA CATARINA;SC;SANTA CATARINA;ABDON BATISTA;BARRA GRANDE        ;230.0;BASICA         ;LINHA DE TRANSMISSÃO;STC;LT  230 kV ABDON BATISTA        / BARRA GRANDE         C 1  SC;SCATA-2BGR-1        ;2014-12-08;;2014-12-21;40.11;0.476;3.559;7.467;879.0;879.0;879.0;879.0;879.0;879.0;879.0;879.0;879.0;879.0;879.0;879.0;9739;936
S;SUL;S;SUL;SC;SANTA CATARINA;SC;SANTA CATARINA;ABDON BATISTA;BARRA GRANDE        ;230.0;BASICA         ;LINHA DE TRANSMISSÃO;STC;LT  230 kV ABDON BATISTA        / BARRA GRANDE         C 2  SC;SCATA-2BGR-2        ;2014-12-01;;2014-12-21;40.11;0.476;3.559;7.467;879.0;879.0;879.0;879.0;879.0;879.0;879.0;879.0;879.0;879.0;879.0;879.0;9739;936
S;SUL;S;SUL;SC;SANTA CATARINA;SC;SANTA CATARINA;ABDON BATISTA;BARRA GRANDE        ;230.0;BASICA         ;LINHA DE TRANSMISSÃO;PITIGUARI;LT  230 kV ABDON BATISTA        / BARRA GRANDE         C 3  SC;SCABT-2BGR-3        ;2024-12-30;;2024-11-29;26.0;0.273;2.234;4.5;880.0;880.0;1170.0;1170.0;880.0;1128.0;973.0;1198.0;1170.0;1320.0;1229.0;1377.0;9739;936
S;SUL;S;SUL;SC;SANTA CATARINA;SC;SANTA CATARINA;ABDON BATISTA;LAGES               ;230.0;BASICA         ;LINHA DE TRANSMISSÃO;STC;LT  230 kV ABDON BATISTA        / LAGES                C 1  SC;SCATA-2LAG-1        ;2014-12-08;;2014-12-21;89.3;1.06;8.013;16.62;879.0;879.0;879.0;879.0;879.0;879.0;879.0;879.0;879.0;879.0;879.0;879.0;9739;950
S;SUL;S;SUL;SC;SANTA CATARINA;SC;SANTA CATARINA;ABDON BATISTA;LAGES               ;230.0;BASICA         ;LINHA DE TRANSMISSÃO;STC;LT  230 kV ABDON BATISTA        / LAGES                C 2  SC;SCATA-2LAG-2        ;2014-12-01;;2014-12-21;89.3;1.06;8.013;16.62;879.0;879.0;879.0;879.0;879.0;879.0;879.0;879.0;879.0;879.0;879.0;879.0;9739;950
S;SUL;S;SUL;SC;SANTA CATARINA;SC;SANTA CATARINA;ABDON BATISTA;UHE GARIBALDI       ;230.0;COMPLEMENTAR   ;LINHA DE TRANSMISSÃO;RIO CANOAS;LT  230 kV ABDON BATISTA        / UHE GARIBALDI        C 1  SC;SCATA-2GAR-1        ;2015-03-20;;2014-09-20;13.0;0.236;1.177;2.019;;;;;;;;;;;;;9739;9737
S;SUL;S;SUL;SC;SANTA CATARINA;SC;SANTA CATARINA;ABDON BATISTA;UHE SAO ROQUE       ;230.0;COMPLEMENTAR   ;LINHA DE TRANSMISSÃO;SÃO ROQUE;LT  230 kV ABDON BATISTA        / UHE SAO ROQUE        C 1  SC;SCATA-2UHSR1        ;2022-07-21;;2022-08-02;28.0;0.551;2.572;4.9;;;;;;;;;;;;;9739;9741
S;SUL;S;SUL;SC;SANTA CATARINA;SC;SANTA CATARINA;ABDON BATISTA;VIDEIRA             ;230.0;BASICA         ;LINHA DE TRANSMISSÃO;PITIGUARI;LT  230 kV ABDON BATISTA        / VIDEIRA              C 1  SC;SCABT-2VID-1        ;2025-06-15;;2025-03-30;67.7;0.78;4.414;15.6;1130.0;1130.0;1425.0;1425.0;1130.0;1362.0;1230.0;1443.0;1425.0;1564.0;1491.0;1632.0;9739;1074
S;SUL;S;SUL;SC;SANTA CATARINA;SC;SANTA CATARINA;ABDON BATISTA;VIDEIRA             ;230.0;BASICA         ;LINHA DE TRANSMISSÃO;PITIGUARI;LT  230 kV ABDON BATISTA        / VIDEIRA              C 2  SC;SCABT-2VID-2        ;2025-06-15;;2025-03-30;67.7;0.78;4.414;15.6;1130.0;1130.0;1425.0;1425.0;1130.0;1362.0;1230.0;1443.0;1425.0;1564.0;1491.0;1632.0;9739;1074
S;SUL;S;SUL;SC;SANTA CATARINA;SC;SANTA CATARINA;BARRA GRANDE;C.NOVOS             ;230.0;BASICA         ;LINHA DE TRANSMISSÃO;ETAU;LT  230 kV BARRA GRANDE         / C.NOVOS              C 1  SC;SCBGR-2CNO-1        ;2005-09-29;;2005-10-31;34.63;0.38;2.41;8.3;1795.0;1795.0;1795.0;1795.0;1795.0;1795.0;1795.0;1825.0;1795.0;1843.0;1892.0;1966.0;936;956
S;SUL;S;SUL;SC;SANTA CATARINA;RS;RIO GRANDE DO SUL;BARRA GRANDE;L.VERMELHA 2        ;230.0;BASICA         ;LINHA DE TRANSMISSÃO;ETAU;LT  230 kV BARRA GRANDE         / L.VERMELHA 2         C 1  SC/RS;SCBGR-2LVE21RS      ;2005-09-29;;2005-10-31;58.11;0.671;5.23;10.64;953.0;953.0;953.0;953.0;953.0;1105.0;1035.0;1194.0;953.0;1211.0;1219.0;1308.0;936;1325
S;SUL;S;SUL;SC;SANTA CATARINA;SC;SANTA CATARINA;BARRA GRANDE;LAGES               ;230.0;BASICA         ;LINHA DE TRANSMISSÃO;STC;LT  230 kV BARRA GRANDE         / LAGES                C 1  SC;SCBGR-2LAG-1        ;2007-11-08;2014-12-08;2007-10-07;96.0;1.109;7.621;15.84;;;;;879.0;1186.0;1124.0;1261.0;879.0;1284.0;1293.0;1368.0;936;950
S;SUL;S;SUL;SC;SANTA CATARINA;SC;SANTA CATARINA;BARRA GRANDE;LAGES               ;230.0;BASICA         ;LINHA DE TRANSMISSÃO;STC;LT  230 kV BARRA GRANDE         / LAGES                C 2  SC;SCBGR-2LAG-2        ;2007-11-08;2014-12-01;2007-10-07;96.0;1.109;7.621;15.84;;;;;879.0;1186.0;1124.0;1261.0;879.0;1284.0;1293.0;1368.0;936;950
S;SUL;S;SUL;SC;SANTA CATARINA;SC;SANTA CATARINA;BARRA GRANDE;UHE GARIBALDI       ;230.0;COMPLEMENTAR   ;LINHA DE TRANSMISSÃO;RIO CANOAS;LT  230 kV BARRA GRANDE         / UHE GARIBALDI        C 1  SC;SCBGR-2GAR-1        ;2013-09-15;2015-03-20;2013-12-30;27.0;0.5126;2.4506;4.4919;;;;;;;;;;;;;936;9737
S;SUL;S;SUL;SC;SANTA CATARINA;SC;SANTA CATARINA;BIGUACU;BLUMENAU            ;230.0;BASICA         ;LINHA DE TRANSMISSÃO;ELETROSUL;LT  230 kV BIGUACU              / BLUMENAU             C 2  SC;SCBIG-2BLU-1        ;2008-11-24;2015-03-15;2008-12-07;116.4;2.27;11.76;20.837;;;;;609.0;658.0;627.0;682.0;767.0;767.0;767.0;790.0;947;939
S;SUL;S;SUL;SC;SANTA CATARINA;SC;SANTA CATARINA;BIGUACU;DESTERRO            ;230.0;BASICA         ;LINHA DE TRANSMISSÃO;AXIA SUL;LT  230 kV BIGUACU              / DESTERRO             C 1  SC;SCBIG-2FIL-1        ;2008-12-29;;2008-12-19;57.0;0.771;4.977;19.601;780.0;780.0;820.0;820.0;780.0;780.0;780.0;780.0;820.0;820.0;820.0;820.0;947;945
S;SUL;S;SUL;SC;SANTA CATARINA;SC;SANTA CATARINA;BIGUACU;GASPAR 2            ;230.0;BASICA         ;LINHA DE TRANSMISSÃO;AXIA SUL;LT  230 kV BIGUACU              / GASPAR 2             C 1  SC;SCBIG-2GAS21        ;2015-03-15;;2015-03-10;110.44;2.107;10.135;18.03;609.0;609.0;767.0;767.0;609.0;609.0;609.0;609.0;609.0;609.0;609.0;609.0;947;9533
S;SUL;S;SUL;SC;SANTA CATARINA;SC;SANTA CATARINA;BIGUACU;J.LACERDA-B         ;230.0;BASICA         ;LINHA DE TRANSMISSÃO;AXIA SUL;LT  230 kV BIGUACU              / J.LACERDA-B          C 1  SC;SCBIG-2JLB-1        ;2008-11-24;;2008-12-07;129.5;2.574;12.581;22.26;609.0;609.0;767.0;767.0;609.0;652.0;627.0;676.0;767.0;767.0;767.0;787.0;947;1010
S;SUL;S;SUL;SC;SANTA CATARINA;SC;SANTA CATARINA;BIGUACU;PALHOCA  ESU        ;230.0;BASICA         ;LINHA DE TRANSMISSÃO;AXIA SUL;LT  230 kV BIGUACU              / PALHOCA  ESU         C 1  SC;SCBIG-2PAL-1        ;2008-10-18;;2008-12-07;17.0;0.235;1.526;3.142;824.0;824.0;1013.0;1013.0;824.0;832.0;824.0;857.0;1013.0;1013.0;1013.0;1013.0;947;1034
S;SUL;S;SUL;SC;SANTA CATARINA;SC;SANTA CATARINA;BIGUACU;RATONES             ;230.0;BASICA         ;LINHA DE TRANSMISSÃO;IE BIGUAÇU;LT  230 kV BIGUACU              / RATONES              C 1  SC;SCBIG-2RTN-1        ;2022-08-28;;2022-12-21;28.6;0.302;1.389;79.2;1004.0;1004.0;1100.0;1100.0;1004.0;1124.0;1047.0;1173.0;1175.0;1249.0;1204.0;1291.0;947;9992
S;SUL;S;SUL;SC;SANTA CATARINA;SC;SANTA CATARINA;BIGUACU;RATONES             ;230.0;BASICA         ;LINHA DE TRANSMISSÃO;IE BIGUAÇU;LT  230 kV BIGUACU              / RATONES              C 2  SC;SCBIG-2RTN-2        ;2022-08-28;;2022-12-21;28.6;0.302;1.389;79.2;1004.0;1004.0;1100.0;1100.0;1004.0;1124.0;1047.0;1173.0;1175.0;1249.0;1204.0;1291.0;947;9992
S;SUL;S;SUL;SC;SANTA CATARINA;SC;SANTA CATARINA;BLUMENAU;GASPAR 2            ;230.0;BASICA         ;LINHA DE TRANSMISSÃO;AXIA SUL;LT  230 kV BLUMENAU             / GASPAR 2             C 1  SC;SCBLU-2GAS21        ;2015-03-18;;2015-03-10;14.48;0.384;1.469;2.597;609.0;609.0;767.0;767.0;609.0;609.0;609.0;609.0;767.0;767.0;767.0;767.0;939;9533
S;SUL;S;SUL;SC;SANTA CATARINA;SC;SANTA CATARINA;BLUMENAU;GASPAR 2            ;230.0;BASICA         ;LINHA DE TRANSMISSÃO;AXIA SUL;LT  230 kV BLUMENAU             / GASPAR 2             C 2  SC;SCBLU-2GPR22        ;2016-09-30;;2016-09-30;15.14;0.304;1.469;2.597;609.0;609.0;767.0;767.0;609.0;609.0;609.0;609.0;;;;;939;9533
S;SUL;S;SUL;SC;SANTA CATARINA;SC;SANTA CATARINA;BLUMENAU;ITAJAI              ;230.0;BASICA         ;LINHA DE TRANSMISSÃO;AXIA SUL;LT  230 kV BLUMENAU             / ITAJAI               C 1  SC;SCBLU-2ITJ-1        ;2002-01-13;;2008-11-15;36.0;0.6;2.844;8.326;878.0;878.0;878.0;878.0;878.0;878.0;878.0;878.0;878.0;878.0;878.0;878.0;939;991
S;SUL;S;SUL;SC;SANTA CATARINA;SC;SANTA CATARINA;BLUMENAU;ITAJAI              ;230.0;BASICA         ;LINHA DE TRANSMISSÃO;AXIA SUL;LT  230 kV BLUMENAU             / ITAJAI               C 2  SC;SCBLU-2ITJ-2        ;2002-03-24;;2008-11-15;36.0;0.601;2.841;8.326;878.0;878.0;878.0;878.0;878.0;878.0;878.0;878.0;878.0;878.0;878.0;878.0;939;991
S;SUL;S;SUL;SC;SANTA CATARINA;SC;SANTA CATARINA;BLUMENAU;J.LACERDA-B         ;230.0;BASICA         ;LINHA DE TRANSMISSÃO;ELETROSUL;LT  230 kV BLUMENAU             / J.LACERDA-B          C 1  SC;SCBLU-2JLB-1        ;1990-12-31;2008-11-24;;197.4;3.741;19.359;32.277;;;;;;;;;;;;;939;1010
S;SUL;S;SUL;SC;SANTA CATARINA;SC;SANTA CATARINA;BLUMENAU;JARAGUA DO SUL      ;230.0;BASICA         ;LINHA DE TRANSMISSÃO;AXIA SUL;LT  230 kV BLUMENAU             / JARAGUA DO SUL       C 1  SC;SCBLU-2JAS-2        ;2025-06-21;;2024-12-20;71.5;1.166;6.225;14.1;609.0;609.0;767.0;767.0;;;;;;;;;939;10087
S;SUL;S;SUL;SC;SANTA CATARINA;SC;SANTA CATARINA;BLUMENAU;JARAGUA DO SUL      ;230.0;BASICA         ;LINHA DE TRANSMISSÃO;AXIA SUL;LT  230 kV BLUMENAU             / JARAGUA DO SUL       C 2  SC;SCBLU-2JGSL1        ;2025-08-23;;2024-12-20;71.5;1.166;6.252;14.0;1635.0;1635.0;2135.0;2135.0;;;;;;;;;939;10087
S;SUL;S;SUL;SC;SANTA CATARINA;SC;SANTA CATARINA;BLUMENAU;JOINV.NORTE         ;230.0;BASICA         ;LINHA DE TRANSMISSÃO;AXIA SUL;LT  230 kV BLUMENAU             / JOINV.NORTE          C 1  SC;SCBLU-2JNO-1        ;2009-05-25;2025-06-21;2009-05-30;73.0;1.38;7.091;12.51;;;;;609.0;658.0;627.0;682.0;767.0;767.0;767.0;786.0;939;1020
S;SUL;S;SUL;SC;SANTA CATARINA;SC;SANTA CATARINA;BLUMENAU;JOINVILLE           ;230.0;BASICA         ;LINHA DE TRANSMISSÃO;AXIA SUL;LT  230 kV BLUMENAU             / JOINVILLE            C 1  SC;SCBLU-2JOI-1        ;1990-12-31;;;67.0;1.27;6.56;11.3;;;;;609.0;664.0;627.0;688.0;767.0;767.0;767.0;786.0;939;1015
S;SUL;S;SUL;SC;SANTA CATARINA;SC;SANTA CATARINA;BLUMENAU;JOINVILLE           ;230.0;BASICA         ;LINHA DE TRANSMISSÃO;ELETROSUL;LT  230 kV BLUMENAU             / JOINVILLE            C 2  SC;SCBLU-2JOI-2        ;1990-12-31;2009-05-25;;67.6;1.267;6.571;11.212;;;;;;;;;;;;;939;1015
S;SUL;S;SUL;SC;SANTA CATARINA;SC;SANTA CATARINA;BLUMENAU;PALHOCA  ESU        ;230.0;BASICA         ;LINHA DE TRANSMISSÃO;ELETROSUL;LT  230 kV BLUMENAU             / PALHOCA  ESU         C 1  SC;SCBLU-2PAL-1        ;1984-01-07;2016-09-30;;133.9;2.532;13.132;22.551;;;;;609.0;658.0;627.0;682.0;767.0;767.0;767.0;790.0;939;1034
S;SUL;S;SUL;SC;SANTA CATARINA;RS;RIO GRANDE DO SUL;C.NOVOS;L.VERMELHA 2        ;230.0;BASICA         ;LINHA DE TRANSMISSÃO;ETAU;LT  230 kV C.NOVOS              / L.VERMELHA 2         C 1  SC/RS;SCCNO-2LVE21RS      ;2005-07-24;2005-09-29;2005-07-31;84.0;0.98;7.27;19.923;;;;;;;;;;;;;956;1325
S;SUL;S;SUL;SC;SANTA CATARINA;SC;SANTA CATARINA;C.NOVOS;U.C NOVOS           ;230.0;COMPLEMENTAR   ;LINHA DE TRANSMISSÃO;ENERCAN;LT  230 kV C.NOVOS              / U.C NOVOS            C 1  SC;SCCNO-2UHCN1        ;2006-03-28;;2006-11-30;11.0;0.06;0.64;2.28;;;;;;;;;;;;;956;953
S;SUL;S;SUL;SC;SANTA CATARINA;SC;SANTA CATARINA;C.NOVOS;U.C NOVOS           ;230.0;COMPLEMENTAR   ;LINHA DE TRANSMISSÃO;ENERCAN;LT  230 kV C.NOVOS              / U.C NOVOS            C 2  SC;SCCNO-2UHCN2        ;2006-03-28;;2006-11-30;11.0;0.06;0.64;2.28;;;;;;;;;;;;;956;953
S;SUL;S;SUL;SC;SANTA CATARINA;SC;SANTA CATARINA;C.NOVOS;VIDEIRA             ;230.0;BASICA         ;LINHA DE TRANSMISSÃO;EVOLTZ VI;LT  230 kV C.NOVOS              / VIDEIRA              C 1  SC;SCCNO-2VID-1        ;2009-07-06;;2009-07-05;68.0;1.406;6.469;12.18;647.0;647.0;841.0;841.0;647.0;828.0;799.0;884.0;824.0;893.0;913.0;957.0;956;1074
S;SUL;S;SUL;SC;SANTA CATARINA;SC;SANTA CATARINA;C.NOVOS;VIDEIRA             ;230.0;BASICA         ;LINHA DE TRANSMISSÃO;EVOLTZ VI;LT  230 kV C.NOVOS              / VIDEIRA              C 2  SC;SCCNO-2VID-2        ;2009-07-06;;2009-07-05;68.0;1.406;6.469;12.18;647.0;647.0;841.0;841.0;647.0;828.0;799.0;884.0;824.0;893.0;913.0;957.0;956;1074
S;SUL;S;SUL;SC;SANTA CATARINA;PR;PARANA;CANOINHAS ESU;S.MATEUS SUL        ;230.0;BASICA         ;LINHA DE TRANSMISSÃO;AXIA SUL;LT  230 kV CANOINHAS ESU        / S.MATEUS SUL         C 1  SC/PR;SCCAN-2SMS-1PR      ;1990-12-31;;;48.0;0.98;4.71;8.077;650.0;650.0;819.0;819.0;650.0;683.0;660.0;715.0;819.0;819.0;819.0;819.0;943;834
S;SUL;S;SUL;SC;SANTA CATARINA;PR;PARANA;CANOINHAS ESU;S.MATEUS SUL        ;230.0;BASICA         ;LINHA DE TRANSMISSÃO;EVOLTZ IV;LT  230 kV CANOINHAS ESU        / S.MATEUS SUL         C 2  SC/PR;SCCAN-2SMS-2PR      ;2011-09-05;;2011-08-31;48.0;1.049;4.78;9.1;647.0;647.0;824.0;824.0;647.0;833.0;795.0;883.0;824.0;898.0;910.0;955.0;943;834
S;SUL;S;SUL;SC;SANTA CATARINA;SC;SANTA CATARINA;CHAPECOENSE;XANXERE ESU         ;230.0;BASICA         ;LINHA DE TRANSMISSÃO;AXIA SUL;LT  230 kV CHAPECOENSE          / XANXERE ESU          C 1  SC;SCCHSE2XAN-1        ;2026-07-26;;2026-09-10;3.3;0.385;2.619;10.1;1299.0;1299.0;1598.0;1598.0;;;;;;;;;10213;1069
S;SUL;S;SUL;SC;SANTA CATARINA;SC;SANTA CATARINA;CHAPECOENSE;XANXERE ESU         ;230.0;BASICA         ;LINHA DE TRANSMISSÃO;AXIA SUL;LT  230 kV CHAPECOENSE          / XANXERE ESU          C 2  SC;SCCHSE2XAN-2        ;2026-07-23;;2026-09-10;40.13;0.386;2.615;10.1;1299.0;1299.0;1598.0;1598.0;;;;;;;;;10213;1069
S;SUL;S;SUL;SC;SANTA CATARINA;RS;RIO GRANDE DO SUL;FORQUILHINHA;L.GRANDE            ;230.0;BASICA         ;LINHA DE TRANSMISSÃO;AXIA SUL;LT  230 kV FORQUILHINHA         / L.GRANDE             C 1  SC/RS;SCFHA-2LGR-1RS      ;2011-10-10;;2011-10-09;117.0;2.341;11.339;19.82;583.0;583.0;734.0;734.0;583.0;647.0;618.0;670.0;734.0;745.0;757.0;787.0;961;1163
S;SUL;S;SUL;SC;SANTA CATARINA;SC;SANTA CATARINA;FORQUILHINHA;SIDEROPOL.ESU       ;230.0;BASICA         ;LINHA DE TRANSMISSÃO;AXIA SUL;LT  230 kV FORQUILHINHA         / SIDEROPOL.ESU        C 1  SC;SCFHA-2SID-1        ;2011-10-10;;2011-10-09;28.0;0.554;2.642;4.78;583.0;583.0;734.0;734.0;583.0;647.0;618.0;670.0;734.0;745.0;757.0;787.0;961;1057
S;SUL;S;SUL;SC;SANTA CATARINA;SC;SANTA CATARINA;FORQUILHINHA;SIDEROPOLIS 2       ;230.0;BASICA         ;LINHA DE TRANSMISSÃO;EDP ALIANCA;LT  230 kV FORQUILHINHA         / SIDEROPOLIS 2        C 1  SC;SCFHA-2SID21        ;2021-06-13;;2022-08-11;27.7;0.357;2.536;5.014;860.0;860.0;1090.0;1090.0;;;;;;;;;961;1056
S;SUL;S;SUL;SC;SANTA CATARINA;SC;SANTA CATARINA;FORQUILHINHA;SIDEROPOLIS 2       ;230.0;BASICA         ;LINHA DE TRANSMISSÃO;LAGOA DOS PATOS;LT  230 kV FORQUILHINHA         / SIDEROPOLIS 2        C 2  SC;SCFHA-2SID22        ;2024-06-14;;2024-01-31;28.0;0.366;2.594;5.1;860.0;860.0;1090.0;1090.0;860.0;1025.0;918.0;1086.0;1090.0;1186.0;1127.0;1238.0;961;1056
S;SUL;S;SUL;SC;SANTA CATARINA;RS;RIO GRANDE DO SUL;FORQUILHINHA;TORRES 2            ;230.0;BASICA         ;LINHA DE TRANSMISSÃO;EDP LITORAL SUL;LT  230 kV FORQUILHINHA         / TORRES 2             C 1  SC/RS;SCFHA-2TOR21RS      ;2022-07-05;;2020-10-06;69.53;0.775;6.265;12.8;790.0;790.0;1190.0;1190.0;;;;;;;;;961;9693
S;SUL;S;SUL;SC;SANTA CATARINA;SC;SANTA CATARINA;GASPAR 2;INDAIAL             ;230.0;BASICA         ;LINHA DE TRANSMISSÃO;VALE DO ITAJAI;LT  230 kV GASPAR 2             / INDAIAL              C 1  SC;SCGAS22IND-1        ;2023-10-02;;2024-03-22;51.38;0.578;4.626;9.6;950.0;950.0;1125.0;1125.0;950.0;1157.0;1021.0;1224.0;1125.0;1276.0;1178.0;1334.0;9533;10094
S;SUL;S;SUL;SC;SANTA CATARINA;SC;SANTA CATARINA;GASPAR 2;INDAIAL             ;230.0;BASICA         ;LINHA DE TRANSMISSÃO;VALE DO ITAJAI;LT  230 kV GASPAR 2             / INDAIAL              C 2  SC;SCGAS22IND-2        ;2023-10-02;;2024-03-22;51.38;0.578;4.626;9.6;950.0;950.0;1125.0;1125.0;950.0;1157.0;1021.0;1224.0;1125.0;1276.0;1178.0;1334.0;9533;10094
S;SUL;S;SUL;SC;SANTA CATARINA;SC;SANTA CATARINA;GASPAR 2;PALHOCA  ESU        ;230.0;BASICA         ;LINHA DE TRANSMISSÃO;AXIA SUL;LT  230 kV GASPAR 2             / PALHOCA  ESU         C 1  SC;SCGPR22PAL-1        ;2016-09-30;;2016-09-30;114.06;2.505;12.1;21.16;609.0;609.0;767.0;767.0;609.0;609.0;609.0;609.0;;;;;9533;1034
S;SUL;S;SUL;SC;SANTA CATARINA;SC;SANTA CATARINA;INDAIAL;RIO DO SUL          ;230.0;BASICA         ;LINHA DE TRANSMISSÃO;VALE DO ITAJAI;LT  230 kV INDAIAL              / RIO DO SUL           C 1  SC;SCIND-2RSU-1        ;2023-10-02;;2024-03-22;52.64;0.592;4.739;9.8;950.0;950.0;1125.0;1125.0;950.0;1159.0;1024.0;1229.0;1125.0;1277.0;1180.0;1339.0;10094;949
S;SUL;S;SUL;SC;SANTA CATARINA;SC;SANTA CATARINA;INDAIAL;RIO DO SUL          ;230.0;BASICA         ;LINHA DE TRANSMISSÃO;VALE DO ITAJAI;LT  230 kV INDAIAL              / RIO DO SUL           C 2  SC;SCIND-2RSU-2        ;2023-10-02;;2024-03-22;52.64;0.592;4.739;9.8;950.0;950.0;1125.0;1125.0;950.0;1157.0;1021.0;1224.0;1125.0;1276.0;1178.0;1334.0;10094;949
S;SUL;S;SUL;SC;SANTA CATARINA;SC;SANTA CATARINA;ITA;PINHALZINHO 2       ;230.0;BASICA         ;LINHA DE TRANSMISSÃO;CPFL SUL I;LT  230 kV ITA                  / PINHALZINHO 2        C 1  SC;SCYTA-5PIN21        ;2023-02-01;;2022-09-30;105.0;1.268;6.881;24.7;1130.0;1130.0;1425.0;1425.0;1130.0;1371.0;1242.0;1452.0;1425.0;1572.0;1501.0;1639.0;10212;9840
S;SUL;S;SUL;SC;SANTA CATARINA;SC;SANTA CATARINA;ITA;PINHALZINHO 2       ;230.0;BASICA         ;LINHA DE TRANSMISSÃO;CPFL SUL I;LT  230 kV ITA                  / PINHALZINHO 2        C 2  SC;SCYTA-5PIN22        ;2023-02-01;;2022-09-30;105.0;1.273;6.865;24.8;1130.0;1130.0;1425.0;1425.0;1130.0;1371.0;1242.0;1452.0;1425.0;1572.0;1501.0;1639.0;10212;9840
S;SUL;S;SUL;SC;SANTA CATARINA;SC;SANTA CATARINA;ITA;XANXERE ESU         ;230.0;BASICA         ;LINHA DE TRANSMISSÃO;CPFL SUL I;LT  230 kV ITA                  / XANXERE ESU          C 1  SC;SCYTA-2XAN-1        ;2022-11-10;;2022-09-30;55.0;0.668;3.618;13.0;1130.0;1130.0;1425.0;1425.0;1130.0;1366.0;1240.0;1446.0;1425.0;1567.0;1499.0;1635.0;10212;1069
S;SUL;S;SUL;SC;SANTA CATARINA;SC;SANTA CATARINA;ITA;XANXERE ESU         ;230.0;BASICA         ;LINHA DE TRANSMISSÃO;CPFL SUL I;LT  230 kV ITA                  / XANXERE ESU          C 2  SC;SCYTA-2XAN-2        ;2022-11-10;;2022-09-20;55.0;0.671;3.61;13.0;1130.0;1130.0;1425.0;1425.0;1130.0;1366.0;1240.0;1446.0;1425.0;1567.0;1499.0;1635.0;10212;1069
S;SUL;S;SUL;SC;SANTA CATARINA;SC;SANTA CATARINA;ITAJAI 2;ITAJAI              ;230.0;BASICA         ;LINHA DE TRANSMISSÃO;VALE DO ITAJAI;LT  230 kV ITAJAI 2             / ITAJAI               C 1  SC;SCITJ22ITJ-1        ;2025-05-14;;2025-12-04;11.11;0.108;0.751;2.7;1175.0;1175.0;1480.0;1480.0;1175.0;1486.0;1295.0;1597.0;1480.0;1687.0;1563.0;1782.0;10070;991
S;SUL;S;SUL;SC;SANTA CATARINA;SC;SANTA CATARINA;ITAJAI 2;ITAJAI              ;230.0;BASICA         ;LINHA DE TRANSMISSÃO;VALE DO ITAJAI;LT  230 kV ITAJAI 2             / ITAJAI               C 2  SC;SCITJ22ITJ-2        ;2025-05-14;;2025-12-04;11.11;0.108;0.751;2.7;1175.0;1175.0;1480.0;1480.0;;;;;;;;;10070;991
S;SUL;S;SUL;SC;SANTA CATARINA;SC;SANTA CATARINA;J.LACERDA-A;J.LACERDA-B         ;230.0;BASICA         ;LINHA DE TRANSMISSÃO;AXIA SUL;LT  230 kV J.LACERDA-A          / J.LACERDA-B          C 1  SC;SCJLA-2JLB-1        ;1990-12-31;;2003-12-21;0.8;0.014;0.074;0.128;1079.0;960.0;1165.0;960.0;1079.0;1079.0;1079.0;1079.0;1165.0;1165.0;1165.0;1165.0;1006;1010
S;SUL;S;SUL;SC;SANTA CATARINA;SC;SANTA CATARINA;J.LACERDA-A;J.LACERDA-B         ;230.0;BASICA         ;LINHA DE TRANSMISSÃO;AXIA SUL;LT  230 kV J.LACERDA-A          / J.LACERDA-B          C 2  SC;SCJLA-2JLB-2        ;2007-10-31;;2007-10-30;0.8;0.014;0.074;0.128;675.0;675.0;831.0;831.0;675.0;695.0;682.0;722.0;831.0;831.0;831.0;831.0;1006;1010
S;SUL;S;SUL;SC;SANTA CATARINA;SC;SANTA CATARINA;J.LACERDA-A;PALHOCA  ESU        ;230.0;BASICA         ;LINHA DE TRANSMISSÃO;ELETROSUL;LT  230 kV J.LACERDA-A          / PALHOCA  ESU         C 2  SC;SCPAL-2JLA-2        ;1990-12-31;2005-08-29;;108.6;2.28;11.828;20.312;;;;;;;;;;;;;1006;1034
S;SUL;S;SUL;SC;SANTA CATARINA;SC;SANTA CATARINA;J.LACERDA-B;PALHOCA  ESU        ;230.0;BASICA         ;LINHA DE TRANSMISSÃO;AXIA SUL;LT  230 kV J.LACERDA-B          / PALHOCA  ESU         C 1  SC;SCPAL-2JLB-2        ;2005-08-29;;2005-10-31;120.6;2.403;11.617;20.28;609.0;609.0;767.0;767.0;609.0;652.0;627.0;676.0;767.0;767.0;767.0;787.0;1010;1034
S;SUL;S;SUL;SC;SANTA CATARINA;SC;SANTA CATARINA;J.LACERDA-B;SIDEROPOL.ESU       ;230.0;BASICA         ;LINHA DE TRANSMISSÃO;AXIA SUL;LT  230 kV J.LACERDA-B          / SIDEROPOL.ESU        C 1  SC;SCSID-2JLB-1        ;1990-12-31;;;49.4;0.992;4.836;8.36;609.0;609.0;767.0;767.0;609.0;652.0;627.0;676.0;767.0;767.0;767.0;787.0;1010;1057
S;SUL;S;SUL;SC;SANTA CATARINA;SC;SANTA CATARINA;J.LACERDA-B;SIDEROPOL.ESU       ;230.0;BASICA         ;LINHA DE TRANSMISSÃO;AXIA SUL;LT  230 kV J.LACERDA-B          / SIDEROPOL.ESU        C 2  SC;SCSID-2JLB-2        ;1990-12-31;;;47.3;0.935;4.556;8.004;609.0;609.0;767.0;767.0;609.0;652.0;627.0;676.0;767.0;767.0;767.0;787.0;1010;1057
S;SUL;S;SUL;SC;SANTA CATARINA;SC;SANTA CATARINA;J.LACERDA-B;SIDEROPOL.ESU       ;230.0;BASICA         ;LINHA DE TRANSMISSÃO;IE SUL;LT  230 kV J.LACERDA-B          / SIDEROPOL.ESU        C 3  SC;SCJLB-2SID-3        ;2012-08-18;2021-05-09;2012-07-31;47.11;0.63;4.3;8.548;;;;;755.0;1064.0;987.0;1113.0;950.0;1151.0;1143.0;1211.0;1010;1057
S;SUL;S;SUL;SC;SANTA CATARINA;SC;SANTA CATARINA;J.LACERDA-B;TUBARAO SUL         ;230.0;BASICA         ;LINHA DE TRANSMISSÃO;IE SUL;LT  230 kV J.LACERDA-B          / TUBARAO SUL          C 1  SC;SCJLB-2TSU-1        ;2021-05-10;;2020-06-27;21.3;0.277;1.941;3.9;755.0;755.0;950.0;950.0;;;;;;;;;1010;1063
S;SUL;S;SUL;SC;SANTA CATARINA;SC;SANTA CATARINA;JARAGUA DO SUL;JOINV.NORTE         ;230.0;BASICA         ;LINHA DE TRANSMISSÃO;AXIA SUL;LT  230 kV JARAGUA DO SUL       / JOINV.NORTE          C 1  SC;SCJGSL2JNO-1        ;2025-06-21;2026-06-26;2024-12-20;48.9;0.743;4.014;10.2;;;;;;;;;;;;;10087;1020
S;SUL;S;SUL;SC;SANTA CATARINA;SC;SANTA CATARINA;JARAGUA DO SUL;JOINVILLE           ;230.0;BASICA         ;LINHA DE TRANSMISSÃO;AXIA SUL;LT  230 kV JARAGUA DO SUL       / JOINVILLE            C 1  SC;SCJAS-2JOI-1        ;2025-08-23;2026-07-24;2024-12-20;43.6;0.612;3.51;9.3;;;;;;;;;;;;;10087;1015
S;SUL;S;SUL;SC;SANTA CATARINA;SC;SANTA CATARINA;JARAGUA DO SUL;JOINVILLE SUL       ;230.0;BASICA         ;LINHA DE TRANSMISSÃO;AXIA SUL;LT  230 kV JARAGUA DO SUL       / JOINVILLE SUL        C 1  SC;SCJAS-2JSU-1        ;2026-07-03;;2024-12-31;31.98;0.355;2.356;7.4;;;;;;;;;;;;;10087;10056
S;SUL;S;SUL;SC;SANTA CATARINA;SC;SANTA CATARINA;JARAGUA DO SUL;JOINVILLE SUL       ;230.0;BASICA         ;LINHA DE TRANSMISSÃO;AXIA SUL;LT  230 kV JARAGUA DO SUL       / JOINVILLE SUL        C 2  SC;SCJAS-2JSU-2        ;2026-07-24;;2024-12-31;32.18;0.359;2.352;7.4;;;;;;;;;;;;;10087;10056
S;SUL;S;SUL;SC;SANTA CATARINA;SC;SANTA CATARINA;JOINV.NORTE;JOINVILLE SUL       ;230.0;BASICA         ;LINHA DE TRANSMISSÃO;AXIA SUL;LT  230 kV JOINV.NORTE          / JOINVILLE SUL        C 1  SC;SCJNO-2JINS1        ;2026-07-03;;2024-03-22;18.3;0.391;1.752;3.2;;;;;;;;;;;;;1020;10056
S;SUL;S;SUL;SC;SANTA CATARINA;SC;SANTA CATARINA;JOINVILLE;JOINV.NORTE         ;230.0;BASICA         ;LINHA DE TRANSMISSÃO;AXIA SUL;LT  230 kV JOINVILLE            / JOINV.NORTE          C 1  SC;SCJOI-2JNO-1        ;2009-05-11;2026-07-31;2009-05-30;5.3;0.102;0.525;0.906;878.0;878.0;948.0;948.0;878.0;878.0;878.0;878.0;948.0;948.0;983.0;977.0;1015;1020
S;SUL;S;SUL;SC;SANTA CATARINA;SC;SANTA CATARINA;JOINVILLE;JOINVILLE SUL       ;230.0;BASICA         ;LINHA DE TRANSMISSÃO;AXIA SUL;LT  230 kV JOINVILLE            / JOINVILLE SUL        C 1  SC;SCJOI-2JINS1        ;2026-07-24;;2024-03-22;17.63;0.253;1.236;2.3;;;;;;;;;;;;;1015;10056
S;SUL;S;SUL;SC;SANTA CATARINA;SC;SANTA CATARINA;LAGES;RIO DO SUL          ;230.0;BASICA         ;LINHA DE TRANSMISSÃO;STC;LT  230 kV LAGES                / RIO DO SUL           C 1  SC;SCLAG-2RSU-1        ;2007-11-08;;2007-10-10;99.0;1.19;8.97;18.64;879.0;879.0;879.0;879.0;879.0;1173.0;1089.0;1235.0;879.0;1272.0;1264.0;1346.0;950;949
S;SUL;S;SUL;SC;SANTA CATARINA;SC;SANTA CATARINA;LAGES;RIO DO SUL          ;230.0;BASICA         ;LINHA DE TRANSMISSÃO;STC;LT  230 kV LAGES                / RIO DO SUL           C 2  SC;SCLAG-2RSU-2        ;2007-11-08;;2007-10-10;99.0;1.19;8.97;18.64;879.0;879.0;879.0;879.0;879.0;1173.0;1089.0;1235.0;879.0;1272.0;1264.0;1346.0;950;949
S;SUL;S;SUL;SC;SANTA CATARINA;RS;RIO GRANDE DO SUL;SIDEROPOL.ESU;L.GRANDE            ;230.0;BASICA         ;LINHA DE TRANSMISSÃO;ELETROSUL;LT  230 kV SIDEROPOL.ESU        / L.GRANDE             C 1  SC/RS;SCSID-2LGR-1RS      ;2003-09-27;2011-10-10;2003-08-31;121.9;2.32;11.95;20.582;;;;;;;;;;;;;1057;1163
S;SUL;S;SUL;SC;SANTA CATARINA;SC;SANTA CATARINA;SIDEROPOL.ESU;SIDEROPOLIS 2       ;230.0;BASICA         ;LINHA DE TRANSMISSÃO;EDP ALIANCA;LT  230 kV SIDEROPOL.ESU        / SIDEROPOLIS 2        C 1  SC;SCSID-2SID21        ;2022-02-18;;2022-08-11;7.5;0.046;0.409;1.5;1510.0;1510.0;1950.0;1950.0;;;;;;;;;1057;1056
S;SUL;S;SUL;SC;SANTA CATARINA;SC;SANTA CATARINA;SIDEROPOL.ESU;SIDEROPOLIS 2       ;230.0;BASICA         ;LINHA DE TRANSMISSÃO;EDP ALIANCA;LT  230 kV SIDEROPOL.ESU        / SIDEROPOLIS 2        C 2  SC;SCSID-2SID22        ;2022-02-18;;2022-08-11;7.5;0.045;0.409;1.5;1510.0;1510.0;1950.0;1950.0;;;;;;;;;1057;1056
S;SUL;S;SUL;SC;SANTA CATARINA;SC;SANTA CATARINA;SIDEROPOL.ESU;TUBARAO SUL         ;230.0;BASICA         ;LINHA DE TRANSMISSÃO;IE SUL;LT  230 kV SIDEROPOL.ESU        / TUBARAO SUL          C 1  SC;SCSID-2TSU-1        ;2021-05-10;;2020-06-27;36.3;0.471;3.306;6.6;755.0;755.0;950.0;950.0;;;;;;;;;1057;1063
NE;NORDESTE;NE;NORDESTE;SE;SERGIPE;BA;BAHIA;ITABAIANA;CATU                ;230.0;BASICA         ;LINHA DE TRANSMISSÃO;AXIA NORDESTE;LT  230 kV ITABAIANA            / CATU                 C L1 SE/BA (04L1);SEITB-2CTU-1BA      ;1990-12-31;2003-09-29;;297.5;4.03;22.02;36.48;;;;;;;;;;;;;5711;5782
NE;NORDESTE;NE;NORDESTE;SE;SERGIPE;SE;SERGIPE;ITABAIANA;ITABAIANINHA        ;230.0;BASICA         ;LINHA DE TRANSMISSÃO;AXIA NORDESTE;LT  230 kV ITABAIANA            / ITABAIANINHA         C C3 SE (04C3);SEITB-2ITH-1        ;2003-09-29;;2017-07-01;77.0;1.41;7.71;12.74;437.0;437.0;621.0;621.0;437.0;546.0;437.0;551.0;621.0;621.0;621.0;621.0;5711;5961
NE;NORDESTE;NE;NORDESTE;SE;SERGIPE;SE;SERGIPE;ITABAIANA;JARDIM              ;230.0;BASICA         ;LINHA DE TRANSMISSÃO;AXIA NORDESTE;LT  230 kV ITABAIANA            / JARDIM               C C1 SE (04C1);SEITB-2JDM-1        ;1990-12-31;;;44.0;0.79;4.04;7.58;631.0;631.0;795.0;795.0;631.0;663.0;631.0;663.0;795.0;873.0;807.0;826.0;5711;5721
NE;NORDESTE;NE;NORDESTE;SE;SERGIPE;SE;SERGIPE;ITABAIANA;JARDIM              ;230.0;BASICA         ;LINHA DE TRANSMISSÃO;AXIA NORDESTE;LT  230 kV ITABAIANA            / JARDIM               C C2 SE (04C2);SEITB-2JDM-2        ;1990-12-31;;;44.0;0.79;4.04;7.58;631.0;631.0;795.0;795.0;631.0;663.0;631.0;663.0;795.0;873.0;807.0;826.0;5711;5721
NE;NORDESTE;NE;NORDESTE;SE;SERGIPE;BA;BAHIA;ITABAIANINHA;CATU                ;230.0;BASICA         ;LINHA DE TRANSMISSÃO;AXIA NORDESTE;LT  230 kV ITABAIANINHA         / CATU                 C L1 SE/BA (04L1);SEITH-2CTU-1BA      ;2003-09-29;;2021-11-30;143.5;2.62;14.32;23.74;437.0;437.0;621.0;437.0;437.0;546.0;437.0;551.0;621.0;621.0;621.0;621.0;5961;5782
NE;NORDESTE;NE;NORDESTE;SE;SERGIPE;SE;SERGIPE;JARDIM;NSA.SRA.SOCORRO     ;230.0;BASICA         ;LINHA DE TRANSMISSÃO;AXIA NORDESTE;LT  230 kV JARDIM               / NSA.SRA.SOCORRO      C S1 SE (04S1);SEJDM-2NSC-1        ;2021-02-28;;2021-03-31;1.08;0.01;0.073;0.262;1600.0;1600.0;1885.0;1885.0;;;;;;;;;5721;5741
NE;NORDESTE;NE;NORDESTE;SE;SERGIPE;SE;SERGIPE;JARDIM;NSA.SRA.SOCORRO     ;230.0;BASICA         ;LINHA DE TRANSMISSÃO;AXIA NORDESTE;LT  230 kV JARDIM               / NSA.SRA.SOCORRO      C S2 SE (04S2);SEJDM-2NSC-2        ;2019-02-17;;2019-06-30;1.08;0.01;0.073;0.262;1600.0;1600.0;1885.0;1885.0;;;;;;;;;5721;5741
NE;NORDESTE;NE;NORDESTE;SE;SERGIPE;AL;ALAGOAS;JARDIM;PENEDO              ;230.0;BASICA         ;LINHA DE TRANSMISSÃO;AXIA NORDESTE;LT  230 kV JARDIM               / PENEDO               C S8 SE/AL (04S8);SEJDM-2PEN-1AL      ;2014-03-28;2019-02-17;2014-05-31;110.0;1.94;10.37;19.0;;;;;627.0;777.0;642.0;792.0;790.0;861.0;790.0;880.0;5721;5291
NE;NORDESTE;NE;NORDESTE;SE;SERGIPE;AL;ALAGOAS;NSA.SRA.SOCORRO;PENEDO              ;230.0;BASICA         ;LINHA DE TRANSMISSÃO;ETENE;LT  230 kV NSA.SRA.SOCORRO      / PENEDO               C S7 SE/AL (04S7);SENSC-2PEN-2AL      ;2021-01-08;;2021-08-11;109.5;2.077;10.31;19.104;630.0;630.0;790.0;790.0;;;;;;;;;5741;5291
NE;NORDESTE;NE;NORDESTE;SE;SERGIPE;AL;ALAGOAS;NSA.SRA.SOCORRO;PENEDO              ;230.0;BASICA         ;LINHA DE TRANSMISSÃO;AXIA NORDESTE;LT  230 kV NSA.SRA.SOCORRO      / PENEDO               C S8 SE/AL (04S8);SENSC-2PEN-1AL      ;2019-02-17;;2019-01-31;110.0;1.96;10.47;19.18;627.0;627.0;791.0;791.0;;;;;;;;;5741;5291
NE;NORDESTE;;;SE;SERGIPE;;;ITABAIANINHA;;230.0;BASICA         ;RAMAL DE LINHA;AXIA NORDESTE;RL  230 kV ITABAIANINHA         /   RITH C L1 SE (L1);SEITH-2DITH1        ;2003-06-06;2003-09-29;;0.1;0.0;0.01;0.0;;;;;;;;;;;;;5961;
SE;SUDESTE;SE;SUDESTE;SP;SAO PAULO;SP;SAO PAULO;ANHANGUERA;CENTRO-CTT          ;230.0;BASICA         ;LINHA DE TRANSMISSÃO;ISA ENERGIA BRASIL;LT  230 kV ANHANGUERA           / CENTRO-CTT           C 1  SP (2305);SPANH-2CTT-1        ;1990-12-31;;;6.139;0.0749;0.4362;1.42;814.0;814.0;1116.0;1116.0;814.0;968.0;912.0;1016.0;1116.0;1156.0;1156.0;1156.0;431;425
SE;SUDESTE;SE;SUDESTE;SP;SAO PAULO;SP;SAO PAULO;ANHANGUERA;CENTRO-CTT          ;230.0;BASICA         ;LINHA DE TRANSMISSÃO;ISA ENERGIA BRASIL;LT  230 kV ANHANGUERA           / CENTRO-CTT           C 2  SP (2306);SPANH-2CTT-2        ;1990-12-31;;;6.139;0.0749;0.4362;1.42;814.0;814.0;1116.0;1116.0;814.0;968.0;912.0;1016.0;1116.0;1156.0;1156.0;1156.0;431;425
SE;SUDESTE;SE;SUDESTE;SP;SAO PAULO;SP;SAO PAULO;ANHANGUERA;EDGARD SOUZA        ;230.0;BASICA         ;LINHA DE TRANSMISSÃO;ISA ENERGIA BRASIL;LT  230 kV ANHANGUERA           / EDGARD SOUZA         C 1  SP ();SPANH-2ESO-1        ;1990-12-31;;;15.2;0.184;1.0726;3.6;814.0;814.0;1116.0;1116.0;814.0;962.0;834.0;1010.0;1116.0;1156.0;1156.0;1156.0;431;410
SE;SUDESTE;SE;SUDESTE;SP;SAO PAULO;SP;SAO PAULO;ANHANGUERA;EDGARD SOUZA        ;230.0;BASICA         ;LINHA DE TRANSMISSÃO;ISA ENERGIA BRASIL;LT  230 kV ANHANGUERA           / EDGARD SOUZA         C 2  SP ();SPANH-2ESO-2        ;1990-12-31;2025-12-10;;15.2;0.184;1.0726;3.6;;;;;814.0;962.0;834.0;1010.0;1116.0;1156.0;1156.0;1156.0;431;410
SE;SUDESTE;SE;SUDESTE;SP;SAO PAULO;SP;SAO PAULO;ANHANGUERA;SCALA III           ;230.0;BASICA         ;LINHA DE TRANSMISSÃO;ISA ENERGIA BRASIL;LT  230 kV ANHANGUERA           / SCALA III            C 2  SP ();SPANH-2SLA32        ;2025-12-10;;2025-10-31;4.92;0.053;0.305;1.0;;;;;;;;;;;;;431;47385
SE;SUDESTE;SE;SUDESTE;SP;SAO PAULO;SP;SAO PAULO;ANHANGUERA;ANHANGUERA PR       ;230.0;BASICA         ;LINHA DE TRANSMISSÃO;ISA ENERGIA BRASIL;LT  230 kV ANHANGUERA   /ANHANGUERA PR C-1 SP;SPANH-2APR-1        ;1990-12-31;2007-07-29;;1.396;0.01;0.03;2.16;;;;;;;;;;;;;431;
SE;SUDESTE;SE;SUDESTE;SP;SAO PAULO;SP;SAO PAULO;ANHANGUERA PR;ANHANGUERA          ;230.0;BASICA         ;LINHA DE TRANSMISSÃO;ISA ENERGIA BRASIL;LT  230 kV ANHANGUERA PR        / ANHANGUERA           C 2  SP ();SPAPR-2ANH-2        ;2007-07-29;2007-07-29;;1.396;0.01;0.03;2.16;;;;;;;;;;;;;;431
SE;SUDESTE;SE;SUDESTE;SP;SAO PAULO;SP;SAO PAULO;ANHANGUERA V.;EDGARD SOUZA        ;230.0;BASICA         ;LINHA DE TRANSMISSÃO;ISA ENERGIA BRASIL;LT  230 kV ANHANGUERA V.        / EDGARD SOUZA         C 1  SP ();SPANH-2ESO-1-------1;1990-12-31;2007-07-29;;15.26;0.2;1.1;3.55;;;;;;;;;;;;;;410
SE;SUDESTE;SE;SUDESTE;SP;SAO PAULO;SP;SAO PAULO;ANHANGUERA V.;EDGARD SOUZA        ;230.0;BASICA         ;LINHA DE TRANSMISSÃO;ISA ENERGIA BRASIL;LT  230 kV ANHANGUERA V.        / EDGARD SOUZA         C 2  SP ();SPANH-2ESO-2-------1;1990-12-31;2007-07-29;;15.26;0.2;1.1;3.55;;;;;;;;;;;;;;410
SE;SUDESTE;SE;SUDESTE;SP;SAO PAULO;SP;SAO PAULO;ANHANGUERA V.;ANHANGUERA PR       ;230.0;BASICA         ;LINHA DE TRANSMISSÃO;ISA ENERGIA BRASIL;LT  230 kV ANHANGUERA V./ANHANGUERA PR C-1 SP;SPANH-2APR-1-------1;1990-12-31;2007-07-29;;1.396;0.01;0.03;2.16;;;;;;;;;;;;;;
SE;SUDESTE;SE;SUDESTE;SP;SAO PAULO;SP;SAO PAULO;ANHANGUERA V.;CENTRO-CTT          ;230.0;BASICA         ;LINHA DE TRANSMISSÃO;ISA ENERGIA BRASIL;LT  230 kV ANHANGUERA V./CENTRO-CTT    C-1 SP;SPANH-2CTT-1-------1;1990-12-31;2007-07-29;;6.139;0.08;0.44;1.42;;;;;;;;;;;;;;425
SE;SUDESTE;SE;SUDESTE;SP;SAO PAULO;SP;SAO PAULO;ANHANGUERA V.;CENTRO-CTT          ;230.0;BASICA         ;LINHA DE TRANSMISSÃO;ISA ENERGIA BRASIL;LT  230 kV ANHANGUERA V./CENTRO-CTT    C-2 SP;SPANH-2CTT-2-------1;1990-12-31;2007-07-29;;6.139;0.08;0.44;1.42;;;;;;;;;;;;;;425
SE;SUDESTE;SE;SUDESTE;SP;SAO PAULO;SP;SAO PAULO;APARECIDA;GV DO BRASIL        ;230.0;BASICA         ;LINHA DE TRANSMISSÃO;ISA ENERGIA BRASIL;LT  230 kV APARECIDA            / GV DO BRASIL         C 1  SP ();SPAPA-2GVB-1        ;2015-03-17;;2014-06-30;18.0;0.1882;1.2346;4.55;1722.0;1200.0;2023.0;1200.0;1722.0;1722.0;1722.0;1722.0;2300.0;2300.0;2300.0;2300.0;458;9123
SE;SUDESTE;SE;SUDESTE;SP;SAO PAULO;SP;SAO PAULO;APARECIDA;LORENA              ;230.0;BASICA         ;LINHA DE TRANSMISSÃO;ISA ENERGIA BRASIL;LT  230 kV APARECIDA            / LORENA               C 1  SP ();SPAPA-2LRN-1        ;2021-07-26;;2020-06-15;21.6;0.222;1.442;5.352;1722.0;1500.0;2023.0;1500.0;1722.0;1802.0;1722.0;1861.0;2023.0;2023.0;2023.0;2023.0;458;3384
SE;SUDESTE;SE;SUDESTE;SP;SAO PAULO;SP;SAO PAULO;APARECIDA;LORENA              ;230.0;BASICA         ;LINHA DE TRANSMISSÃO;ISA ENERGIA BRASIL;LT  230 kV APARECIDA            / LORENA               C 2  SP ();SPAPA-2LRN-2        ;2021-07-21;;2020-06-15;21.6;0.237;1.458;5.32;1722.0;1500.0;2023.0;1500.0;1722.0;1802.0;1722.0;1861.0;2023.0;2023.0;2023.0;2023.0;458;3384
SE;SUDESTE;SE;SUDESTE;SP;SAO PAULO;SP;SAO PAULO;APARECIDA;SANTA CABECA        ;230.0;BASICA         ;LINHA DE TRANSMISSÃO;ISA ENERGIA BRASIL;LT  230 kV APARECIDA            / SANTA CABECA         C 1  SP ();SPAPA-2SCA-1        ;1990-12-31;2021-07-26;2009-06-07;41.4;0.4234;2.7775;10.24;;;;;1722.0;1802.0;1722.0;1861.0;2023.0;2023.0;2023.0;2023.0;458;461
SE;SUDESTE;SE;SUDESTE;SP;SAO PAULO;SP;SAO PAULO;APARECIDA;SANTA CABECA        ;230.0;BASICA         ;LINHA DE TRANSMISSÃO;ISA ENERGIA BRASIL;LT  230 kV APARECIDA            / SANTA CABECA         C 2  SP ();SPAPA-2SCA-2        ;2021-03-15;2021-07-21;2021-02-20;41.4;0.431;2.794;10.2;;;;;;;;;;;;;458;461
SE;SUDESTE;SE;SUDESTE;SP;SAO PAULO;SP;SAO PAULO;APARECIDA;TAUBATE             ;230.0;BASICA         ;LINHA DE TRANSMISSÃO;ISA ENERGIA BRASIL;LT  230 kV APARECIDA            / TAUBATE              C 1  SP ();SPAPA-2TAU-2        ;1990-12-31;;2009-02-09;41.517;0.4236;2.7777;10.24;1722.0;1200.0;2023.0;1200.0;1722.0;1754.0;1722.0;1784.0;2023.0;2023.0;2023.0;2023.0;458;600
SE;SUDESTE;SE;SUDESTE;SP;SAO PAULO;SP;SAO PAULO;APARECIDA;TAUBATE             ;230.0;BASICA         ;LINHA DE TRANSMISSÃO;ISA ENERGIA BRASIL;LT  230 kV APARECIDA            / TAUBATE              C 2  SP ();SPAPA-2TAU-1        ;1990-12-31;2015-03-17;2009-02-14;41.5;0.42;2.78;10.27;;;;;1722.0;1754.0;1722.0;1784.0;2023.0;2023.0;2023.0;2023.0;458;600
SE;SUDESTE;SE;SUDESTE;SP;SAO PAULO;SP;SAO PAULO;ASSIS;CHAVANTES           ;230.0;BASICA         ;LINHA DE TRANSMISSÃO;ISA ENERGIA BRASIL;LT  230 kV ASSIS                / CHAVANTES            C 1  SP ();SPASS-2CHV-1        ;1990-12-31;2017-02-25;;85.8;1.06;6.09;19.82;;;;;816.0;936.0;834.0;998.0;1122.0;1146.0;1122.0;1122.0;551;615
SE;SUDESTE;S;SUL;SP;SAO PAULO;PR;PARANA;ASSIS;LONDRINA COT        ;230.0;BASICA         ;LINHA DE TRANSMISSÃO;AXIA SUL;LT  230 kV ASSIS                / LONDRINA COT         C 1  SP/PR;SPASS-2LNA-1PR      ;1990-12-31;;;115.6;1.503;8.232;27.2;703.0;703.0;999.0;999.0;703.0;893.0;747.0;970.0;999.0;1029.0;1010.0;1132.0;551;889
SE;SUDESTE;S;SUL;SP;SAO PAULO;PR;PARANA;ASSIS;LONDRINA COT        ;230.0;BASICA         ;LINHA DE TRANSMISSÃO;AXIA SUL;LT  230 kV ASSIS                / LONDRINA COT         C 2  SP/PR;SPASS-2LNA-2PR      ;2020-12-14;;2020-12-08;117.54;2.333;11.417;20.1;594.0;594.0;749.0;749.0;;;;;;;;;551;889
SE;SUDESTE;S;SUL;SP;SAO PAULO;PR;PARANA;ASSIS;MARINGA             ;230.0;BASICA         ;LINHA DE TRANSMISSÃO;ELETROSUL;LT  230 kV ASSIS                / MARINGA              C 1  SP/PR;SPASS-2MGA-1PR      ;1990-12-31;2005-05-24;;191.1;3.772;19.343;33.904;;;;;;;;;;;;;551;868
SE;SUDESTE;SE;SUDESTE;SP;SAO PAULO;SP;SAO PAULO;ASSIS;PAR.PAULISTA2       ;230.0;BASICA         ;LINHA DE TRANSMISSÃO;COPEL-GT;LT  230 kV ASSIS                / PAR.PAULISTA2        C 1  SP ();SPASS-2PAD-1        ;2016-01-24;;2016-01-24;41.577;0.78;3.91;7.372;865.0;865.0;1010.0;1010.0;865.0;865.0;865.0;865.0;1010.0;1010.0;1010.0;1010.0;551;667
SE;SUDESTE;SE;SUDESTE;SP;SAO PAULO;SP;SAO PAULO;ASSIS;PAR.PAULISTA2       ;230.0;BASICA         ;LINHA DE TRANSMISSÃO;COPEL-GT;LT  230 kV ASSIS                / PAR.PAULISTA2        C 2  SP ();SPASS-2PAD-2        ;2016-01-24;;2016-01-24;41.577;0.78;3.91;7.372;865.0;865.0;1010.0;1010.0;865.0;865.0;865.0;865.0;1010.0;1010.0;1010.0;1010.0;551;667
SE;SUDESTE;SE;SUDESTE;SP;SAO PAULO;SP;SAO PAULO;ASSIS;SALTO GRANDE SP     ;230.0;BASICA         ;LINHA DE TRANSMISSÃO;ISA ENERGIA BRASIL;LT  230 kV ASSIS                / SALTO GRANDE SP      C 1  SP ();SPASS-2SAG-1        ;2017-02-25;2019-09-07;2017-02-04;61.7;0.7606;4.3597;14.24;;;;;;;;;;;;;551;612
SE;SUDESTE;SE;SUDESTE;SP;SAO PAULO;SP;SAO PAULO;AVARE NOVA;BOTUCATU            ;230.0;BASICA         ;LINHA DE TRANSMISSÃO;ISA ENERGIA BRASIL;LT  230 kV AVARE NOVA           / BOTUCATU             C 1  SP ();SPAVN-2BOT-1        ;2003-11-30;;2003-11-01;52.55;0.6535;3.7315;12.02;816.0;800.0;1122.0;800.0;816.0;944.0;834.0;996.0;1122.0;1159.0;1159.0;1159.0;629;625
SE;SUDESTE;SE;SUDESTE;SP;SAO PAULO;SP;SAO PAULO;B. SANTISTA;CARBOCLORO          ;230.0;BASICA         ;LINHA DE TRANSMISSÃO;ISA ENERGIA BRASIL;LT  230 kV B. SANTISTA          / CARBOCLORO           C 1  SP ();SPBSA-2CCL-1        ;2004-11-23;;2004-10-01;1.5;0.0159;0.1415;0.49;1526.0;1526.0;1846.0;1600.0;1526.0;1624.0;1630.0;1676.0;1846.0;1923.0;1923.0;1923.0;472;477
SE;SUDESTE;SE;SUDESTE;SP;SAO PAULO;SP;SAO PAULO;B. SANTISTA;PBR CUBATAO         ;230.0;BASICA         ;LINHA DE TRANSMISSÃO;ISA ENERGIA BRASIL;LT  230 kV B. SANTISTA          / PBR CUBATAO          C 1  SP ();SPBSA-2CUB-1        ;2009-08-01;;2009-07-31;0.05;0.0301;0.2678;0.92;1526.0;1526.0;1846.0;1600.0;1526.0;1624.0;1630.0;1676.0;1846.0;1923.0;1923.0;1923.0;472;9104
SE;SUDESTE;SE;SUDESTE;SP;SAO PAULO;SP;SAO PAULO;BOTUCATU;CAPAO BONITO        ;230.0;BASICA         ;LINHA DE TRANSMISSÃO;ISA ENERGIA BRASIL;LT  230 kV BOTUCATU             / CAPAO BONITO         C 1  SP ();SPBOT-2CBO-1        ;1990-12-31;;;118.3;2.191;11.616;19.92;502.0;502.0;666.0;666.0;502.0;581.0;516.0;615.0;666.0;713.0;692.0;692.0;625;623
SE;SUDESTE;SE;SUDESTE;SP;SAO PAULO;SP;SAO PAULO;BOTUCATU;CERQUILHO III       ;230.0;BASICA         ;LINHA DE TRANSMISSÃO;ISA ENERGIA BRASIL;LT  230 kV BOTUCATU             / CERQUILHO III        C 1  SP ();SPBOT-2CEQ-1        ;2014-07-28;;2014-07-31;73.4;0.9067;5.201;17.01;816.0;800.0;1122.0;800.0;816.0;816.0;816.0;816.0;1122.0;1122.0;1122.0;1122.0;625;2035
SE;SUDESTE;SE;SUDESTE;SP;SAO PAULO;SP;SAO PAULO;BOTUCATU;TOYOTA              ;230.0;BASICA         ;LINHA DE TRANSMISSÃO;ISA ENERGIA BRASIL;LT  230 kV BOTUCATU             / TOYOTA               C 1  SP ();SPBOT-2TOY-1        ;2012-02-23;2014-07-28;2012-08-07;146.9;1.7708;10.091;33.51;;;;;816.0;918.0;832.0;980.0;1122.0;1159.0;1146.0;1146.0;625;412
SE;SUDESTE;SE;SUDESTE;SP;SAO PAULO;SP;SAO PAULO;BOTUCATU;EDGARD SOUZA        ;230.0;BASICA         ;LINHA DE TRANSMISSÃO;ISA ENERGIA BRASIL;LT  230 kV BOTUCATU     /EDGARD SOUZA  C-1 SP;SPBOT-2ESO-1        ;1990-12-31;2012-02-23;;169.8;2.13;12.22;39.78;;;;;;;;;;;;;625;410
SE;SUDESTE;SE;SUDESTE;SP;SAO PAULO;SP;SAO PAULO;CABREUVA;EDGARD SOUZA        ;230.0;BASICA         ;LINHA DE TRANSMISSÃO;ISA ENERGIA BRASIL;LT  230 kV CABREUVA             / EDGARD SOUZA         C 2  SP ();SPCAV-2ESO-2        ;1990-12-31;;;32.5;0.3032;2.2023;8.01;962.0;962.0;1332.0;1332.0;962.0;1106.0;986.0;1182.0;1332.0;1366.0;1366.0;1366.0;590;410
SE;SUDESTE;SE;SUDESTE;SP;SAO PAULO;SP;SAO PAULO;CABREUVA;EDGARD SOUZA        ;230.0;BASICA         ;LINHA DE TRANSMISSÃO;ISA ENERGIA BRASIL;LT  230 kV CABREUVA             / EDGARD SOUZA         C 3  SP ();SPCAV-2ESO-3        ;1990-12-31;;;32.5;0.3032;2.2023;8.01;962.0;962.0;1332.0;1250.0;962.0;1106.0;986.0;1182.0;1332.0;1366.0;1366.0;1366.0;590;410
SE;SUDESTE;SE;SUDESTE;SP;SAO PAULO;SP;SAO PAULO;CABREUVA;EDGARD SOUZA        ;230.0;BASICA         ;LINHA DE TRANSMISSÃO;ISA ENERGIA BRASIL;LT  230 kV CABREUVA             / EDGARD SOUZA         C 4  SP ();SPCAV-2ESO-4        ;1990-12-31;;;32.4;0.3032;2.2023;8.09;962.0;962.0;1332.0;1250.0;962.0;1106.0;986.0;1182.0;1332.0;1366.0;1366.0;1366.0;590;410
SE;SUDESTE;SE;SUDESTE;SP;SAO PAULO;SP;SAO PAULO;CABREUVA;EDGARD SOUZA        ;230.0;BASICA         ;LINHA DE TRANSMISSÃO;ISA ENERGIA BRASIL;LT  230 kV CABREUVA             / EDGARD SOUZA         C 5  SP ();SPCAV-2ESO-5        ;1990-12-31;;;32.461;0.3032;2.2023;8.09;962.0;962.0;1332.0;1332.0;962.0;1106.0;986.0;1182.0;1332.0;1366.0;1366.0;1366.0;590;410
SE;SUDESTE;SE;SUDESTE;SP;SAO PAULO;SP;SAO PAULO;CARBOCLORO;H.BORDEN SUB        ;230.0;BASICA         ;LINHA DE TRANSMISSÃO;ISA ENERGIA BRASIL;LT  230 kV CARBOCLORO           / H.BORDEN SUB         C 1  SP ();SPCCL-2HBS-1        ;2004-12-24;;2004-10-01;4.7;0.0365;0.3247;1.12;1526.0;1526.0;1846.0;1600.0;1526.0;1624.0;1564.0;1676.0;1846.0;1890.0;1846.0;1846.0;477;480
SE;SUDESTE;SE;SUDESTE;SP;SAO PAULO;SP;SAO PAULO;CENTRO-CTT;CENTRO-CTR          ;230.0;BASICA         ;LINHA DE TRANSMISSÃO;ISA ENERGIA BRASIL;LT  230 kV CENTRO-CTT           / CENTRO-CTR           C 1  SP (C.1);SPCTT-2CTR-1        ;1990-12-31;;;9.75;0.037;0.398;70.78;1180.0;1180.0;1180.0;1180.0;1180.0;1180.0;1180.0;1180.0;1180.0;1180.0;1180.0;1180.0;425;427
SE;SUDESTE;SE;SUDESTE;SP;SAO PAULO;SP;SAO PAULO;CENTRO-CTT;CENTRO-CTR          ;230.0;BASICA         ;LINHA DE TRANSMISSÃO;ISA ENERGIA BRASIL;LT  230 kV CENTRO-CTT           / CENTRO-CTR           C 2  SP (C.2);SPCTT-2CTR-2        ;1990-12-31;;;9.75;0.037;0.398;70.78;1180.0;1180.0;1180.0;1180.0;1180.0;1180.0;1180.0;1180.0;1180.0;1180.0;1180.0;1180.0;425;427
SE;SUDESTE;SE;SUDESTE;SP;SAO PAULO;SP;SAO PAULO;CERQUILHO III;TOYOTA              ;230.0;BASICA         ;LINHA DE TRANSMISSÃO;ISA ENERGIA BRASIL;LT  230 kV CERQUILHO III        / TOYOTA               C 1  SP ();SPCEQ-2TOY-1        ;2014-07-28;;2014-07-31;74.3;0.9292;5.247;17.34;816.0;816.0;1122.0;1122.0;816.0;816.0;816.0;816.0;1122.0;1122.0;1122.0;1122.0;2035;412
SE;SUDESTE;SE;SUDESTE;SP;SAO PAULO;SP;SAO PAULO;CHAVANTES;BOTUCATU            ;230.0;BASICA         ;LINHA DE TRANSMISSÃO;ISA ENERGIA BRASIL;LT  230 kV CHAVANTES            / BOTUCATU             C 3  SP ();SPCHV-2BOT-1        ;1990-12-31;;;136.9;2.5201;13.339;22.86;502.0;502.0;666.0;666.0;502.0;577.0;519.0;616.0;666.0;692.0;672.0;672.0;615;625
SE;SUDESTE;SE;SUDESTE;SP;SAO PAULO;SP;SAO PAULO;CHAVANTES;BOTUCATU            ;230.0;BASICA         ;LINHA DE TRANSMISSÃO;IE JAGUAR 6;LT  230 kV CHAVANTES            / BOTUCATU             C 4  SP ();SPCHV-2BOT-2        ;2004-11-19;;2004-09-30;137.0;1.8356;9.6929;31.37;1438.0;1438.0;1686.0;1686.0;1438.0;1456.0;1438.0;1506.0;1686.0;1686.0;1686.0;1687.0;615;625
SE;SUDESTE;SE;SUDESTE;SP;SAO PAULO;SP;SAO PAULO;CHAVANTES;JURUMIRIM           ;230.0;BASICA         ;LINHA DE TRANSMISSÃO;ISA ENERGIA BRASIL;LT  230 kV CHAVANTES            / JURUMIRIM            C 1  SP ();SPCHV-2JUR-1        ;1985-01-01;2002-08-30;;57.78;0.68;3.91;12.72;;;;;;;;;;;;;615;618
SE;SUDESTE;SE;SUDESTE;SP;SAO PAULO;SP;SAO PAULO;CHAVANTES;PIRAJU              ;230.0;BASICA         ;LINHA DE TRANSMISSÃO;ISA ENERGIA BRASIL;LT  230 kV CHAVANTES            / PIRAJU               C 1  SP ();SPCHV-2PJU-1        ;2002-08-05;;2002-10-31;38.0;0.5173;2.9551;9.16;816.0;800.0;1122.0;1122.0;816.0;936.0;834.0;998.0;1122.0;1149.0;1130.0;1130.0;615;641
SE;SUDESTE;SE;SUDESTE;SP;SAO PAULO;SP;SAO PAULO;CHAVANTES;SALTO GRANDE SP     ;230.0;BASICA         ;LINHA DE TRANSMISSÃO;ISA ENERGIA BRASIL;LT  230 kV CHAVANTES            / SALTO GRANDE SP      C 1  SP ();SPCHV-2SAG-1        ;2017-02-25;;2017-02-04;44.5;0.5617;3.1248;10.41;816.0;800.0;1122.0;1040.0;;;;;;;;;615;612
SE;SUDESTE;SE;SUDESTE;SP;SAO PAULO;SP;SAO PAULO;EDGARD SOUZA;PIRITUBA            ;230.0;BASICA         ;LINHA DE TRANSMISSÃO;ISA ENERGIA BRASIL;LT  230 kV EDGARD SOUZA         / PIRITUBA             C 1  SP ();SPESO-2PRI-1        ;1990-12-31;;;20.5;0.2851;1.5085;4.93;1438.0;1438.0;1684.0;1500.0;1438.0;1438.0;1446.0;1438.0;1684.0;1684.0;1684.0;1684.0;410;421
SE;SUDESTE;SE;SUDESTE;SP;SAO PAULO;SP;SAO PAULO;EDGARD SOUZA;PIRITUBA            ;230.0;BASICA         ;LINHA DE TRANSMISSÃO;ISA ENERGIA BRASIL;LT  230 kV EDGARD SOUZA         / PIRITUBA             C 2  SP ();SPESO-2PRI-2        ;1990-12-31;;;20.5;0.2851;1.5085;4.93;1438.0;1438.0;1684.0;1500.0;1438.0;1438.0;1446.0;1438.0;1684.0;1684.0;1684.0;1684.0;410;421
SE;SUDESTE;SE;SUDESTE;SP;SAO PAULO;SP;SAO PAULO;EDGARD SOUZA;SCALA III           ;230.0;BASICA         ;LINHA DE TRANSMISSÃO;ISA ENERGIA BRASIL;LT  230 kV EDGARD SOUZA         / SCALA III            C 2  SP ();SPESO-2SLA32        ;2025-12-10;;2025-10-31;12.03;0.144;0.833;2.7;;;;;;;;;;;;;410;47385
SE;SUDESTE;SE;SUDESTE;SP;SAO PAULO;SP;SAO PAULO;EDGARD SOUZA;TOYOTA              ;230.0;BASICA         ;LINHA DE TRANSMISSÃO;ISA ENERGIA BRASIL;LT  230 kV EDGARD SOUZA         / TOYOTA               C 1  SP ();SPESO-2TOY-1        ;2012-02-23;;2012-08-07;66.3;0.833;4.694;15.54;816.0;816.0;1122.0;1122.0;816.0;918.0;832.0;980.0;1122.0;1159.0;1159.0;1159.0;410;412
SE;SUDESTE;SE;SUDESTE;SP;SAO PAULO;SP;SAO PAULO;GV DO BRASIL;TAUBATE             ;230.0;BASICA         ;LINHA DE TRANSMISSÃO;ISA ENERGIA BRASIL;LT  230 kV GV DO BRASIL         / TAUBATE              C 1  SP ();SPGVB-2TAU-1        ;2015-03-17;;2014-06-30;25.0;0.2619;1.7176;6.33;1722.0;1722.0;2023.0;2000.0;1722.0;1722.0;1722.0;1722.0;2023.0;2023.0;2023.0;2023.0;9123;600
SE;SUDESTE;SE;SUDESTE;SP;SAO PAULO;SP;SAO PAULO;H.BORDEN EXT;H.BORDEN SUB        ;230.0;COMPLEMENTAR   ;LINHA DE TRANSMISSÃO;EMAE;LT  230 kV H.BORDEN EXT         / H.BORDEN SUB         C 1  SP ();SPHBE-2HBS-1        ;1990-12-31;;;0.72;0.01;0.08;0.0;;;;;;;;;;;;;41824;480
SE;SUDESTE;SE;SUDESTE;SP;SAO PAULO;SP;SAO PAULO;H.BORDEN SUB;MANOE.NOBREGA       ;230.0;BASICA         ;LINHA DE TRANSMISSÃO;ELTE;LT  230 kV H.BORDEN SUB         / MANOE.NOBREGA        C 1  SP ();SPHBS-2MNN-1        ;2024-05-01;;2020-09-05;20.0;0.158;1.069;4.114;1720.0;1720.0;2020.0;2020.0;;;;;;;;;480;416
SE;SUDESTE;SE;SUDESTE;SP;SAO PAULO;SP;SAO PAULO;H.BORDEN SUB;MANOE.NOBREGA       ;230.0;BASICA         ;LINHA DE TRANSMISSÃO;ELTE;LT  230 kV H.BORDEN SUB         / MANOE.NOBREGA        C 2  SP (LT6-01);SPHBS-2MNN-2        ;2024-05-01;;2020-09-05;20.0;0.158;1.069;4.114;1720.0;1720.0;2020.0;2020.0;;;;;;;;;480;416
SE;SUDESTE;SE;SUDESTE;SP;SAO PAULO;SP;SAO PAULO;H.BORDEN SUB;PBR CUBATAO         ;230.0;BASICA         ;LINHA DE TRANSMISSÃO;ISA ENERGIA BRASIL;LT  230 kV H.BORDEN SUB         / PBR CUBATAO          C 1  SP ();SPHBS-2CUB-1        ;2009-08-04;;2009-07-31;5.0;0.0206;0.1832;0.63;1526.0;1526.0;1846.0;1600.0;1526.0;1624.0;1564.0;1676.0;1846.0;1890.0;1846.0;1846.0;480;9104
SE;SUDESTE;SE;SUDESTE;SP;SAO PAULO;SP;SAO PAULO;H.BORDEN SUB;PIRATININGA         ;230.0;BASICA         ;LINHA DE TRANSMISSÃO;ISA ENERGIA BRASIL;LT  230 kV H.BORDEN SUB         / PIRATININGA          C 1  SP ();SPHBS-2PIR-1        ;1990-12-31;;;33.0;0.6109;3.324;5.45;666.0;666.0;803.0;803.0;666.0;702.0;703.0;723.0;803.0;838.0;816.0;816.0;480;484
SE;SUDESTE;SE;SUDESTE;SP;SAO PAULO;SP;SAO PAULO;H.BORDEN SUB;B. SANTISTA         ;230.0;BASICA         ;LINHA DE TRANSMISSÃO;ISA ENERGIA BRASIL;LT  230 kV H.BORDEN SUB /B. SANTISTA   C-6 SP;SPHBS-2BSA-1        ;1990-12-31;2004-11-23;;6.318;0.05;0.43;1.318;;;;;;;;;;;;;480;472
SE;SUDESTE;SE;SUDESTE;SP;SAO PAULO;SP;SAO PAULO;H.BORDEN SUB;B. SANTISTA         ;230.0;BASICA         ;LINHA DE TRANSMISSÃO;ISA ENERGIA BRASIL;LT  230 kV H.BORDEN SUB /B. SANTISTA   C-7 SP;SPHBS-2BSA-2        ;1990-12-31;2009-08-01;;6.318;0.042;0.385;1.318;;;;;;;;;;;;;480;472
SE;SUDESTE;SE;SUDESTE;SP;SAO PAULO;SP;SAO PAULO;ITAPETI;MOGI                ;230.0;BASICA         ;LINHA DE TRANSMISSÃO;ISA ENERGIA BRASIL;LT  230 kV ITAPETI              / MOGI                 C 1  SP ();SPITE-2MGI-1        ;1990-12-31;;;5.0;0.0133;0.0872;0.32;1722.0;1200.0;2023.0;1200.0;1722.0;1722.0;1753.0;1722.0;2023.0;2023.0;2023.0;2023.0;448;446
SE;SUDESTE;SE;SUDESTE;SP;SAO PAULO;SP;SAO PAULO;ITAPETI;MOGI CRUZES         ;230.0;BASICA         ;LINHA DE TRANSMISSÃO;ISA ENERGIA BRASIL;LT  230 kV ITAPETI              / MOGI CRUZES          C 3  SP ();SPITE-2STMO1        ;2012-08-23;;2012-08-30;5.2;0.051;0.336;1.23;1722.0;1722.0;2023.0;2000.0;1722.0;1722.0;1735.0;1722.0;2023.0;2023.0;2023.0;2023.0;448;161
SE;SUDESTE;SE;SUDESTE;SP;SAO PAULO;SP;SAO PAULO;ITAPETI;S.JOSE CAMPOS       ;230.0;BASICA         ;LINHA DE TRANSMISSÃO;ISA ENERGIA BRASIL;LT  230 kV ITAPETI              / S.JOSE CAMPOS        C 1  SP ();SPITE-2SJC-1        ;2012-08-22;;2012-08-30;50.5;0.5101;3.3487;12.31;1722.0;1600.0;2023.0;1600.0;1722.0;1780.0;1722.0;1822.0;2023.0;2023.0;2023.0;2023.0;448;454
SE;SUDESTE;SE;SUDESTE;SP;SAO PAULO;SP;SAO PAULO;ITARARE II;CAPAO BONITO        ;230.0;BASICA         ;LINHA DE TRANSMISSÃO;COX TRANSMISSORA 1;LT  230 kV ITARARE II           / CAPAO BONITO         C 1  SP ();SPITR22CBO-1        ;2026-06-30;;2028-06-30;104.0;2.42;9.998;18.1;630.0;630.0;890.0;890.0;630.0;779.0;669.0;822.0;890.0;959.0;908.0;991.0;627;623
SE;SUDESTE;S;SUL;SP;SAO PAULO;PR;PARANA;ITARARE II;JAGUARIAIVA         ;230.0;BASICA         ;LINHA DE TRANSMISSÃO;EVOLTZ V;LT  230 kV ITARARE II           / JAGUARIAIVA          C 1  SP/PR ();SPITR22JGI-1PR      ;2010-11-30;;2010-11-30;44.0;0.895;4.092;7.691;756.0;756.0;901.0;901.0;756.0;907.0;874.0;946.0;901.0;980.0;984.0;1021.0;627;827
SE;SUDESTE;SE;SUDESTE;SP;SAO PAULO;SP;SAO PAULO;JURUMIRIM;AVARE NOVA          ;230.0;BASICA         ;LINHA DE TRANSMISSÃO;ISA ENERGIA BRASIL;LT  230 kV JURUMIRIM            / AVARE NOVA           C 1  SP ();SPJUR-2AVN-1        ;2003-11-30;;2003-11-01;35.8;0.4428;2.5327;8.26;816.0;800.0;1122.0;800.0;816.0;938.0;914.0;1002.0;1122.0;1159.0;1157.0;1157.0;618;629
SE;SUDESTE;SE;SUDESTE;SP;SAO PAULO;SP;SAO PAULO;JURUMIRIM;PIRAJU              ;230.0;BASICA         ;LINHA DE TRANSMISSÃO;ISA ENERGIA BRASIL;LT  230 kV JURUMIRIM            / PIRAJU               C 1  SP ();SPJUR-2PJU-1        ;2002-08-05;;2002-10-31;19.7;0.2846;1.6211;4.92;816.0;816.0;1122.0;1122.0;816.0;940.0;891.0;1006.0;1122.0;1159.0;1137.0;1137.0;618;641
SE;SUDESTE;SE;SUDESTE;SP;SAO PAULO;SP;SAO PAULO;JURUMIRIM;BOTUCATU            ;230.0;BASICA         ;LINHA DE TRANSMISSÃO;ISA ENERGIA BRASIL;LT  230 kV JURUMIRIM    /BOTUCATU      C-1 SP;SPJUR-2BOT-1        ;1990-12-31;2003-11-30;;88.06;1.08;6.23;20.31;;;;;;;;;;;;;618;625
SE;SUDESTE;SE;SUDESTE;SP;SAO PAULO;SP;SAO PAULO;LORENA;SANTA CABECA        ;230.0;BASICA         ;LINHA DE TRANSMISSÃO;ISA ENERGIA BRASIL;LT  230 kV LORENA               / SANTA CABECA         C 1  SP ();SPLRN-2SCA-1        ;2021-07-26;;2020-06-15;20.8;0.2134;1.3889;5.1537;1722.0;1722.0;2023.0;2023.0;1722.0;1802.0;1722.0;1861.0;2023.0;2023.0;2023.0;2023.0;3384;461
SE;SUDESTE;SE;SUDESTE;SP;SAO PAULO;SP;SAO PAULO;LORENA;SANTA CABECA        ;230.0;BASICA         ;LINHA DE TRANSMISSÃO;ISA ENERGIA BRASIL;LT  230 kV LORENA               / SANTA CABECA         C 2  SP ();SPLRN-2SCA-2        ;2021-07-21;;2020-06-15;20.8;0.219;1.404;5.123;1722.0;1722.0;2023.0;2023.0;1722.0;1802.0;1722.0;1861.0;2023.0;2023.0;2023.0;2023.0;3384;461
SE;SUDESTE;SE;SUDESTE;SP;SAO PAULO;SP;SAO PAULO;MOGI;MOGI CRUZES         ;230.0;BASICA         ;LINHA DE TRANSMISSÃO;ISA ENERGIA BRASIL;LT  230 kV MOGI                 / MOGI CRUZES          C 1  SP ();SPMGI-2STMO1        ;1990-12-31;;2008-08-10;5.699;0.0581;0.3825;1.41;1722.0;1200.0;2023.0;1440.0;1722.0;1802.0;1722.0;1844.0;2023.0;2023.0;2023.0;2023.0;446;161
SE;SUDESTE;SE;SUDESTE;SP;SAO PAULO;MS;MATO GROSSO DO SUL;N.P.PRIMAVERA;DOURADOS            ;230.0;BASICA         ;LINHA DE TRANSMISSÃO;PORTO PRIMAVERA;LT  230 kV N.P.PRIMAVERA        / DOURADOS             C 1  SP/MS;SPPPR-2DOU-1MS      ;2006-10-17;2011-01-28;2006-10-07;213.0;1.72;13.96;55.1;;;;;;;;;;;;;545;1086
SE;SUDESTE;SE;SUDESTE;SP;SAO PAULO;MS;MATO GROSSO DO SUL;N.P.PRIMAVERA;IMBIRUSSU           ;230.0;BASICA         ;LINHA DE TRANSMISSÃO;PORTO PRIMAVERA;LT  230 kV N.P.PRIMAVERA        / IMBIRUSSU            C 1  SP/MS;SPPPR-2CGI-1MS      ;2006-10-17;2010-11-16;2006-10-07;293.0;2.26;18.48;74.0;;;;;;;;;;;;;545;1889
SE;SUDESTE;SE;SUDESTE;SP;SAO PAULO;MS;MATO GROSSO DO SUL;N.P.PRIMAVERA;RIO BRILHANTE       ;230.0;BASICA         ;LINHA DE TRANSMISSÃO;PORTO PRIMAVERA;LT  230 kV N.P.PRIMAVERA        / RIO BRILHANTE        C 1  SP/MS;SPNPP-2RBE-1MS      ;2010-11-16;;2010-11-07;139.0;1.103;9.336;35.77;1680.0;1680.0;1680.0;1680.0;1680.0;1925.0;1816.0;2017.0;1680.0;2117.0;2116.0;2213.0;545;1087
SE;SUDESTE;SE;SUDESTE;SP;SAO PAULO;MS;MATO GROSSO DO SUL;N.P.PRIMAVERA;RIO BRILHANTE       ;230.0;BASICA         ;LINHA DE TRANSMISSÃO;DOURADOS;LT  230 kV N.P.PRIMAVERA        / RIO BRILHANTE        C 2  SP/MS;SPNPP-2RBE-2MS      ;2020-07-21;;2020-06-01;137.0;1.119;9.612;36.94;1680.0;1680.0;2065.0;2065.0;;;;;;;;;545;1087
SE;SUDESTE;SE;SUDESTE;SP;SAO PAULO;SP;SAO PAULO;N.P.PRIMAVERA;ROSANA              ;230.0;BASICA         ;LINHA DE TRANSMISSÃO;IE TIBAGI;LT  230 kV N.P.PRIMAVERA        / ROSANA               C 1  SP ();SPNPP-2ROS-1        ;2020-12-03;;2020-10-01;18.2;0.11;1.188;3.949;1240.0;1240.0;1550.0;1550.0;;;;;;;;;545;423
SE;SUDESTE;SE;SUDESTE;SP;SAO PAULO;SP;SAO PAULO;N.P.PRIMAVERA;ROSANA              ;230.0;BASICA         ;LINHA DE TRANSMISSÃO;IE TIBAGI;LT  230 kV N.P.PRIMAVERA        / ROSANA               C 2  SP ();SPNPP-2ROS-2        ;2020-12-03;;2020-10-01;18.2;0.11;1.188;3.949;1240.0;1240.0;1550.0;1550.0;;;;;;;;;545;423
SE;SUDESTE;SE;SUDESTE;SP;SAO PAULO;SP;SAO PAULO;NOV.PIRATININGA;PIRATININGA         ;230.0;COMPLEMENTAR   ;LINHA DE TRANSMISSÃO;PETROBRAS;LT  230 kV NOV.PIRATININGA      / PIRATININGA          C 1  SP ();SPNPI-2PIR-1        ;2002-04-23;;;0.01;0.01;0.01;0.0;;;;;;;;;;;;;90586;484
SE;SUDESTE;SE;SUDESTE;SP;SAO PAULO;SP;SAO PAULO;NOV.PIRATININGA;PIRATININGA         ;230.0;COMPLEMENTAR   ;LINHA DE TRANSMISSÃO;PETROBRAS;LT  230 kV NOV.PIRATININGA      / PIRATININGA          C 2  SP ();SPNPI-2PIR-2        ;2002-07-22;;;0.01;0.01;0.01;0.0;;;;;;;;;;;;;90587;484
SE;SUDESTE;SE;SUDESTE;SP;SAO PAULO;SP;SAO PAULO;PIRATININGA;INTERLAGOS          ;230.0;BASICA         ;LINHA DE TRANSMISSÃO;ISA ENERGIA BRASIL;LT  230 kV PIRATININGA          / INTERLAGOS           C 1  SP ();SPPIR-2INT-1        ;1990-12-31;;;1.5;0.0139;0.103;0.41;962.0;962.0;1332.0;1200.0;962.0;1180.0;1094.0;1236.0;1332.0;1366.0;1366.0;1366.0;484;489
SE;SUDESTE;SE;SUDESTE;SP;SAO PAULO;SP;SAO PAULO;PIRATININGA;INTERLAGOS          ;230.0;BASICA         ;LINHA DE TRANSMISSÃO;ISA ENERGIA BRASIL;LT  230 kV PIRATININGA          / INTERLAGOS           C 2  SP ();SPPIR-2INT-2        ;1990-12-31;;;1.5;0.0139;0.103;0.41;962.0;962.0;1332.0;1200.0;962.0;1180.0;1094.0;1236.0;1332.0;1366.0;1366.0;1366.0;484;490
SE;SUDESTE;SE;SUDESTE;SP;SAO PAULO;SP;SAO PAULO;S.JOSE CAMPOS;MOGI CRUZES         ;230.0;BASICA         ;LINHA DE TRANSMISSÃO;ISA ENERGIA BRASIL;LT  230 kV S.JOSE CAMPOS        / MOGI CRUZES          C 1  SP ();SPSJC-2STMO1        ;1990-12-31;2012-08-23;2009-03-22;54.3;0.51;3.75;11.2;;;;;;;;;;;;;454;161
SE;SUDESTE;SE;SUDESTE;SP;SAO PAULO;SP;SAO PAULO;S.JOSE CAMPOS;MOGI CRUZES         ;230.0;BASICA         ;LINHA DE TRANSMISSÃO;ISA ENERGIA BRASIL;LT  230 kV S.JOSE CAMPOS        / MOGI CRUZES          C 2  SP ();SPSJC-2STMO2        ;1990-12-31;;2009-11-08;49.9;0.5097;3.7346;10.96;1722.0;1600.0;2023.0;1600.0;1722.0;1722.0;1722.0;1722.0;2023.0;2023.0;2023.0;2023.0;454;161
SE;SUDESTE;SE;SUDESTE;SP;SAO PAULO;SP;SAO PAULO;S.JOSE CAMPOS;TAUBATE             ;230.0;BASICA         ;LINHA DE TRANSMISSÃO;ISA ENERGIA BRASIL;LT  230 kV S.JOSE CAMPOS        / TAUBATE              C 1  SP ();SPSJC-2TAU-1        ;1990-12-31;;2009-01-11;35.1;0.362;2.589;7.94;1722.0;1600.0;2023.0;1600.0;1722.0;1722.0;1722.0;1722.0;2023.0;2023.0;2023.0;2023.0;454;600
SE;SUDESTE;SE;SUDESTE;SP;SAO PAULO;SP;SAO PAULO;U.PIRATININGA;PIRATININGA         ;230.0;COMPLEMENTAR   ;LINHA DE TRANSMISSÃO;BSE;LT  230 kV U.PIRATININGA/PIRATININGA   C-1 SP;SPPI--2PIR-1        ;1990-12-31;;;0.01;0.0;0.01;0.0;;;;;;;;;;;;;90599;484
SE;SUDESTE;SE;SUDESTE;SP;SAO PAULO;SP;SAO PAULO;U.PIRATININGA;PIRATININGA         ;230.0;COMPLEMENTAR   ;LINHA DE TRANSMISSÃO;BSE;LT  230 kV U.PIRATININGA/PIRATININGA   C-2 SP;SPPI--2PIR-2        ;1990-12-31;;;0.01;0.0;0.01;0.0;;;;;;;;;;;;;90599;484
SE;SUDESTE;;;SP;SAO PAULO;;;QUADRADO MOGI;;230.0;BASICA         ;RAMAL DE LINHA;ISA ENERGIA BRASIL;RL  230 kV QUADRADO MOGI C-1 LT ITAPETI      /MOGI          C-1 SP;SPQMGI2DMG21        ;1990-12-31;2012-05-28;;0.579;0.75999;5.01999;8.21;;;;;;;;;;;;;450;
SE;SUDESTE;;;SP;SAO PAULO;;;QUADRADO MOGI;;230.0;BASICA         ;RAMAL DE LINHA;ISA ENERGIA BRASIL;RL  230 kV QUADRADO MOGI C-1 LT S.JOSE CAMPOS/MOGI CRUZES   C-1 SP;SPQMGI2DMG11        ;1990-12-31;2012-05-28;;1.0;0.05;0.34;1.25;;;;;;;;;;;;;450;
SE;SUDESTE;;;SP;SAO PAULO;;;SALTO GRANDE SP;;230.0;BASICA         ;RAMAL DE LINHA;ISA ENERGIA BRASIL;RL  230 kV SALTO GRANDE SP      /   DSAG C  1 SP ();SPSAG-2DSAG1        ;1990-12-31;2017-02-25;2010-01-19;10.19;0.11999;0.70999;2.309999;;;;;;;;;;;;;612;
SE;SUDESTE;N;NORTE;TO;TOCANTINS;TO;TOCANTINS;DIANOPOLIS II;GURUPI              ;230.0;BASICA         ;LINHA DE TRANSMISSÃO;ENERGISA TO TRA;LT  230 kV DIANOPOLIS II        / GURUPI               C 1  TO;TODNP-2STGU1        ;2022-12-14;;2024-03-22;256.24;1.9342;16.564;65.76;1400.0;1400.0;1750.0;1750.0;1460.0;1828.0;1400.0;1863.0;1797.0;2051.0;1750.0;2081.0;7227;7106
SE;SUDESTE;N;NORTE;TO;TOCANTINS;TO;TOCANTINS;DIANOPOLIS II;PALMAS              ;230.0;BASICA         ;LINHA DE TRANSMISSÃO;ENERGISA TO TRA;LT  230 kV DIANOPOLIS II        / PALMAS               C 1  TO;TODNP-2PL--1        ;2022-11-03;;2024-03-22;245.22;1.8439;15.761;62.41;1400.0;1400.0;1750.0;1750.0;1455.0;1823.0;1400.0;1826.0;1793.0;2047.0;1750.0;2049.0;7227;7221
N;NORTE;N;NORTE;TO;TOCANTINS;TO;TOCANTINS;SE LAJEADO;PALMAS              ;230.0;BASICA         ;LINHA DE TRANSMISSÃO;TAESA;LT  230 kV SE LAJEADO           / PALMAS               C 1  TO;TOLAJ-2PAL-1        ;2019-11-29;;2019-12-27;60.0;0.683;4.871;9.66;785.0;785.0;980.0;980.0;;;;;;;;;7207;7221
N;NORTE;N;NORTE;TO;TOCANTINS;TO;TOCANTINS;SE LAJEADO;PALMAS              ;230.0;BASICA         ;LINHA DE TRANSMISSÃO;TAESA;LT  230 kV SE LAJEADO           / PALMAS               C 2  TO;TOLAJ-2PAL-2        ;2019-11-29;;2019-12-27;60.0;0.683;4.871;9.66;785.0;785.0;980.0;980.0;;;;;;;;;7207;7221
SE;SUDESTE;SE;SUDESTE;DF;DISTRITO FEDERAL;DF;DISTRITO FEDERAL;BRAS. SUL;SAMAMBAIA           ;345.0;BASICA         ;LINHA DE TRANSMISSÃO;AXIA ENERGIA;LT  345 kV BRAS. SUL            / SAMAMBAIA            C 1  DF;DFSTBS3STSB1        ;1999-02-01;;;12.5;0.06;0.66;11.1;1428.0;1428.0;1799.0;1799.0;1428.0;1624.0;1428.0;1678.0;1799.0;1856.0;1799.0;1926.0;219;234
SE;SUDESTE;SE;SUDESTE;DF;DISTRITO FEDERAL;DF;DISTRITO FEDERAL;BRAS. SUL;SAMAMBAIA           ;345.0;BASICA         ;LINHA DE TRANSMISSÃO;AXIA ENERGIA;LT  345 kV BRAS. SUL            / SAMAMBAIA            C 2  DF;DFSTBS3STSB2        ;1999-02-08;;;15.0;0.06;0.66;11.1;1428.0;1428.0;1799.0;1799.0;1428.0;1428.0;1428.0;1459.0;1799.0;1799.0;1799.0;1799.0;219;234
SE;SUDESTE;SE;SUDESTE;DF;DISTRITO FEDERAL;DF;DISTRITO FEDERAL;BRAS. SUL;SAMAMBAIA           ;345.0;BASICA         ;LINHA DE TRANSMISSÃO;VSBTE;LT  345 kV BRAS. SUL            / SAMAMBAIA            C 3  DF;DFSTBS3STSB3        ;2016-05-06;;2016-04-30;12.5;0.04;0.435;7.415;1428.0;1428.0;1799.0;1799.0;;;;;;;;;219;234
SE;SUDESTE;SE;SUDESTE;ES;ESPIRITO SANTO;ES;ESPIRITO SANTO;JOAO NEIVA 2;VIANA 2             ;345.0;BASICA         ;LINHA DE TRANSMISSÃO;IE ITAÚNAS;LT  345 kV JOAO NEIVA 2         / VIANA 2              C 1  ES ();ESSJND3STVD1        ;2023-03-04;;2022-04-30;79.0;0.219;2.287;41.96;1430.0;1430.0;1800.0;1800.0;;;;;;;;;3035;3019
SE;SUDESTE;SE;SUDESTE;ES;ESPIRITO SANTO;ES;ESPIRITO SANTO;RIO NOVO SUL;VIANA               ;345.0;BASICA         ;LINHA DE TRANSMISSÃO;AXIA ENERGIA;LT  345 kV RIO NOVO SUL         / VIANA                C 1  ES ();ESSRNS3STVA1        ;2019-09-12;;2019-11-30;78.56;0.225;2.468;41.54;1428.0;1250.0;1799.0;1250.0;;;;;;;;;3032;90
SE;SUDESTE;SE;SUDESTE;ES;ESPIRITO SANTO;ES;ESPIRITO SANTO;RIO NOVO SUL;VITORIA             ;345.0;BASICA         ;LINHA DE TRANSMISSÃO;AXIA ENERGIA;LT  345 kV RIO NOVO SUL         / VITORIA              C 1  ES ();ESSRNS3STVT1        ;2019-08-25;;2019-11-30;104.38;0.299;3.28;55.19;1428.0;1200.0;1799.0;1200.0;;;;;;;;;3032;149
SE;SUDESTE;SE;SUDESTE;ES;ESPIRITO SANTO;ES;ESPIRITO SANTO;UTE VIANA;VIANA               ;345.0;COMPLEMENTAR   ;LINHA DE TRANSMISSÃO;ENEVA;LT  345 kV UTE VIANA            / VIANA                C 1  ES ();ESUTEV3STVA1        ;2010-01-06;;2010-01-31;1.0;0.0028;0.0309;0.0;;;;;;;;;;;;;2590;90
SE;SUDESTE;SE;SUDESTE;ES;ESPIRITO SANTO;ES;ESPIRITO SANTO;VIANA;VIANA 2             ;345.0;BASICA         ;LINHA DE TRANSMISSÃO;MGE TRASMI;LT  345 kV VIANA                / VIANA 2              C 1  ES ();ESSTVA3STVD1        ;2014-08-10;;2014-07-31;8.0;0.022;0.224;1.384;1600.0;1600.0;2020.0;2020.0;1600.0;2007.0;1807.0;2078.0;2020.0;2103.0;2020.0;2187.0;90;3019
SE;SUDESTE;SE;SUDESTE;ES;ESPIRITO SANTO;ES;ESPIRITO SANTO;VIANA;VIANA 2             ;345.0;BASICA         ;LINHA DE TRANSMISSÃO;MGE TRASMI;LT  345 kV VIANA                / VIANA 2              C 2  ES ();ESSTVA3STVD2        ;2014-08-10;;2014-07-31;8.0;0.022;0.224;1.384;1600.0;1600.0;2020.0;2020.0;1600.0;2007.0;1807.0;2078.0;2020.0;2103.0;2020.0;2187.0;90;3019
SE;SUDESTE;SE;SUDESTE;ES;ESPIRITO SANTO;ES;ESPIRITO SANTO;VIANA;VIANA 2             ;345.0;BASICA         ;LINHA DE TRANSMISSÃO;ISA ENERGIA BRASIL;LT  345 kV VIANA                / VIANA 2              C 3  ES ();ESSTVA3STVD3        ;2026-05-31;;2027-09-30;7.5;0.022;0.241;3.9;1755.0;1755.0;2100.0;2100.0;;;;;;;;;90;3019
SE;SUDESTE;SE;SUDESTE;ES;ESPIRITO SANTO;ES;ESPIRITO SANTO;VIANA;VITORIA             ;345.0;BASICA         ;LINHA DE TRANSMISSÃO;AXIA ENERGIA;LT  345 kV VIANA                / VITORIA              C 1  ES ();ESSTAE3STVT1        ;2005-12-19;;2005-12-18;26.0;0.074;0.812;13.64;1428.0;1250.0;1799.0;1250.0;1428.0;1614.0;1428.0;1672.0;1799.0;1827.0;1799.0;1899.0;90;149
SE;SUDESTE;SE;SUDESTE;ES;ESPIRITO SANTO;MG;MINAS GERAIS;VITORIA;OURO PRETO 2        ;345.0;BASICA         ;LINHA DE TRANSMISSÃO;FURNAS;LT  345 kV VITORIA              / OURO PRETO 2         C 1  ES/MG ();MGOPR23STVT1ES      ;2005-03-25;2013-04-16;2005-03-31;383.0;0.98;11.21;198.3;;;;;;;;;;;;;149;385
SE;SUDESTE;SE;SUDESTE;GO;GOIAS;GO;GOIAS;BANDEIRANTES;PIRINEUS            ;345.0;BASICA         ;LINHA DE TRANSMISSÃO;AXIA ENERGIA;LT  345 kV BANDEIRANTES         / PIRINEUS             C 1  GO;GOSTBD3STPS1        ;2023-05-15;;2022-09-21;95.67;0.183;1.99;33.51;1428.0;1428.0;1799.0;1600.0;1428.0;1428.0;1428.0;1428.0;1799.0;1799.0;1799.0;1799.0;218;3518
SE;SUDESTE;SE;SUDESTE;GO;GOIAS;DF;DISTRITO FEDERAL;BANDEIRANTES;SAMAMBAIA           ;345.0;BASICA         ;LINHA DE TRANSMISSÃO;AXIA ENERGIA;LT  345 kV BANDEIRANTES         / SAMAMBAIA            C 1  GO/DF;GOSTBD3STSB1DF      ;1999-02-01;;;157.0;0.44;4.89;82.2;1428.0;1428.0;1799.0;1600.0;1428.0;1582.0;1428.0;1648.0;1799.0;1819.0;1799.0;1891.0;218;234
SE;SUDESTE;SE;SUDESTE;GO;GOIAS;DF;DISTRITO FEDERAL;BANDEIRANTES;SAMAMBAIA           ;345.0;BASICA         ;LINHA DE TRANSMISSÃO;FURNAS;LT  345 kV BANDEIRANTES         / SAMAMBAIA            C 2  GO/DF;GOSTBD3STSB2DF      ;1999-02-09;2023-05-15;2023-04-03;155.0;0.44;4.89;82.2;;;;;1428.0;1428.0;1428.0;1428.0;1799.0;1799.0;1799.0;1799.0;218;234
SE;SUDESTE;SE;SUDESTE;GO;GOIAS;DF;DISTRITO FEDERAL;CORUMBA;BRAS. SUL           ;345.0;BASICA         ;LINHA DE TRANSMISSÃO;AXIA ENERGIA;LT  345 kV CORUMBA              / BRAS. SUL            C 1  GO/DF;GOUSCB3STBS1DF      ;1990-12-31;;;254.0;0.7;7.65;140.2;1428.0;1428.0;1799.0;1799.0;1428.0;1428.0;1428.0;1428.0;1799.0;1799.0;1799.0;1799.0;220;219
SE;SUDESTE;SE;SUDESTE;GO;GOIAS;MG;MINAS GERAIS;CORUMBA;ITUMBIARA           ;345.0;BASICA         ;LINHA DE TRANSMISSÃO;AXIA ENERGIA;LT  345 kV CORUMBA              / ITUMBIARA            C 1  GO/MG;GOUSCB3USIM1MG      ;1990-12-31;;;79.0;0.226;2.39;43.27;1428.0;1428.0;1799.0;1799.0;1428.0;1428.0;1428.0;1428.0;1799.0;1799.0;1799.0;1799.0;220;217
SE;SUDESTE;SE;SUDESTE;GO;GOIAS;DF;DISTRITO FEDERAL;PIRINEUS;SAMAMBAIA           ;345.0;BASICA         ;LINHA DE TRANSMISSÃO;AXIA ENERGIA;LT  345 kV PIRINEUS             / SAMAMBAIA            C 1  GO/DF;GOSTPS3STSB1DF      ;2023-05-15;;2022-09-21;63.35;0.276;3.0;50.59;1428.0;1428.0;1799.0;1799.0;1428.0;1428.0;1428.0;1428.0;1799.0;1799.0;1799.0;1799.0;3518;234
SE;SUDESTE;SE;SUDESTE;MG;MINAS GERAIS;MG;MINAS GERAIS;BARBACENA 2;JUIZ DE FORA1       ;345.0;BASICA         ;LINHA DE TRANSMISSÃO;CEMIG GT;LT  345 kV BARBACENA 2          / JUIZ DE FORA1        C 1  MG ();MGBARB3JFOR1        ;1983-03-01;2013-02-05;;74.4;0.22;2.34;37.845;;;;;;;;;;;;;308;331
SE;SUDESTE;SE;SUDESTE;MG;MINAS GERAIS;MG;MINAS GERAIS;BARBACENA 2;LAFAIETE 1          ;345.0;BASICA         ;LINHA DE TRANSMISSÃO;CEMIG GT;LT  345 kV BARBACENA 2          / LAFAIETE 1           C 1  MG ();MGBARB3LAFA1        ;1977-04-01;;;62.48;0.215;1.982;32.76;1290.29;1200.0;1290.29;1200.0;1290.0;1542.0;1341.0;1596.0;1290.0;1677.0;1525.0;1739.0;308;336
SE;SUDESTE;SE;SUDESTE;MG;MINAS GERAIS;MG;MINAS GERAIS;BARBACENA 2;PIMENTA             ;345.0;BASICA         ;LINHA DE TRANSMISSÃO;CEMIG GT;LT  345 kV BARBACENA 2          / PIMENTA              C 1  MG ();MGBARB3PIME1        ;1976-04-01;;;231.04;0.647;7.163;122.5;1450.94;1170.0;1450.94;1170.0;1451.0;1735.0;1494.0;1796.0;1451.0;1859.0;1683.0;1932.0;308;367
SE;SUDESTE;SE;SUDESTE;MG;MINAS GERAIS;MG;MINAS GERAIS;BARBACENA 2;SANT.DUMONT 2       ;345.0;BASICA         ;LINHA DE TRANSMISSÃO;CEMIG GT;LT  345 kV BARBACENA 2          / SANT.DUMONT 2        C 1  MG ();MGBARB3SDU-1        ;2013-02-05;;2013-02-28;44.9;0.136;1.417;23.4;1880.0;1880.0;2240.0;2240.0;1879.0;2051.0;1982.0;2084.0;2240.0;2240.0;2240.0;2240.0;308;4098
SE;SUDESTE;SE;SUDESTE;MG;MINAS GERAIS;MG;MINAS GERAIS;BARREIRO 1;BETIM 6             ;345.0;BASICA         ;LINHA DE TRANSMISSÃO;CEMIG GT;LT  345 kV BARREIRO 1           / BETIM 6              C 1  MG ();MGBARR3BET-1        ;2023-09-07;;2021-07-04;37.34;0.117;1.168;19.3;956.0;956.0;1358.0;1358.0;;;;;;;;;313;4337
SE;SUDESTE;SE;SUDESTE;MG;MINAS GERAIS;MG;MINAS GERAIS;BARREIRO 1;NEVES 1             ;345.0;BASICA         ;LINHA DE TRANSMISSÃO;CEMIG GT;LT  345 kV BARREIRO 1           / NEVES 1              C 1  MG ();MGBARR3NEVE1        ;1962-01-01;2023-09-07;;31.65;0.095;1.013;15.973;;;;;956.0;1117.0;1034.0;1166.0;1358.0;1361.0;1358.0;1361.0;313;350
SE;SUDESTE;SE;SUDESTE;MG;MINAS GERAIS;MG;MINAS GERAIS;BARREIRO 1;PIMENTA             ;345.0;BASICA         ;LINHA DE TRANSMISSÃO;FURNAS;LT  345 kV BARREIRO 1           / PIMENTA              C 1  MG ();MGBARR3PIME1        ;1995-10-01;2023-04-24;;198.0;0.65;6.46;100.8;;;;;1298.0;1298.0;1298.0;1311.0;1635.0;1635.0;1635.0;1635.0;313;367
SE;SUDESTE;SE;SUDESTE;MG;MINAS GERAIS;MG;MINAS GERAIS;BARREIRO 1;SARZEDO             ;345.0;BASICA         ;LINHA DE TRANSMISSÃO;AXIA ENERGIA;LT  345 kV BARREIRO 1           / SARZEDO              C 1  MG ();MGBARR3SAR-1        ;2023-04-24;;2021-07-04;22.56;0.078;0.684;12.31;1298.0;1298.0;1635.0;1635.0;;;;;;;;;313;4338
SE;SUDESTE;SE;SUDESTE;MG;MINAS GERAIS;MG;MINAS GERAIS;BARREIRO 1;TAQUARIL            ;345.0;BASICA         ;LINHA DE TRANSMISSÃO;CEMIG GT;LT  345 kV BARREIRO 1           / TAQUARIL             C 1  MG ();MGBARR3TAQU1        ;1971-07-01;;;17.6;0.05;0.57;8.809;1044.0;960.0;1363.0;960.0;1044.0;1235.0;1131.0;1289.0;1363.0;1538.0;1425.0;1538.0;313;372
SE;SUDESTE;SE;SUDESTE;MG;MINAS GERAIS;MG;MINAS GERAIS;BARRO BRANCO;GERDAU O.BRANCO     ;345.0;BASICA         ;LINHA DE TRANSMISSÃO;MANTIQUEIRA TRANSMIS;LT  345 kV BARRO BRANCO         / GERDAU O.BRANCO      C 1  MG ();MGSTBB3GOB-1        ;2025-05-01;;2023-12-30;51.93;0.18;1.573;28.36;1810.0;1810.0;2160.0;2160.0;;;;;;;;;4040;45595
SE;SUDESTE;SE;SUDESTE;MG;MINAS GERAIS;MG;MINAS GERAIS;BARRO BRANCO;ITABIRITO 2         ;345.0;BASICA         ;LINHA DE TRANSMISSÃO;MANTIQUEIRA TRANSMIS;LT  345 kV BARRO BRANCO         / ITABIRITO 2          C 1  MG ();MGSTBB3ITB21        ;2023-06-08;2025-05-01;2021-07-04;57.0;0.286;2.498;45.135;;;;;;;;;;;;;4040;9017
SE;SUDESTE;SE;SUDESTE;MG;MINAS GERAIS;MG;MINAS GERAIS;BARRO BRANCO;OURO PRETO 2        ;345.0;BASICA         ;LINHA DE TRANSMISSÃO;AXIA ENERGIA;LT  345 kV BARRO BRANCO         / OURO PRETO 2         C 1  MG ();MGSTBB3OPR21        ;2013-10-14;;2013-10-30;58.0;0.166;1.83;30.6;1428.0;1428.0;1799.0;1799.0;1428.0;1580.0;1502.0;1632.0;1799.0;1874.0;1870.0;1889.0;4040;385
SE;SUDESTE;SE;SUDESTE;MG;MINAS GERAIS;MG;MINAS GERAIS;BARRO BRANCO;PADRE FIALHO        ;345.0;BASICA         ;LINHA DE TRANSMISSÃO;AXIA ENERGIA;LT  345 kV BARRO BRANCO         / PADRE FIALHO         C 1  MG ();MGSTBB3PDF-1        ;2013-10-14;;2013-10-30;104.0;0.296;3.265;54.7;1428.0;1428.0;1799.0;1799.0;1428.0;1552.0;1433.0;1606.0;1799.0;1844.0;1806.0;1860.0;4040;3344
SE;SUDESTE;SE;SUDESTE;MG;MINAS GERAIS;MG;MINAS GERAIS;BETIM 6;NEVES 1             ;345.0;BASICA         ;LINHA DE TRANSMISSÃO;CEMIG GT;LT  345 kV BETIM 6              / NEVES 1              C 1  MG ();MGBET-3NEVE1        ;2023-09-07;;2021-07-04;18.92;0.063;0.59;10.2;956.0;956.0;1358.0;1358.0;;;;;;;;;4337;350
SE;SUDESTE;SE;SUDESTE;MG;MINAS GERAIS;MG;MINAS GERAIS;BETIM 6;SARZEDO             ;345.0;BASICA         ;LINHA DE TRANSMISSÃO;MANTIQUEIRA TRANSMIS;LT  345 kV BETIM 6              / SARZEDO              C 1  MG ();MGBET-3SAR-1        ;2023-04-25;;2021-07-04;23.0;0.102;1.174;27.4;2640.0;2640.0;3150.0;3150.0;;;;;;;;;4337;4338
SE;SUDESTE;SE;SUDESTE;MG;MINAS GERAIS;MG;MINAS GERAIS;ESTREITO;FURNAS              ;345.0;BASICA         ;LINHA DE TRANSMISSÃO;AXIA ENERGIA;LT  345 kV ESTREITO             / FURNAS               C 1  MG ();MGSTES3USFU1        ;2009-10-08;;2009-09-30;112.0;0.329;3.561;60.34;1428.0;1428.0;1799.0;1799.0;1428.0;1428.0;1428.0;1498.0;1799.0;1799.0;1799.0;1799.0;3012;136
SE;SUDESTE;SE;SUDESTE;MG;MINAS GERAIS;SP;SAO PAULO;ESTREITO;L.C.BARRETO         ;345.0;BASICA         ;LINHA DE TRANSMISSÃO;AXIA ENERGIA;LT  345 kV ESTREITO             / L.C.BARRETO          C 1  MG/SP ();MGSTES3USLB1SP      ;2009-12-06;;2009-11-30;24.0;0.071;0.755;12.92;1428.0;1428.0;1799.0;1799.0;1428.0;1428.0;1428.0;1498.0;1799.0;1799.0;1799.0;1799.0;3012;134
SE;SUDESTE;SE;SUDESTE;MG;MINAS GERAIS;SP;SAO PAULO;ESTREITO;L.C.BARRETO         ;345.0;BASICA         ;LINHA DE TRANSMISSÃO;AXIA ENERGIA;LT  345 kV ESTREITO             / L.C.BARRETO          C 2  MG/SP ();MGSTES3USLB2SP      ;2009-10-08;;2009-10-06;24.0;0.071;0.755;12.79;1428.0;1428.0;1799.0;1799.0;1428.0;1428.0;1428.0;1498.0;1799.0;1799.0;1799.0;1799.0;3012;134
SE;SUDESTE;SE;SUDESTE;MG;MINAS GERAIS;MG;MINAS GERAIS;ESTREITO;M. MORAES           ;345.0;BASICA         ;LINHA DE TRANSMISSÃO;AXIA ENERGIA;LT  345 kV ESTREITO             / M. MORAES            C 1  MG ();MGSTES3USMM1        ;2009-12-08;;2009-12-31;15.5;0.038;0.427;6.673;1428.0;1428.0;1799.0;1799.0;1428.0;1428.0;1428.0;1498.0;1799.0;1799.0;1799.0;1799.0;3012;131
SE;SUDESTE;SE;SUDESTE;MG;MINAS GERAIS;MG;MINAS GERAIS;FURNAS;ITUTINGA            ;345.0;BASICA         ;LINHA DE TRANSMISSÃO;AXIA ENERGIA;LT  345 kV FURNAS               / ITUTINGA             C 1  MG ();MGUSFU3STIT1        ;1968-03-10;;;198.0;0.65;6.46;100.8;1298.0;1298.0;1635.0;1635.0;1298.0;1298.0;1298.0;1316.0;1635.0;1635.0;1635.0;1635.0;136;138
SE;SUDESTE;SE;SUDESTE;MG;MINAS GERAIS;MG;MINAS GERAIS;FURNAS;ITUTINGA            ;345.0;BASICA         ;LINHA DE TRANSMISSÃO;AXIA ENERGIA;LT  345 kV FURNAS               / ITUTINGA             C 2  MG ();MGUSFU3STIT2        ;1969-12-15;2024-10-10;;199.0;0.558;6.19;105.7;;;;;1428.0;1428.0;1428.0;1460.0;1799.0;1799.0;1799.0;1799.0;136;138
SE;SUDESTE;SE;SUDESTE;MG;MINAS GERAIS;SP;SAO PAULO;FURNAS;L.C.BARRETO         ;345.0;BASICA         ;LINHA DE TRANSMISSÃO;FURNAS;LT  345 kV FURNAS               / L.C.BARRETO          C 1  MG/SP ();MGUSFU3USLB1SP      ;1990-12-31;2009-10-08;;132.0;0.39;4.12;70.274;;;;;;;;;;;;;136;134
SE;SUDESTE;SE;SUDESTE;MG;MINAS GERAIS;MG;MINAS GERAIS;FURNAS;M. MORAES           ;345.0;BASICA         ;LINHA DE TRANSMISSÃO;AXIA ENERGIA;LT  345 kV FURNAS               / M. MORAES            C 1  MG ();MGUSFU3USMM1        ;1968-05-15;;;104.0;0.358;3.383;52.96;1298.0;1298.0;1635.0;1600.0;1298.0;1298.0;1298.0;1352.0;1635.0;1635.0;1635.0;1635.0;136;131
SE;SUDESTE;SE;SUDESTE;MG;MINAS GERAIS;MG;MINAS GERAIS;FURNAS;PIMENTA             ;345.0;BASICA         ;LINHA DE TRANSMISSÃO;AXIA ENERGIA;LT  345 kV FURNAS               / PIMENTA              C 1  MG ();MGUSFU3PIME1        ;1990-12-31;;;66.0;0.22;2.18;33.4;1298.0;1298.0;1635.0;1635.0;1298.0;1298.0;1298.0;1354.0;1635.0;1635.0;1635.0;1635.0;136;367
SE;SUDESTE;SE;SUDESTE;MG;MINAS GERAIS;MG;MINAS GERAIS;FURNAS;PIMENTA             ;345.0;BASICA         ;LINHA DE TRANSMISSÃO;CENTROESTE DE MINAS;LT  345 kV FURNAS               / PIMENTA              C 2  MG ();MGUSFU3PIME2        ;2010-03-25;;2010-04-30;61.03;0.18;1.79;34.29;1894.0;1894.0;1894.0;1894.0;1894.0;2304.0;2175.0;2383.0;1894.0;2496.0;2468.0;2581.0;136;367
SE;SUDESTE;SE;SUDESTE;MG;MINAS GERAIS;MG;MINAS GERAIS;FURNAS;POCOS CALDAS        ;345.0;BASICA         ;LINHA DE TRANSMISSÃO;AXIA ENERGIA;LT  345 kV FURNAS               / POCOS CALDAS         C 1  MG ();MGUSFU3STPC1        ;1990-12-31;;;131.0;0.44;4.3;66.6;1298.0;1298.0;1635.0;1635.0;1298.0;1298.0;1298.0;1298.0;1635.0;1635.0;1635.0;1635.0;136;120
SE;SUDESTE;SE;SUDESTE;MG;MINAS GERAIS;MG;MINAS GERAIS;FURNAS;POCOS CALDAS        ;345.0;BASICA         ;LINHA DE TRANSMISSÃO;AXIA ENERGIA;LT  345 kV FURNAS               / POCOS CALDAS         C 2  MG ();MGUSFU3STPC2        ;1990-12-31;;;131.0;0.44;4.33;66.6;1298.0;1298.0;1635.0;1635.0;1298.0;1298.0;1298.0;1298.0;1635.0;1635.0;1635.0;1635.0;136;120
SE;SUDESTE;SE;SUDESTE;MG;MINAS GERAIS;MG;MINAS GERAIS;FURNAS;VARGINHA 4          ;345.0;BASICA         ;LINHA DE TRANSMISSÃO;AXIA ENERGIA;LT  345 kV FURNAS               / VARGINHA 4           C 1  MG ();MGUSFU3VGAQ1        ;2023-11-27;;2021-07-04;157.28;0.456;4.944;83.45;1428.0;1428.0;1799.0;1799.0;;;;;;;;;136;4360
SE;SUDESTE;SE;SUDESTE;MG;MINAS GERAIS;MG;MINAS GERAIS;GERDAU O.BRANCO;ITABIRITO 2         ;345.0;BASICA         ;LINHA DE TRANSMISSÃO;MANTIQUEIRA TRANSMIS;LT  345 kV GERDAU O.BRANCO      / ITABIRITO 2          C 1  MG ();MGGOB-3ITO21        ;2025-05-01;;2023-12-30;30.93;0.108;0.937;16.89;1810.0;1810.0;2160.0;2160.0;;;;;;;;;45595;9017
SE;SUDESTE;SE;SUDESTE;MG;MINAS GERAIS;MG;MINAS GERAIS;ITABIRITO 2;JECEABA             ;345.0;BASICA         ;LINHA DE TRANSMISSÃO;CEMIG GT;LT  345 kV ITABIRITO 2          / JECEABA              C 1  MG ();MGITB23VSB-1        ;2014-04-10;;2014-05-31;57.5;0.199;1.821;30.18;1290.0;1290.0;1290.0;1290.0;1290.0;1290.0;1290.0;1290.0;1290.0;1290.0;1290.0;1290.0;9017;9013
SE;SUDESTE;SE;SUDESTE;MG;MINAS GERAIS;MG;MINAS GERAIS;ITABIRITO 2;JECEABA             ;345.0;BASICA         ;LINHA DE TRANSMISSÃO;MANTIQUEIRA TRANSMIS;LT  345 kV ITABIRITO 2          / JECEABA              C 2  MG ();MGITB23JCAB2        ;2023-10-15;;2021-06-03;44.0;0.141;1.379;22.57;1880.0;1880.0;2315.0;2315.0;;;;;;;;;9017;9013
SE;SUDESTE;SE;SUDESTE;MG;MINAS GERAIS;MG;MINAS GERAIS;ITABIRITO 2;OURO PRETO 2        ;345.0;BASICA         ;LINHA DE TRANSMISSÃO;CEMIG GT;LT  345 kV ITABIRITO 2          / OURO PRETO 2         C 1  MG ();MGITB23OPR21        ;2014-04-10;;2014-05-31;4.6;0.015;0.144;2.454;1290.0;1290.0;1290.0;1290.0;1290.0;1290.0;1290.0;1290.0;1290.0;1290.0;1290.0;1290.0;9017;385
SE;SUDESTE;SE;SUDESTE;MG;MINAS GERAIS;GO;GOIAS;ITUMBIARA;BANDEIRANTES        ;345.0;BASICA         ;LINHA DE TRANSMISSÃO;AXIA ENERGIA;LT  345 kV ITUMBIARA            / BANDEIRANTES         C 1  MG/GO;MGUSIM3STBD1GO      ;1973-07-16;;;180.0;0.51;5.61;95.6;1428.0;1428.0;1799.0;1799.0;1428.0;1428.0;1428.0;1428.0;1799.0;1799.0;1799.0;1799.0;217;218
SE;SUDESTE;SE;SUDESTE;MG;MINAS GERAIS;GO;GOIAS;ITUMBIARA;BANDEIRANTES        ;345.0;BASICA         ;LINHA DE TRANSMISSÃO;AXIA ENERGIA;LT  345 kV ITUMBIARA            / BANDEIRANTES         C 2  MG/GO;MGUSIM3STBD2GO      ;1977-07-28;;;180.0;0.51;5.61;95.6;1428.0;1428.0;1799.0;1799.0;1428.0;1566.0;1428.0;1638.0;1799.0;1807.0;1799.0;1889.0;217;218
SE;SUDESTE;SE;SUDESTE;MG;MINAS GERAIS;MG;MINAS GERAIS;ITUMBIARA;MONTE ALEGRE2       ;345.0;BASICA         ;LINHA DE TRANSMISSÃO;AXIA ENERGIA;LT  345 kV ITUMBIARA            / MONTE ALEGRE2        C 1  MG ();MGUSIM3MAM21        ;2024-11-23;;2023-03-31;45.44;0.121;1.44;24.13;1428.0;1428.0;1799.0;1799.0;;;;;;;;;217;7408
SE;SUDESTE;SE;SUDESTE;MG;MINAS GERAIS;MG;MINAS GERAIS;ITUMBIARA;P. COLOMBIA         ;345.0;BASICA         ;LINHA DE TRANSMISSÃO;AXIA ENERGIA;LT  345 kV ITUMBIARA            / P. COLOMBIA          C 1  MG ();MGUSIM3USCL1        ;1990-12-31;2024-11-27;;201.0;0.56;6.26;106.73;;;;;1428.0;1428.0;1428.0;1428.0;1799.0;1799.0;1799.0;1799.0;217;216
SE;SUDESTE;SE;SUDESTE;MG;MINAS GERAIS;MG;MINAS GERAIS;ITUTINGA;JECEABA             ;345.0;BASICA         ;LINHA DE TRANSMISSÃO;MANTIQUEIRA TRANSMIS;LT  345 kV ITUTINGA             / JECEABA              C 1  MG ();MGSTIT3JCAB1        ;2023-10-15;;2021-06-03;106.0;0.325;3.207;58.69;1880.0;1880.0;2315.0;2315.0;;;;;;;;;138;9013
SE;SUDESTE;SE;SUDESTE;MG;MINAS GERAIS;MG;MINAS GERAIS;ITUTINGA;JUIZ DE FORA1       ;345.0;BASICA         ;LINHA DE TRANSMISSÃO;TRANSUDESTE;LT  345 kV ITUTINGA             / JUIZ DE FORA1        C 1  MG ();MGSTIT3JFOR1        ;2007-02-23;;2007-02-15;143.63;0.4223;4.0862;73.67;1940.0;1940.0;1940.0;1940.0;1940.0;2297.0;2163.0;2360.0;1940.0;2439.0;2394.0;2511.0;138;331
SE;SUDESTE;SE;SUDESTE;MG;MINAS GERAIS;MG;MINAS GERAIS;ITUTINGA;VARGINHA 4          ;345.0;BASICA         ;LINHA DE TRANSMISSÃO;AXIA ENERGIA;LT  345 kV ITUTINGA             / VARGINHA 4           C 1  MG ();MGSTIT3VGAQ1        ;2023-11-27;;2021-07-04;110.54;0.321;3.466;58.18;1428.0;1428.0;1799.0;1799.0;;;;;;;;;138;4360
SE;SUDESTE;SE;SUDESTE;MG;MINAS GERAIS;MG;MINAS GERAIS;ITUTINGA-SE;ITUTINGA            ;345.0;COMPLEMENTAR   ;LINHA DE TRANSMISSÃO;AXIA ENERGIA;LT  345 kV ITUTINGA-SE          / ITUTINGA             C 1  MG ();MGITSE3STIT1        ;1990-12-31;;;0.01;0.01;0.02;0.0;;;;;;;;;;;;;7442;138
SE;SUDESTE;SE;SUDESTE;MG;MINAS GERAIS;MG;MINAS GERAIS;ITUTINGA-SE;ITUTINGA            ;345.0;COMPLEMENTAR   ;LINHA DE TRANSMISSÃO;AXIA ENERGIA;LT  345 kV ITUTINGA-SE          / ITUTINGA             C 2  MG ();MGITSE3STIT2        ;1990-12-31;;;0.01;0.01;0.02;0.0;;;;;;;;;;;;;7442;138
SE;SUDESTE;SE;SUDESTE;MG;MINAS GERAIS;SP;SAO PAULO;JAGUARA-345;L.C.BARRETO         ;345.0;BASICA         ;LINHA DE TRANSMISSÃO;CEMIG GT;LT  345 kV JAGUARA-345          / L.C.BARRETO          C 1  MG/SP ();MGJGUS3USLB1SP      ;1990-12-31;;;23.971;0.07;0.76;12.28;1948.0;1755.0;1948.0;1755.0;1950.0;2134.0;2055.0;2159.0;2053.0;2182.0;2253.0;2236.0;326;134
SE;SUDESTE;SE;SUDESTE;MG;MINAS GERAIS;MG;MINAS GERAIS;JAGUARA-345;PIMENTA             ;345.0;BASICA         ;LINHA DE TRANSMISSÃO;CEMIG GT;LT  345 kV JAGUARA-345          / PIMENTA              C 1  MG ();MGJGUS3PIME1        ;1990-12-31;;;181.86;0.507;5.685;93.69;1044.0;1044.0;1044.0;1044.0;1044.0;1235.0;1131.0;1289.0;1044.0;1509.0;1354.0;1509.0;326;367
SE;SUDESTE;SE;SUDESTE;MG;MINAS GERAIS;MG;MINAS GERAIS;JAGUARA-345;PIMENTA             ;345.0;BASICA         ;LINHA DE TRANSMISSÃO;CEMIG GT;LT  345 kV JAGUARA-345          / PIMENTA              C 2  MG ();MGJGUS3PIME2        ;1990-12-31;;;182.05;0.449;5.689;93.69;1044.0;1044.0;1044.0;1044.0;1044.0;1235.0;1131.0;1289.0;1044.0;1509.0;1354.0;1509.0;326;367
SE;SUDESTE;SE;SUDESTE;MG;MINAS GERAIS;MG;MINAS GERAIS;JAGUARA-345;VOLTA GRANDE-SE     ;345.0;BASICA         ;LINHA DE TRANSMISSÃO;CEMIG GT;LT  345 kV JAGUARA-345          / VOLTA GRANDE-SE      C 1  MG ();MGJGUS3VGRA1        ;1990-12-31;;2016-07-11;89.31;0.276;2.802;47.33;1450.0;1450.0;1870.0;1870.0;1044.0;1235.0;1131.0;1289.0;1044.0;1531.0;1402.0;1599.0;326;396
SE;SUDESTE;SE;SUDESTE;MG;MINAS GERAIS;MG;MINAS GERAIS;JAGUARA-500;JAGUARA-345         ;345.0;BASICA         ;LINHA DE TRANSMISSÃO;CEMIG GT;LT  345 kV JAGUARA-500          / JAGUARA-345          C 1  MG ();MGJGSE3JGUS1        ;1990-12-31;;;0.701;0.01;0.02;0.0;930.0;930.0;1088.0;1088.0;1757.0;1854.0;2056.0;2056.0;1919.0;1949.0;2113.0;2165.0;91322;326
SE;SUDESTE;SE;SUDESTE;MG;MINAS GERAIS;MG;MINAS GERAIS;JAGUARA-500;JAGUARA-345         ;345.0;BASICA         ;LINHA DE TRANSMISSÃO;CEMIG GT;LT  345 kV JAGUARA-500          / JAGUARA-345          C 2  MG ();MGJGSE3JGUS2        ;1990-12-31;;;0.461;0.01;0.02;0.0;930.0;930.0;1088.0;1088.0;1757.0;1854.0;2056.0;2056.0;1919.0;1949.0;2113.0;2165.0;91394;326
SE;SUDESTE;SE;SUDESTE;MG;MINAS GERAIS;MG;MINAS GERAIS;JAGUARA-500;JAGUARA-345         ;345.0;BASICA         ;LINHA DE TRANSMISSÃO;CEMIG GT;LT  345 kV JAGUARA-500          / JAGUARA-345          C 3  MG ();MGJGSE3JGUS3        ;1990-12-31;;;1.027;0.01;0.02;0.0;930.0;930.0;1088.0;1088.0;1757.0;1854.0;2056.0;2056.0;1919.0;1949.0;2113.0;2165.0;91395;326
SE;SUDESTE;SE;SUDESTE;MG;MINAS GERAIS;MG;MINAS GERAIS;JECEABA;OURO PRETO 2        ;345.0;BASICA         ;LINHA DE TRANSMISSÃO;CEMIG GT;LT  345 kV JECEABA              / OURO PRETO 2         C 1  MG ();MGOPR23VSB-1        ;2010-08-03;2014-04-10;2010-03-31;56.82;0.195;1.756;20.088;;;;;1290.0;1542.0;1341.0;1596.0;1290.0;1669.0;1519.0;1733.0;9013;385
SE;SUDESTE;SE;SUDESTE;MG;MINAS GERAIS;MG;MINAS GERAIS;JUIZ DE FORA1;SANT.DUMONT 2       ;345.0;BASICA         ;LINHA DE TRANSMISSÃO;CEMIG GT;LT  345 kV JUIZ DE FORA1        / SANT.DUMONT 2        C 1  MG ();MGJFOR3SDU-1        ;2013-02-05;;2013-02-28;33.03;0.101;1.044;17.23;1880.0;1880.0;2240.0;2240.0;1879.0;2051.0;1982.0;2084.0;2240.0;2240.0;2240.0;2240.0;331;4098
SE;SUDESTE;SE;SUDESTE;MG;MINAS GERAIS;MG;MINAS GERAIS;LAFAIETE 1;JECEABA             ;345.0;BASICA         ;LINHA DE TRANSMISSÃO;CEMIG GT;LT  345 kV LAFAIETE 1           / JECEABA              C 1  MG ();MGLAFA3VSB-1        ;2010-08-03;;2010-03-31;27.571;0.097;0.8;16.52;1290.0;1200.0;1290.0;1200.0;1290.0;1542.0;1341.0;1596.0;1290.0;1669.0;1519.0;1733.0;336;9013
SE;SUDESTE;SE;SUDESTE;MG;MINAS GERAIS;MG;MINAS GERAIS;LAFAIETE 1;OURO PRETO 2        ;345.0;BASICA         ;LINHA DE TRANSMISSÃO;CEMIG GT;LT  345 kV LAFAIETE 1           / OURO PRETO 2         C 1  MG ();MGLAFA3OPR21        ;1977-06-01;2010-08-03;;51.4;0.19;1.92;29.8;;;;;;;;;;;;;336;385
SE;SUDESTE;SE;SUDESTE;MG;MINAS GERAIS;MG;MINAS GERAIS;MARIMBONDO;P. COLOMBIA         ;345.0;BASICA         ;LINHA DE TRANSMISSÃO;AXIA ENERGIA;LT  345 kV MARIMBONDO           / P. COLOMBIA          C 1  MG ();MGUSMR3USCL1        ;1990-12-31;;;77.0;0.216;2.42;40.7;1428.0;1200.0;1799.0;1200.0;1428.0;1564.0;1428.0;1582.0;1799.0;1817.0;1799.0;1838.0;213;216
SE;SUDESTE;SE;SUDESTE;MG;MINAS GERAIS;MG;MINAS GERAIS;MONTE ALEGRE2;P. COLOMBIA         ;345.0;BASICA         ;LINHA DE TRANSMISSÃO;AXIA ENERGIA;LT  345 kV MONTE ALEGRE2        / P. COLOMBIA          C 1  MG ();MGMAM23USCL1        ;2024-11-23;;2023-03-31;155.37;0.404;4.865;81.17;1428.0;1428.0;1799.0;1799.0;;;;;;;;;7408;216
SE;SUDESTE;SE;SUDESTE;MG;MINAS GERAIS;MG;MINAS GERAIS;MONTESCLAROS2;IRAPE-SE            ;345.0;BASICA         ;LINHA DE TRANSMISSÃO;TRANSLESTE;LT  345 kV MONTESCLAROS2        / IRAPE-SE             C 1  MG ();MGMCL23IRAE1        ;2005-12-18;;2005-12-18;138.477;0.42;4.23;75.9;1840.0;1840.0;1840.0;1840.0;1840.0;2203.0;2034.0;2266.0;1840.0;2389.0;2327.0;2460.0;341;4065
SE;SUDESTE;SE;SUDESTE;MG;MINAS GERAIS;MG;MINAS GERAIS;MONTESCLAROS2;PIRAPORA 2          ;345.0;BASICA         ;LINHA DE TRANSMISSÃO;MONTES CLAROS;LT  345 kV MONTESCLAROS2        / PIRAPORA 2           C 1  MG ();MGMCL23PI2-1        ;2012-09-18;;2012-09-05;162.0;0.48;5.05;186.0;1880.0;1880.0;2240.0;2240.0;1880.0;2178.0;2011.0;2242.0;2240.0;2367.0;2307.0;2439.0;341;4051
SE;SUDESTE;SE;SUDESTE;MG;MINAS GERAIS;MG;MINAS GERAIS;MONTESCLAROS2;VARZEA PALMA1       ;345.0;BASICA         ;LINHA DE TRANSMISSÃO;CEMIG GT;LT  345 kV MONTESCLAROS2        / VARZEA PALMA1        C 1  MG ();MGMCL23VPAL1        ;1990-12-31;;;149.46;0.449;4.699;78.53;1879.37;1170.0;1879.37;1369.0;1880.0;2051.0;1982.0;2084.0;1880.0;2088.0;2150.0;2133.0;341;398
SE;SUDESTE;SE;SUDESTE;MG;MINAS GERAIS;MG;MINAS GERAIS;NEVES 1;SETE LAGOAS 4       ;345.0;BASICA         ;LINHA DE TRANSMISSÃO;CEMIG GT;LT  345 kV NEVES 1              / SETE LAGOAS 4        C 1  MG ();MGNEVE3SLA41        ;2014-06-02;;2014-05-29;49.0;0.17;1.564;25.85;1450.0;1450.0;1870.0;1870.0;1449.23;1449.23;1449.23;1449.23;1869.28;1869.28;1869.28;1869.28;350;1475
SE;SUDESTE;SE;SUDESTE;MG;MINAS GERAIS;MG;MINAS GERAIS;NEVES 1;TAQUARIL            ;345.0;BASICA         ;LINHA DE TRANSMISSÃO;CEMIG GT;LT  345 kV NEVES 1              / TAQUARIL             C 1  MG ();MGNEVE3TAQU1        ;1990-12-31;;;43.43;0.132;1.369;22.88;1879.0;1879.0;2198.0;2198.0;1879.0;2051.0;1982.0;2084.0;2198.0;2198.0;2211.0;2198.0;350;372
SE;SUDESTE;SE;SUDESTE;MG;MINAS GERAIS;MG;MINAS GERAIS;NEVES 1;TRES MARIAS         ;345.0;BASICA         ;LINHA DE TRANSMISSÃO;CEMIG GT;LT  345 kV NEVES 1              / TRES MARIAS          C 1  MG ();MGNEVE3TMAR1        ;1990-12-31;2014-06-04;2013-04-30;226.42;0.71;6.99;110.065;;;;;1422.0;1820.0;1500.0;1840.0;1865.0;1865.0;1865.0;1865.0;350;
SE;SUDESTE;SE;SUDESTE;MG;MINAS GERAIS;MG;MINAS GERAIS;NOVA PONTE;ARAXA 3             ;345.0;BASICA         ;LINHA DE TRANSMISSÃO;IE MINAS GERAIS;LT  345 kV NOVA PONTE           / ARAXA 3              C 1  MG ();MGNPON3ARX31        ;2024-09-29;;2023-03-31;115.0;0.304;3.173;57.2;1610.0;1610.0;2010.0;2010.0;;;;;;;;;7407;7410
SE;SUDESTE;SE;SUDESTE;MG;MINAS GERAIS;MG;MINAS GERAIS;NOVA PONTE;UBERLANDIA 10       ;345.0;BASICA         ;LINHA DE TRANSMISSÃO;IE MINAS GERAIS;LT  345 kV NOVA PONTE           / UBERLANDIA 10        C 1  MG ();MGNPON3UB101        ;2024-06-16;;2023-03-31;58.0;0.152;1.578;28.35;1610.0;1610.0;2010.0;2010.0;;;;;;;;;7407;7412
SE;SUDESTE;SE;SUDESTE;MG;MINAS GERAIS;MG;MINAS GERAIS;OURO PRETO 2;NOVA LIMA 6         ;345.0;BASICA         ;LINHA DE TRANSMISSÃO;CEMIG GT;LT  345 kV OURO PRETO 2         / NOVA LIMA 6          C 1  MG ();MGOPR23VARG1        ;2016-05-05;;2015-12-31;26.081;0.093;0.809;13.28;1449.0;1449.0;1869.0;1869.0;1290.0;1290.0;1290.0;1290.0;1474.0;1474.0;1474.0;1474.0;385;9015
SE;SUDESTE;SE;SUDESTE;MG;MINAS GERAIS;MG;MINAS GERAIS;OURO PRETO 2;TAQUARIL            ;345.0;BASICA         ;LINHA DE TRANSMISSÃO;CEMIG GT;LT  345 kV OURO PRETO 2         / TAQUARIL             C 1  MG ();MGOPR23TAQU1        ;1990-12-31;2016-05-05;2014-03-22;53.65;0.13;1.37;21.6;;;;;1290.0;1542.0;1341.0;1596.0;1869.0;1869.0;1869.0;1869.0;385;372
SE;SUDESTE;SE;SUDESTE;MG;MINAS GERAIS;MG;MINAS GERAIS;P. COLOMBIA;VOLTA GRANDE-SE     ;345.0;BASICA         ;LINHA DE TRANSMISSÃO;AXIA ENERGIA;LT  345 kV P. COLOMBIA          / VOLTA GRANDE-SE      C 1  MG ();MGUSCL3VGRA1        ;1990-12-31;;;45.0;0.128;1.42;23.8;1428.0;1428.0;1799.0;1799.0;1428.0;1428.0;1428.0;1441.0;1799.0;1799.0;1799.0;1799.0;216;396
SE;SUDESTE;SE;SUDESTE;MG;MINAS GERAIS;MG;MINAS GERAIS;P. JUSCELINO;SETE LAGOAS 4       ;345.0;BASICA         ;LINHA DE TRANSMISSÃO;MANTIQUEIRA TRANSMIS;LT  345 kV P. JUSCELINO         / SETE LAGOAS 4        C 1  MG ();MGPJU-3SLA41        ;2023-04-25;;2021-07-04;101.0;0.348;3.068;55.27;1810.0;1810.0;2160.0;2160.0;;;;;;;;;4333;1475
SE;SUDESTE;SE;SUDESTE;MG;MINAS GERAIS;MG;MINAS GERAIS;P. JUSCELINO;SETE LAGOAS 4       ;345.0;BASICA         ;LINHA DE TRANSMISSÃO;MANTIQUEIRA TRANSMIS;LT  345 kV P. JUSCELINO         / SETE LAGOAS 4        C 2  MG ();MGPJU-3SLA42        ;2023-04-25;;2021-07-04;101.0;0.354;3.115;56.13;1810.0;1810.0;2160.0;2160.0;;;;;;;;;4333;1475
SE;SUDESTE;SE;SUDESTE;MG;MINAS GERAIS;ES;ESPIRITO SANTO;PADRE FIALHO;VITORIA             ;345.0;BASICA         ;LINHA DE TRANSMISSÃO;AXIA ENERGIA;LT  345 kV PADRE FIALHO         / VITORIA              C 1  MG/ES ();MGPDF-3STVT1ES      ;2013-04-16;;2013-04-04;221.0;0.6153;6.866;116.6;1428.0;1428.0;1799.0;1799.0;1428.0;1563.0;1428.0;1618.0;1799.0;1827.0;1799.0;1840.0;3344;149
SE;SUDESTE;SE;SUDESTE;MG;MINAS GERAIS;MG;MINAS GERAIS;PIMENTA;SARZEDO             ;345.0;BASICA         ;LINHA DE TRANSMISSÃO;AXIA ENERGIA;LT  345 kV PIMENTA              / SARZEDO              C 1  MG ();MGPIME3SAR-1        ;2023-04-24;;2021-07-04;178.34;0.673;5.828;90.77;1298.0;1298.0;1635.0;1635.0;;;;;;;;;367;4338
SE;SUDESTE;SE;SUDESTE;MG;MINAS GERAIS;MG;MINAS GERAIS;PIMENTA;TAQUARIL            ;345.0;BASICA         ;LINHA DE TRANSMISSÃO;CEMIG GT;LT  345 kV PIMENTA              / TAQUARIL             C 1  MG ();MGPIME3TAQU1        ;1990-12-31;;2013-12-23;215.051;0.636;6.675;114.6;1430.0;1430.0;1870.0;1870.0;1450.0;1733.0;1492.0;1794.0;1870.0;1949.0;1870.0;2017.0;367;372
SE;SUDESTE;SE;SUDESTE;MG;MINAS GERAIS;MG;MINAS GERAIS;PIRAPORA 2;TRES MARIAS-SE      ;345.0;BASICA         ;LINHA DE TRANSMISSÃO;SOLARIS;LT  345 kV PIRAPORA 2           / TRES MARIAS-SE       C 1  MG ();MGPI2-3TMSE1        ;2022-07-28;;2024-01-01;111.9;0.277;3.413;59.35;1750.0;1750.0;2100.0;2100.0;1750.0;2228.0;1785.0;2310.0;2590.0;2804.0;2612.0;2865.0;4051;380
SE;SUDESTE;SE;SUDESTE;MG;MINAS GERAIS;MG;MINAS GERAIS;PIRAPORA 2;VARZEA PALMA1       ;345.0;BASICA         ;LINHA DE TRANSMISSÃO;CEMIG GT;LT  345 kV PIRAPORA 2           / VARZEA PALMA1        C 1  MG ();MGPIRD3VPAL1        ;2010-07-03;2023-08-22;2010-06-13;35.14;0.107;1.13;18.358;;;;;1879.0;2051.0;1982.0;2084.0;1879.0;2086.0;2148.0;2133.0;4051;398
SE;SUDESTE;SE;SUDESTE;MG;MINAS GERAIS;MG;MINAS GERAIS;SANT.DUMONT 2;LEOPOLDINA2         ;345.0;BASICA         ;LINHA DE TRANSMISSÃO;RIO-MINAS SPE;LT  345 kV SANT.DUMONT 2        / LEOPOLDINA2          C 1  MG ();MGSDU23LPD21        ;2024-10-03;;2024-09-29;92.0;0.277;2.882;52.95;1825.0;1825.0;2245.0;2245.0;;;;;;;;;4098;7401
SE;SUDESTE;SE;SUDESTE;MG;MINAS GERAIS;MG;MINAS GERAIS;SAO GOTARDO 2;TRES MARIAS-SE      ;345.0;BASICA         ;LINHA DE TRANSMISSÃO;CEMIG GT;LT  345 kV SAO GOTARDO 2        / TRES MARIAS-SE       C 1  MG ();MGSGOT3TMAR1        ;1990-12-31;;;166.05;0.548;5.282;86.37;1879.0;1879.0;2198.0;2198.0;1879.0;2051.0;1982.0;2084.0;2198.0;2198.0;2198.0;2198.0;391;380
SE;SUDESTE;SE;SUDESTE;MG;MINAS GERAIS;MG;MINAS GERAIS;SETE LAGOAS 4;BETIM 6             ;345.0;BASICA         ;LINHA DE TRANSMISSÃO;MANTIQUEIRA TRANSMIS;LT  345 kV SETE LAGOAS 4        / BETIM 6              C 1  MG ();MGSLA43BET-1        ;2023-04-25;;2021-07-04;47.0;0.154;1.336;24.2;1810.0;1810.0;2160.0;2160.0;;;;;;;;;1475;4337
SE;SUDESTE;SE;SUDESTE;MG;MINAS GERAIS;MG;MINAS GERAIS;SETE LAGOAS 4;TRES MARIAS-SE      ;345.0;BASICA         ;LINHA DE TRANSMISSÃO;CEMIG GT;LT  345 kV SETE LAGOAS 4        / TRES MARIAS-SE       C 1  MG ();MGSLA43TMAR1        ;2014-06-03;;2014-05-29;177.0;0.609;5.606;93.81;1450.0;1450.0;1870.0;1870.0;1449.23;1449.23;1449.23;1449.23;1869.28;1869.28;1869.28;1869.28;1475;380
SE;SUDESTE;SE;SUDESTE;MG;MINAS GERAIS;MG;MINAS GERAIS;TAQUARIL;NOVA LIMA 6         ;345.0;BASICA         ;LINHA DE TRANSMISSÃO;CEMIG GT;LT  345 kV TAQUARIL             / NOVA LIMA 6          C 1  MG ();MGTAQU3VARG1        ;2016-05-05;;2015-12-31;31.498;0.116;1.012;16.62;1449.0;1449.0;1869.0;1869.0;1290.0;1290.0;1290.0;1290.0;1475.0;1475.0;1475.0;1475.0;372;9015
SE;SUDESTE;SE;SUDESTE;MG;MINAS GERAIS;MG;MINAS GERAIS;TRES MARIAS-SE;VARZEA PALMA1       ;345.0;BASICA         ;LINHA DE TRANSMISSÃO;CEMIG GT;LT  345 kV TRES MARIAS-SE       / VARZEA PALMA1        C 1  MG ();MGTMAR3VPAL1        ;1990-12-31;;;96.31;0.292;3.038;50.58;1879.0;1879.0;1879.0;1879.0;1879.0;2051.0;1982.0;2084.0;1879.0;2088.0;2150.0;2133.0;380;398
SE;SUDESTE;SE;SUDESTE;MG;MINAS GERAIS;MG;MINAS GERAIS;VARZEA PALMA 4;PIRAPORA 2          ;345.0;BASICA         ;LINHA DE TRANSMISSÃO;CEMIG GT;LT  345 kV VARZEA PALMA 4       / PIRAPORA 2           C 1  MG ();MGHVAL3PI2-1        ;2023-08-22;;2022-10-04;42.02;0.129;1.32;22.284;1879.0;1879.0;1879.0;1879.0;;;;;;;;;7784;4051
SE;SUDESTE;SE;SUDESTE;MG;MINAS GERAIS;MG;MINAS GERAIS;VARZEA PALMA 4;VARZEA PALMA1       ;345.0;BASICA         ;LINHA DE TRANSMISSÃO;CEMIG GT;LT  345 kV VARZEA PALMA 4       / VARZEA PALMA1        C 1  MG ();MGHVAL3VPAL1        ;2023-08-22;;2022-10-04;11.6;0.036;0.367;6.183;1879.0;1879.0;1879.0;1879.0;;;;;;;;;7784;398
SE;SUDESTE;SE;SUDESTE;RJ;RIO DE JANEIRO;RJ;RIO DE JANEIRO;ADRIANOPOLIS;CAMPOS              ;345.0;BASICA         ;LINHA DE TRANSMISSÃO;FURNAS;LT  345 kV ADRIANOPOLIS         / CAMPOS               C 1  RJ ();RJSTAD3STCM1        ;1990-12-31;2001-11-18;;266.0;0.764;8.2;143.09;;;;;;;;;;;;;140;147
SE;SUDESTE;SE;SUDESTE;RJ;RIO DE JANEIRO;RJ;RIO DE JANEIRO;ADRIANOPOLIS;CAMPOS              ;345.0;BASICA         ;LINHA DE TRANSMISSÃO;FURNAS;LT  345 kV ADRIANOPOLIS         / CAMPOS               C 2  RJ ();RJSTAD3STCM2        ;1990-12-31;2002-09-15;;269.0;0.766;8.2;143.48;;;;;;;;;;;;;140;147
SE;SUDESTE;SE;SUDESTE;RJ;RIO DE JANEIRO;RJ;RIO DE JANEIRO;ADRIANOPOLIS;COMPERJ             ;345.0;BASICA         ;LINHA DE TRANSMISSÃO;AXIA ENERGIA;LT  345 kV ADRIANOPOLIS         / COMPERJ              C 1  RJ ();RJSTAD3CPJ-1        ;2022-12-30;;2020-04-30;76.93;0.225;2.4;40.33;1428.0;1428.0;1799.0;1799.0;;;;;;;;;140;46537
SE;SUDESTE;SE;SUDESTE;RJ;RIO DE JANEIRO;MG;MINAS GERAIS;ADRIANOPOLIS;ITUTINGA            ;345.0;BASICA         ;LINHA DE TRANSMISSÃO;AXIA ENERGIA;LT  345 kV ADRIANOPOLIS         / ITUTINGA             C 1  RJ/MG ();RJSTAD3STIT1MG      ;1970-11-12;;;199.0;0.651;6.497;101.3;1298.0;1298.0;1635.0;1500.0;1298.0;1298.0;1298.0;1304.0;1635.0;1635.0;1635.0;1635.0;140;138
SE;SUDESTE;SE;SUDESTE;RJ;RIO DE JANEIRO;MG;MINAS GERAIS;ADRIANOPOLIS;ITUTINGA            ;345.0;BASICA         ;LINHA DE TRANSMISSÃO;AXIA ENERGIA;LT  345 kV ADRIANOPOLIS         / ITUTINGA             C 2  RJ/MG ();RJSTAD3STIT2MG      ;1973-12-06;;;199.0;0.651;6.497;101.3;1428.0;1428.0;1799.0;1500.0;1428.0;1428.0;1428.0;1444.0;1799.0;1799.0;1799.0;1799.0;140;138
SE;SUDESTE;SE;SUDESTE;RJ;RIO DE JANEIRO;RJ;RIO DE JANEIRO;ADRIANOPOLIS;JACAREPAGUA         ;345.0;BASICA         ;LINHA DE TRANSMISSÃO;AXIA ENERGIA;LT  345 kV ADRIANOPOLIS         / JACAREPAGUA          C 1  RJ ();RJSTAD3STJP1        ;1990-12-31;;;38.0;0.11;1.251;19.36;1298.0;1298.0;1635.0;1600.0;1298.0;1298.0;1298.0;1298.0;1635.0;1635.0;1635.0;1635.0;140;144
SE;SUDESTE;SE;SUDESTE;RJ;RIO DE JANEIRO;RJ;RIO DE JANEIRO;ADRIANOPOLIS;JACAREPAGUA         ;345.0;BASICA         ;LINHA DE TRANSMISSÃO;FURNAS;LT  345 kV ADRIANOPOLIS         / JACAREPAGUA          C 2  RJ ();RJSTAD3STJP2        ;1990-12-31;2021-02-12;;38.0;0.109;1.19;20.1;;;;;1428.0;1428.0;1428.0;1458.0;1799.0;1799.0;1799.0;1799.0;140;144
SE;SUDESTE;SE;SUDESTE;RJ;RIO DE JANEIRO;RJ;RIO DE JANEIRO;ADRIANOPOLIS;MACAE MERCHAN       ;345.0;BASICA         ;LINHA DE TRANSMISSÃO;FURNAS;LT  345 kV ADRIANOPOLIS         / MACAE MERCHAN        C 1  RJ ();RJSTAD3STMH2        ;2002-09-16;2022-12-30;2006-07-26;177.0;0.494;5.459;95.1;;;;;1428.0;1552.0;1428.0;1660.0;1799.0;1799.0;1799.0;1906.0;140;3966
SE;SUDESTE;SE;SUDESTE;RJ;RIO DE JANEIRO;RJ;RIO DE JANEIRO;ADRIANOPOLIS;MACAE MERCHAN       ;345.0;BASICA         ;LINHA DE TRANSMISSÃO;FURNAS;LT  345 kV ADRIANOPOLIS         / MACAE MERCHAN        C 2  RJ ();RJSTAD3STMH1        ;2001-11-18;2010-11-29;2006-07-26;177.0;0.48;5.31;92.69;;;;;;;;;;;;;140;3966
SE;SUDESTE;SE;SUDESTE;RJ;RIO DE JANEIRO;RJ;RIO DE JANEIRO;ADRIANOPOLIS;NOVA IGUACU         ;345.0;BASICA         ;LINHA DE TRANSMISSÃO;AXIA ENERGIA;LT  345 kV ADRIANOPOLIS         / NOVA IGUACU          C 1  RJ ();RJSTAD3STNV1        ;2021-02-12;;2021-02-09;14.7;0.075;0.822;13.76;1428.0;1428.0;1799.0;1799.0;;;;;;;;;140;9609
SE;SUDESTE;SE;SUDESTE;RJ;RIO DE JANEIRO;RJ;RIO DE JANEIRO;ADRIANOPOLIS;VENDA PEDRAS        ;345.0;BASICA         ;LINHA DE TRANSMISSÃO;AXIA ENERGIA;LT  345 kV ADRIANOPOLIS         / VENDA PEDRAS         C 1  RJ ();RJSTAD3STVP1        ;2010-11-29;;2010-11-30;107.0;0.291;2.986;54.45;1428.0;1428.0;1799.0;1799.0;1428.0;1552.0;1428.0;1660.0;1799.0;1799.0;1799.0;1906.0;140;1781
SE;SUDESTE;SE;SUDESTE;RJ;RIO DE JANEIRO;RJ;RIO DE JANEIRO;CAMPOS;MACAE MERCHAN       ;345.0;BASICA         ;LINHA DE TRANSMISSÃO;AXIA ENERGIA;LT  345 kV CAMPOS               / MACAE MERCHAN        C 1  RJ ();RJSTCM3STMH1        ;2001-11-18;;2006-07-26;89.0;0.256;2.863;48.91;1428.0;1428.0;1799.0;1799.0;1428.0;1621.0;1428.0;1680.0;1799.0;1833.0;1799.0;1915.0;147;3966
SE;SUDESTE;SE;SUDESTE;RJ;RIO DE JANEIRO;RJ;RIO DE JANEIRO;CAMPOS;MACAE MERCHAN       ;345.0;BASICA         ;LINHA DE TRANSMISSÃO;AXIA ENERGIA;LT  345 kV CAMPOS               / MACAE MERCHAN        C 2  RJ ();RJSTCM3STMH2        ;2002-09-16;;2006-07-26;89.0;0.247;2.763;47.54;1428.0;1428.0;1799.0;1799.0;1428.0;1621.0;1428.0;1680.0;1799.0;1833.0;1799.0;1915.0;147;3966
SE;SUDESTE;SE;SUDESTE;RJ;RIO DE JANEIRO;RJ;RIO DE JANEIRO;CAMPOS;MACAE MERCHAN       ;345.0;BASICA         ;LINHA DE TRANSMISSÃO;AXIA ENERGIA;LT  345 kV CAMPOS               / MACAE MERCHAN        C 3  RJ ();RJSTCM3STMH3        ;2010-06-01;;2010-05-30;90.0;0.258;2.726;50.87;1894.0;1894.0;1894.0;1894.0;1894.0;1894.0;1894.0;1894.0;1894.0;1894.0;1894.0;1894.0;147;3966
SE;SUDESTE;SE;SUDESTE;RJ;RIO DE JANEIRO;ES;ESPIRITO SANTO;CAMPOS;RIO NOVO SUL        ;345.0;BASICA         ;LINHA DE TRANSMISSÃO;AXIA ENERGIA;LT  345 kV CAMPOS               / RIO NOVO SUL         C 1  RJ/ES ();RJSTCM3SRNS1ES      ;2019-08-25;;2019-11-30;120.58;0.345;3.79;63.74;1428.0;1428.0;1799.0;1200.0;;;;;;;;;147;3032
SE;SUDESTE;SE;SUDESTE;RJ;RIO DE JANEIRO;ES;ESPIRITO SANTO;CAMPOS;RIO NOVO SUL        ;345.0;BASICA         ;LINHA DE TRANSMISSÃO;AXIA ENERGIA;LT  345 kV CAMPOS               / RIO NOVO SUL         C 2  RJ/ES ();RJSTCM3SRNS2ES      ;2019-09-12;;2019-11-30;120.58;0.346;3.79;63.81;1428.0;1428.0;1799.0;1250.0;;;;;;;;;147;3032
SE;SUDESTE;SE;SUDESTE;RJ;RIO DE JANEIRO;ES;ESPIRITO SANTO;CAMPOS;VIANA               ;345.0;BASICA         ;LINHA DE TRANSMISSÃO;FURNAS;LT  345 kV CAMPOS               / VIANA                C 1  RJ/ES ();ESSTAE3STCM1RJ      ;2005-12-19;2019-09-12;2005-12-18;199.0;0.566;6.17;106.13;;;;;1428.0;1612.0;1428.0;1670.0;1799.0;1829.0;1799.0;1908.0;147;90
SE;SUDESTE;SE;SUDESTE;RJ;RIO DE JANEIRO;ES;ESPIRITO SANTO;CAMPOS;VITORIA             ;345.0;BASICA         ;LINHA DE TRANSMISSÃO;FURNAS;LT  345 kV CAMPOS               / VITORIA              C 1  RJ/ES ();RJSTCM3STVT2ES      ;1990-12-31;2019-08-25;;224.0;0.63;6.95;119.3;;;;;1428.0;1562.0;1428.0;1616.0;1799.0;1799.0;1799.0;1840.0;147;149
SE;SUDESTE;SE;SUDESTE;RJ;RIO DE JANEIRO;ES;ESPIRITO SANTO;CAMPOS;VITORIA             ;345.0;BASICA         ;LINHA DE TRANSMISSÃO;FURNAS;LT  345 kV CAMPOS               / VITORIA              C 2  RJ/ES ();RJSTCM3STVT1ES      ;1990-12-31;2005-12-19;;225.0;0.63;6.98;120.0;;;;;;;;;;;;;147;149
SE;SUDESTE;SE;SUDESTE;RJ;RIO DE JANEIRO;RJ;RIO DE JANEIRO;COMPERJ;LAGOS               ;345.0;BASICA         ;LINHA DE TRANSMISSÃO;AXIA ENERGIA;LT  345 kV COMPERJ              / LAGOS                C 1  RJ ();RJCPJ-3LGO-1        ;2022-12-30;;2022-09-26;106.97;0.306;3.355;55.98;1428.0;1428.0;1799.0;1799.0;1428.0;1552.0;1428.0;1660.0;1799.0;1799.0;1799.0;1906.0;46537;9506
SE;SUDESTE;SE;SUDESTE;RJ;RIO DE JANEIRO;RJ;RIO DE JANEIRO;JACAREPAGUA;NOVA IGUACU         ;345.0;BASICA         ;LINHA DE TRANSMISSÃO;AXIA ENERGIA;LT  345 kV JACAREPAGUA          / NOVA IGUACU          C 1  RJ ();RJSTJP3STNV1        ;2021-02-12;;2021-02-09;31.6;0.104;1.151;18.89;1428.0;1428.0;1799.0;1799.0;;;;;;;;;144;9609
SE;SUDESTE;SE;SUDESTE;RJ;RIO DE JANEIRO;MG;MINAS GERAIS;LAGOS;LEOPOLDINA2         ;345.0;BASICA         ;LINHA DE TRANSMISSÃO;RIO-MINAS SPE;LT  345 kV LAGOS                / LEOPOLDINA2          C 1  RJ/MG ();MGLPD23LGO-1RJ      ;2024-11-23;;2025-02-06;140.0;0.411;4.286;79.1;1840.0;1840.0;2260.0;2260.0;;;;;;;;;9506;7401
SE;SUDESTE;SE;SUDESTE;RJ;RIO DE JANEIRO;RJ;RIO DE JANEIRO;LAGOS;MACAE MERCHAN       ;345.0;BASICA         ;LINHA DE TRANSMISSÃO;AXIA ENERGIA;LT  345 kV LAGOS                / MACAE MERCHAN        C 1  RJ ();RJLGO-3STMH1        ;2022-12-30;;2022-03-30;20.17;0.058;0.63;10.47;1428.0;1428.0;1799.0;1799.0;1428.0;1552.0;1428.0;1660.0;1428.0;1552.0;1428.0;1660.0;9506;3966
SE;SUDESTE;SE;SUDESTE;RJ;RIO DE JANEIRO;RJ;RIO DE JANEIRO;LAGOS;MACAE MERCHAN       ;345.0;BASICA         ;LINHA DE TRANSMISSÃO;LAGOS SPE;LT  345 kV LAGOS                / MACAE MERCHAN        C 2  RJ ();RJSTMH3LGO-2        ;2022-06-14;;2022-03-30;20.48;0.06;0.624;11.08;1930.0;1930.0;2430.0;2430.0;1930.0;2221.0;1976.0;2291.0;2430.0;2584.0;2448.0;2641.0;9506;3966
SE;SUDESTE;SE;SUDESTE;RJ;RIO DE JANEIRO;RJ;RIO DE JANEIRO;MACAE MERCHAN;VENDA PEDRAS        ;345.0;BASICA         ;LINHA DE TRANSMISSÃO;AXIA ENERGIA;LT  345 kV MACAE MERCHAN        / VENDA PEDRAS         C 1  RJ ();RJSTMH3STVP1        ;2010-11-29;;2010-11-30;121.0;0.29;3.17;65.17;1428.0;1428.0;1799.0;1799.0;1428.0;1552.0;1428.0;1660.0;1799.0;1799.0;1799.0;1906.0;3966;1781
SE;SUDESTE;SE;SUDESTE;RJ;RIO DE JANEIRO;RJ;RIO DE JANEIRO;NO.FLUMINENSE;MACAE MERCHAN       ;345.0;COMPLEMENTAR   ;LINHA DE TRANSMISSÃO;NORTE FLUMINENSE;LT  345 kV NO.FLUMINENSE/MACAE MERCHAN C-1 RJ;RJUTNF3STMH1        ;2004-03-06;;2003-04-03;0.8;0.001;0.01;0.0;;;;;;;;;;;;;44307;3966
SE;SUDESTE;SE;SUDESTE;RJ;RIO DE JANEIRO;RJ;RIO DE JANEIRO;NO.FLUMINENSE;MACAE MERCHAN       ;345.0;COMPLEMENTAR   ;LINHA DE TRANSMISSÃO;NORTE FLUMINENSE;LT  345 kV NO.FLUMINENSE/MACAE MERCHAN C-2 RJ;RJUTNF3STMH2        ;2004-03-06;;2003-04-03;0.8;0.0;0.01;0.0;;;;;;;;;;;;;44307;3966
SE;SUDESTE;SE;SUDESTE;RJ;RIO DE JANEIRO;RJ;RIO DE JANEIRO;UT TERMOMACAE;MACAE MERCHAN       ;345.0;COMPLEMENTAR   ;LINHA DE TRANSMISSÃO;PETROBRAS;LT  345 kV UT TERMOMACAE        / MACAE MERCHAN        C 1  RJ ();RJUTME3STMH1        ;2001-11-18;;;0.5;0.01;1.51;0.0;;;;;;;;;;;;;90407;3966
SE;SUDESTE;SE;SUDESTE;RJ;RIO DE JANEIRO;RJ;RIO DE JANEIRO;UT TERMOMACAE;MACAE MERCHAN       ;345.0;COMPLEMENTAR   ;LINHA DE TRANSMISSÃO;PETROBRAS;LT  345 kV UT TERMOMACAE        / MACAE MERCHAN        C 2  RJ ();RJUTME3STMH2        ;2002-09-04;;;0.5;0.01;2.27;0.0;;;;;;;;;;;;;90407;3966
SE;SUDESTE;SE;SUDESTE;RJ;RIO DE JANEIRO;RJ;RIO DE JANEIRO;UTE GNA I;CAMPOS              ;345.0;COMPLEMENTAR   ;LINHA DE TRANSMISSÃO;UTE GNA I GERACAO;LT  345 kV UTE GNA I            / CAMPOS               C 1  RJ (NVTCMS1);RJNVT-3STCM1        ;2021-02-02;;2020-11-30;51.0;0.16;1.646;27.714;;;;;;;;;;;;;52;147
SE;SUDESTE;SE;SUDESTE;RJ;RIO DE JANEIRO;RJ;RIO DE JANEIRO;UTE GNA I;CAMPOS              ;345.0;COMPLEMENTAR   ;LINHA DE TRANSMISSÃO;UTE GNA I GERACAO;LT  345 kV UTE GNA I            / CAMPOS               C 2  RJ (NVTCMS2);RJNVT-3STCM2        ;2019-12-18;;2020-03-31;51.0;0.16;1.646;27.71;;;;;;;;;;;;;52;147
SE;SUDESTE;SE;SUDESTE;RJ;RIO DE JANEIRO;RJ;RIO DE JANEIRO;UTE MARLIM AZUL;LAGOS               ;345.0;COMPLEMENTAR   ;LINHA DE TRANSMISSÃO;MARLIM AZUL;LT  345 kV UTE MARLIM AZUL      / LAGOS                C 1  RJ ();RJMAE-3LGO-1        ;2023-12-02;2025-06-30;2022-11-30;14.97;0.019;0.367;9.957;;;;;;;;;;;;;46149;9506
SE;SUDESTE;SE;SUDESTE;SP;SAO PAULO;SP;SAO PAULO;ANHANGUERA;GUARULHOS           ;345.0;BASICA         ;LINHA DE TRANSMISSÃO;ISA ENERGIA BRASIL;LT  345 kV ANHANGUERA           / GUARULHOS            C 1  SP ();SPSTGA3ANH-1        ;2007-06-03;;2007-05-31;21.5;0.0366;0.5575;15.37;4397.0;4000.0;5172.0;4000.0;4397.0;4605.0;4397.0;4725.0;5172.0;5172.0;5172.0;5172.0;439;126
SE;SUDESTE;SE;SUDESTE;SP;SAO PAULO;SP;SAO PAULO;ANHANGUERA;GUARULHOS           ;345.0;BASICA         ;LINHA DE TRANSMISSÃO;ISA ENERGIA BRASIL;LT  345 kV ANHANGUERA           / GUARULHOS            C 2  SP ();SPSTGA3ANH-2        ;2007-06-03;;2007-05-31;21.5;0.0366;0.5575;15.37;4397.0;4000.0;5172.0;4000.0;4397.0;4605.0;4397.0;4725.0;5172.0;5172.0;5172.0;5172.0;439;126
SE;SUDESTE;SE;SUDESTE;SP;SAO PAULO;SP;SAO PAULO;ANHANGUERA;M. FORNASARO        ;345.0;BASICA         ;LINHA DE TRANSMISSÃO;ISA ENERGIA BRASIL;LT  345 kV ANHANGUERA           / M. FORNASARO         C 1  SP ();SPANH-3MFO-1        ;2007-06-03;;2007-05-31;4.5;0.0073;0.1083;3.18;4397.0;3000.0;5172.0;3000.0;4397.0;4605.0;4412.0;4725.0;5172.0;5172.0;5172.0;5172.0;439;495
SE;SUDESTE;SE;SUDESTE;SP;SAO PAULO;SP;SAO PAULO;ANHANGUERA;M. FORNASARO        ;345.0;BASICA         ;LINHA DE TRANSMISSÃO;ISA ENERGIA BRASIL;LT  345 kV ANHANGUERA           / M. FORNASARO         C 2  SP ();SPANH-3MFO-2        ;2007-12-19;;2007-07-31;4.5;0.0073;0.1083;3.18;4397.0;3000.0;5172.0;3000.0;4397.0;4605.0;4412.0;4725.0;5172.0;5172.0;5172.0;5172.0;439;495
SE;SUDESTE;SE;SUDESTE;SP;SAO PAULO;SP;SAO PAULO;ATIBAIA II;MOGI CRUZES         ;345.0;BASICA         ;LINHA DE TRANSMISSÃO;AXIA ENERGIA;LT  345 kV ATIBAIA II           / MOGI CRUZES          C 1  SP ();SPATB-3STMO1        ;2013-01-07;;2013-01-06;64.5;0.18;2.03;34.67;1428.0;1200.0;1799.0;1200.0;1428.0;1459.0;1428.0;1540.0;1799.0;1799.0;1799.0;1799.0;697;129
SE;SUDESTE;SE;SUDESTE;SP;SAO PAULO;MG;MINAS GERAIS;ATIBAIA II;POCOS CALDAS        ;345.0;BASICA         ;LINHA DE TRANSMISSÃO;AXIA ENERGIA;LT  345 kV ATIBAIA II           / POCOS CALDAS         C 1  SP/MG ();SPATB-3STPC1MG      ;2013-01-07;;2013-01-06;142.5;0.394;4.39;74.85;1428.0;1428.0;1799.0;1799.0;1428.0;1428.0;1428.0;1476.0;1799.0;1799.0;1799.0;1799.0;697;120
SE;SUDESTE;SE;SUDESTE;SP;SAO PAULO;SP;SAO PAULO;B. SANTISTA;COSIPA              ;345.0;COMPLEMENTAR   ;LINHA DE TRANSMISSÃO;ISA ENERGIA BRASIL;LT  345 kV B. SANTISTA          / COSIPA               C 1  SP ();SPBSA-3COS-1        ;2000-06-02;2025-06-17;;4.0;0.01;0.02;;;;;;;;;;;;;;471;3471
SE;SUDESTE;SE;SUDESTE;SP;SAO PAULO;SP;SAO PAULO;B. SANTISTA;COSIPA              ;345.0;COMPLEMENTAR   ;LINHA DE TRANSMISSÃO;ISA ENERGIA BRASIL;LT  345 kV B. SANTISTA          / COSIPA               C 2  SP ();SPBSA-3COS-2        ;2000-06-02;2025-06-17;;4.0;0.01;0.02;;;;;;;;;;;;;;471;3471
SE;SUDESTE;SE;SUDESTE;SP;SAO PAULO;SP;SAO PAULO;B. SANTISTA;DOME.RANGONI        ;345.0;BASICA         ;LINHA DE TRANSMISSÃO;ISA ENERGIA BRASIL;LT  345 kV B. SANTISTA          / DOME.RANGONI         C 1  SP ();SPBSA-3DMR-1        ;2025-05-31;;2025-05-21;25.59;0.0841;0.7624;14.12;1526.0;1526.0;1846.0;1846.0;;;;;;;;;471;420
SE;SUDESTE;SE;SUDESTE;SP;SAO PAULO;SP;SAO PAULO;B. SANTISTA;SUL                 ;345.0;BASICA         ;LINHA DE TRANSMISSÃO;ISA ENERGIA BRASIL;LT  345 kV B. SANTISTA          / SUL                  C 1  SP ();SPBSA-3SUL-1        ;2002-01-01;;;21.275;0.0718;0.6485;11.41;1526.0;1526.0;1846.0;1846.0;1526.0;1622.0;1620.0;1674.0;1846.0;1923.0;1883.0;1883.0;471;474
SE;SUDESTE;SE;SUDESTE;SP;SAO PAULO;SP;SAO PAULO;B. SANTISTA;TIJUCO PRETO        ;345.0;BASICA         ;LINHA DE TRANSMISSÃO;ISA ENERGIA BRASIL;LT  345 kV B. SANTISTA          / TIJUCO PRETO         C 1  SP ();SPBSA-3STTP1        ;1990-12-31;;;26.5;0.0922;0.8014;14.08;1981.0;1981.0;2330.0;2330.0;1981.0;1981.0;1993.0;1993.0;2330.0;2330.0;2330.0;2330.0;471;78
SE;SUDESTE;SE;SUDESTE;SP;SAO PAULO;SP;SAO PAULO;B. SANTISTA;TIJUCO PRETO        ;345.0;BASICA         ;LINHA DE TRANSMISSÃO;ISA ENERGIA BRASIL;LT  345 kV B. SANTISTA          / TIJUCO PRETO         C 2  SP ();SPBSA-3STTP2        ;1990-12-31;;;26.1;0.0922;0.8014;14.1;1981.0;1981.0;2330.0;2330.0;1981.0;1981.0;1993.0;1993.0;2330.0;2330.0;2330.0;2330.0;471;78
SE;SUDESTE;SE;SUDESTE;SP;SAO PAULO;SP;SAO PAULO;B. SANTISTA;TIJUCO PRETO        ;345.0;BASICA         ;LINHA DE TRANSMISSÃO;ISA ENERGIA BRASIL;LT  345 kV B. SANTISTA          / TIJUCO PRETO         C 3  SP ();SPBSA-3STTP3        ;2004-07-28;2025-05-31;2004-06-30;26.0;0.0951;0.8521;13.2;;;;;1526.0;1616.0;1598.0;1670.0;1846.0;1920.0;1865.0;1865.0;471;78
SE;SUDESTE;SE;SUDESTE;SP;SAO PAULO;SP;SAO PAULO;BANDEIRANTES;PIRATININGA 2       ;345.0;BASICA         ;LINHA DE TRANSMISSÃO;ISA ENERGIA BRASIL;LT  345 kV BANDEIRANTES         / PIRATININGA 2        C 1  SP ();SPBAN-3PIR21        ;2020-04-12;;2020-06-27;15.0;0.0233;0.2694;144.9;1340.0;1340.0;1425.0;1425.0;;;;;;;;;492;487
SE;SUDESTE;SE;SUDESTE;SP;SAO PAULO;SP;SAO PAULO;BANDEIRANTES;PIRATININGA 2       ;345.0;BASICA         ;LINHA DE TRANSMISSÃO;ISA ENERGIA BRASIL;LT  345 kV BANDEIRANTES         / PIRATININGA 2        C 2  SP ();SPBAN-3PIR22        ;2020-04-12;;2020-06-27;15.0;0.0233;0.2694;144.9;1340.0;1340.0;1425.0;1425.0;;;;;;;;;492;487
SE;SUDESTE;SE;SUDESTE;SP;SAO PAULO;SP;SAO PAULO;CAMPINAS;GUARULHOS           ;345.0;BASICA         ;LINHA DE TRANSMISSÃO;AXIA ENERGIA;LT  345 kV CAMPINAS             / GUARULHOS            C 1  SP ();SPSTCA3STGA1        ;1990-12-31;;;88.0;0.252;2.761;46.5;1428.0;1428.0;1799.0;1799.0;1428.0;1428.0;1428.0;1468.0;1799.0;1799.0;1799.0;1799.0;123;126
SE;SUDESTE;SE;SUDESTE;SP;SAO PAULO;MG;MINAS GERAIS;CAMPINAS;POCOS CALDAS        ;345.0;BASICA         ;LINHA DE TRANSMISSÃO;AXIA ENERGIA;LT  345 kV CAMPINAS             / POCOS CALDAS         C 1  SP/MG ();SPSTCA3STPC1MG      ;1990-12-31;;;126.0;0.359;3.945;66.7;1428.0;1428.0;1799.0;1799.0;1428.0;1428.0;1428.0;1455.0;1799.0;1799.0;1799.0;1799.0;123;120
SE;SUDESTE;SE;SUDESTE;SP;SAO PAULO;SP;SAO PAULO;DOME.RANGONI;TIJUCO PRETO        ;345.0;BASICA         ;LINHA DE TRANSMISSÃO;ISA ENERGIA BRASIL;LT  345 kV DOME.RANGONI         / TIJUCO PRETO         C 1  SP ();SPDMR-3STTP1        ;2025-05-31;;2025-05-21;39.03;0.1339;1.2081;21.08;1526.0;1526.0;1846.0;1846.0;;;;;;;;;420;78
SE;SUDESTE;SE;SUDESTE;SP;SAO PAULO;SP;SAO PAULO;EMBU-GUACU;B. SANTISTA         ;345.0;BASICA         ;LINHA DE TRANSMISSÃO;ISA ENERGIA BRASIL;LT  345 kV EMBU-GUACU           / B. SANTISTA          C 1  SP ();SPEMG-3BSA-1        ;2002-01-01;;;46.3;0.1592;1.4225;24.94;1526.0;1500.0;1846.0;1600.0;1526.0;1624.0;1586.0;1676.0;1846.0;1922.0;1855.0;1855.0;582;471
SE;SUDESTE;SE;SUDESTE;SP;SAO PAULO;SP;SAO PAULO;EMBU-GUACU;SUL                 ;345.0;BASICA         ;LINHA DE TRANSMISSÃO;ISA ENERGIA BRASIL;LT  345 kV EMBU-GUACU           / SUL                  C 1  SP ();SPEMG-3SUL-1        ;1990-12-31;;;55.0;0.1917;1.6989;29.71;1526.0;1526.0;1846.0;1846.0;1526.0;1640.0;1586.0;1690.0;1846.0;1922.0;1855.0;1855.0;582;474
SE;SUDESTE;SE;SUDESTE;SP;SAO PAULO;SP;SAO PAULO;GUARULHOS;IBIUNA              ;345.0;BASICA         ;LINHA DE TRANSMISSÃO;AXIA ENERGIA;LT  345 kV GUARULHOS            / IBIUNA               C 1  SP ();SPSTGA3STIN1        ;1990-12-31;;;75.0;0.109;1.826;51.2;2856.0;2856.0;3598.0;3598.0;2856.0;3296.0;3032.0;3420.0;3599.0;3801.0;3795.0;3966.0;126;86
SE;SUDESTE;SE;SUDESTE;SP;SAO PAULO;SP;SAO PAULO;GUARULHOS;IBIUNA              ;345.0;BASICA         ;LINHA DE TRANSMISSÃO;AXIA ENERGIA;LT  345 kV GUARULHOS            / IBIUNA               C 2  SP ();SPSTGA3STIN2        ;1990-12-31;;;75.0;0.109;1.824;51.2;2856.0;2856.0;3598.0;3598.0;2856.0;3296.0;3032.0;3420.0;3599.0;3801.0;3795.0;3966.0;126;86
SE;SUDESTE;SE;SUDESTE;SP;SAO PAULO;SP;SAO PAULO;GUARULHOS;NORDESTE            ;345.0;BASICA         ;LINHA DE TRANSMISSÃO;AXIA ENERGIA;LT  345 kV GUARULHOS            / NORDESTE             C 1  SP ();SPSTGA3NOD-1        ;1990-12-31;;;34.8;0.116;1.132;17.7;1298.0;1298.0;1635.0;1635.0;1298.0;1330.0;1298.0;1396.0;1635.0;1635.0;1635.0;1635.0;126;442
SE;SUDESTE;SE;SUDESTE;SP;SAO PAULO;MG;MINAS GERAIS;GUARULHOS;POCOS CALDAS        ;345.0;BASICA         ;LINHA DE TRANSMISSÃO;AXIA ENERGIA;LT  345 kV GUARULHOS            / POCOS CALDAS         C 1  SP/MG ();SPSTGA3STPC1MG      ;1990-12-31;;;182.0;0.6;5.95;92.8;1298.0;1298.0;1635.0;1635.0;1298.0;1298.0;1298.0;1332.0;1635.0;1635.0;1635.0;1635.0;126;120
SE;SUDESTE;SE;SUDESTE;SP;SAO PAULO;MG;MINAS GERAIS;GUARULHOS;POCOS CALDAS        ;345.0;BASICA         ;LINHA DE TRANSMISSÃO;AXIA ENERGIA;LT  345 kV GUARULHOS            / POCOS CALDAS         C 2  SP/MG ();SPSTGA3STPC2MG      ;1990-12-31;;;184.0;0.606;6.02;93.8;1298.0;1298.0;1635.0;1635.0;1298.0;1298.0;1298.0;1332.0;1635.0;1635.0;1635.0;1635.0;126;120
SE;SUDESTE;SE;SUDESTE;SP;SAO PAULO;SP;SAO PAULO;IBIUNA;INTERLAGOS          ;345.0;BASICA         ;LINHA DE TRANSMISSÃO;ISA ENERGIA BRASIL;LT  345 kV IBIUNA               / INTERLAGOS           C 1  SP ();SPSTIN3INT-1        ;1990-12-31;;;61.0;0.0948;1.4987;41.91;3381.0;3381.0;4397.0;4000.0;3381.0;3621.0;3543.0;3753.0;4397.0;4397.0;4397.0;4397.0;86;488
SE;SUDESTE;SE;SUDESTE;SP;SAO PAULO;SP;SAO PAULO;IBIUNA;INTERLAGOS          ;345.0;BASICA         ;LINHA DE TRANSMISSÃO;ISA ENERGIA BRASIL;LT  345 kV IBIUNA               / INTERLAGOS           C 2  SP ();SPSTIN3INT-2        ;1990-12-31;;;61.0;0.0948;1.4987;41.91;3381.0;3381.0;4397.0;4000.0;3381.0;3621.0;3543.0;3753.0;4397.0;4397.0;4397.0;4397.0;86;488
SE;SUDESTE;SE;SUDESTE;SP;SAO PAULO;SP;SAO PAULO;IBIUNA;SUL                 ;345.0;BASICA         ;LINHA DE TRANSMISSÃO;AXIA ENERGIA;LT  345 kV IBIUNA               / SUL                  C 1  SP ();SPSTIN3SUL-1        ;2025-04-11;;2025-10-07;80.25;0.155;2.162;49.5;2142.0;2142.0;2699.0;2699.0;;;;;;;;;86;474
SE;SUDESTE;SE;SUDESTE;SP;SAO PAULO;SP;SAO PAULO;IBIUNA;TIJUCO PRETO        ;345.0;BASICA         ;LINHA DE TRANSMISSÃO;AXIA ENERGIA;LT  345 kV IBIUNA               / TIJUCO PRETO         C 1  SP ();SPSTIN3STTP1        ;1990-12-31;;;97.0;0.187;2.602;60.1;2142.0;2142.0;2699.0;2699.0;2142.0;2487.0;2289.0;2574.0;2699.0;2875.0;2869.0;3003.0;86;78
SE;SUDESTE;SE;SUDESTE;SP;SAO PAULO;SP;SAO PAULO;IBIUNA;TIJUCO PRETO        ;345.0;BASICA         ;LINHA DE TRANSMISSÃO;AXIA ENERGIA;LT  345 kV IBIUNA               / TIJUCO PRETO         C 2  SP ();SPSTIN3STTP2        ;1990-12-31;2025-04-11;;97.0;0.187;2.602;60.1;;;;;2142.0;2487.0;2289.0;2574.0;2699.0;2875.0;2869.0;3003.0;86;78
SE;SUDESTE;SE;SUDESTE;SP;SAO PAULO;SP;SAO PAULO;INTERLAGOS;EMBU-GUACU          ;345.0;BASICA         ;LINHA DE TRANSMISSÃO;ISA ENERGIA BRASIL;LT  345 kV INTERLAGOS           / EMBU-GUACU           C 1  SP ();SPINT-3EMG-1        ;1990-12-31;;;22.4;0.078;0.7001;11.93;1526.0;1526.0;1846.0;1846.0;1526.0;1642.0;1607.0;1700.0;1846.0;1923.0;1873.0;1873.0;488;582
SE;SUDESTE;SE;SUDESTE;SP;SAO PAULO;SP;SAO PAULO;INTERLAGOS;EMBU-GUACU          ;345.0;BASICA         ;LINHA DE TRANSMISSÃO;ISA ENERGIA BRASIL;LT  345 kV INTERLAGOS           / EMBU-GUACU           C 2  SP ();SPINT-3EMG-2        ;1990-12-31;;;22.4;0.078;0.7001;11.93;1526.0;1526.0;1846.0;1846.0;1526.0;1642.0;1607.0;1700.0;1846.0;1923.0;1873.0;1873.0;488;582
SE;SUDESTE;SE;SUDESTE;SP;SAO PAULO;SP;SAO PAULO;INTERLAGOS;PIRATININGA 2       ;345.0;BASICA         ;LINHA DE TRANSMISSÃO;IE JAGUAR 8;LT  345 kV INTERLAGOS           / PIRATININGA 2        C 3  SP ();SPINT-3PIR21        ;2011-12-27;;2011-12-18;0.715;0.002;0.022;0.6;2200.0;2200.0;2590.0;2590.0;2200.0;2200.0;2200.0;2200.0;2590.0;2590.0;2590.0;2590.0;488;487
SE;SUDESTE;SE;SUDESTE;SP;SAO PAULO;SP;SAO PAULO;INTERLAGOS;PIRATININGA 2       ;345.0;BASICA         ;LINHA DE TRANSMISSÃO;IE JAGUAR 8;LT  345 kV INTERLAGOS           / PIRATININGA 2        C 4  SP ();SPINT-3PIR22        ;2011-12-27;;2011-12-18;0.715;0.002;0.022;0.6;2200.0;2200.0;2590.0;2590.0;2200.0;2200.0;2200.0;2200.0;2590.0;2590.0;2590.0;2590.0;488;487
SE;SUDESTE;SE;SUDESTE;SP;SAO PAULO;SP;SAO PAULO;INTERLAGOS;XAVANTES            ;345.0;BASICA         ;LINHA DE TRANSMISSÃO;ISA ENERGIA BRASIL;LT  345 kV INTERLAGOS           / XAVANTES             C 1  SP ();SPINT-3XAV-1        ;1990-12-31;;;7.4;0.012;0.182;5.01;4397.0;4000.0;5144.0;4000.0;4397.0;4625.0;4417.0;4741.0;5144.0;5144.0;5144.0;5144.0;488;491
SE;SUDESTE;SE;SUDESTE;SP;SAO PAULO;SP;SAO PAULO;INTERLAGOS;XAVANTES            ;345.0;BASICA         ;LINHA DE TRANSMISSÃO;ISA ENERGIA BRASIL;LT  345 kV INTERLAGOS           / XAVANTES             C 2  SP ();SPINT-3XAV-2        ;1990-12-31;;;7.4;0.012;0.182;5.01;4397.0;4000.0;5144.0;4000.0;4397.0;4625.0;4417.0;4741.0;5144.0;5144.0;5144.0;5144.0;488;491
SE;SUDESTE;SE;SUDESTE;SP;SAO PAULO;SP;SAO PAULO;ITAPETI;MOGI CRUZES         ;345.0;BASICA         ;LINHA DE TRANSMISSÃO;ISA ENERGIA BRASIL;LT  345 kV ITAPETI              / MOGI CRUZES          C 1  SP ();SPITE-3STMO1        ;1990-12-31;;;5.2;0.02;0.16;2.661;1526.0;1526.0;1846.0;1846.0;1526.0;1616.0;1598.0;1670.0;1846.0;1923.0;1865.0;1865.0;449;129
SE;SUDESTE;SE;SUDESTE;SP;SAO PAULO;SP;SAO PAULO;ITAPETI;MOGI CRUZES         ;345.0;BASICA         ;LINHA DE TRANSMISSÃO;ISA ENERGIA BRASIL;LT  345 kV ITAPETI              / MOGI CRUZES          C 2  SP ();SPITE-3STMO2        ;1999-01-15;;;5.2;0.02;0.16;2.661;1526.0;1526.0;1846.0;1846.0;1526.0;1616.0;1598.0;1670.0;1846.0;1923.0;1865.0;1865.0;449;129
SE;SUDESTE;SE;SUDESTE;SP;SAO PAULO;SP;SAO PAULO;ITAPETI;NORDESTE            ;345.0;BASICA         ;LINHA DE TRANSMISSÃO;AXIA ENERGIA;LT  345 kV ITAPETI              / NORDESTE             C 1  SP ();SPITE-3NOD-1        ;2014-12-31;;2015-01-31;29.0;0.087;0.919;18.0;2260.0;2260.0;2260.0;2260.0;2260.0;2260.0;2324.0;2260.0;2260.0;2260.0;2324.0;2260.0;449;442
SE;SUDESTE;SE;SUDESTE;SP;SAO PAULO;SP;SAO PAULO;ITAPETI;SANTO ANGELO        ;345.0;BASICA         ;LINHA DE TRANSMISSÃO;ISA ENERGIA BRASIL;LT  345 kV ITAPETI              / SANTO ANGELO         C 1  SP ();SPITE-3SAA-1        ;1990-12-31;;;13.2;0.0462;0.4023;7.33;1526.0;1500.0;1846.0;1600.0;1526.0;1624.0;1611.0;1676.0;1846.0;1923.0;1875.0;1875.0;449;594
SE;SUDESTE;SE;SUDESTE;SP;SAO PAULO;SP;SAO PAULO;ITAPETI;SANTO ANGELO        ;345.0;BASICA         ;LINHA DE TRANSMISSÃO;ISA ENERGIA BRASIL;LT  345 kV ITAPETI              / SANTO ANGELO         C 2  SP ();SPITE-3SAA-2        ;1990-12-31;;;13.2;0.0462;0.4023;7.33;1526.0;1500.0;1846.0;1600.0;1526.0;1624.0;1611.0;1676.0;1846.0;1923.0;1875.0;1875.0;449;594
SE;SUDESTE;SE;SUDESTE;SP;SAO PAULO;SP;SAO PAULO;ITAPETI;TIJUCO PRETO        ;345.0;BASICA         ;LINHA DE TRANSMISSÃO;ISA ENERGIA BRASIL;LT  345 kV ITAPETI              / TIJUCO PRETO         C 1  SP ();SPITE-3STTP1        ;1990-12-31;;;21.4;0.0742;0.6448;11.34;1981.0;1981.0;2330.0;2330.0;1981.0;1981.0;2002.0;1993.0;2330.0;2330.0;2330.0;2330.0;449;78
SE;SUDESTE;SE;SUDESTE;SP;SAO PAULO;SP;SAO PAULO;ITAPETI;TIJUCO PRETO        ;345.0;BASICA         ;LINHA DE TRANSMISSÃO;ISA ENERGIA BRASIL;LT  345 kV ITAPETI              / TIJUCO PRETO         C 2  SP ();SPITE-3STTP2        ;1990-12-31;;;21.4;0.0742;0.6448;11.34;1981.0;1981.0;2330.0;2330.0;1981.0;1981.0;2002.0;1993.0;2330.0;2330.0;2330.0;2330.0;449;78
SE;SUDESTE;SE;SUDESTE;SP;SAO PAULO;SP;SAO PAULO;ITAPETI;TIJUCO PRETO        ;345.0;BASICA         ;LINHA DE TRANSMISSÃO;AXIA ENERGIA;LT  345 kV ITAPETI              / TIJUCO PRETO         C 3  SP ();SPITE-3STTP3        ;2013-01-07;;2013-01-31;21.0;0.06;0.63;12.84;2260.0;2260.0;2260.0;2260.0;2260.0;2260.0;2260.0;2260.0;2260.0;2260.0;2260.0;2260.0;449;78
SE;SUDESTE;SE;SUDESTE;SP;SAO PAULO;SP;SAO PAULO;ITAPETI;TIJUCO PRETO        ;345.0;BASICA         ;LINHA DE TRANSMISSÃO;AXIA ENERGIA;LT  345 kV ITAPETI              / TIJUCO PRETO         C 4  SP ();SPITE-3STTP4        ;2013-01-07;;2013-01-31;21.0;0.06;0.63;12.84;2260.0;2260.0;2260.0;2260.0;2260.0;2260.0;2260.0;2260.0;2260.0;2260.0;2260.0;2260.0;449;78
SE;SUDESTE;SE;SUDESTE;SP;SAO PAULO;MG;MINAS GERAIS;L.C.BARRETO;M. MORAES           ;345.0;BASICA         ;LINHA DE TRANSMISSÃO;FURNAS;LT  345 kV L.C.BARRETO          / M. MORAES            C 1  SP/MG ();SPUSLB3USMM1MG      ;1990-12-31;2009-12-06;;32.0;0.1;1.03;17.529;;;;;;;;;;;;;134;131
SE;SUDESTE;SE;SUDESTE;SP;SAO PAULO;MG;MINAS GERAIS;L.C.BARRETO;POCOS CALDAS        ;345.0;BASICA         ;LINHA DE TRANSMISSÃO;AXIA ENERGIA;LT  345 kV L.C.BARRETO          / POCOS CALDAS         C 1  SP/MG ();SPUSLB3STPC1MG      ;1969-11-02;;;198.0;0.56;6.16;105.3;1428.0;1428.0;1799.0;1799.0;1428.0;1428.0;1428.0;1428.0;1799.0;1799.0;1799.0;1799.0;134;120
SE;SUDESTE;SE;SUDESTE;SP;SAO PAULO;MG;MINAS GERAIS;L.C.BARRETO;POCOS CALDAS        ;345.0;BASICA         ;LINHA DE TRANSMISSÃO;AXIA ENERGIA;LT  345 kV L.C.BARRETO          / POCOS CALDAS         C 2  SP/MG ();SPUSLB3STPC2MG      ;1970-09-13;;;197.0;0.55;6.13;107.7;1428.0;1428.0;1799.0;1799.0;1428.0;1428.0;1428.0;1428.0;1799.0;1799.0;1799.0;1799.0;134;120
SE;SUDESTE;SE;SUDESTE;SP;SAO PAULO;MG;MINAS GERAIS;L.C.BARRETO;VOLTA GRANDE-SE     ;345.0;BASICA         ;LINHA DE TRANSMISSÃO;AXIA ENERGIA;LT  345 kV L.C.BARRETO          / VOLTA GRANDE-SE      C 1  SP/MG ();SPUSLB3VGRA1MG      ;1990-12-31;;;112.0;0.32;3.509;59.2;1428.0;1428.0;1799.0;1799.0;1428.0;1428.0;1428.0;1435.0;1799.0;1799.0;1799.0;1799.0;134;396
SE;SUDESTE;SE;SUDESTE;SP;SAO PAULO;SP;SAO PAULO;LESTE;RAM REBERT F        ;345.0;BASICA         ;LINHA DE TRANSMISSÃO;ISA ENERGIA BRASIL;LT  345 kV LESTE                / RAM REBERT F         C 1  SP ();SPLES-3RRF-1        ;1990-12-31;;;5.9;0.01;0.15;4.127;4397.0;2000.0;5144.0;2000.0;4397.0;4609.0;4397.0;4713.0;5144.0;5144.0;5144.0;5144.0;464;466
SE;SUDESTE;SE;SUDESTE;SP;SAO PAULO;SP;SAO PAULO;LESTE;RAM REBERT F        ;345.0;BASICA         ;LINHA DE TRANSMISSÃO;ISA ENERGIA BRASIL;LT  345 kV LESTE                / RAM REBERT F         C 2  SP ();SPLES-3RRF-2        ;1990-12-31;;;5.9;0.01;0.15;4.127;4397.0;2000.0;5144.0;2000.0;4397.0;4609.0;4397.0;4713.0;5144.0;5144.0;5144.0;5144.0;464;466
SE;SUDESTE;SE;SUDESTE;SP;SAO PAULO;SP;SAO PAULO;LESTE;TIJUCO PRETO        ;345.0;BASICA         ;LINHA DE TRANSMISSÃO;ISA ENERGIA BRASIL;LT  345 kV LESTE                / TIJUCO PRETO         C 1  SP ();SPLES-3STTP1        ;1990-12-31;;;30.0;0.1066;0.9279;16.08;1526.0;1526.0;1846.0;1846.0;1526.0;1624.0;1611.0;1676.0;1846.0;1923.0;1875.0;1875.0;464;78
SE;SUDESTE;SE;SUDESTE;SP;SAO PAULO;SP;SAO PAULO;LESTE;TIJUCO PRETO        ;345.0;BASICA         ;LINHA DE TRANSMISSÃO;ISA ENERGIA BRASIL;LT  345 kV LESTE                / TIJUCO PRETO         C 2  SP ();SPLES-3STTP2        ;1990-12-31;;;30.0;0.1066;0.9279;16.08;1526.0;1526.0;1846.0;1846.0;1526.0;1624.0;1611.0;1676.0;1846.0;1923.0;1875.0;1875.0;464;78
SE;SUDESTE;SE;SUDESTE;SP;SAO PAULO;SP;SAO PAULO;LESTE;TIJUCO PRETO        ;345.0;BASICA         ;LINHA DE TRANSMISSÃO;ISA ENERGIA BRASIL;LT  345 kV LESTE                / TIJUCO PRETO         C 3  SP ();SPLES-3STTP3        ;1990-12-31;;;29.9;0.1089;0.973;17.07;1526.0;1526.0;1846.0;1846.0;1526.0;1624.0;1611.0;1676.0;1846.0;1923.0;1875.0;1875.0;464;78
SE;SUDESTE;SE;SUDESTE;SP;SAO PAULO;SP;SAO PAULO;M. FORNASARO;ANHANGUERA PR       ;345.0;BASICA         ;LINHA DE TRANSMISSÃO;ISA ENERGIA BRASIL;LT  345 kV M. FORNASARO /ANHANGUERA PR C-1 SP;SPAPR-3MFO-1        ;1990-12-31;2007-07-29;;3.046;0.013;0.14;2.46;;;;;;;;;;;;;495;
SE;SUDESTE;SE;SUDESTE;SP;SAO PAULO;SP;SAO PAULO;M. FORNASARO;ANHANGUERA PR       ;345.0;BASICA         ;LINHA DE TRANSMISSÃO;ISA ENERGIA BRASIL;LT  345 kV M. FORNASARO /ANHANGUERA PR C-2 SP;SPMFO-3APR-2        ;1990-12-31;2007-07-29;;3.046;0.013;0.14;2.46;;;;;;;;;;;;;495;
SE;SUDESTE;SE;SUDESTE;SP;SAO PAULO;SP;SAO PAULO;MIGUEL REALE;S.CAETANO SUL       ;345.0;BASICA         ;LINHA DE TRANSMISSÃO;IE RIACHO GRANDE;LT  345 kV MIGUEL REALE         / S.CAETANO SUL        C 1  SP ();SPMRE-3SCDS1        ;2025-10-23;;2026-03-07;7.8;0.013;0.124;70.6;740.0;740.0;1255.0;1255.0;;;;;;;;;438;7693
SE;SUDESTE;SE;SUDESTE;SP;SAO PAULO;SP;SAO PAULO;MIGUEL REALE;S.CAETANO SUL       ;345.0;BASICA         ;LINHA DE TRANSMISSÃO;IE RIACHO GRANDE;LT  345 kV MIGUEL REALE         / S.CAETANO SUL        C 2  SP ();SPMRE-3SCDS2        ;2025-10-23;;2026-03-07;7.8;0.013;0.124;70.6;740.0;740.0;1255.0;1255.0;;;;;;;;;438;7693
SE;SUDESTE;SE;SUDESTE;SP;SAO PAULO;SP;SAO PAULO;MOGI CRUZES;NORDESTE            ;345.0;BASICA         ;LINHA DE TRANSMISSÃO;AXIA ENERGIA;LT  345 kV MOGI CRUZES          / NORDESTE             C 1  SP ();SPSTMO3NOD-1        ;1999-01-15;;;20.0;0.067;0.66;10.1;1298.0;1298.0;1635.0;1635.0;1298.0;1332.0;1298.0;1396.0;1635.0;1635.0;1635.0;1635.0;129;442
SE;SUDESTE;SE;SUDESTE;SP;SAO PAULO;MG;MINAS GERAIS;MOGI CRUZES;POCOS CALDAS        ;345.0;BASICA         ;LINHA DE TRANSMISSÃO;FURNAS;LT  345 kV MOGI CRUZES          / POCOS CALDAS         C 1  SP/MG ();SPSTMO3STPC1MG      ;1990-12-31;2013-01-07;;204.0;0.593;6.32;108.923;;;;;;;;;;;;;129;120
SE;SUDESTE;SE;SUDESTE;SP;SAO PAULO;SP;SAO PAULO;NORTE;GUARULHOS           ;345.0;BASICA         ;LINHA DE TRANSMISSÃO;ISA ENERGIA BRASIL;LT  345 kV NORTE                / GUARULHOS            C 1  SP ();SPNOR-3STGA1        ;1990-12-31;;;5.0;0.01;0.13;3.59;5268.0;3000.0;6164.0;3000.0;5268.0;5556.0;5268.0;5696.0;6164.0;6164.0;6164.0;6164.0;435;126
SE;SUDESTE;SE;SUDESTE;SP;SAO PAULO;SP;SAO PAULO;NORTE;GUARULHOS           ;345.0;BASICA         ;LINHA DE TRANSMISSÃO;ISA ENERGIA BRASIL;LT  345 kV NORTE                / GUARULHOS            C 2  SP ();SPNOR-3STGA2        ;1999-04-21;;;5.0;0.01;0.13;3.59;5268.0;3000.0;6164.0;3000.0;5268.0;5556.0;5268.0;5696.0;6164.0;6164.0;6164.0;6164.0;435;126
SE;SUDESTE;SE;SUDESTE;SP;SAO PAULO;SP;SAO PAULO;NORTE;MIGUEL REALE        ;345.0;BASICA         ;LINHA DE TRANSMISSÃO;ISA ENERGIA BRASIL;LT  345 kV NORTE                / MIGUEL REALE         C 1  SP ();SPNOR-3MRE-1        ;1990-12-31;;;14.8;0.05;0.31;162.4;754.0;754.0;754.0;754.0;754.0;754.0;754.0;754.0;754.0;754.0;754.0;754.0;435;438
SE;SUDESTE;SE;SUDESTE;SP;SAO PAULO;SP;SAO PAULO;NORTE;MIGUEL REALE        ;345.0;BASICA         ;LINHA DE TRANSMISSÃO;ISA ENERGIA BRASIL;LT  345 kV NORTE                / MIGUEL REALE         C 2  SP ();SPNOR-3MRE-2        ;1990-12-31;;;14.8;0.05;0.31;162.4;754.0;754.0;754.0;754.0;754.0;754.0;754.0;754.0;754.0;754.0;754.0;754.0;435;438
SE;SUDESTE;SE;SUDESTE;SP;SAO PAULO;SP;SAO PAULO;SUL;S.CAETANO SUL       ;345.0;BASICA         ;LINHA DE TRANSMISSÃO;IE RIACHO GRANDE;LT  345 kV SUL                  / S.CAETANO SUL        C 1  SP ();SPSUL-3SCDS1        ;2025-10-26;;2026-01-04;14.1;0.017;0.203;129.2;910.0;910.0;1435.0;1435.0;;;;;;;;;474;7693
SE;SUDESTE;SE;SUDESTE;SP;SAO PAULO;SP;SAO PAULO;SUL;S.CAETANO SUL       ;345.0;BASICA         ;LINHA DE TRANSMISSÃO;IE RIACHO GRANDE;LT  345 kV SUL                  / S.CAETANO SUL        C 2  SP ();SPSUL-3SCDS2        ;2025-10-23;;2026-01-04;14.1;0.017;0.203;129.2;910.0;910.0;1435.0;1435.0;;;;;;;;;474;7693
SE;SUDESTE;SE;SUDESTE;SP;SAO PAULO;SP;SAO PAULO;SUL;TIJUCO PRETO        ;345.0;BASICA         ;LINHA DE TRANSMISSÃO;AXIA ENERGIA;LT  345 kV SUL                  / TIJUCO PRETO         C 1  SP ();SPSUL-3STTP1        ;2025-04-11;;2025-10-07;34.72;0.068;0.944;21.2;2142.0;2142.0;2699.0;2699.0;;;;;;;;;474;78
SE;SUDESTE;SE;SUDESTE;SP;SAO PAULO;SP;SAO PAULO;XAVANTES;BANDEIRANTES        ;345.0;BASICA         ;LINHA DE TRANSMISSÃO;ISA ENERGIA BRASIL;LT  345 kV XAVANTES             / BANDEIRANTES         C 1  SP ();SPXAV-3BAN-1        ;1990-12-31;;;8.5;0.01;0.18;116.8;1138.0;1138.0;1138.0;1138.0;1138.0;1138.0;1138.0;1138.0;1138.0;1138.0;1138.0;1138.0;491;492
SE;SUDESTE;SE;SUDESTE;SP;SAO PAULO;SP;SAO PAULO;XAVANTES;BANDEIRANTES        ;345.0;BASICA         ;LINHA DE TRANSMISSÃO;ISA ENERGIA BRASIL;LT  345 kV XAVANTES             / BANDEIRANTES         C 2  SP ();SPXAV-3BAN-2        ;1990-12-31;;;8.5;0.01;0.18;116.8;1138.0;1138.0;1138.0;1138.0;1138.0;1138.0;1138.0;1138.0;1138.0;1138.0;1138.0;1138.0;491;492
SE;SUDESTE;SE;SUDESTE;SP;SAO PAULO;SP;SAO PAULO;XAVANTES;BANDEIRANTES        ;345.0;BASICA         ;LINHA DE TRANSMISSÃO;ISA ENERGIA BRASIL;LT  345 kV XAVANTES             / BANDEIRANTES         C 3  SP ();SPXAV-3BAN-3        ;1990-12-31;;;8.5;0.01;0.18;116.8;1138.0;1138.0;1138.0;1138.0;1138.0;1138.0;1138.0;1138.0;1138.0;1138.0;1138.0;1138.0;491;492
SE;SUDESTE;SE;SUDESTE;SP;SAO PAULO;SP;SAO PAULO;XAVANTES;M. FORNASARO        ;345.0;BASICA         ;LINHA DE TRANSMISSÃO;ISA ENERGIA BRASIL;LT  345 kV XAVANTES             / M. FORNASARO         C 1  SP ();SPXAV-3MFO-1        ;1990-12-31;;;15.657;0.0252;0.3767;11.01;4397.0;2000.0;5172.0;2000.0;4397.0;4605.0;4397.0;4725.0;5172.0;5172.0;5172.0;5172.0;491;495
SE;SUDESTE;SE;SUDESTE;SP;SAO PAULO;SP;SAO PAULO;XAVANTES;M. FORNASARO        ;345.0;BASICA         ;LINHA DE TRANSMISSÃO;ISA ENERGIA BRASIL;LT  345 kV XAVANTES             / M. FORNASARO         C 2  SP ();SPXAV-3MFO-2        ;1990-12-31;;;15.657;0.0252;0.3767;11.01;4397.0;2000.0;5172.0;2000.0;4397.0;4605.0;4397.0;4725.0;5172.0;5172.0;5172.0;5172.0;491;495
SE;SUDESTE;;;SP;SAO PAULO;;;IBIUNA;;345.0;BASICA         ;RAMAL DE LINHA;AXIA ENERGIA;RL  345 kV IBIUNA               /   RDIN C  1 SP ();SPSTIN3DIN-1        ;1997-08-22;2002-12-31;;112.0;0.21199;3.27699;63.65499;;;;;;;;;;;;;86;
SE;SUDESTE;SE;SUDESTE;MS;MATO GROSSO DO SUL;SP;SAO PAULO;MARECH.RONDON;TAQUARUCU           ;440.0;BASICA         ;LINHA DE TRANSMISSÃO;ISA ENERGIA BRASIL;LT  440 kV MARECH.RONDON        / TAQUARUCU            C 1  MS/SP ();MSMRR-4TAQ-1SP      ;2017-06-19;2021-01-23;2017-05-10;210.8;0.3005;3.6478;200.58;;;;;;;;;;;;;530;547
SE;SUDESTE;SE;SUDESTE;SP;SAO PAULO;SP;SAO PAULO;AGUA AZUL;BOM JARDIM          ;440.0;BASICA         ;LINHA DE TRANSMISSÃO;ISA ENERGIA BRASIL;LT  440 kV AGUA AZUL            / BOM JARDIM           C 1  SP ();SPAZL-4BOJ-1        ;2019-01-26;;2019-01-31;118.2;0.1114;1.4243;87.42;2664.0;2000.0;3212.0;2400.0;;;;;;;;;453;574
SE;SUDESTE;SE;SUDESTE;SP;SAO PAULO;SP;SAO PAULO;AGUA AZUL;SANTO ANGELO        ;440.0;BASICA         ;LINHA DE TRANSMISSÃO;ISA ENERGIA BRASIL;LT  440 kV AGUA AZUL            / SANTO ANGELO         C 1  SP ();SPAZL-4SAA-1        ;2019-01-26;;2019-01-31;1.2;0.0427;0.5496;33.34;2664.0;2000.0;3212.0;2000.0;;;;;;;;;453;593
SE;SUDESTE;SE;SUDESTE;SP;SAO PAULO;SP;SAO PAULO;AGUA VERMELHA;ARARAQUARA CTP      ;440.0;BASICA         ;LINHA DE TRANSMISSÃO;ISA ENERGIA BRASIL;LT  440 kV AGUA VERMELHA        / ARARAQUARA CTP       C 1  SP ();SPAGV-4ARA-1        ;1990-12-31;;;308.5;0.4224;5.3734;292.2;2664.0;2000.0;3212.0;2000.0;2664.0;2700.0;2664.0;2796.0;3212.0;3212.0;3212.0;3212.0;536;559
SE;SUDESTE;SE;SUDESTE;SP;SAO PAULO;SP;SAO PAULO;AGUA VERMELHA;RIBEIRAOPRETO       ;440.0;BASICA         ;LINHA DE TRANSMISSÃO;ISA ENERGIA BRASIL;LT  440 kV AGUA VERMELHA        / RIBEIRAOPRETO        C 1  SP ();SPAGV-4RPR-1        ;1990-12-31;;;322.9;0.4282;5.6322;305.4;2664.0;2000.0;3212.0;2000.0;2664.0;2700.0;2664.0;2796.0;3212.0;3212.0;3212.0;3212.0;536;563
SE;SUDESTE;SE;SUDESTE;SP;SAO PAULO;MS;MATO GROSSO DO SUL;ALTA PAULISTA;MARECH.RONDON       ;440.0;BASICA         ;LINHA DE TRANSMISSÃO;ISA ENERGIA BRASIL;LT  440 kV ALTA PAULISTA        / MARECH.RONDON        C 1  SP/MS ();SPALP-4MRD-1MS      ;2021-01-23;;2021-01-01;147.0;0.202;2.476;138.44;3444.0;3444.0;4044.0;4000.0;;;;;;;;;668;530
SE;SUDESTE;SE;SUDESTE;SP;SAO PAULO;SP;SAO PAULO;ALTA PAULISTA;TAQUARUCU           ;440.0;BASICA         ;LINHA DE TRANSMISSÃO;ISA ENERGIA BRASIL;LT  440 kV ALTA PAULISTA        / TAQUARUCU            C 1  SP ();SPALP-4TAQ-1        ;2021-01-28;;2021-01-01;164.0;0.227;2.789;159.16;3444.0;3000.0;4044.0;3000.0;;;;;;;;;668;547
SE;SUDESTE;SE;SUDESTE;SP;SAO PAULO;SP;SAO PAULO;ARARAQUARA 2;ARARAQUARA CTP      ;440.0;BASICA         ;LINHA DE TRANSMISSÃO;ARARAQUARA;LT  440 kV ARARAQUARA 2         / ARARAQUARA CTP       C 1  SP ();SPARA24ARA-1        ;2012-06-03;;2012-06-26;15.0;0.01;0.177;10.49;2189.0;2189.0;3550.0;3550.0;2189.0;3552.0;2919.0;3776.0;3550.0;4094.0;3830.0;4320.0;7058;559
SE;SUDESTE;SE;SUDESTE;SP;SAO PAULO;SP;SAO PAULO;ARARAQUARA 2;ARARAQUARA CTP      ;440.0;BASICA         ;LINHA DE TRANSMISSÃO;ARARAQUARA;LT  440 kV ARARAQUARA 2         / ARARAQUARA CTP       C 2  SP ();SPARA24ARA-2        ;2012-06-03;;2012-06-26;15.0;0.01;0.178;10.54;2189.0;2189.0;3550.0;3550.0;2189.0;3552.0;2919.0;3776.0;3550.0;4094.0;3830.0;4320.0;7058;559
SE;SUDESTE;SE;SUDESTE;SP;SAO PAULO;SP;SAO PAULO;ARARAQUARA 2;ARARAQUARA CTP      ;440.0;BASICA         ;LINHA DE TRANSMISSÃO;NEO ALTO PARANAIBA;LT  440 kV ARARAQUARA 2         / ARARAQUARA CTP       C 3  SP (3);SPARA24ARA-3        ;2024-10-31;;2024-10-30;11.0;0.011;0.187;12.4;2190.0;2190.0;3550.0;3550.0;;;;;;;;;7058;559
SE;SUDESTE;SE;SUDESTE;SP;SAO PAULO;SP;SAO PAULO;ARARAQUARA CTP;ARARAS              ;440.0;BASICA         ;LINHA DE TRANSMISSÃO;ISA ENERGIA BRASIL;LT  440 kV ARARAQUARA CTP       / ARARAS               C 1  SP ();SPARA-4ARS-1        ;2010-09-05;;2010-08-20;107.6;0.1381;1.7096;110.4;2664.0;2000.0;3212.0;2000.0;2664.0;2672.0;2681.0;2776.0;3212.0;3212.0;3212.0;3212.0;559;589
SE;SUDESTE;SE;SUDESTE;SP;SAO PAULO;SP;SAO PAULO;ARARAQUARA CTP;MIRASSOL II         ;440.0;BASICA         ;LINHA DE TRANSMISSÃO;ISA ENERGIA BRASIL;LT  440 kV ARARAQUARA CTP       / MIRASSOL II          C 1  SP ();SPARA-4MSOL1        ;2011-05-12;;2011-05-31;165.3;0.2197;2.6211;169.6;2664.0;2664.0;3212.0;2740.0;2664.0;2700.0;2665.0;2804.0;3212.0;3212.0;3212.0;3212.0;559;572
SE;SUDESTE;SE;SUDESTE;SP;SAO PAULO;SP;SAO PAULO;ARARAQUARA CTP;MIRASSOL II         ;440.0;BASICA         ;LINHA DE TRANSMISSÃO;ISA ENERGIA BRASIL;LT  440 kV ARARAQUARA CTP       / MIRASSOL II          C 2  SP ();SPARA-4MSOL2        ;2011-04-17;;2011-04-30;165.3;0.2197;2.6211;169.6;2664.0;2000.0;3212.0;2000.0;2664.0;2700.0;2665.0;2804.0;3212.0;3212.0;3212.0;3212.0;559;572
SE;SUDESTE;SE;SUDESTE;SP;SAO PAULO;SP;SAO PAULO;ARARAQUARA CTP;MOGI MIRIM 3        ;440.0;BASICA         ;LINHA DE TRANSMISSÃO;ISA ENERGIA BRASIL;LT  440 kV ARARAQUARA CTP       / MOGI MIRIM 3         C 1  SP ();SPARA-4MOM31        ;1990-12-31;;;166.5;0.2125;2.6308;170.2;2664.0;2000.0;3212.0;2000.0;2664.0;2760.0;2681.0;2872.0;3212.0;3212.0;3212.0;3212.0;559;565
SE;SUDESTE;SE;SUDESTE;SP;SAO PAULO;SP;SAO PAULO;ARARAQUARA CTP;PIRACICABA          ;440.0;BASICA         ;LINHA DE TRANSMISSÃO;ISA ENERGIA BRASIL;LT  440 kV ARARAQUARA CTP       / PIRACICABA           C 1  SP ();SPARA-4PCB-1        ;2015-06-22;;2015-06-18;122.6;0.1615;2.0916;118.8;2664.0;2000.0;3212.0;2400.0;2664.0;2664.0;2664.0;2664.0;3212.0;3212.0;3212.0;3212.0;559;573
SE;SUDESTE;SE;SUDESTE;SP;SAO PAULO;SP;SAO PAULO;ARARAQUARA CTP;SANTA BARBARA       ;440.0;BASICA         ;LINHA DE TRANSMISSÃO;ISA ENERGIA BRASIL;LT  440 kV ARARAQUARA CTP       / SANTA BARBARA        C 1  SP ();SPARA-4SBO-1        ;1990-12-31;2015-06-22;;140.0;0.18;2.38;134.799;;;;;2664.0;2720.0;2681.0;2848.0;3212.0;3212.0;3212.0;3212.0;559;567
SE;SUDESTE;SE;SUDESTE;SP;SAO PAULO;SP;SAO PAULO;ARARAQUARA CTP;SANTO ANGELO        ;440.0;BASICA         ;LINHA DE TRANSMISSÃO;ISA ENERGIA BRASIL;LT  440 kV ARARAQUARA CTP       / SANTO ANGELO         C 1  SP ();SPARA-4SAA-1        ;1990-12-31;2010-09-05;;296.6;0.38;4.7;303.36;;;;;;;;;;;;;559;593
SE;SUDESTE;SE;SUDESTE;SP;SAO PAULO;SP;SAO PAULO;ARARAS;REPLAN              ;440.0;BASICA         ;LINHA DE TRANSMISSÃO;ISA ENERGIA BRASIL;LT  440 kV ARARAS               / REPLAN               C 1  SP ();SPARR-4SERP1        ;2016-04-10;;2015-12-08;56.2;0.0724;0.8914;57.68;2664.0;2000.0;3212.0;2000.0;2664.0;2664.0;2664.0;2664.0;;;;;589;413
SE;SUDESTE;SE;SUDESTE;SP;SAO PAULO;SP;SAO PAULO;ARARAS;SANTO ANGELO        ;440.0;BASICA         ;LINHA DE TRANSMISSÃO;ISA ENERGIA BRASIL;LT  440 kV ARARAS               / SANTO ANGELO         C 1  SP ();SPARS-4SAA-1        ;2010-09-05;2016-04-10;2010-08-20;188.3;0.26;3.18;202.71;;;;;2664.0;2724.0;2703.0;2848.0;3212.0;3212.0;3212.0;3212.0;589;593
SE;SUDESTE;SE;SUDESTE;SP;SAO PAULO;SP;SAO PAULO;ASSIS;BAURU               ;440.0;BASICA         ;LINHA DE TRANSMISSÃO;ISA ENERGIA BRASIL;LT  440 kV ASSIS                / BAURU                C 1  SP ();SPASS-4BAU-1        ;1990-12-31;;;137.6;0.1853;2.3543;132.7;2664.0;2000.0;3212.0;2000.0;2664.0;2728.0;2687.0;2856.0;3212.0;3212.0;3212.0;3212.0;552;561
SE;SUDESTE;SE;SUDESTE;SP;SAO PAULO;SP;SAO PAULO;ASSIS;SUMARE              ;440.0;BASICA         ;LINHA DE TRANSMISSÃO;TAESA;LT  440 kV ASSIS                / SUMARE               C 1  SP ();SPASS-4SUR-1        ;2001-10-19;;2001-11-12;332.0;0.4322;5.4916;309.5;2540.0;2540.0;2540.0;2540.0;2540.0;2599.0;2540.0;2753.0;2540.0;2942.0;2937.0;3097.0;552;570
SE;SUDESTE;SE;SUDESTE;SP;SAO PAULO;SP;SAO PAULO;BAGUACU;BAURU               ;440.0;BASICA         ;LINHA DE TRANSMISSÃO;ISA ENERGIA BRASIL;LT  440 kV BAGUACU              / BAURU                C 1  SP ();SPBAG-4BAU-1        ;2021-02-24;;2021-01-29;179.0;0.235;2.81;181.9;2664.0;2000.0;3212.0;2000.0;;;;;;;;;478;561
SE;SUDESTE;SE;SUDESTE;SP;SAO PAULO;SP;SAO PAULO;BAGUACU;BAURU               ;440.0;BASICA         ;LINHA DE TRANSMISSÃO;ISA ENERGIA BRASIL;LT  440 kV BAGUACU              / BAURU                C 2  SP ();SPBAG-4BAU-2        ;2021-02-13;;2021-01-29;179.0;0.235;2.81;181.9;2664.0;2000.0;3212.0;2000.0;;;;;;;;;478;561
SE;SUDESTE;SE;SUDESTE;SP;SAO PAULO;SP;SAO PAULO;BAGUACU;ILHA SOLTEIRA       ;440.0;BASICA         ;LINHA DE TRANSMISSÃO;ISA ENERGIA BRASIL;LT  440 kV BAGUACU              / ILHA SOLTEIRA        C 1  SP ();SPBAG-4ILS-1        ;2021-02-24;;2021-01-29;147.0;0.193;2.324;151.74;2664.0;2120.0;3212.0;2332.0;;;;;;;;;478;538
SE;SUDESTE;SE;SUDESTE;SP;SAO PAULO;SP;SAO PAULO;BAGUACU;ILHA SOLTEIRA       ;440.0;BASICA         ;LINHA DE TRANSMISSÃO;ISA ENERGIA BRASIL;LT  440 kV BAGUACU              / ILHA SOLTEIRA        C 2  SP ();SPBAG-4ILS-2        ;2021-02-13;;2021-01-29;147.0;0.193;2.324;151.74;2664.0;2120.0;3212.0;2332.0;;;;;;;;;478;538
SE;SUDESTE;SE;SUDESTE;SP;SAO PAULO;SP;SAO PAULO;BAURU;ARARAQUARA CTP      ;440.0;BASICA         ;LINHA DE TRANSMISSÃO;ISA ENERGIA BRASIL;LT  440 kV BAURU                / ARARAQUARA CTP       C 1  SP ();SPBAU-4ARA-1        ;1990-12-31;;;103.7;0.1334;1.7177;104.0;2664.0;2000.0;3212.0;2000.0;2664.0;2736.0;2664.0;2856.0;3212.0;3212.0;3212.0;3212.0;561;559
SE;SUDESTE;SE;SUDESTE;SP;SAO PAULO;SP;SAO PAULO;BAURU;BRACELL             ;440.0;BASICA         ;LINHA DE TRANSMISSÃO;ISA ENERGIA BRASIL;LT  440 kV BAURU                / BRACELL              C 1  SP ();SPUBRC4BAU-1        ;2021-05-09;;2021-10-30;51.6;0.065;0.776;50.404;2664.0;2000.0;3212.0;2000.0;;;;;;;;;561;7734
SE;SUDESTE;SE;SUDESTE;SP;SAO PAULO;SP;SAO PAULO;BAURU;CABREUVA            ;440.0;BASICA         ;LINHA DE TRANSMISSÃO;ISA ENERGIA BRASIL;LT  440 kV BAURU                / CABREUVA             C 1  SP ();SPBAU-4CAV-1        ;1990-12-31;;;235.2;0.3008;3.7503;242.7;2664.0;2000.0;3212.0;2000.0;2664.0;2736.0;2709.0;2860.0;3212.0;3212.0;3212.0;3212.0;561;584
SE;SUDESTE;SE;SUDESTE;SP;SAO PAULO;SP;SAO PAULO;BAURU;CABREUVA            ;440.0;BASICA         ;LINHA DE TRANSMISSÃO;ISA ENERGIA BRASIL;LT  440 kV BAURU                / CABREUVA             C 2  SP ();SPBAU-4CAV-2        ;1990-12-31;2012-01-18;;235.2;0.3;3.76;242.06;;;;;;;;;;;;;561;584
SE;SUDESTE;SE;SUDESTE;SP;SAO PAULO;SP;SAO PAULO;BAURU;GETULINA            ;440.0;BASICA         ;LINHA DE TRANSMISSÃO;ISA ENERGIA BRASIL;LT  440 kV BAURU                / GETULINA             C 1  SP ();SPBAU-4GET-1        ;2011-03-22;;2011-03-31;91.0;0.1166;1.455;94.12;2664.0;2664.0;3212.0;3000.0;2664.0;2716.0;2703.0;2836.0;3212.0;3212.0;3212.0;3212.0;561;540
SE;SUDESTE;SE;SUDESTE;SP;SAO PAULO;SP;SAO PAULO;BAURU;GETULINA            ;440.0;BASICA         ;LINHA DE TRANSMISSÃO;ISA ENERGIA BRASIL;LT  440 kV BAURU                / GETULINA             C 2  SP ();SPBAU-4GET-2        ;2011-03-10;;2011-03-31;91.0;0.1166;1.455;94.12;2664.0;2664.0;3212.0;3000.0;2664.0;2716.0;2703.0;2836.0;3212.0;3212.0;3212.0;3212.0;561;540
SE;SUDESTE;SE;SUDESTE;SP;SAO PAULO;SP;SAO PAULO;BAURU;OESTE               ;440.0;BASICA         ;LINHA DE TRANSMISSÃO;ISA ENERGIA BRASIL;LT  440 kV BAURU                / OESTE                C 1  SP ();SPOES-4BAU-2        ;2006-09-18;;2006-09-30;227.8;0.291;3.608;233.52;2664.0;2000.0;3212.0;2000.0;2664.0;2712.0;2714.0;2844.0;3212.0;3212.0;3212.0;3212.0;561;414
SE;SUDESTE;SE;SUDESTE;SP;SAO PAULO;SP;SAO PAULO;BAURU;SALTO               ;440.0;BASICA         ;LINHA DE TRANSMISSÃO;ISA ENERGIA BRASIL;LT  440 kV BAURU                / SALTO                C 1  SP ();SPBAU-4STO-1        ;2012-01-18;;2012-01-31;220.0;0.2806;3.4982;226.4;2664.0;2000.0;3212.0;2000.0;2664.0;2712.0;2709.0;2840.0;3212.0;3212.0;3212.0;3212.0;561;527
SE;SUDESTE;SE;SUDESTE;SP;SAO PAULO;SP;SAO PAULO;BAURU;EMBU-GUACU          ;440.0;BASICA         ;LINHA DE TRANSMISSÃO;ISA ENERGIA BRASIL;LT  440 kV BAURU        /EMBU-GUACU    C-1 SP;SPBAU-4EMG-1        ;1988-01-01;2006-08-29;;305.97;0.39;4.86;313.389;;;;;;;;;;;;;561;581
SE;SUDESTE;SE;SUDESTE;SP;SAO PAULO;SP;SAO PAULO;BAURU;EMBU-GUACU          ;440.0;BASICA         ;LINHA DE TRANSMISSÃO;ISA ENERGIA BRASIL;LT  440 kV BAURU        /EMBU-GUACU    C-2 SP;SPBAU-4EMG-2        ;1981-03-01;2006-09-18;;305.97;0.39;4.86;313.389;;;;;;;;;;;;;561;581
SE;SUDESTE;SE;SUDESTE;SP;SAO PAULO;SP;SAO PAULO;BOM JARDIM;FERNAO DIAS         ;440.0;BASICA         ;LINHA DE TRANSMISSÃO;ISA ENERGIA BRASIL;LT  440 kV BOM JARDIM           / FERNAO DIAS          C 1  SP ();SPBOJ-4FDI-1        ;2020-11-11;;2020-10-31;54.24;0.078;0.961;57.56;2664.0;2000.0;3212.0;2000.0;;;;;;;;;574;610
SE;SUDESTE;SE;SUDESTE;SP;SAO PAULO;SP;SAO PAULO;BOM JARDIM;SANTO ANGELO        ;440.0;BASICA         ;LINHA DE TRANSMISSÃO;ISA ENERGIA BRASIL;LT  440 kV BOM JARDIM           / SANTO ANGELO         C 1  SP ();SPBOJ-4SAA-1        ;1990-12-31;2019-01-26;;119.2;0.15;1.98;118.81;;;;;2664.0;2776.0;2779.0;2884.0;3212.0;3285.0;3238.0;3238.0;574;593
SE;SUDESTE;SE;SUDESTE;SP;SAO PAULO;SP;SAO PAULO;BOM JARDIM;TAUBATE             ;440.0;BASICA         ;LINHA DE TRANSMISSÃO;ISA ENERGIA BRASIL;LT  440 kV BOM JARDIM           / TAUBATE              C 1  SP ();SPBOJ-4TAU-1        ;1990-12-31;2020-11-11;;154.5;0.1998;2.5605;152.55;;;;;2664.0;2716.0;2664.0;2844.0;3212.0;3254.0;3212.0;3212.0;574;599
SE;SUDESTE;SE;SUDESTE;SP;SAO PAULO;SP;SAO PAULO;BRACELL;OESTE               ;440.0;BASICA         ;LINHA DE TRANSMISSÃO;ISA ENERGIA BRASIL;LT  440 kV BRACELL              / OESTE                C 1  SP ();SPOES-4UBRC1        ;2021-05-09;;2021-10-30;186.4;0.245;2.954;193.94;2664.0;2000.0;3212.0;2600.0;;;;;;;;;7734;414
SE;SUDESTE;SE;SUDESTE;SP;SAO PAULO;SP;SAO PAULO;CABREUVA;BOM JARDIM          ;440.0;BASICA         ;LINHA DE TRANSMISSÃO;ISA ENERGIA BRASIL;LT  440 kV CABREUVA             / BOM JARDIM           C 1  SP ();SPCAV-4BOJ-1        ;1990-12-31;;;24.0;0.0308;0.3863;24.46;2664.0;2000.0;3212.0;2000.0;2664.0;2716.0;2779.0;2844.0;3212.0;3277.0;3238.0;3238.0;584;574
SE;SUDESTE;SE;SUDESTE;SP;SAO PAULO;SP;SAO PAULO;CABREUVA;GERDAU SP           ;440.0;BASICA         ;LINHA DE TRANSMISSÃO;ISA ENERGIA BRASIL;LT  440 kV CABREUVA             / GERDAU SP            C 1  SP ();SPCAV-4GSP-1        ;2005-04-25;;2005-04-20;18.4;0.024;0.31;18.57;2664.0;2000.0;3212.0;2400.0;2664.0;2728.0;2795.0;2856.0;3212.0;3296.0;3251.0;3251.0;584;585
SE;SUDESTE;SE;SUDESTE;SP;SAO PAULO;SP;SAO PAULO;CABREUVA;SALTO               ;440.0;BASICA         ;LINHA DE TRANSMISSÃO;ISA ENERGIA BRASIL;LT  440 kV CABREUVA             / SALTO                C 1  SP ();SPCAV-4STO-1        ;2012-01-18;;2012-01-31;18.1;0.021;0.2616;16.94;2664.0;2000.0;3212.0;2000.0;2664.0;2708.0;2757.0;2840.0;3212.0;3243.0;3220.0;3220.0;584;527
SE;SUDESTE;SE;SUDESTE;SP;SAO PAULO;SP;SAO PAULO;CABREUVA;EMBU-GUACU          ;440.0;BASICA         ;LINHA DE TRANSMISSÃO;ISA ENERGIA BRASIL;LT  440 kV CABREUVA     /EMBU-GUACU    C-1 SP;SPCAV-4EMG-1        ;1990-12-31;2005-04-25;;73.026;0.09;1.22;73.5;;;;;;;;;;;;;584;581
SE;SUDESTE;SE;SUDESTE;SP;SAO PAULO;SP;SAO PAULO;CAPIVARA;ASSIS               ;440.0;BASICA         ;LINHA DE TRANSMISSÃO;ISA ENERGIA BRASIL;LT  440 kV CAPIVARA             / ASSIS                C 1  SP ();SPCPV-4ASS-1        ;1990-12-31;;;106.91;0.144;1.8294;103.1;2664.0;2664.0;3212.0;3000.0;2664.0;2720.0;2664.0;2868.0;3212.0;3212.0;3212.0;3212.0;549;552
SE;SUDESTE;SE;SUDESTE;SP;SAO PAULO;SP;SAO PAULO;CBA2 CIA.B.ALUM;EMBU-GUACU          ;440.0;BASICA         ;LINHA DE TRANSMISSÃO;ISA ENERGIA BRASIL;LT  440 kV CBA2 CIA.B.ALUM      / EMBU-GUACU           C 1  SP ();SPCBA24EMG-1        ;2006-09-26;;2006-08-01;63.47;0.0802;0.9943;64.36;2664.0;2000.0;3212.0;2000.0;2664.0;2768.0;2795.0;2876.0;3212.0;3296.0;3251.0;3251.0;608;581
SE;SUDESTE;SE;SUDESTE;SP;SAO PAULO;SP;SAO PAULO;CBA2 CIA.B.ALUM;OESTE               ;440.0;BASICA         ;LINHA DE TRANSMISSÃO;ISA ENERGIA BRASIL;LT  440 kV CBA2 CIA.B.ALUM      / OESTE                C 1  SP ();SPCBA24OES-1        ;2006-09-26;;2006-08-01;19.1;0.0234;0.2902;18.78;2664.0;2000.0;3212.0;2000.0;2664.0;2760.0;2773.0;2876.0;3212.0;3262.0;3234.0;3234.0;608;414
SE;SUDESTE;SE;SUDESTE;SP;SAO PAULO;SP;SAO PAULO;EMBU-GUACU;JANDIRA             ;440.0;BASICA         ;LINHA DE TRANSMISSÃO;ISA ENERGIA BRASIL;LT  440 kV EMBU-GUACU           / JANDIRA              C 1  SP ();SPEMG-4JAN-1        ;2012-03-22;;2012-03-18;40.3;0.053;0.668;40.38;2664.0;2000.0;3212.0;2000.0;2664.0;2840.0;2730.0;2940.0;3212.0;3239.0;3212.0;3212.0;581;586
SE;SUDESTE;SE;SUDESTE;SP;SAO PAULO;SP;SAO PAULO;EMBU-GUACU;OESTE               ;440.0;BASICA         ;LINHA DE TRANSMISSÃO;ISA ENERGIA BRASIL;LT  440 kV EMBU-GUACU           / OESTE                C 1  SP ();SPEMG-4OES-1        ;2006-08-29;;2006-09-30;81.02;0.1028;1.2749;82.53;2664.0;2000.0;3212.0;2000.0;2664.0;2760.0;2773.0;2876.0;3212.0;3262.0;3234.0;3234.0;581;414
SE;SUDESTE;SE;SUDESTE;SP;SAO PAULO;SP;SAO PAULO;EMBU-GUACU;OESTE               ;440.0;BASICA         ;LINHA DE TRANSMISSÃO;ISA ENERGIA BRASIL;LT  440 kV EMBU-GUACU           / OESTE                C 2  SP ();SPEMG-4OES-2        ;2006-09-18;2006-09-26;2006-09-30;81.02;0.11;1.32;85.11;;;;;;;;;;;;;581;414
SE;SUDESTE;SE;SUDESTE;SP;SAO PAULO;SP;SAO PAULO;EMBU-GUACU;SOLVAY              ;440.0;BASICA         ;LINHA DE TRANSMISSÃO;ISA ENERGIA BRASIL;LT  440 kV EMBU-GUACU           / SOLVAY               C 1  SP ();SPEMG-4SLY-1        ;2011-09-21;;2011-10-31;39.6;0.0661;0.8188;49.61;2664.0;2000.0;3212.0;2000.0;2664.0;2808.0;2826.0;2892.0;3212.0;3357.0;3278.0;3278.0;581;9102
SE;SUDESTE;SE;SUDESTE;SP;SAO PAULO;SP;SAO PAULO;EMBU-GUACU;SANTO ANGELO        ;440.0;BASICA         ;LINHA DE TRANSMISSÃO;ISA ENERGIA BRASIL;LT  440 kV EMBU-GUACU   /SANTO ANGELO  C-1 SP;SPEMG-4SAA-1        ;1990-12-31;2011-09-21;;74.6;0.09;1.22;73.61;;;;;;;;;;;;;581;593
SE;SUDESTE;SE;SUDESTE;SP;SAO PAULO;SP;SAO PAULO;FERNAO DIAS;TAUBATE             ;440.0;BASICA         ;LINHA DE TRANSMISSÃO;ISA ENERGIA BRASIL;LT  440 kV FERNAO DIAS          / TAUBATE              C 1  SP ();SPFDI-4TAU-1        ;2020-11-11;;2020-10-31;98.25;0.132;1.628;96.93;2664.0;2000.0;3212.0;2000.0;;;;;;;;;610;599
SE;SUDESTE;SE;SUDESTE;SP;SAO PAULO;SP;SAO PAULO;GERDAU SP;JANDIRA             ;440.0;BASICA         ;LINHA DE TRANSMISSÃO;ISA ENERGIA BRASIL;LT  440 kV GERDAU SP            / JANDIRA              C 1  SP ();SPGSP-4JAN-1        ;2012-03-22;;2012-03-18;29.8;0.0395;0.4939;29.84;2664.0;2664.0;3212.0;3000.0;2664.0;2792.0;2730.0;2896.0;3212.0;3239.0;3212.0;3212.0;585;586
SE;SUDESTE;SE;SUDESTE;SP;SAO PAULO;SP;SAO PAULO;GERDAU SP;EMBU-GUACU          ;440.0;BASICA         ;LINHA DE TRANSMISSÃO;ISA ENERGIA BRASIL;LT  440 kV GERDAU SP    /EMBU-GUACU    C-1 SP;SPEMG-4GSP-1        ;2005-04-25;2012-03-22;2005-04-20;55.5;0.07;0.92;55.4;;;;;;;;;;;;;585;581
SE;SUDESTE;SE;SUDESTE;SP;SAO PAULO;SP;SAO PAULO;GETULINA;JUPIA               ;440.0;BASICA         ;LINHA DE TRANSMISSÃO;ISA ENERGIA BRASIL;LT  440 kV GETULINA             / JUPIA                C 1  SP ();SPGET-4JUP-2        ;2011-03-10;;2011-03-31;221.0;0.2816;3.5155;227.4;2664.0;2000.0;3212.0;2000.0;2664.0;2692.0;2664.0;2812.0;3212.0;3212.0;3212.0;3212.0;540;539
SE;SUDESTE;SE;SUDESTE;SP;SAO PAULO;SP;SAO PAULO;GETULINA;JUPIA               ;440.0;BASICA         ;LINHA DE TRANSMISSÃO;ISA ENERGIA BRASIL;LT  440 kV GETULINA             / JUPIA                C 2  SP ();SPGET-4JUP-1        ;2011-03-22;2016-12-18;2011-03-31;221.0;0.269;3.394;226.89;;;;;2664.0;2692.0;2664.0;2812.0;3212.0;3212.0;3212.0;3212.0;540;539
SE;SUDESTE;SE;SUDESTE;SP;SAO PAULO;MS;MATO GROSSO DO SUL;GETULINA;MARECH.RONDON       ;440.0;BASICA         ;LINHA DE TRANSMISSÃO;ISA ENERGIA BRASIL;LT  440 kV GETULINA             / MARECH.RONDON        C 1  SP/MS ();SPGET-4MRR-1MS      ;2016-12-18;;2016-10-03;223.0;0.284;3.5414;228.9;2664.0;2664.0;3212.0;3150.0;2664.0;2664.0;2664.0;2664.0;;;;;540;530
SE;SUDESTE;SE;SUDESTE;SP;SAO PAULO;SP;SAO PAULO;ILHA SOLTEIRA;AGUA VERMELHA       ;440.0;BASICA         ;LINHA DE TRANSMISSÃO;ISA ENERGIA BRASIL;LT  440 kV ILHA SOLTEIRA        / AGUA VERMELHA        C 1  SP ();SPILS-4AGV-1        ;1990-12-31;;;142.1;0.1945;2.4743;136.8;2664.0;2000.0;3212.0;2000.0;2664.0;2676.0;2664.0;2780.0;3212.0;3212.0;3212.0;3212.0;538;536
SE;SUDESTE;SE;SUDESTE;SP;SAO PAULO;SP;SAO PAULO;ILHA SOLTEIRA;ARARAQUARA CTP      ;440.0;BASICA         ;LINHA DE TRANSMISSÃO;ISA ENERGIA BRASIL;LT  440 kV ILHA SOLTEIRA        / ARARAQUARA CTP       C 1  SP ();SPILS-4ARA-1        ;1990-12-31;2011-05-12;;375.9;0.48;5.97;384.96;;;;;;;;;;;;;538;559
SE;SUDESTE;SE;SUDESTE;SP;SAO PAULO;SP;SAO PAULO;ILHA SOLTEIRA;ARARAQUARA CTP      ;440.0;BASICA         ;LINHA DE TRANSMISSÃO;ISA ENERGIA BRASIL;LT  440 kV ILHA SOLTEIRA        / ARARAQUARA CTP       C 2  SP ();SPILS-4ARA-2        ;1990-12-31;2011-04-17;;375.9;0.48;5.97;384.96;;;;;;;;;;;;;538;559
SE;SUDESTE;SE;SUDESTE;SP;SAO PAULO;SP;SAO PAULO;ILHA SOLTEIRA;BAURU               ;440.0;BASICA         ;LINHA DE TRANSMISSÃO;ISA ENERGIA BRASIL;LT  440 kV ILHA SOLTEIRA        / BAURU                C 1  SP ();SPILS-4BAU-1        ;1990-12-31;2021-02-24;;324.6;0.4146;5.141;332.78;;;;;2664.0;2680.0;2664.0;2784.0;3212.0;3212.0;3212.0;3212.0;538;561
SE;SUDESTE;SE;SUDESTE;SP;SAO PAULO;SP;SAO PAULO;ILHA SOLTEIRA;BAURU               ;440.0;BASICA         ;LINHA DE TRANSMISSÃO;ISA ENERGIA BRASIL;LT  440 kV ILHA SOLTEIRA        / BAURU                C 2  SP ();SPILS-4BAU-2        ;1990-12-31;2021-02-13;;324.6;0.4146;5.141;332.78;;;;;2664.0;2680.0;2664.0;2784.0;3212.0;3212.0;3212.0;3212.0;538;561
SE;SUDESTE;SE;SUDESTE;SP;SAO PAULO;MS;MATO GROSSO DO SUL;ILHA SOLTEIRA;IL.SOLTEIRA 2       ;440.0;BASICA         ;LINHA DE TRANSMISSÃO;ITATIM;LT  440 kV ILHA SOLTEIRA        / IL.SOLTEIRA 2        C 1  SP/MS;SPILS-4ISO21MS      ;2011-05-15;;2011-05-31;9.04;0.008;0.109;7.136;3446.0;3446.0;4044.0;4044.0;3446.0;3933.0;3731.0;4093.0;4044.0;4283.0;4285.0;4456.0;538;1076
SE;SUDESTE;SE;SUDESTE;SP;SAO PAULO;MS;MATO GROSSO DO SUL;ILHA SOLTEIRA;IL.SOLTEIRA 2       ;440.0;BASICA         ;LINHA DE TRANSMISSÃO;ITATIM;LT  440 kV ILHA SOLTEIRA        / IL.SOLTEIRA 2        C 2  SP/MS;SPILS-4ISO22MS      ;2011-05-15;;2011-05-31;9.04;0.008;0.109;7.136;3446.0;3446.0;4044.0;4044.0;3446.0;3933.0;3731.0;4093.0;4044.0;4283.0;4285.0;4456.0;538;1076
SE;SUDESTE;SE;SUDESTE;SP;SAO PAULO;SP;SAO PAULO;ILHA SOLTEIRA;MIRASSOL II         ;440.0;BASICA         ;LINHA DE TRANSMISSÃO;ISA ENERGIA BRASIL;LT  440 kV ILHA SOLTEIRA        / MIRASSOL II          C 1  SP ();SPILS-4MSOL1        ;2011-05-12;;2011-05-31;211.7;0.2813;3.3568;217.3;2664.0;2120.0;3212.0;2332.0;2664.0;2672.0;2664.0;2776.0;3212.0;3212.0;3212.0;3212.0;538;572
SE;SUDESTE;SE;SUDESTE;SP;SAO PAULO;SP;SAO PAULO;ILHA SOLTEIRA;MIRASSOL II         ;440.0;BASICA         ;LINHA DE TRANSMISSÃO;ISA ENERGIA BRASIL;LT  440 kV ILHA SOLTEIRA        / MIRASSOL II          C 2  SP ();SPILS-4MSOL2        ;2011-04-17;;2011-04-30;211.7;0.2813;3.3568;217.3;2664.0;2120.0;3212.0;2332.0;2664.0;2672.0;2664.0;2776.0;3212.0;3212.0;3212.0;3212.0;538;572
SE;SUDESTE;SE;SUDESTE;SP;SAO PAULO;SP;SAO PAULO;ILHA SOLTEIRA;TRES IRMAOS         ;440.0;BASICA         ;LINHA DE TRANSMISSÃO;ISA ENERGIA BRASIL;LT  440 kV ILHA SOLTEIRA        / TRES IRMAOS          C 1  SP ();SPILS-4TRI-1        ;1990-12-31;;;49.2;0.0625;0.795;49.25;2664.0;2000.0;3212.0;2000.0;2664.0;2680.0;2664.0;2784.0;3212.0;3212.0;3212.0;3212.0;538;542
SE;SUDESTE;SE;SUDESTE;SP;SAO PAULO;SP;SAO PAULO;ILHA SOLTEIRA;TRES IRMAOS         ;440.0;BASICA         ;LINHA DE TRANSMISSÃO;IE TIBAGI;LT  440 kV ILHA SOLTEIRA        / TRES IRMAOS          C 2  SP ();SPILS-4TRI-2        ;2022-05-26;;2023-09-20;38.0;0.048;0.61;36.86;2665.0;2665.0;3215.0;3215.0;;;;;;;;;538;542
SE;SUDESTE;SE;SUDESTE;SP;SAO PAULO;SP;SAO PAULO;JUPIA;BAURU               ;440.0;BASICA         ;LINHA DE TRANSMISSÃO;ISA ENERGIA BRASIL;LT  440 kV JUPIA                / BAURU                C 1  SP ();SPJUP-4BAU-1        ;1990-12-31;2011-03-10;;312.0;0.39;4.96;319.72;;;;;;;;;;;;;539;561
SE;SUDESTE;SE;SUDESTE;SP;SAO PAULO;MS;MATO GROSSO DO SUL;JUPIA;MARECH.RONDON       ;440.0;BASICA         ;LINHA DE TRANSMISSÃO;ISA ENERGIA BRASIL;LT  440 kV JUPIA                / MARECH.RONDON        C 1  SP/MS ();SPJUP-4MRR-1MS      ;2017-06-19;;2017-05-10;5.9;0.0084;0.099;5.96;2664.0;2000.0;3212.0;2000.0;;;;;;;;;539;530
SE;SUDESTE;SE;SUDESTE;SP;SAO PAULO;MS;MATO GROSSO DO SUL;JUPIA;MARECH.RONDON       ;440.0;BASICA         ;LINHA DE TRANSMISSÃO;ISA ENERGIA BRASIL;LT  440 kV JUPIA                / MARECH.RONDON        C 2  SP/MS ();SPJUP-4MRR-2MS      ;2016-12-18;;2016-10-03;5.9;0.008;0.0957;5.79;3444.0;2000.0;4044.0;2000.0;3444.0;3444.0;3444.0;3444.0;;;;;539;530
SE;SUDESTE;SE;SUDESTE;SP;SAO PAULO;SP;SAO PAULO;JUPIA;TRES IRMAOS         ;440.0;BASICA         ;LINHA DE TRANSMISSÃO;ISA ENERGIA BRASIL;LT  440 kV JUPIA                / TRES IRMAOS          C 1  SP ();SPJUP-4TRI-1        ;1990-12-31;;;43.7;0.0561;0.712;44.23;2664.0;2000.0;3212.0;2000.0;2664.0;2692.0;2664.0;2812.0;3212.0;3212.0;3212.0;3212.0;539;542
SE;SUDESTE;SE;SUDESTE;SP;SAO PAULO;SP;SAO PAULO;JUPIA;BAURU               ;440.0;BASICA         ;LINHA DE TRANSMISSÃO;ISA ENERGIA BRASIL;LT  440 kV JUPIA        /BAURU         C-2 SP;SPJUP-4BAU-2        ;1990-12-31;2011-03-10;;312.0;0.4;4.96;319.53;;;;;;;;;;;;;539;561
SE;SUDESTE;SE;SUDESTE;SP;SAO PAULO;SP;SAO PAULO;MOGI MIRIM 3;SANTO ANGELO        ;440.0;BASICA         ;LINHA DE TRANSMISSÃO;ISA ENERGIA BRASIL;LT  440 kV MOGI MIRIM 3         / SANTO ANGELO         C 1  SP ();SPMOM34SAA-1        ;1990-12-31;;;180.7;0.2309;2.8575;184.8;2664.0;2000.0;3212.0;2000.0;2664.0;2692.0;2714.0;2812.0;3212.0;3232.0;3212.0;3212.0;565;593
SE;SUDESTE;SE;SUDESTE;SP;SAO PAULO;SP;SAO PAULO;OESTE;BAURU               ;440.0;BASICA         ;LINHA DE TRANSMISSÃO;ISA ENERGIA BRASIL;LT  440 kV OESTE                / BAURU                C 2  SP ();SPOES-4BAU-1        ;2006-08-29;2021-05-09;2006-09-30;227.8;0.291;3.6076;233.52;;;;;2664.0;2712.0;2714.0;2844.0;3212.0;3212.0;3212.0;3212.0;414;561
SE;SUDESTE;SE;SUDESTE;SP;SAO PAULO;SP;SAO PAULO;P. PRIMAVERA;N.P.PRIMAVERA       ;440.0;BASICA         ;LINHA DE TRANSMISSÃO;PORTO PRIMAVERA;LT  440 kV P. PRIMAVERA         / N.P.PRIMAVERA        C 1  SP;SPPPR-4NPP-1        ;2006-10-17;;2006-10-07;1.0;0.002;0.021;0.0;2600.0;2600.0;2600.0;2600.0;;;;;;;;;544;9544
SE;SUDESTE;SE;SUDESTE;SP;SAO PAULO;SP;SAO PAULO;P. PRIMAVERA;N.P.PRIMAVERA       ;440.0;BASICA         ;LINHA DE TRANSMISSÃO;PORTO PRIMAVERA;LT  440 kV P. PRIMAVERA         / N.P.PRIMAVERA        C 2  SP;SPPPR-4NPP-2        ;2006-10-17;;2006-10-07;1.0;0.002;0.021;0.0;2600.0;2600.0;2600.0;2600.0;;;;;;;;;544;9544
SE;SUDESTE;SE;SUDESTE;SP;SAO PAULO;SP;SAO PAULO;P. PRIMAVERA;TAQUARUCU           ;440.0;BASICA         ;LINHA DE TRANSMISSÃO;ISA ENERGIA BRASIL;LT  440 kV P. PRIMAVERA         / TAQUARUCU            C 1  SP ();SPPPR-4TAQ-1        ;1999-01-31;;2006-10-17;113.2;0.153;1.936;108.7;2517.0;2517.0;2674.0;2600.0;2517.0;2724.0;2653.0;2860.0;2674.0;2857.0;2798.0;2798.0;544;547
SE;SUDESTE;SE;SUDESTE;SP;SAO PAULO;SP;SAO PAULO;P. PRIMAVERA;TAQUARUCU           ;440.0;BASICA         ;LINHA DE TRANSMISSÃO;ISA ENERGIA BRASIL;LT  440 kV P. PRIMAVERA         / TAQUARUCU            C 2  SP ();SPPPR-4TAQ-2        ;2000-08-31;;2006-10-17;116.6;0.157;1.994;108.7;2517.0;2517.0;2674.0;2600.0;2517.0;2724.0;2653.0;2860.0;2674.0;2857.0;2798.0;2798.0;544;547
SE;SUDESTE;SE;SUDESTE;SP;SAO PAULO;SP;SAO PAULO;PIRACICABA;SANTA BARBARA       ;440.0;BASICA         ;LINHA DE TRANSMISSÃO;ISA ENERGIA BRASIL;LT  440 kV PIRACICABA           / SANTA BARBARA        C 1  SP ();SPPCB-4SBO-1        ;2015-06-22;;2015-06-18;22.5;0.0308;0.3934;22.59;2664.0;2000.0;3212.0;2000.0;2664.0;2664.0;2664.0;2664.0;3212.0;3212.0;3212.0;3212.0;573;567
SE;SUDESTE;SE;SUDESTE;SP;SAO PAULO;SP;SAO PAULO;REPLAN;SANTO ANGELO        ;440.0;BASICA         ;LINHA DE TRANSMISSÃO;ISA ENERGIA BRASIL;LT  440 kV REPLAN               / SANTO ANGELO         C 1  SP ();SPSERP4SAA-1        ;2016-04-10;;2015-12-08;138.3;0.1775;2.1931;141.9;2664.0;2000.0;3212.0;2000.0;2664.0;2664.0;2664.0;2664.0;;;;;413;593
SE;SUDESTE;SE;SUDESTE;SP;SAO PAULO;SP;SAO PAULO;RIBEIRAOPRETO;SANTA BARBARA       ;440.0;BASICA         ;LINHA DE TRANSMISSÃO;ISA ENERGIA BRASIL;LT  440 kV RIBEIRAOPRETO        / SANTA BARBARA        C 1  SP ();SPRPR-4SBO-1        ;1990-12-31;;;173.3;0.2299;3.0238;164.0;2664.0;2000.0;3212.0;2000.0;2664.0;2720.0;2664.0;2848.0;3212.0;3212.0;3212.0;3212.0;563;567
SE;SUDESTE;SE;SUDESTE;SP;SAO PAULO;SP;SAO PAULO;SANTA BARBARA;SUMARE              ;440.0;BASICA         ;LINHA DE TRANSMISSÃO;ISA ENERGIA BRASIL;LT  440 kV SANTA BARBARA        / SUMARE               C 1  SP ();SPSBO-4SUR-1        ;1990-12-31;;;21.1;0.0287;0.3587;20.24;2664.0;2000.0;3212.0;2000.0;2664.0;2720.0;2703.0;2844.0;3212.0;3212.0;3212.0;3212.0;567;570
SE;SUDESTE;SE;SUDESTE;SP;SAO PAULO;SP;SAO PAULO;SANTO ANGELO;SOLVAY              ;440.0;BASICA         ;LINHA DE TRANSMISSÃO;ISA ENERGIA BRASIL;LT  440 kV SANTO ANGELO         / SOLVAY               C 1  SP ();SPSAA-4SLY-1        ;2011-09-21;;2011-10-31;37.0;0.0382;0.4723;28.63;2664.0;2000.0;3212.0;2000.0;2664.0;2808.0;2816.0;2892.0;3212.0;3357.0;3269.0;3269.0;593;9102
SE;SUDESTE;SE;SUDESTE;SP;SAO PAULO;SP;SAO PAULO;SUMARE;BOM JARDIM          ;440.0;BASICA         ;LINHA DE TRANSMISSÃO;ISA ENERGIA BRASIL;LT  440 kV SUMARE               / BOM JARDIM           C 1  SP ();SPSUR-4BOJ-1        ;1990-12-31;;;46.6;0.065;0.801;45.74;2664.0;2000.0;3212.0;2000.0;2664.0;2720.0;2664.0;2844.0;3212.0;3212.0;3212.0;3212.0;570;574
SE;SUDESTE;SE;SUDESTE;SP;SAO PAULO;SP;SAO PAULO;TAQUARUCU;ASSIS               ;440.0;BASICA         ;LINHA DE TRANSMISSÃO;TAESA;LT  440 kV TAQUARUCU            / ASSIS                C 1  SP ();SPTAQ-4ASS-1        ;2001-10-19;;2001-11-12;173.35;0.2386;3.0313;170.8;2540.0;2540.0;2540.0;2540.0;2540.0;2562.0;2540.0;2729.0;2540.0;2910.0;2900.0;3077.0;547;552
SE;SUDESTE;SE;SUDESTE;SP;SAO PAULO;SP;SAO PAULO;TAQUARUCU;CAPIVARA            ;440.0;BASICA         ;LINHA DE TRANSMISSÃO;ISA ENERGIA BRASIL;LT  440 kV TAQUARUCU            / CAPIVARA             C 1  SP ();SPTAQ-4CPV-1        ;1984-12-21;;;68.8;0.092;1.187;66.94;2664.0;2000.0;3212.0;2000.0;2664.0;2720.0;2664.0;2864.0;3212.0;3212.0;3212.0;3212.0;547;549
SE;SUDESTE;SE;SUDESTE;SP;SAO PAULO;SP;SAO PAULO;TAQUARUCU;JUPIA               ;440.0;BASICA         ;LINHA DE TRANSMISSÃO;ISA ENERGIA BRASIL;LT  440 kV TAQUARUCU            / JUPIA                C 1  SP ();SPTAQ-4JUP-1        ;1994-03-01;2017-06-19;;208.4;0.27;3.6;197.09;;;;;3444.0;3484.0;3444.0;3588.0;4044.0;4044.0;4044.0;4044.0;547;539
SE;SUDESTE;;;SP;SAO PAULO;;;OESTE;;440.0;BASICA         ;RAMAL DE LINHA;ISA ENERGIA BRASIL;RL  440 kV OESTE                / RDOES1 C  1 SP;SPOES-4DOES1        ;1990-12-31;2006-08-29;;1.592;0.0;0.02;1.56;;;;;;;;;;;;;414;
SE;SUDESTE;;;SP;SAO PAULO;;;OESTE;;440.0;BASICA         ;RAMAL DE LINHA;ISA ENERGIA BRASIL;RL  440 kV OESTE                / RDOES2 C  2 SP;SPOES-4DOES2        ;1990-12-31;2006-09-18;;1.592;0.0;0.02;1.56;;;;;;;;;;;;;414;
NE;NORDESTE;NE;NORDESTE;AL;ALAGOAS;PE;PERNAMBUCO;MESSIAS;SUAPE II            ;500.0;BASICA         ;LINHA DE TRANSMISSÃO;AXIA NORDESTE;LT  500 kV MESSIAS              / SUAPE II             C V2 AL/PE (05V2);ALMSI-5SUD-1PE      ;2012-12-17;;2012-12-16;175.7;0.18;2.17;234.5;2524.0;2500.0;3180.0;2500.0;2524.0;2650.0;2524.0;2650.0;3180.0;3451.0;3204.0;3276.0;5300;5360
NE;NORDESTE;NE;NORDESTE;AL;ALAGOAS;PE;PERNAMBUCO;MESSIAS;RECIFE II           ;500.0;BASICA         ;LINHA DE TRANSMISSÃO;AXIA NORDESTE;LT  500 kV MESSIAS      /RECIFE II     C-1 AL/PE (05L7);ALMSI-5RCD-1PE      ;1999-01-25;2012-12-17;;175.9;0.17;2.25;235.6;;;;;;;;;;;;;5300;5140
NE;NORDESTE;NE;NORDESTE;AL;ALAGOAS;PE;PERNAMBUCO;USINA XINGO;ANGELIM II          ;500.0;BASICA         ;LINHA DE TRANSMISSÃO;TAESA;LT  500 kV USINA XINGO          / ANGELIM II           C V1 AL/PE (05V1);ALUXG-5AGD-1PE      ;2004-01-25;;2004-01-21;197.0;0.206;2.525;261.9;1155.0;1155.0;1732.0;1732.0;1155.0;2975.0;2431.0;3080.0;1732.0;3420.0;3063.0;3532.0;5060;5100
NE;NORDESTE;NE;NORDESTE;AL;ALAGOAS;BA;BAHIA;USINA XINGO;CAMACARI II         ;500.0;BASICA         ;LINHA DE TRANSMISSÃO;PEDRAS;LT  500 kV USINA XINGO          / CAMACARI II          C Z8 AL/BA (05Z8);SEXNG-5CMD-1BA      ;2026-06-20;;2028-09-30;351.0;0.272;4.042;495.518;2815.0;2815.0;3940.0;3940.0;;;;;;;;;5060;5750
NE;NORDESTE;NE;NORDESTE;AL;ALAGOAS;BA;BAHIA;USINA XINGO;CAMACARI II         ;500.0;BASICA         ;LINHA DE TRANSMISSÃO;PEDRAS;LT  500 kV USINA XINGO          / CAMACARI II          C Z9 AL/BA (05Z9);SEXNG-5CMD-2BA      ;2026-06-20;;2028-09-30;351.0;0.274;4.037;495.569;2815.0;2815.0;3940.0;3940.0;;;;;;;;;5060;5750
NE;NORDESTE;NE;NORDESTE;AL;ALAGOAS;SE;SERGIPE;USINA XINGO;JARDIM              ;500.0;BASICA         ;LINHA DE TRANSMISSÃO;AXIA NORDESTE;LT  500 kV USINA XINGO          / JARDIM               C V5 AL/SE (05V5);ALUXG-5JDM-1SE      ;2000-05-15;;;159.7;0.15;1.97;213.1;2524.0;2500.0;3180.0;2500.0;2524.0;2650.0;2524.0;2650.0;3180.0;3451.0;3204.0;3276.0;5060;5720
NE;NORDESTE;NE;NORDESTE;AL;ALAGOAS;SE;SERGIPE;USINA XINGO;JARDIM              ;500.0;BASICA         ;LINHA DE TRANSMISSÃO;LEST;LT  500 kV USINA XINGO          / JARDIM               C V8 AL/SE (05V8);ALUXG-5JDM-2SE      ;2020-12-12;;2020-05-30;161.39;0.165;2.006;212.6;2525.0;2525.0;3180.0;3180.0;;;;;;;;;5060;5720
NE;NORDESTE;NE;NORDESTE;AL;ALAGOAS;AL;ALAGOAS;USINA XINGO;MESSIAS             ;500.0;BASICA         ;LINHA DE TRANSMISSÃO;AXIA NORDESTE;LT  500 kV USINA XINGO          / MESSIAS              C V4 AL (05V4);ALUXG-5MSI-1        ;1990-12-31;;;218.9;0.21;2.78;279.8;2524.0;2500.0;3180.0;2500.0;2524.0;2650.0;2524.0;2650.0;3180.0;3403.0;3180.0;3237.0;5060;5300
N;NORTE;N;NORTE;AM;AMAZONAS;AM;AMAZONAS;AZULAO;SILVES              ;500.0;COMPLEMENTAR   ;LINHA DE TRANSMISSÃO;AZULAO GERACAO;LT  500 kV AZULAO               / SILVES               C 1  AM;AMAZL-5SIL-1        ;2026-03-27;;2025-09-20;;0.01;0.146;13.26;;;;;;;;;;;;;44932;8400
N;NORTE;N;NORTE;AM;AMAZONAS;AM;AMAZONAS;SILVES;LECHUGA             ;500.0;BASICA         ;LINHA DE TRANSMISSÃO;MANAUS TR;LT  500 kV SILVES               / LECHUGA              C 1  AM;AMITR-5CRR-1        ;2013-07-03;;2013-06-10;244.0;0.165;2.376;354.0;3140.0;3140.0;3920.0;3920.0;3140.0;3769.0;3257.0;3798.0;3920.0;4178.0;3920.0;4248.0;8400;8500
N;NORTE;N;NORTE;AM;AMAZONAS;AM;AMAZONAS;SILVES;LECHUGA             ;500.0;BASICA         ;LINHA DE TRANSMISSÃO;MANAUS TR;LT  500 kV SILVES               / LECHUGA              C 2  AM;AMITR-5CRR-2        ;2013-07-03;;2013-06-10;244.0;0.165;2.376;354.0;3140.0;3140.0;3920.0;3920.0;3140.0;3769.0;3257.0;3798.0;3920.0;4178.0;3920.0;4248.0;8400;8500
NE;NORDESTE;NE;NORDESTE;BA;BAHIA;BA;BAHIA;BABIL. CENTRO;OUROLANDIA II       ;500.0;COMPLEMENTAR   ;LINHA DE TRANSMISSÃO;S RAIMUNDO;LT  500 kV BABIL. CENTRO        / OUROLANDIA II        C F2 BA (05F2);BABBC-5OUR-F2       ;2024-12-31;;2024-10-31;;0.01381;0.20691;22.165;;;;;;;;;;;;;45220;6070
NE;NORDESTE;NE;NORDESTE;BA;BAHIA;BA;BAHIA;BARREIRAS II;BURITIRAMA          ;500.0;BASICA         ;LINHA DE TRANSMISSÃO;BURITIRAMA TRANS;LT  500 kV BARREIRAS II         / BURITIRAMA           C N6 BA (N6);BABRD-5BRT-1        ;2020-01-22;;2020-01-17;209.7;0.113;1.587;457.8;2880.0;2880.0;4000.0;4000.0;;;;;;;;;6360;6075
NE;NORDESTE;NE;NORDESTE;BA;BAHIA;PI;PIAUI;BARREIRAS II;GILBUES II          ;500.0;BASICA         ;LINHA DE TRANSMISSÃO;JALAPÃO;LT  500 kV BARREIRAS II         / GILBUES II           C C2 BA/PI (C2);BABRD-5GBD-1PI      ;2022-01-05;;2022-11-08;312.0;0.163;2.331;684.3;3375.0;3375.0;4000.0;4000.0;3475.0;4000.0;3375.0;4000.0;4000.0;4000.0;4000.0;4000.0;6360;7190
NE;NORDESTE;NE;NORDESTE;BA;BAHIA;BA;BAHIA;BARREIRAS II;RIO DAS EGUAS       ;500.0;BASICA         ;LINHA DE TRANSMISSÃO;PTE;LT  500 kV BARREIRAS II         / RIO DAS EGUAS        C N2 BA (05N2);BABRD-5RDE-1        ;2017-01-18;;2017-01-31;239.27;0.122;1.758;530.3;4780.0;4780.0;6020.0;6020.0;;;;;;;;;6360;6444
NE;NORDESTE;NE;NORDESTE;BA;BAHIA;BA;BAHIA;BARREIRAS II;RIO DAS EGUAS       ;500.0;BASICA         ;LINHA DE TRANSMISSÃO;BARREIRAS TRANS;LT  500 kV BARREIRAS II         / RIO DAS EGUAS        C N5 BA (05N5);BABRD-5RDE-2        ;2020-05-01;;2020-01-31;251.0;0.134;1.889;549.4;2880.0;2880.0;4000.0;4000.0;;;;;;;;;6360;6444
NE;NORDESTE;NE;NORDESTE;BA;BAHIA;BA;BAHIA;BARREIRAS III;BARREIRAS II        ;500.0;COMPLEMENTAR   ;LINHA DE TRANSMISSÃO;BARREIRAS XV;LT  500 kV BARREIRAS III        / BARREIRAS II         C P1 BA ();BABRT-5BRD-P1       ;2024-07-06;;2024-06-07;;0.031;0.4228;44.188;;;;;;;;;;;;;44601;6360
NE;NORDESTE;NE;NORDESTE;BA;BAHIA;BA;BAHIA;BOM.JES.LAPA II;GENTIO OURO II      ;500.0;BASICA         ;LINHA DE TRANSMISSÃO;RIALMA V;LT  500 kV BOM.JES.LAPA II      / GENTIO OURO II       C C2 BA (05C2);BABJD-5GOR-2        ;2025-04-03;;2029-03-29;271.0;0.142;2.047;588.8;4000.0;4000.0;4000.0;4000.0;;;;;;;;;6349;6060
NE;NORDESTE;NE;NORDESTE;BA;BAHIA;BA;BAHIA;BOM.JES.LAPA II;GENTIO OURO II      ;500.0;BASICA         ;LINHA DE TRANSMISSÃO;RIALMA V;LT  500 kV BOM.JES.LAPA II      / GENTIO OURO II       C C4 BA (05C4);BABJD-5GOR-3        ;2025-04-03;;2025-03-28;271.0;0.142;2.047;588.8;4000.0;4000.0;4000.0;4000.0;;;;;;;;;6349;6060
NE;NORDESTE;NE;NORDESTE;BA;BAHIA;BA;BAHIA;BOM.JES.LAPA II;GENTIO OURO II      ;500.0;BASICA         ;LINHA DE TRANSMISSÃO;ETB;LT  500 kV BOM.JES.LAPA II      / GENTIO OURO II       C L3 BA (05L3);BABJD-5GOR-1        ;2020-10-16;2021-07-18;2020-10-30;265.8;0.142;2.008;578.18;;;;;;;;;;;;;6349;6060
NE;NORDESTE;NE;NORDESTE;BA;BAHIA;BA;BAHIA;BOM.JES.LAPA II;IBICOARA            ;500.0;BASICA         ;LINHA DE TRANSMISSÃO;TAESA;LT  500 kV BOM.JES.LAPA II      / IBICOARA             C L4 BA (05L4);BABJD-5ICA-1        ;2003-03-04;2017-06-15;2003-04-20;232.0;0.17;2.46;350.9;;;;;2300.0;3811.0;3115.0;3897.0;2300.0;4400.0;3925.0;4502.0;6349;6359
NE;NORDESTE;NE;NORDESTE;BA;BAHIA;BA;BAHIA;BOM.JES.LAPA II;IGAPORA III         ;500.0;BASICA         ;LINHA DE TRANSMISSÃO;TAESA;LT  500 kV BOM.JES.LAPA II      / IGAPORA III          C L2 BA (05L2);BABJD-5IGT-1        ;2017-06-19;;2017-05-14;127.7;0.085;1.388;198.8;2300.0;2300.0;2300.0;2300.0;;;;;;;;;6349;6220
NE;NORDESTE;SE;SUDESTE;BA;BAHIA;MG;MINAS GERAIS;BOM.JES.LAPA II;JANAUBA 3           ;500.0;BASICA         ;LINHA DE TRANSMISSÃO;JANAÚBA;LT  500 kV BOM.JES.LAPA II      / JANAUBA 3            C L4 BA/MG (05L4);BABJD-5JBA31MG      ;2021-09-01;;2022-02-09;304.0;0.161;2.305;677.65;2950.0;2950.0;4000.0;4000.0;;;;;;;;;6349;4350
NE;NORDESTE;NE;NORDESTE;BA;BAHIA;BA;BAHIA;BURITIRAMA;GENTIO OURO II      ;500.0;BASICA         ;LINHA DE TRANSMISSÃO;ARGO VII;LT  500 kV BURITIRAMA           / GENTIO OURO II       C L7 BA (05L7);BABRT-5GOR-1        ;2020-01-22;;2022-02-09;175.3;0.119;1.885;269.1;3420.0;3420.0;4205.0;4205.0;;;;;;;;;6075;6060
NE;NORDESTE;NE;NORDESTE;BA;BAHIA;PI;PIAUI;BURITIRAMA;GILBUES II          ;500.0;BASICA         ;LINHA DE TRANSMISSÃO;ARGO VII;LT  500 kV BURITIRAMA           / GILBUES II           C L6 BA/PI (05L6);BABRT-5GBD-1PI      ;2020-01-22;;2022-02-09;192.1;0.13;2.061;295.1;3420.0;3420.0;4205.0;4205.0;;;;;;;;;6075;7190
NE;NORDESTE;NE;NORDESTE;BA;BAHIA;PI;PIAUI;BURITIRAMA;QUEIMADA NOVA 2     ;500.0;BASICA         ;LINHA DE TRANSMISSÃO;VALE DO SERTAO TRANS;LT  500 kV BURITIRAMA           / QUEIMADA NOVA 2      C L2 BA/PI (L2);BABRT-5QMN-2PI      ;2021-05-26;;2020-11-30;372.6;0.1901;2.7461;824.82;2880.0;2880.0;4000.0;4000.0;;;;;;;;;6075;5325
NE;NORDESTE;NE;NORDESTE;BA;BAHIA;PI;PIAUI;BURITIRAMA;QUEIMADA NOVA 2     ;500.0;BASICA         ;LINHA DE TRANSMISSÃO;SERTANEJA;LT  500 kV BURITIRAMA           / QUEIMADA NOVA 2      C L3 BA/PI (05L3);BABRT-5QMN-1PI      ;2022-01-10;;2022-02-09;372.6;0.1902;2.75;824.4;2880.0;2880.0;4000.0;4000.0;;;;;;;;;6075;5325
NE;NORDESTE;NE;NORDESTE;BA;BAHIA;BA;BAHIA;CAMACARI II;CAMACARI IV         ;500.0;BASICA         ;LINHA DE TRANSMISSÃO;AXIA NORDESTE;LT  500 kV CAMACARI II          / CAMACARI IV          C L6 BA (05L6);BACMD-5CMQ-1        ;2012-11-19;;2012-11-19;0.26;0.001;0.03;0.488;2524.0;2524.0;3180.0;3180.0;;;;;;;;;5750;5752
NE;NORDESTE;NE;NORDESTE;BA;BAHIA;BA;BAHIA;CAMACARI II;SAPEACU             ;500.0;BASICA         ;LINHA DE TRANSMISSÃO;TAESA;LT  500 kV CAMACARI II          / SAPEACU              C L7 BA (05L7);BACMD-5SPU-1        ;2005-10-30;;2005-10-30;106.0;0.1074;1.3309;135.4;1500.0;1500.0;1500.0;1500.0;1500.0;3063.0;2648.0;3168.0;1500.0;3494.0;3286.0;3606.0;5750;6369
NE;NORDESTE;NE;NORDESTE;BA;BAHIA;SE;SERGIPE;CAMACARI IV;JARDIM              ;500.0;BASICA         ;LINHA DE TRANSMISSÃO;AXIA NORDESTE;LT  500 kV CAMACARI IV          / JARDIM               C V7 BA/SE (05V7);BACMQ-5JDM-1SE      ;2012-11-19;;2012-11-19;249.5;0.2304;3.155;322.9;2524.0;2524.0;3180.0;3180.0;2524.0;2650.0;2524.0;2650.0;3180.0;3478.0;3277.0;3296.0;5752;5720
NE;NORDESTE;NE;NORDESTE;BA;BAHIA;BA;BAHIA;CAMACARI IV;SAPEACU             ;500.0;BASICA         ;LINHA DE TRANSMISSÃO;MEZ 1 ENERGIA;LT  500 kV CAMACARI IV          / SAPEACU              C L9 BA (05L9);BACMQ-5SPU-1        ;2023-10-20;;2025-03-20;105.0;0.1048;1.2657;135.2;2755.0;2755.0;3770.0;3770.0;;;;;;;;;5752;6369
NE;NORDESTE;NE;NORDESTE;BA;BAHIA;BA;BAHIA;COMPLEXO_FUTURA;FUTURA              ;500.0;COMPLEMENTAR   ;LINHA DE TRANSMISSÃO;FUTURA 1;LT  500 kV COMPLEXO_FUTURA      / FUTURA               C T1 BA (05T1);BAFFUT5FUT-1        ;2023-05-24;;2022-10-15;;0.001;0.01;0.0;;;;;;;;;;;;;92440;8980
NE;NORDESTE;NE;NORDESTE;BA;BAHIA;BA;BAHIA;COMPLEXO_FUTURA;FUTURA              ;500.0;COMPLEMENTAR   ;LINHA DE TRANSMISSÃO;FUTURA 1;LT  500 kV COMPLEXO_FUTURA      / FUTURA               C T2 BA (05T2);BAFFUT5FUT-T2       ;2023-05-24;;2022-10-15;;0.001;0.01;0.0;;;;;;;;;;;;;92440;8980
NE;NORDESTE;NE;NORDESTE;BA;BAHIA;BA;BAHIA;FUTURA;U.SOBRADINHO        ;500.0;BASICA         ;LINHA DE TRANSMISSÃO;AXIA NORDESTE;LT  500 kV FUTURA               / U.SOBRADINHO         C C3 BA (05C3);BAFUT-5USB-1        ;2023-03-09;;2022-10-28;34.72;0.038;0.445;44.36;2524.0;2500.0;3180.0;2500.0;;;;;;;;;8980;6300
NE;NORDESTE;NE;NORDESTE;BA;BAHIA;PI;PIAUI;GENTIO OURO II;GILBUES II          ;500.0;BASICA         ;LINHA DE TRANSMISSÃO;ARGO VII;LT  500 kV GENTIO OURO II       / GILBUES II           C L6 BA/PI (05L6);BAGOR-5GBD-1PI      ;2018-08-25;2020-01-16;2018-05-30;343.0;0.2265;3.602;533.177;;;;;;;;;;;;;6060;7190
NE;NORDESTE;NE;NORDESTE;BA;BAHIA;BA;BAHIA;GENTIO OURO II;OUROLANDIA II       ;500.0;BASICA         ;LINHA DE TRANSMISSÃO;ARGO VII;LT  500 kV GENTIO OURO II       / OUROLANDIA II        C C1 BA (05C1);BAGOR-5OUR-1        ;2018-05-04;;2018-05-30;157.0;0.106;1.657;233.1;3420.0;3420.0;4205.0;4205.0;;;;;;;;;6060;6070
NE;NORDESTE;NE;NORDESTE;BA;BAHIA;BA;BAHIA;IBICOARA;IGAPORA III         ;500.0;BASICA         ;LINHA DE TRANSMISSÃO;TAESA;LT  500 kV IBICOARA             / IGAPORA III          C L4 BA (05L4);BAICA-5IGT-1        ;2017-06-19;;2017-05-14;174.2;0.131;1.899;269.7;2300.0;2300.0;2300.0;2300.0;;;;;;;;;6359;6220
NE;NORDESTE;NE;NORDESTE;BA;BAHIA;BA;BAHIA;IBICOARA;POCOES III          ;500.0;BASICA         ;LINHA DE TRANSMISSÃO;EDTE;LT  500 kV IBICOARA             / POCOES III           C L5 BA (05L5);BAICA-5POD-1        ;2019-12-22;;2020-01-31;164.0;0.091;1.263;353.7;2890.0;2890.0;3465.0;3465.0;;;;;;;;;6359;5860
NE;NORDESTE;NE;NORDESTE;BA;BAHIA;BA;BAHIA;IBICOARA;SAPEACU             ;500.0;BASICA         ;LINHA DE TRANSMISSÃO;TAESA;LT  500 kV IBICOARA             / SAPEACU              C L3 BA (05L3);BAICA-5SPU-1        ;2003-03-04;;2003-04-20;257.0;0.197;2.801;393.4;2300.0;2300.0;2300.0;2300.0;2300.0;3887.0;3153.0;3981.0;2300.0;4463.0;3973.0;4572.0;6359;6369
NE;NORDESTE;SE;SUDESTE;BA;BAHIA;MG;MINAS GERAIS;IGAPORA III;JANAUBA 3           ;500.0;BASICA         ;LINHA DE TRANSMISSÃO;JAIBA TRANS;LT  500 kV IGAPORA III          / JANAUBA 3            C L6 BA/MG (05L6);BAIGT-5JBA31MG      ;2020-10-31;2025-02-26;2021-03-01;253.0;0.137;1.915;542.5;;;;;;;;;;;;;6220;4350
NE;NORDESTE;SE;SUDESTE;BA;BAHIA;MG;MINAS GERAIS;IGAPORA III;JANAUBA 3           ;500.0;BASICA         ;LINHA DE TRANSMISSÃO;ALTO SERTAO TRANS;LT  500 kV IGAPORA III          / JANAUBA 3            C L7 BA/MG (05L7);BAIGT-5JBA32MG      ;2020-12-23;;2022-02-09;257.0;0.136;1.884;533.8;2950.0;2950.0;4000.0;4000.0;;;;;;;;;6220;4350
NE;NORDESTE;SE;SUDESTE;BA;BAHIA;MG;MINAS GERAIS;IGAPORA III;S. DAS ALMAS II     ;500.0;BASICA         ;LINHA DE TRANSMISSÃO;JAIBA TRANS;LT  500 kV IGAPORA III          / S. DAS ALMAS II      C L6 BA/MG (05L6);BAIGT-5SDA2L6MG     ;2025-02-26;;2024-12-31;105.35;0.058;0.805;229.0;4000.0;4000.0;2950.0;2950.0;;;;;;;;;6220;44504
NE;NORDESTE;NE;NORDESTE;BA;BAHIA;BA;BAHIA;JEREMOABO;CANUDOS I           ;500.0;COMPLEMENTAR   ;LINHA DE TRANSMISSÃO;EÓLICA CANUDOS II;LT  500 kV JEREMOABO            / CANUDOS I            C C2 BA (05C2);BAJER-5CAN-1        ;2023-12-01;;2021-12-31;51.86;0.029;0.514;87.41;;;;;;;;;;;;;7280;7284
NE;NORDESTE;NE;NORDESTE;BA;BAHIA;BA;BAHIA;JEREMOABO;OLINDINA            ;500.0;BASICA         ;LINHA DE TRANSMISSÃO;AXIA NORDESTE;LT  500 kV JEREMOABO            / OLINDINA             C L9 BA (05L9);BAJER-5OLD-1        ;2023-03-05;;2021-12-31;128.0;0.13;1.617;165.1;2524.0;2500.0;3180.0;2500.0;;;;;;;;;7280;5740
NE;NORDESTE;NE;NORDESTE;BA;BAHIA;BA;BAHIA;JEREMOABO;P. AFONSO IV_SE     ;500.0;BASICA         ;LINHA DE TRANSMISSÃO;AXIA NORDESTE;LT  500 kV JEREMOABO            / P. AFONSO IV_SE      C S5 BA (05S5);BAJER-5PAQ-1        ;2023-03-05;;2021-12-31;84.0;0.087;1.07;108.4;2524.0;2500.0;3180.0;2500.0;;;;;;;;;7280;5001
NE;NORDESTE;NE;NORDESTE;BA;BAHIA;BA;BAHIA;JUAZEIRO III;FUTURA              ;500.0;BASICA         ;LINHA DE TRANSMISSÃO;AXIA NORDESTE;LT  500 kV JUAZEIRO III         / FUTURA               C N7 BA (05N7);BAJZT-5FUT-1        ;2023-03-09;;2022-10-28;32.52;0.035;0.415;41.41;2524.0;2524.0;3180.0;3180.0;;;;;;;;;6500;8980
NE;NORDESTE;NE;NORDESTE;BA;BAHIA;BA;BAHIA;JUAZEIRO III;OUROLANDIA II       ;500.0;BASICA         ;LINHA DE TRANSMISSÃO;ETB;LT  500 kV JUAZEIRO III         / OUROLANDIA II        C F1 BA (05F1);BAJZT-5OUR-1        ;2020-07-19;;2020-05-31;186.0;0.127;1.995;284.2;2080.0;2080.0;2490.0;2490.0;;;;;;;;;6500;6070
NE;NORDESTE;NE;NORDESTE;BA;BAHIA;BA;BAHIA;JUAZEIRO III;U.SOBRADINHO        ;500.0;BASICA         ;LINHA DE TRANSMISSÃO;AXIA NORDESTE;LT  500 kV JUAZEIRO III         / U.SOBRADINHO         C C3 BA (05C3);BAJZT-5USB-1        ;2019-01-21;2023-03-09;2019-01-31;37.0;0.04;0.48;47.073;;;;;;;;;;;;;6500;6300
NE;NORDESTE;NE;NORDESTE;BA;BAHIA;BA;BAHIA;JUAZEIRO III;U.SOBRADINHO        ;500.0;BASICA         ;LINHA DE TRANSMISSÃO;AXIA NORDESTE;LT  500 kV JUAZEIRO III         / U.SOBRADINHO         C Z5 BA (05Z5);BAJZT-5USB-2        ;2025-11-17;;2026-06-02;35.8;0.038;0.456;45.811;2500.0;2500.0;3150.0;2500.0;;;;;;;;;6500;6300
NE;NORDESTE;NE;NORDESTE;BA;BAHIA;PE;PERNAMBUCO;JUAZEIRO III;US. L.GONZAGA       ;500.0;BASICA         ;LINHA DE TRANSMISSÃO;AXIA NORDESTE;LT  500 kV JUAZEIRO III         / US. L.GONZAGA        C C4 BA/PE (05C4);BAJZT-5ULG-2PE      ;2025-11-17;;2026-06-02;280.86;0.278;3.536;365.2;2500.0;2500.0;3180.0;2500.0;;;;;;;;;6500;5050
NE;NORDESTE;NE;NORDESTE;BA;BAHIA;PE;PERNAMBUCO;JUAZEIRO III;US. L.GONZAGA       ;500.0;BASICA         ;LINHA DE TRANSMISSÃO;AXIA NORDESTE;LT  500 kV JUAZEIRO III         / US. L.GONZAGA        C C5 BA/PE (05C5);BAJZT-5ULG-1PE      ;2019-01-21;;2019-01-31;256.0;0.25;3.2;327.7;2500.0;2500.0;3180.0;2500.0;;;;;;;;;6500;5050
NE;NORDESTE;SE;SUDESTE;BA;BAHIA;ES;ESPIRITO SANTO;MEDEIROS NETOII;JOAO NEIVA 2        ;500.0;BASICA         ;LINHA DE TRANSMISSÃO;MORRO DO CHAPEU;LT  500 kV MEDEIROS NETOII      / JOAO NEIVA 2         C F1 BA/ES (05F1);BAMDN25JNE21ES      ;2026-02-22;;2025-03-05;283.0;0.147;2.067;599.9;2890.0;2890.0;4000.0;4000.0;2890.0;4000.0;3087.0;4000.0;4000.0;4000.0;4000.0;4000.0;7995;3034
NE;NORDESTE;NE;NORDESTE;BA;BAHIA;BA;BAHIA;MORRO CHAPEU II;OUROLANDIA II       ;500.0;BASICA         ;LINHA DE TRANSMISSÃO;ARGO VII;LT  500 kV MORRO CHAPEU II      / OUROLANDIA II        C N4 BA (05N4);BAMPD-5OUR-1        ;2018-05-04;;2018-05-30;125.0;0.066;1.024;144.0;3420.0;3420.0;4205.0;4205.0;;;;;;;;;6290;6070
NE;NORDESTE;NE;NORDESTE;BA;BAHIA;BA;BAHIA;MORRO CHAPEU II;POCOES III          ;500.0;BASICA         ;LINHA DE TRANSMISSÃO;MORRO DO CHAPEU;LT  500 kV MORRO CHAPEU II      / POCOES III           C F1 BA (05F1);BAMCP-5POT-1        ;2024-05-12;;2026-03-31;359.0;0.1752;2.4988;737.73;2890.0;2890.0;4000.0;4000.0;2890.0;4000.0;3098.0;4000.0;4000.0;4000.0;4000.0;4000.0;6290;5860
NE;NORDESTE;NE;NORDESTE;BA;BAHIA;BA;BAHIA;MORRO CHAPEU II;POCOES III          ;500.0;BASICA         ;LINHA DE TRANSMISSÃO;ASA BRANCA;LT  500 kV MORRO CHAPEU II      / POCOES III           C F2 BA (05F2);BAMCP-5POT-2        ;2025-11-26;;2025-11-06;335.78;0.178;2.531;747.3;4000.0;4000.0;4000.0;4000.0;;;;;;;;;6290;5860
NE;NORDESTE;NE;NORDESTE;BA;BAHIA;BA;BAHIA;MORRO CHAPEU II;SAPEACU             ;500.0;BASICA         ;LINHA DE TRANSMISSÃO;ARGO V;LT  500 kV MORRO CHAPEU II      / SAPEACU              C N3 BA (05N3);BAMPD-5SPU-1        ;2017-08-01;;2017-09-05;271.3;0.183;2.892;438.9;3070.0;3070.0;3870.0;3870.0;;;;;;;;;6290;6369
NE;NORDESTE;NE;NORDESTE;BA;BAHIA;BA;BAHIA;OLINDINA;CAMACARI II         ;500.0;BASICA         ;LINHA DE TRANSMISSÃO;AXIA NORDESTE;LT  500 kV OLINDINA             / CAMACARI II          C L4 BA (05L4);BAOLD-5CMD-1        ;1990-12-31;;;147.2;0.2;1.88;195.0;1508.0;1508.0;2141.0;2141.0;1508.0;1810.0;1508.0;1825.0;2141.0;2565.0;2154.0;2459.0;5740;5750
NE;NORDESTE;NE;NORDESTE;BA;BAHIA;BA;BAHIA;OLINDINA;CAMACARI II         ;500.0;BASICA         ;LINHA DE TRANSMISSÃO;AXIA NORDESTE;LT  500 kV OLINDINA             / CAMACARI II          C L5 BA (05L5);BAOLD-5CMD-2        ;1990-12-31;;;146.9;0.15;1.9;192.5;2524.0;2500.0;3180.0;2500.0;2524.0;2650.0;2524.0;2650.0;3180.0;3445.0;3180.0;3282.0;5740;5750
NE;NORDESTE;NE;NORDESTE;BA;BAHIA;BA;BAHIA;OLINDINA;SAPEACU             ;500.0;BASICA         ;LINHA DE TRANSMISSÃO;SÃO FRANCISCO;LT  500 kV OLINDINA             / SAPEACU              C S9 BA (05S9);BAOLD-5SPU-1        ;2024-10-26;;2024-10-16;207.0;0.128;1.996;289.2;3000.0;3000.0;3700.0;3700.0;3000.0;3963.0;3159.0;4000.0;3700.0;4000.0;3803.0;4000.0;5740;6369
NE;NORDESTE;NE;NORDESTE;BA;BAHIA;PE;PERNAMBUCO;OLINDINA;US. L.GONZAGA       ;500.0;BASICA         ;LINHA DE TRANSMISSÃO;AXIA NORDESTE;LT  500 kV OLINDINA             / US. L.GONZAGA        C S4 BA/PE (05S4);BAOLD-5ULG-1PE      ;1990-12-31;;;248.5;0.31;3.1;324.3;1508.0;1508.0;2141.0;2141.0;1508.0;1810.0;1508.0;1825.0;2141.0;2539.0;2144.0;2422.0;5740;5050
NE;NORDESTE;NE;NORDESTE;BA;BAHIA;PE;PERNAMBUCO;P. AFONSO IV_SE;ANGELIM II          ;500.0;BASICA         ;LINHA DE TRANSMISSÃO;AXIA NORDESTE;LT  500 kV P. AFONSO IV_SE      / ANGELIM II           C L6 BA/PE (05L6);BAPAQ-5AGD-1PE      ;1990-12-31;;;221.5;0.22;2.79;284.6;2524.0;2500.0;3180.0;2500.0;2524.0;2650.0;2524.0;2650.0;3180.0;3410.0;3180.0;3237.0;5001;5100
NE;NORDESTE;NE;NORDESTE;BA;BAHIA;BA;BAHIA;P. AFONSO IV_SE;OLINDINA            ;500.0;BASICA         ;LINHA DE TRANSMISSÃO;AXIA NORDESTE;LT  500 kV P. AFONSO IV_SE      / OLINDINA             C S5 BA (05S5);BAPAQ-5OLD-1        ;1990-12-31;2023-03-05;;212.8;0.21;2.68;272.76;;;;;2524.0;2650.0;2524.0;2650.0;3180.0;3421.0;3180.0;3246.0;5001;5740
NE;NORDESTE;NE;NORDESTE;BA;BAHIA;PE;PERNAMBUCO;P. AFONSO IV_SE;US. L.GONZAGA       ;500.0;BASICA         ;LINHA DE TRANSMISSÃO;AXIA NORDESTE;LT  500 kV P. AFONSO IV_SE      / US. L.GONZAGA        C C1 BA/PE (05C1);BAPAQ-5ULG-1PE      ;1990-12-31;;2018-10-10;37.4;0.04;0.47;46.42;2524.0;2500.0;3180.0;2500.0;2524.0;2650.0;2524.0;2650.0;3180.0;3417.0;3180.0;3243.0;5001;5050
NE;NORDESTE;NE;NORDESTE;BA;BAHIA;PE;PERNAMBUCO;P. AFONSO IV_SE;US. L.GONZAGA       ;500.0;BASICA         ;LINHA DE TRANSMISSÃO;LEST;LT  500 kV P. AFONSO IV_SE      / US. L.GONZAGA        C C2 BA/PE (05C2);BAPAQ-5ULG-2PE      ;2020-02-23;;2020-01-29;38.42;0.039;0.477;50.63;2525.0;2525.0;3180.0;3180.0;;;;;;;;;5001;5050
NE;NORDESTE;NE;NORDESTE;BA;BAHIA;AL;ALAGOAS;P. AFONSO IV_SE;USINA XINGO         ;500.0;BASICA         ;LINHA DE TRANSMISSÃO;AXIA NORDESTE;LT  500 kV P. AFONSO IV_SE      / USINA XINGO          C V6 BA/AL (05V6);BAPAQ-5UXG-1AL      ;1990-12-31;;;53.8;0.05;0.68;67.4;2524.0;2500.0;3180.0;2500.0;2524.0;2650.0;2524.0;2650.0;3180.0;3403.0;3180.0;3234.0;5001;5060
NE;NORDESTE;NE;NORDESTE;BA;BAHIA;BA;BAHIA;PEDRA PINTADA;OUROLANDIA II       ;500.0;COMPLEMENTAR   ;LINHA DE TRANSMISSÃO;PEDRA PINTADA A;LT  500 kV PEDRA PINTADA        / OUROLANDIA II        C F4 BA (05F4);BAOUR-5PPT-F4       ;2024-07-27;;2023-08-01;21.287;0.0227;0.2645;28.023;;;;;;;;;;;;;44604;6070
NE;NORDESTE;NE;NORDESTE;BA;BAHIA;BA;BAHIA;POCOES III;MEDEIROS NETOII     ;500.0;BASICA         ;LINHA DE TRANSMISSÃO;MORRO DO CHAPEU;LT  500 kV POCOES III           / MEDEIROS NETOII      C C1 BA (05C1);BAPOT-5MDN21        ;2025-08-09;;2024-09-29;329.0;0.167;2.3624;692.89;2890.0;2890.0;4000.0;4000.0;2890.0;4000.0;3087.0;4000.0;4000.0;4000.0;4000.0;4000.0;5860;7995
NE;NORDESTE;NE;NORDESTE;BA;BAHIA;BA;BAHIA;POCOES III;SAPEACU             ;500.0;BASICA         ;LINHA DE TRANSMISSÃO;TROPICÁLIA;LT  500 kV POCOES III           / SAPEACU              C M1 BA (05M1);BAPOD-5SPU-1        ;2021-01-15;;2021-01-28;245.83;0.132;1.8574;537.3;2890.0;2890.0;4000.0;4000.0;;;;;;;;;5860;6369
NE;NORDESTE;NE;NORDESTE;BA;BAHIA;BA;BAHIA;RIO DAS EGUAS;BOM.JES.LAPA II     ;500.0;BASICA         ;LINHA DE TRANSMISSÃO;TAESA;LT  500 kV RIO DAS EGUAS        / BOM.JES.LAPA II      C L1 BA (05L1);BARDE-5BJD-1        ;2003-03-04;;2002-12-20;322.0;0.247;3.508;492.8;2300.0;2300.0;2300.0;2300.0;2300.0;3800.0;3122.0;3897.0;2300.0;4391.0;3934.0;4502.0;6444;6349
NE;NORDESTE;NE;NORDESTE;BA;BAHIA;BA;BAHIA;SOL DO SERTAO;BOM.JES.LAPA II     ;500.0;BASICA         ;LINHA DE TRANSMISSÃO;ETB;LT  500 kV SOL DO SERTAO        / BOM.JES.LAPA II      C 1  BA (LI7-01);BASDS-5BJD-1        ;2021-07-18;;2021-07-31;143.0;0.0787;1.0927;308.14;2880.0;2880.0;4000.0;4000.0;;;;;;;;;8714;6349
NE;NORDESTE;NE;NORDESTE;BA;BAHIA;BA;BAHIA;SOL DO SERTAO;GENTIO OURO II      ;500.0;BASICA         ;LINHA DE TRANSMISSÃO;ETB;LT  500 kV SOL DO SERTAO        / GENTIO OURO II       C 1  BA (DOLI7-01);BASDS-5GOR-1        ;2021-07-18;;2021-07-31;126.0;0.069;0.955;268.73;2880.0;2800.0;4000.0;4000.0;;;;;;;;;8714;6060
NE;NORDESTE;NE;NORDESTE;BA;BAHIA;BA;BAHIA;TUCANO;OLINDINA            ;500.0;COMPLEMENTAR   ;LINHA DE TRANSMISSÃO;TUCANO F2;LT  500 kV TUCANO               / OLINDINA             C S8 BA ();BATUC-5OLD-S8       ;2022-07-09;;2021-11-26;45.45;0.0457;0.5621;59.73;;;;;;;;;;;;;7907;5740
NE;NORDESTE;NE;NORDESTE;BA;BAHIA;PI;PIAUI;U.SOBRADINHO;S.JOAO PIAUI        ;500.0;BASICA         ;LINHA DE TRANSMISSÃO;TAESA;LT  500 kV U.SOBRADINHO         / S.JOAO PIAUI         C C2 BA/PI (05C2);BAUSB-5SJI-2PI      ;2006-12-11;;2006-12-10;210.0;0.153;2.272;327.6;2300.0;2300.0;2300.0;2300.0;2300.0;3762.0;3003.0;3838.0;2300.0;4359.0;3784.0;4454.0;6300;5570
NE;NORDESTE;NE;NORDESTE;BA;BAHIA;PI;PIAUI;U.SOBRADINHO;S.JOAO PIAUI        ;500.0;BASICA         ;LINHA DE TRANSMISSÃO;AXIA NORDESTE;LT  500 kV U.SOBRADINHO         / S.JOAO PIAUI         C C5 BA/PI (05C5);BAUSB-5SJI-1PI      ;1990-12-31;;;210.0;0.2;2.68;271.9;2000.0;2000.0;2520.0;2500.0;2000.0;2100.0;2000.0;2100.0;2520.0;2956.0;2841.0;3018.0;6300;5570
NE;NORDESTE;NE;NORDESTE;BA;BAHIA;BA;BAHIA;VTS STA EUGENIA;GENTIO OURO II      ;500.0;COMPLEMENTAR   ;LINHA DE TRANSMISSÃO;OSLO I;LT  500 kV VTS STA EUGENIA      / GENTIO OURO II       C V2 BA (05V2);BAVSE-5GOR-2        ;2022-12-22;;2022-09-01;59.8;0.0601;0.7386;78.88;;;;;;;;;;;;;8377;6060
NE;NORDESTE;NE;NORDESTE;CE;CEARA;PI;PIAUI;ACARAU III;PARNAIBA III        ;500.0;BASICA         ;LINHA DE TRANSMISSÃO;ARGO;LT  500 kV ACARAU III           / PARNAIBA III         C 1  CE/PI (PBT-AUT1);CEAUT-5PNB-1PI      ;2019-09-07;;2019-06-27;191.56;0.132;2.054;294.6;3000.0;3000.0;3700.0;3700.0;;;;;;;;;5318;5679
NE;NORDESTE;NE;NORDESTE;CE;CEARA;CE;CEARA;ACARAU III;PECEM II            ;500.0;BASICA         ;LINHA DE TRANSMISSÃO;ARGO;LT  500 kV ACARAU III           / PECEM II             C L1 CE (05L1);CEAUT-5PED-1        ;2019-09-07;;2019-06-27;168.89;0.117;2.335;260.3;3000.0;3000.0;3700.0;3700.0;;;;;;;;;5318;5370
NE;NORDESTE;NE;NORDESTE;CE;CEARA;CE;CEARA;ACARAU III;TIANGUA II          ;500.0;BASICA         ;LINHA DE TRANSMISSÃO;ARGO;LT  500 kV ACARAU III           / TIANGUA II           C 1  CE (AUT-TDG1);CEAUT-5TIA-1        ;2019-09-18;;2019-06-27;157.67;0.109;1.69;242.4;3000.0;3000.0;3700.0;3700.0;;;;;;;;;5318;5176
NE;NORDESTE;NE;NORDESTE;CE;CEARA;CE;CEARA;FORTALEZA II;PECEM II            ;500.0;BASICA         ;LINHA DE TRANSMISSÃO;STN;LT  500 kV FORTALEZA II         / PECEM II             C C1 CE (05C1);CEFZD-5PCE-2        ;2014-04-21;2024-10-16;2014-04-30;73.8;0.049;0.784;114.32;;;;;2956.0;3192.0;2956.0;3074.0;3275.0;4090.0;3823.0;3970.0;5451;5370
NE;NORDESTE;NE;NORDESTE;CE;CEARA;CE;CEARA;FORTALEZA II;PECEM II            ;500.0;BASICA         ;LINHA DE TRANSMISSÃO;AXIA NORDESTE;LT  500 kV FORTALEZA II         / PECEM II             C C2 CE (05C2);CEFZD-5PCE-1        ;2013-10-06;;2013-10-30;73.8;0.052;0.787;115.0;2956.0;2956.0;3725.0;3150.0;2956.0;3192.0;2956.0;3074.0;3725.0;4090.0;3823.0;3970.0;5451;5370
NE;NORDESTE;NE;NORDESTE;CE;CEARA;RN;RIO GRANDE DO NORTE;JAGUARUANA II;ACU III             ;500.0;BASICA         ;LINHA DE TRANSMISSÃO;DUNAS;LT  500 kV JAGUARUANA II        / ACU III              C V7 CE/RN (05V7);CEJGII5ACT-1RN      ;2024-05-15;;2023-09-21;107.3;0.0738;1.201;157.98;3005.0;3005.0;4000.0;4000.0;3005.0;3957.0;3104.0;4000.0;4000.0;4000.0;4000.0;4000.0;5924;5350
NE;NORDESTE;NE;NORDESTE;CE;CEARA;CE;CEARA;JAGUARUANA II;PACATUBA            ;500.0;BASICA         ;LINHA DE TRANSMISSÃO;DUNAS;LT  500 kV JAGUARUANA II        / PACATUBA             C L1 CE (05L1);CEJGII5PCT-1        ;2024-10-16;;2023-09-21;156.22;0.1088;1.7776;235.19;3005.0;3005.0;4000.0;4000.0;3005.0;3940.0;3125.0;3987.0;4000.0;4000.0;4000.0;4000.0;5924;5841
NE;NORDESTE;NE;NORDESTE;CE;CEARA;CE;CEARA;MILAGRES;MILAGRES II         ;500.0;BASICA         ;LINHA DE TRANSMISSÃO;IRACEMA;LT  500 kV MILAGRES             / MILAGRES II          C V4 CE (05C4);CEMLG-5MLD-2        ;2022-11-17;;2022-02-09;2.09;0.001;0.022;3.228;2300.0;2300.0;2300.0;2300.0;;;;;;;;;5408;5380
NE;NORDESTE;NE;NORDESTE;CE;CEARA;CE;CEARA;MILAGRES;QUIXADA             ;500.0;BASICA         ;LINHA DE TRANSMISSÃO;AXIA NORDESTE;LT  500 kV MILAGRES             / QUIXADA              C V3 CE (05V3);CEMLG-5QXA-1        ;2003-09-16;;2003-08-31;268.7;0.26;2.97;399.0;2390.0;2390.0;3011.0;3011.0;2390.0;2510.0;2390.0;2510.0;3011.0;3154.0;3015.0;3061.0;5408;5428
NE;NORDESTE;NE;NORDESTE;CE;CEARA;PI;PIAUI;MILAGRES II;QUEIMADA NOVA 2     ;500.0;BASICA         ;LINHA DE TRANSMISSÃO;ARGO IV;LT  500 kV MILAGRES II          / QUEIMADA NOVA 2      C C3 CE/PI (05C3);CEMLD-5QMN-1PI      ;2021-07-12;;2021-08-22;313.0;0.164;2.34;687.22;2880.0;2880.0;4000.0;4000.0;;;;;;;;;5380;5325
NE;NORDESTE;NE;NORDESTE;CE;CEARA;CE;CEARA;PACATUBA;FORTALEZA II        ;500.0;BASICA         ;LINHA DE TRANSMISSÃO;STN;LT  500 kV PACATUBA             / FORTALEZA II         C C1 CE (05C1);CEPCT-5FZD-1        ;2024-10-16;;2024-09-19;7.94;0.0056;0.0866;12.32;2956.0;2956.0;3725.0;3725.0;2956.0;3192.0;2956.0;3074.0;3725.0;4090.0;3823.0;3970.0;5841;5451
NE;NORDESTE;NE;NORDESTE;CE;CEARA;CE;CEARA;PECEM II;PACATUBA            ;500.0;BASICA         ;LINHA DE TRANSMISSÃO;STN;LT  500 kV PECEM II             / PACATUBA             C Z1 CE (05Z1);CEPED-5PCT-1        ;2024-10-16;;2024-09-19;68.31;0.0492;0.7599;108.3;2956.0;2956.0;3725.0;3725.0;2956.0;3192.0;2956.0;3074.0;3725.0;4090.0;3823.0;3970.0;5370;5841
NE;NORDESTE;NE;NORDESTE;CE;CEARA;CE;CEARA;PECEM II;SOBRAL III          ;500.0;BASICA         ;LINHA DE TRANSMISSÃO;STN;LT  500 kV PECEM II             / SOBRAL III           C V6 CE (05V6);CEPCE-5SBT-2        ;2014-04-21;;2014-04-30;174.8;0.116;1.883;279.0;3150.0;3150.0;3150.0;3150.0;2300.0;2300.0;2300.0;2300.0;2300.0;2300.0;2300.0;2300.0;5370;5480
NE;NORDESTE;NE;NORDESTE;CE;CEARA;CE;CEARA;PECEM II;SOBRAL III          ;500.0;BASICA         ;LINHA DE TRANSMISSÃO;AXIA NORDESTE;LT  500 kV PECEM II             / SOBRAL III           C V7 CE (05V7);CEPCE-5SBT-1        ;2013-10-06;;2013-10-30;174.8;0.119;1.859;272.5;2956.0;2956.0;3725.0;3150.0;2956.0;3192.0;2956.0;3074.0;3725.0;4043.0;3725.0;3914.0;5370;5480
NE;NORDESTE;NE;NORDESTE;CE;CEARA;CE;CEARA;QUIXADA;FORTALEZA II        ;500.0;BASICA         ;LINHA DE TRANSMISSÃO;AXIA NORDESTE;LT  500 kV QUIXADA              / FORTALEZA II         C V5 CE (05V5);CEQXA-5FZD-1        ;2003-09-16;;2003-08-31;137.8;0.14;1.55;203.1;2390.0;2390.0;3011.0;3011.0;2390.0;2510.0;2390.0;2510.0;3011.0;3154.0;3015.0;3061.0;5428;5451
NE;NORDESTE;NE;NORDESTE;CE;CEARA;CE;CEARA;SOBRAL III;FORTALEZA II        ;500.0;BASICA         ;LINHA DE TRANSMISSÃO;STN;LT  500 kV SOBRAL III           / FORTALEZA II         C V6 CE (05V6);CEFZD-5SBT-2        ;2005-12-19;2014-04-21;2006-01-01;211.4;0.14;2.26;331.5;;;;;2300.0;3351.0;2569.0;3351.0;2300.0;3889.0;3250.0;3917.0;5480;5451
NE;NORDESTE;NE;NORDESTE;CE;CEARA;CE;CEARA;SOBRAL III;FORTALEZA II        ;500.0;BASICA         ;LINHA DE TRANSMISSÃO;AXIA NORDESTE;LT  500 kV SOBRAL III           / FORTALEZA II         C V7 CE (05V7);CEFZD-5SBT-1        ;2000-05-10;2013-10-06;;211.0;0.15;2.24;334.17;;;;;;;;;;;;;5480;5451
NE;NORDESTE;NE;NORDESTE;CE;CEARA;CE;CEARA;SOBRAL III;TIANGUA II          ;500.0;BASICA         ;LINHA DE TRANSMISSÃO;AXIA NORDESTE;LT  500 kV SOBRAL III           / TIANGUA II           C V5 CE (05V5);CESBT-5TIA-1        ;2019-09-20;;2021-06-27;107.8;0.075;1.087;158.2;2452.0;2452.0;3090.0;3090.0;;;;;;;;;5480;5176
NE;NORDESTE;NE;NORDESTE;CE;CEARA;CE;CEARA;TIANGUA II;SOBRAL III          ;500.0;BASICA         ;LINHA DE TRANSMISSÃO;STN;LT  500 kV TIANGUA II           / SOBRAL III           C V8 CE (05V8);CETIA-5SBT-3        ;2021-10-31;;2019-10-07;110.0;0.0719;1.112;170.6;2300.0;2300.0;2300.0;2300.0;2452.0;3510.0;2520.0;3545.0;3090.0;3895.0;3150.0;3920.0;5176;5480
NE;NORDESTE;NE;NORDESTE;CE;CEARA;PI;PIAUI;TIANGUA II;TERESINA II         ;500.0;BASICA         ;LINHA DE TRANSMISSÃO;STN;LT  500 kV TIANGUA II           / TERESINA II          C C7 CE/PI (05C7);CETIA-5TSD-2PI      ;2021-10-31;;2023-03-09;272.0;0.1832;2.879;441.1;2300.0;2300.0;2300.0;2300.0;2452.0;3510.0;2520.0;3545.0;3090.0;3895.0;3150.0;3920.0;5176;5500
SE;SUDESTE;SE;SUDESTE;DF;DISTRITO FEDERAL;GO;GOIAS;BRAS.LESTE;LUZIANIA            ;500.0;BASICA         ;LINHA DE TRANSMISSÃO;VSBTE;LT  500 kV BRAS.LESTE           / LUZIANIA             C 1  DF/GO;DFSTBL5LUZ-1GO      ;2018-02-18;;2017-12-30;67.0;0.066;0.987;73.49;2680.0;2680.0;3272.0;3272.0;;;;;;;;;3699;3007
SE;SUDESTE;SE;SUDESTE;DF;DISTRITO FEDERAL;GO;GOIAS;BRAS.LESTE;LUZIANIA            ;500.0;BASICA         ;LINHA DE TRANSMISSÃO;VSBTE;LT  500 kV BRAS.LESTE           / LUZIANIA             C 2  DF/GO;DFSTBL5LUZ-2GO      ;2018-02-18;;2017-12-30;67.0;0.063;0.951;73.49;2680.0;2680.0;3272.0;3272.0;;;;;;;;;3699;3007
SE;SUDESTE;SE;SUDESTE;DF;DISTRITO FEDERAL;MG;MINAS GERAIS;SAMAMBAIA;EMBORCACAO          ;500.0;BASICA         ;LINHA DE TRANSMISSÃO;EXPANSION;LT  500 kV SAMAMBAIA            / EMBORCACAO           C 1  DF/MG;DFSTSB5EMBO1MG      ;2002-12-23;2024-06-03;2002-11-30;295.0;0.2866;4.0722;344.3;;;;;1500.0;3247.0;3000.0;3338.0;3000.0;3528.0;3457.0;3634.0;233;320
SE;SUDESTE;SE;SUDESTE;DF;DISTRITO FEDERAL;MG;MINAS GERAIS;SAMAMBAIA;ITUMBIARA           ;500.0;BASICA         ;LINHA DE TRANSMISSÃO;EXPANSION;LT  500 kV SAMAMBAIA            / ITUMBIARA            C 1  DF/MG;DFSTSB5USIM1MG      ;2002-12-28;2023-12-17;2002-11-30;280.0;0.2981;4.1108;355.36;;;;;1500.0;3209.0;2988.0;3313.0;3000.0;3494.0;3447.0;3612.0;233;210
SE;SUDESTE;SE;SUDESTE;DF;DISTRITO FEDERAL;GO;GOIAS;SAMAMBAIA;SILVANIA            ;500.0;BASICA         ;LINHA DE TRANSMISSÃO;EXPANSION;LT  500 kV SAMAMBAIA            / SILVANIA             C 1  DF/GO;DFSTSB5SILN1GO      ;2023-12-17;;2025-03-31;84.83;0.079;1.172;101.2;2200.0;2200.0;3000.0;3000.0;;;;;;;;;233;7536
SE;SUDESTE;SE;SUDESTE;DF;DISTRITO FEDERAL;GO;GOIAS;SAMAMBAIA;SILVANIA            ;500.0;BASICA         ;LINHA DE TRANSMISSÃO;EXPANSION;LT  500 kV SAMAMBAIA            / SILVANIA             C 2  DF/GO;DFSTSB5SILN2GO      ;2024-06-04;;2025-03-31;93.23;0.086;1.283;110.7;2200.0;2200.0;3000.0;3000.0;;;;;;;;;233;7536
SE;SUDESTE;SE;SUDESTE;ES;ESPIRITO SANTO;MG;MINAS GERAIS;JOAO NEIVA 2;MESQUITA            ;500.0;BASICA         ;LINHA DE TRANSMISSÃO;ESTE;LT  500 kV JOAO NEIVA 2         / MESQUITA             C 1  ES/MG ();ESSJND5MESQ1MG      ;2023-03-03;;2021-12-15;236.0;0.162;2.901;322.7;3174.0;3174.0;4000.0;4000.0;;;;;;;;;3034;344
SE;SUDESTE;SE;SUDESTE;ES;ESPIRITO SANTO;ES;ESPIRITO SANTO;JOAO NEIVA 2;VIANA 2             ;500.0;BASICA         ;LINHA DE TRANSMISSÃO;ISA ENERGIA BRASIL;LT  500 kV JOAO NEIVA 2         / VIANA 2              C 1  ES ();ESJNE25STVD1        ;2026-05-31;;2027-09-30;77.5;0.043;0.59;166.8;2965.0;2965.0;4000.0;4000.0;;;;;;;;;3034;3021
SE;SUDESTE;SE;SUDESTE;GO;GOIAS;MG;MINAS GERAIS;LUZIANIA;PARACATU 4          ;500.0;BASICA         ;LINHA DE TRANSMISSÃO;SMTE;LT  500 kV LUZIANIA             / PARACATU 4           C 1  GO/MG;GOLUZI5PAT41MG      ;2008-02-18;;2008-02-18;118.0;0.075;1.186;170.9;3000.0;3000.0;3000.0;3000.0;3000.0;4091.0;3628.0;4256.0;3000.0;4558.0;4399.0;4739.0;3007;3008
SE;SUDESTE;SE;SUDESTE;GO;GOIAS;MG;MINAS GERAIS;LUZIANIA;PIRAPORA 2          ;500.0;BASICA         ;LINHA DE TRANSMISSÃO;PTE;LT  500 kV LUZIANIA             / PIRAPORA 2           C 1  GO/MG ();GOLUZ-5PI2-1MG      ;2016-05-07;;2016-07-05;350.0;0.221;3.576;540.7;3860.0;3860.0;4590.0;4590.0;3860.0;4552.0;3898.0;4676.0;4590.0;4867.0;4590.0;5015.0;3007;4049
SE;SUDESTE;NE;NORDESTE;GO;GOIAS;BA;BAHIA;LUZIANIA;RIO DAS EGUAS       ;500.0;BASICA         ;LINHA DE TRANSMISSÃO;PTE;LT  500 kV LUZIANIA             / RIO DAS EGUAS        C N1 GO/BA (05N1);GOLUZ-5RDE-1BA      ;2016-07-30;;2016-07-29;373.0;0.189;2.717;812.4;4780.0;4780.0;6020.0;6020.0;4780.0;5981.0;5119.0;6065.0;6020.0;6443.0;6020.0;6565.0;3007;6444
SE;SUDESTE;SE;SUDESTE;GO;GOIAS;DF;DISTRITO FEDERAL;LUZIANIA;SAMAMBAIA           ;500.0;BASICA         ;LINHA DE TRANSMISSÃO;SMTE;LT  500 kV LUZIANIA             / SAMAMBAIA            C 1  GO/DF;GOLUZI5STSB1DF      ;2008-02-18;;2008-02-18;65.0;0.045;0.717;103.5;3000.0;3000.0;3000.0;3000.0;3000.0;4091.0;3595.0;4208.0;3000.0;4558.0;4373.0;4697.0;3007;233
SE;SUDESTE;SE;SUDESTE;GO;GOIAS;MG;MINAS GERAIS;R.VERDE NORTE;ITUMBIARA           ;500.0;BASICA         ;LINHA DE TRANSMISSÃO;ITE;LT  500 kV R.VERDE NORTE        / ITUMBIARA            C 1  GO/MG;GOID--5USIM1MG      ;2006-11-30;;2006-11-30;202.0;0.191;2.807;243.9;2840.0;2840.0;2840.0;2840.0;2840.0;3307.0;3057.0;3413.0;2840.0;3606.0;3541.0;3727.0;4531;210
SE;SUDESTE;SE;SUDESTE;GO;GOIAS;GO;GOIAS;R.VERDE NORTE;TRINDADE            ;500.0;BASICA         ;LINHA DE TRANSMISSÃO;GOIAS TRASMI;LT  500 kV R.VERDE NORTE        / TRINDADE             C 1  GO;GORVN-5TRI-1        ;2013-11-05;;2013-11-30;193.0;0.171;2.544;237.2;2850.0;2850.0;3500.0;3500.0;2850.0;3151.0;2850.0;3247.0;3500.0;3500.0;3500.0;3605.0;4531;4570
SE;SUDESTE;SE;SUDESTE;GO;GOIAS;GO;GOIAS;R.VERDE NORTE;TRINDADE            ;500.0;BASICA         ;LINHA DE TRANSMISSÃO;GOIAS TRASMI;LT  500 kV R.VERDE NORTE        / TRINDADE             C 2  GO;GORVN-5TRI-2        ;2013-11-14;;2013-11-30;193.0;0.171;2.544;237.2;2850.0;2850.0;3500.0;3500.0;2850.0;3151.0;2850.0;3247.0;3500.0;3500.0;3500.0;3605.0;4531;4570
SE;SUDESTE;N;NORTE;GO;GOIAS;TO;TOCANTINS;S.DA MESA;GURUPI              ;500.0;BASICA         ;LINHA DE TRANSMISSÃO;AXIA ENERGIA;LT  500 kV S.DA MESA            / GURUPI               C 1  GO/TO;GOUSSM5STGU1TO      ;1999-03-02;;;256.0;0.176;2.69;396.1;2856.0;2856.0;3598.0;3000.0;2856.0;3050.0;2856.0;3023.0;3599.0;3599.0;3599.0;3599.0;235;7100
SE;SUDESTE;N;NORTE;GO;GOIAS;TO;TOCANTINS;S.DA MESA;GURUPI              ;500.0;BASICA         ;LINHA DE TRANSMISSÃO;TAESA;LT  500 kV S.DA MESA            / GURUPI               C 2  GO/TO;GOUSSM5STGU2TO      ;2003-12-23;;2003-12-31;257.0;0.18;2.76;403.6;3150.0;3150.0;3150.0;3150.0;3150.0;3880.0;3245.0;3943.0;3150.0;4377.0;3991.0;4471.0;235;7100
SE;SUDESTE;NE;NORDESTE;GO;GOIAS;BA;BAHIA;S.DA MESA;RIO DAS EGUAS       ;500.0;BASICA         ;LINHA DE TRANSMISSÃO;TAESA;LT  500 kV S.DA MESA            / RIO DAS EGUAS        C 1  GO/BA ();GOUSSM5RDE-1BA      ;2003-03-04;2009-08-01;2002-12-20;251.0;0.19;2.74;389.72;;;;;;;;;;;;;235;6444
SE;SUDESTE;SE;SUDESTE;GO;GOIAS;DF;DISTRITO FEDERAL;S.DA MESA;SAMAMBAIA           ;500.0;BASICA         ;LINHA DE TRANSMISSÃO;AXIA ENERGIA;LT  500 kV S.DA MESA            / SAMAMBAIA            C 1  GO/DF;GOUSSM5STSB1DF      ;1998-03-09;;;249.0;0.234;3.547;312.4;2142.0;2142.0;2699.0;2699.0;2142.0;2142.0;2142.0;2142.0;2699.0;2699.0;2699.0;2699.0;235;233
SE;SUDESTE;SE;SUDESTE;GO;GOIAS;DF;DISTRITO FEDERAL;S.DA MESA;SAMAMBAIA           ;500.0;BASICA         ;LINHA DE TRANSMISSÃO;AXIA ENERGIA;LT  500 kV S.DA MESA            / SAMAMBAIA            C 2  GO/DF;GOUSSM5STSB2DF      ;1999-01-23;;;248.5;0.173;2.726;400.1;2856.0;2856.0;3598.0;3000.0;2856.0;3122.0;2856.0;3183.0;3599.0;3599.0;3599.0;3680.0;235;233
SE;SUDESTE;SE;SUDESTE;GO;GOIAS;DF;DISTRITO FEDERAL;S.DA MESA;SAMAMBAIA           ;500.0;BASICA         ;LINHA DE TRANSMISSÃO;TAESA;LT  500 kV S.DA MESA            / SAMAMBAIA            C 3  GO/DF;GOUSSM5STSB3DF      ;2003-06-03;;2003-05-30;248.0;0.179;2.617;393.2;3150.0;3150.0;3150.0;3150.0;3150.0;3943.0;3311.0;4015.0;3150.0;4431.0;4073.0;4532.0;235;233
SE;SUDESTE;SE;SUDESTE;GO;GOIAS;GO;GOIAS;S.DA MESA;SERRA MESA 2        ;500.0;BASICA         ;LINHA DE TRANSMISSÃO;TAESA;LT  500 kV S.DA MESA            / SERRA MESA 2         C 1  GO;GOUSSM5SME21        ;2009-08-08;;2009-08-07;42.7;0.027;0.466;65.35;2300.0;2300.0;2300.0;2300.0;2300.0;3683.0;2921.0;3762.0;2300.0;4205.0;3680.0;4313.0;235;299
SE;SUDESTE;SE;SUDESTE;GO;GOIAS;GO;GOIAS;SERRA MESA 2;LUZIANIA            ;500.0;BASICA         ;LINHA DE TRANSMISSÃO;SMTE;LT  500 kV SERRA MESA 2         / LUZIANIA             C 1  GO;GOSME25LUZI1        ;2008-04-27;;2008-05-30;310.0;0.201;3.256;483.5;3000.0;3000.0;3000.0;3000.0;3000.0;3958.0;3340.0;4020.0;3000.0;4444.0;4108.0;4536.0;299;3007
SE;SUDESTE;NE;NORDESTE;GO;GOIAS;BA;BAHIA;SERRA MESA 2;RIO DAS EGUAS       ;500.0;BASICA         ;LINHA DE TRANSMISSÃO;TAESA;LT  500 kV SERRA MESA 2         / RIO DAS EGUAS        C 1  GO/BA ();GOSME25RDE-1BA      ;2009-08-01;;2009-07-25;208.36;0.1302;2.2486;320.9;2300.0;2300.0;2300.0;2300.0;2300.0;3666.0;2887.0;3734.0;2300.0;4190.0;3638.0;4290.0;299;6444
SE;SUDESTE;SE;SUDESTE;GO;GOIAS;GO;GOIAS;SILVANIA;TRINDADE            ;500.0;BASICA         ;LINHA DE TRANSMISSÃO;SILVANIA;LT  500 kV SILVANIA             / TRINDADE             C 1  GO;GOSILN5TRI-1        ;2023-12-22;;2025-03-31;155.0;0.105;1.707;224.8;3290.0;3290.0;4000.0;4000.0;;;;;;;;;7536;4570
N;NORTE;N;NORTE;MA;MARANHAO;MA;MARANHAO;ACAILANDIA;IMPERATRIZ          ;500.0;BASICA         ;LINHA DE TRANSMISSÃO;EATE;LT  500 kV ACAILANDIA           / IMPERATRIZ           C 1  MA;MAAC--5IZ--1        ;2003-02-20;;2003-06-30;56.81;0.04;0.6;87.19;2300.0;2300.0;2829.0;2829.0;2300.0;4010.0;3354.0;4045.0;2829.0;4571.0;4125.0;4631.0;6700;5590
N;NORTE;N;NORTE;MA;MARANHAO;PA;PARA;ACAILANDIA;MARABA              ;500.0;BASICA         ;LINHA DE TRANSMISSÃO;EATE;LT  500 kV ACAILANDIA           / MARABA               C 1  MA/PA;PAMB--5AC--1MA      ;2003-02-20;;2003-04-12;238.58;0.18;2.63;387.1;2300.0;2300.0;2829.0;2829.0;2300.0;3984.0;3326.0;4010.0;2829.0;4549.0;4091.0;4601.0;6700;6400
N;NORTE;N;NORTE;MA;MARANHAO;PA;PARA;ACAILANDIA;MARABA              ;500.0;BASICA         ;LINHA DE TRANSMISSÃO;ENTE;LT  500 kV ACAILANDIA           / MARABA               C 2  MA/PA;PAMB--5AC--2MA      ;2005-02-12;;2005-02-28;236.0;0.16;2.51;356.1;3100.0;3100.0;3100.0;3100.0;3100.0;3984.0;3326.0;4010.0;3100.0;4549.0;4091.0;4601.0;6700;6400
N;NORTE;N;NORTE;MA;MARANHAO;MA;MARANHAO;ACAILANDIA;MIRANDA II          ;500.0;BASICA         ;LINHA DE TRANSMISSÃO;MARANHENSE;LT  500 kV ACAILANDIA           / MIRANDA II           C 1  MA;MAAC--5MR--1        ;2014-12-02;2026-01-27;2014-11-30;364.81;0.186;3.102;731.0;;;;;4545.0;5476.0;4873.0;5505.0;5405.0;6010.0;5652.0;6063.0;6700;5540
N;NORTE;N;NORTE;MA;MARANHAO;MA;MARANHAO;ACAILANDIA;P.DUTRA             ;500.0;BASICA         ;LINHA DE TRANSMISSÃO;EATE;LT  500 kV ACAILANDIA           / P.DUTRA              C 1  MA;MAAC--5PD--1        ;2003-03-10;;2003-04-30;414.87;0.31;4.5;622.0;2300.0;2300.0;2829.0;2829.0;2300.0;4040.0;3383.0;4076.0;2829.0;4597.0;4161.0;4656.0;6700;5580
N;NORTE;N;NORTE;MA;MARANHAO;MA;MARANHAO;ACAILANDIA;STA LUZIA III       ;500.0;BASICA         ;LINHA DE TRANSMISSÃO;MARANHENSE;LT  500 kV ACAILANDIA           / STA LUZIA III        C 1  MA;MAAC--5SLT-1        ;2026-01-27;;2026-01-31;220.5;0.113;1.924;420.3;5405.0;5405.0;4545.0;4545.0;;;;;;;;;6700;44640
N;NORTE;N;NORTE;MA;MARANHAO;MA;MARANHAO;BACABEIRA;MIRANDA II          ;500.0;BASICA         ;LINHA DE TRANSMISSÃO;AXIA NORTE;LT  500 kV BACABEIRA            / MIRANDA II           C 1  MA;MABAC-5MR--1        ;2019-09-26;;2019-10-07;68.8;0.077;0.89;103.6;2344.0;2344.0;2953.0;2953.0;;;;;;;;;5684;5540
N;NORTE;N;NORTE;MA;MARANHAO;MA;MARANHAO;BACABEIRA;MIRANDA II          ;500.0;BASICA         ;LINHA DE TRANSMISSÃO;AXIA NORTE;LT  500 kV BACABEIRA            / MIRANDA II           C 2  MA;MABAC-5MR--2        ;2019-09-07;;2019-06-27;68.8;0.05;0.733;106.1;3000.0;3000.0;3780.0;3000.0;;;;;;;;;5684;5540
N;NORTE;NE;NORDESTE;MA;MARANHAO;PI;PIAUI;BACABEIRA;PARNAIBA III        ;500.0;BASICA         ;LINHA DE TRANSMISSÃO;ARGO;LT  500 kV BACABEIRA            / PARNAIBA III         C 1  MA/PI (BCBPBT1);MABAC-5PNB-1PI      ;2019-09-07;;2019-06-27;297.71;0.206;3.193;457.9;3000.0;3000.0;3700.0;3700.0;;;;;;;;;5684;5679
N;NORTE;NE;NORDESTE;MA;MARANHAO;PI;PIAUI;BACABEIRA;PARNAIBA III        ;500.0;BASICA         ;LINHA DE TRANSMISSÃO;ARGO;LT  500 kV BACABEIRA            / PARNAIBA III         C 2  MA/PI (BCBPBT2);MABAC-5PNB-2PI      ;2019-09-07;;2019-06-27;293.56;0.203;3.148;451.5;3000.0;3000.0;3700.0;3700.0;;;;;;;;;5684;5679
N;NORTE;N;NORTE;MA;MARANHAO;MA;MARANHAO;BACABEIRA;SAO LUIS II         ;500.0;BASICA         ;LINHA DE TRANSMISSÃO;AXIA NORTE;LT  500 kV BACABEIRA            / SAO LUIS II          C 1  MA;MABAC-5LD--1        ;2019-09-26;;2019-10-07;39.8;0.042;0.519;50.85;2344.0;2344.0;2953.0;2953.0;;;;;;;;;5684;5550
N;NORTE;N;NORTE;MA;MARANHAO;MA;MARANHAO;BACABEIRA;SAO LUIS II         ;500.0;BASICA         ;LINHA DE TRANSMISSÃO;AXIA NORTE;LT  500 kV BACABEIRA            / SAO LUIS II          C 2  MA;MABAC-5LD--2        ;2019-09-07;;2019-06-27;39.8;0.029;0.425;61.45;3000.0;3000.0;3780.0;3780.0;;;;;;;;;5684;5550
N;NORTE;N;NORTE;MA;MARANHAO;MA;MARANHAO;ESTREITO;IMPERATRIZ          ;500.0;COMPLEMENTAR   ;LINHA DE TRANSMISSÃO;CE ESTREITO;LT  500 kV ESTREITO             / IMPERATRIZ           C 1  MA;TOUHET5IZ--1MA      ;2011-03-28;;2011-04-30;140.42;0.09;1.483;188.3;;;;;;;;;;;;;5594;5590
N;NORTE;N;NORTE;MA;MARANHAO;TO;TOCANTINS;IMPERATRIZ;COLINAS             ;500.0;BASICA         ;LINHA DE TRANSMISSÃO;AXIA NORTE;LT  500 kV IMPERATRIZ           / COLINAS              C 1  MA/TO;MAIZ--5CO--1TO      ;1999-03-02;;;343.0;0.23;3.65;529.6;3000.0;3000.0;3780.0;3150.0;3000.0;3000.0;3000.0;3000.0;3780.0;3780.0;3780.0;3780.0;5590;7300
N;NORTE;N;NORTE;MA;MARANHAO;TO;TOCANTINS;IMPERATRIZ;COLINAS             ;500.0;BASICA         ;LINHA DE TRANSMISSÃO;TAESA;LT  500 kV IMPERATRIZ           / COLINAS              C 2  MA/TO;MAIZ--5CO--2TO      ;2004-04-08;;2004-04-08;343.0;0.26;3.68;539.6;3150.0;3150.0;3150.0;3150.0;3150.0;3953.0;3311.0;3995.0;3150.0;4536.0;4073.0;4614.0;5590;7300
N;NORTE;N;NORTE;MA;MARANHAO;PA;PARA;IMPERATRIZ;MARABA              ;500.0;BASICA         ;LINHA DE TRANSMISSÃO;AXIA NORTE;LT  500 kV IMPERATRIZ           / MARABA               C 1  MA/PA;MAIZ--5MB--1PA      ;1992-01-30;;;182.2;0.191;2.355;233.8;2344.0;2300.0;2953.0;2800.0;2344.0;2344.0;2344.0;2344.0;2953.0;2953.0;2953.0;2953.0;5590;6400
N;NORTE;N;NORTE;MA;MARANHAO;PA;PARA;IMPERATRIZ;MARABA              ;500.0;BASICA         ;LINHA DE TRANSMISSÃO;AXIA NORTE;LT  500 kV IMPERATRIZ           / MARABA               C 2  MA/PA;MAIZ--5MB--2PA      ;1992-01-30;;;182.2;0.131;1.927;282.3;3000.0;3000.0;3780.0;3000.0;3000.0;3000.0;3000.0;3000.0;3780.0;3780.0;3780.0;3780.0;5590;6400
N;NORTE;N;NORTE;MA;MARANHAO;MA;MARANHAO;IMPERATRIZ;P.DUTRA             ;500.0;BASICA         ;LINHA DE TRANSMISSÃO;AXIA NORTE;LT  500 kV IMPERATRIZ           / P.DUTRA              C 1  MA;MAIZ--5PD--1        ;1990-12-31;;;387.8;0.35;4.76;510.2;2344.0;2000.0;2953.0;2000.0;2344.0;2344.0;2344.0;2344.0;2953.0;2953.0;2953.0;2953.0;5590;5580
N;NORTE;N;NORTE;MA;MARANHAO;MA;MARANHAO;IMPERATRIZ;P.DUTRA             ;500.0;BASICA         ;LINHA DE TRANSMISSÃO;AXIA NORTE;LT  500 kV IMPERATRIZ           / P.DUTRA              C 2  MA;MAIZ--5PD--2        ;1990-12-31;;;387.9;0.24;3.96;602.3;3000.0;3000.0;3780.0;3000.0;3000.0;3000.0;3000.0;3000.0;3780.0;3780.0;3780.0;3780.0;5590;5580
N;NORTE;N;NORTE;MA;MARANHAO;MA;MARANHAO;MIRANDA II;P.DUTRA             ;500.0;BASICA         ;LINHA DE TRANSMISSÃO;AXIA NORTE;LT  500 kV MIRANDA II           / P.DUTRA              C 2  MA;MAMR--5PD--2        ;2010-11-28;;2010-11-07;195.8;0.138;2.07;302.5;3000.0;3000.0;3780.0;3000.0;3000.0;3000.0;3000.0;3000.0;3780.0;3780.0;3780.0;3780.0;5540;5580
N;NORTE;N;NORTE;MA;MARANHAO;MA;MARANHAO;MIRANDA II;PAULINO NEVES       ;500.0;COMPLEMENTAR   ;LINHA DE TRANSMISSÃO;OMEGA EI 1;LT  500 kV MIRANDA II           / PAULINO NEVES        C 1  MA;MAMR--5PLN-1        ;2017-07-07;;2017-05-31;239.0;0.18;2.96;320.0;;;;;;;;;;;;;5540;5695
N;NORTE;N;NORTE;MA;MARANHAO;MA;MARANHAO;MIRANDA II;S.ANTON LOPES       ;500.0;BASICA         ;LINHA DE TRANSMISSÃO;AXIA NORTE;LT  500 kV MIRANDA II           / S.ANTON LOPES        C 1  MA;MAMR--5SO--1        ;2012-12-17;;2013-01-01;60.2;0.15;1.842;181.8;2344.0;2344.0;2953.0;2953.0;2344.0;2344.0;2344.0;2344.0;2953.0;2953.0;2953.0;2953.0;5540;5645
N;NORTE;N;NORTE;MA;MARANHAO;MA;MARANHAO;MIRANDA II;SAO LUIS II         ;500.0;BASICA         ;LINHA DE TRANSMISSÃO;AXIA NORTE;LT  500 kV MIRANDA II           / SAO LUIS II          C 1  MA;MAMR--5LD--1        ;2010-12-08;2019-10-01;2010-12-15;106.8;0.11;1.37;135.0;;;;;2344.0;2344.0;2344.0;2344.0;2953.0;2953.0;2953.0;2953.0;5540;5550
N;NORTE;N;NORTE;MA;MARANHAO;MA;MARANHAO;MIRANDA II;SAO LUIS II         ;500.0;BASICA         ;LINHA DE TRANSMISSÃO;AXIA NORTE;LT  500 kV MIRANDA II           / SAO LUIS II          C 2  MA;MAMR--5LD--2        ;2010-11-28;2019-09-07;2010-11-07;106.8;0.075;1.12;161.8;;;;;3000.0;3000.0;3000.0;3000.0;3780.0;3780.0;3780.0;3780.0;5540;5550
N;NORTE;N;NORTE;MA;MARANHAO;MA;MARANHAO;MIRANDA II;SAO LUIS II         ;500.0;BASICA         ;LINHA DE TRANSMISSÃO;HORIZON MA I;LT  500 kV MIRANDA II           / SAO LUIS II          C 3  MA;MAMR--5LD--3        ;2021-10-04;;2022-08-11;116.0;0.072;1.133;172.9;3175.0;3175.0;4000.0;4000.0;;;;;;;;;5540;5550
N;NORTE;N;NORTE;MA;MARANHAO;MA;MARANHAO;MIRANDA II;P.DUTRA             ;500.0;BASICA         ;LINHA DE TRANSMISSÃO;AXIA NORTE;LT  500 kV MIRANDA II   /P.DUTRA       C-1 MA;MAMR--5PD--1        ;2010-12-08;2012-12-17;2010-12-15;195.5;0.2;2.52;250.6;;;;;;;;;;;;;5540;5580
N;NORTE;NE;NORDESTE;MA;MARANHAO;PI;PIAUI;P.DUTRA;B. ESPERANCA        ;500.0;BASICA         ;LINHA DE TRANSMISSÃO;AXIA NORTE;LT  500 kV P.DUTRA              / B. ESPERANCA         C C7 MA/PI;MAPD--5BEA-1PI      ;1990-12-31;;;205.0;0.213;2.64;263.1;2344.0;2000.0;2953.0;2000.0;2344.0;2344.0;2344.0;2344.0;2953.0;2953.0;2953.0;2953.0;5580;5510
N;NORTE;N;NORTE;MA;MARANHAO;MA;MARANHAO;P.DUTRA;S.ANTON LOPES       ;500.0;BASICA         ;LINHA DE TRANSMISSÃO;AXIA NORTE;LT  500 kV P.DUTRA              / S.ANTON LOPES        C 1  MA;MAPD--5SO--1        ;2012-12-17;;2013-01-01;135.7;0.05483;0.68432;67.16;2344.0;2344.0;2953.0;2953.0;2344.0;2344.0;2344.0;2344.0;2953.0;2953.0;2953.0;2953.0;5580;5645
N;NORTE;N;NORTE;MA;MARANHAO;MA;MARANHAO;PARNAIBA;S.ANTON LOPES       ;500.0;COMPLEMENTAR   ;LINHA DE TRANSMISSÃO;PARNAÍBA G C;LT  500 kV PARNAIBA             / S.ANTON LOPES        C 1  MA;MASEPN5SO--1        ;2013-07-03;;2013-02-28;0.05;0.001;0.01;0.0;;;;;;;;;;;;;5649;5645
N;NORTE;N;NORTE;MA;MARANHAO;MA;MARANHAO;PARNAIBA;S.ANTON LOPES       ;500.0;COMPLEMENTAR   ;LINHA DE TRANSMISSÃO;PARNAÍBA G C;LT  500 kV PARNAIBA             / S.ANTON LOPES        C 2  MA;MASEPN5SO--2        ;2013-01-17;;2013-02-28;0.05;0.001;0.01;0.0;;;;;;;;;;;;;5649;5645
N;NORTE;N;NORTE;MA;MARANHAO;MA;MARANHAO;SAO LUIS II;SAO LUIS IV         ;500.0;BASICA         ;LINHA DE TRANSMISSÃO;HORIZON MA I;LT  500 kV SAO LUIS II          / SAO LUIS IV          C 1  MA;MALD--5LQ--1        ;2021-04-01;;2021-12-24;5.0;0.003;0.06;7.368;3175.0;3175.0;4000.0;4000.0;;;;;;;;;5550;5688
N;NORTE;N;NORTE;MA;MARANHAO;MA;MARANHAO;SAO LUIS II;SAO LUIS IV         ;500.0;BASICA         ;LINHA DE TRANSMISSÃO;HORIZON MA I;LT  500 kV SAO LUIS II          / SAO LUIS IV          C 2  MA;MALD--5LQ--2        ;2021-04-01;;2021-12-24;5.0;0.003;0.06;7.368;3175.0;3175.0;4000.0;4000.0;;;;;;;;;5550;5688
N;NORTE;N;NORTE;MA;MARANHAO;MA;MARANHAO;SAO LUIS II;P.DUTRA             ;500.0;BASICA         ;LINHA DE TRANSMISSÃO;AXIA NORTE;LT  500 kV SAO LUIS II  /P.DUTRA       C-1 MA;MALD--5PD--1        ;1990-12-31;2010-12-08;;301.0;0.29;3.77;392.74;;;;;;;;;;;;;5550;5580
N;NORTE;N;NORTE;MA;MARANHAO;MA;MARANHAO;SAO LUIS II;P.DUTRA             ;500.0;BASICA         ;LINHA DE TRANSMISSÃO;AXIA NORTE;LT  500 kV SAO LUIS II  /P.DUTRA       C-2 MA;MALD--5PD--2        ;1990-12-31;2010-11-28;;301.0;0.19;3.12;463.66;;;;;;;;;;;;;5550;5580
N;NORTE;N;NORTE;MA;MARANHAO;MA;MARANHAO;STA LUZIA III;MIRANDA II          ;500.0;BASICA         ;LINHA DE TRANSMISSÃO;MARANHENSE;LT  500 kV STA LUZIA III        / MIRANDA II           C 1  MA;MASLT-5MR--1        ;2026-01-27;;2026-01-31;145.39;0.077;1.302;280.8;5405.0;5405.0;4545.0;4545.0;;;;;;;;;44640;5540
N;NORTE;N;NORTE;MA;MARANHAO;MA;MARANHAO;U.NV.VENECIA2;PARNAIBA            ;500.0;COMPLEMENTAR   ;LINHA DE TRANSMISSÃO;PARNAÍBA II;LT  500 kV U.NV.VENECIA2        / PARNAIBA             C 1  MA;MAUTNV5SEPN1        ;2013-10-23;;2013-12-30;0.19;0.01;0.02;0.0;;;;;;;;;;;;;93853;5649
N;NORTE;N;NORTE;MA;MARANHAO;MA;MARANHAO;UT.MARANHAO 3;PARNAIBA            ;500.0;COMPLEMENTAR   ;LINHA DE TRANSMISSÃO;PARNAÍBA II;LT  500 kV UT.MARANHAO 3        / PARNAIBA             C 1  MA;MAUTM35SEPN1        ;2016-07-01;;2016-07-31;0.55;0.01;0.02;0.0;;;;;;;;;;;;;93971;5649
N;NORTE;N;NORTE;MA;MARANHAO;MA;MARANHAO;UT.MARANHAO 3;PARNAIBA            ;500.0;COMPLEMENTAR   ;LINHA DE TRANSMISSÃO;PARNAÍBA II;LT  500 kV UT.MARANHAO 3        / PARNAIBA             C 2  MA;MAUTM35SEPN2        ;2016-07-01;;2017-01-31;0.55;0.01;0.02;0.0;;;;;;;;;;;;;93972;5649
N;NORTE;N;NORTE;MA;MARANHAO;MA;MARANHAO;UT.MARANHAO 3;PARNAIBA            ;500.0;COMPLEMENTAR   ;LINHA DE TRANSMISSÃO;PARNAÍBA II;LT  500 kV UT.MARANHAO 3        / PARNAIBA             C 3  MA;MAUTM35SEPN3        ;2016-07-01;;2017-01-31;0.55;0.01;0.02;0.0;;;;;;;;;;;;;93973;5649
N;NORTE;N;NORTE;MA;MARANHAO;MA;MARANHAO;UT.MARANHAO 4;PARNAIBA            ;500.0;COMPLEMENTAR   ;LINHA DE TRANSMISSÃO;PARNAÍBA G C;LT  500 kV UT.MARANHAO 4        / PARNAIBA             C 1  MA;MAUTM45SEPN1        ;2013-02-20;;2013-02-28;0.09;0.01;0.02;0.0;;;;;;;;;;;;;93608;5649
N;NORTE;N;NORTE;MA;MARANHAO;MA;MARANHAO;UT.MARANHAO 4;PARNAIBA            ;500.0;COMPLEMENTAR   ;LINHA DE TRANSMISSÃO;PARNAÍBA G C;LT  500 kV UT.MARANHAO 4        / PARNAIBA             C 2  MA;MAUTM45SEPN2        ;2013-02-01;;2013-02-28;0.09;0.01;0.02;0.0;;;;;;;;;;;;;93645;5649
N;NORTE;N;NORTE;MA;MARANHAO;MA;MARANHAO;UT.MARANHAO 5;PARNAIBA            ;500.0;COMPLEMENTAR   ;LINHA DE TRANSMISSÃO;PARNAÍBA G C;LT  500 kV UT.MARANHAO 5        / PARNAIBA             C 1  MA;MAUTM55SEPN1        ;2013-04-12;;2013-04-30;0.19;0.01;0.02;0.0;;;;;;;;;;;;;93402;5649
N;NORTE;N;NORTE;MA;MARANHAO;MA;MARANHAO;UT.MARANHAO 5;PARNAIBA            ;500.0;COMPLEMENTAR   ;LINHA DE TRANSMISSÃO;PARNAÍBA G C;LT  500 kV UT.MARANHAO 5        / PARNAIBA             C 2  MA;MAUTM55SEPN2        ;2013-03-29;;2013-04-30;0.19;0.01;0.02;0.0;;;;;;;;;;;;;93403;5649
N;NORTE;N;NORTE;MA;MARANHAO;MA;MARANHAO;UT.PARNAIBA 4;PARNAIBA            ;500.0;COMPLEMENTAR   ;LINHA DE TRANSMISSÃO;PARNAÍBA G C;LT  500 kV UT.PARNAIBA 4        / PARNAIBA             C 1  MA;MAUTP45SEPN1        ;2013-12-13;;2013-12-01;0.1;0.01;0.02;0.0;;;;;;;;;;;;;94285;5649
N;NORTE;N;NORTE;MA;MARANHAO;MA;MARANHAO;UT.PARNAIBA V;PARNAIBA            ;500.0;COMPLEMENTAR   ;LINHA DE TRANSMISSÃO;PARNAÍBA G C;LT  500 kV UT.PARNAIBA V        / PARNAIBA             C 1  MA;MAUTP55SEPN3        ;2022-11-12;;2021-01-31;;0.012;0.23;0.0;;;;;;;;;;;;;90317;5649
SE;SUDESTE;SE;SUDESTE;MG;MINAS GERAIS;MG;MINAS GERAIS;ARINOS 2;PARACATU 4          ;500.0;BASICA         ;LINHA DE TRANSMISSÃO;NEO ALTO PARANAIBA;LT  500 kV ARINOS 2             / PARACATU 4           C 1  MG (05N3);MGARI25PR4-1        ;2025-08-29;;2025-11-04;214.0;0.167;2.494;273.7;2940.0;2940.0;4000.0;4000.0;;;;;;;;;4349;3008
SE;SUDESTE;SE;SUDESTE;MG;MINAS GERAIS;MG;MINAS GERAIS;ARINOS 2;PARACATU 4          ;500.0;BASICA         ;LINHA DE TRANSMISSÃO;NEO ALTO PARANAIBA;LT  500 kV ARINOS 2             / PARACATU 4           C 2  MG (05N1);MGARI25PR4-2        ;2025-08-29;;2025-11-04;214.0;0.166;2.495;273.6;2940.0;2940.0;4000.0;4000.0;;;;;;;;;4349;3008
SE;SUDESTE;SE;SUDESTE;MG;MINAS GERAIS;MG;MINAS GERAIS;ARINOS 2;PIRAPORA 2          ;500.0;BASICA         ;LINHA DE TRANSMISSÃO;ARGO IX;LT  500 kV ARINOS 2             / PIRAPORA 2           C 1  MG (05N5);MGARI25PI2-1        ;2021-03-03;;2021-01-06;215.66;0.117;1.636;472.4;2905.0;2905.0;4000.0;4000.0;;;;;;;;;4349;4049
SE;SUDESTE;NE;NORDESTE;MG;MINAS GERAIS;BA;BAHIA;ARINOS 2;RIO DAS EGUAS       ;500.0;BASICA         ;LINHA DE TRANSMISSÃO;ARGO IX;LT  500 kV ARINOS 2             / RIO DAS EGUAS        C N4 MG/BA (05N4);MGARI25RDE-1BA      ;2021-03-03;;2021-01-06;230.0;0.119;1.666;481.5;2905.0;2905.0;4000.0;4000.0;;;;;;;;;4349;6444
SE;SUDESTE;SE;SUDESTE;MG;MINAS GERAIS;MG;MINAS GERAIS;B.DESPACHO 3;JAGUARA-500         ;500.0;BASICA         ;LINHA DE TRANSMISSÃO;CEMIG GT;LT  500 kV B.DESPACHO 3         / JAGUARA-500          C 1  MG ();MGBDE35JGSE1        ;2004-04-19;;2004-05-13;228.168;0.214;3.214;267.2;2820.0;2820.0;3299.0;3000.0;2821.0;3077.0;2973.0;3125.0;3299.0;3299.0;3299.0;3299.0;4050;325
SE;SUDESTE;SE;SUDESTE;MG;MINAS GERAIS;MG;MINAS GERAIS;B.DESPACHO 3;JAGUARA-500         ;500.0;BASICA         ;LINHA DE TRANSMISSÃO;CEMIG GT;LT  500 kV B.DESPACHO 3         / JAGUARA-500          C 2  MG ();MGBDE35JGSE2        ;2004-04-05;;2004-05-13;228.409;0.215;3.218;268.0;2820.0;2820.0;3299.0;3000.0;2821.0;3077.0;2973.0;3125.0;3299.0;3299.0;3299.0;3299.0;4050;325
SE;SUDESTE;SE;SUDESTE;MG;MINAS GERAIS;MG;MINAS GERAIS;B.DESPACHO 3;NEVES 1             ;500.0;BASICA         ;LINHA DE TRANSMISSÃO;CEMIG GT;LT  500 kV B.DESPACHO 3         / NEVES 1              C 1  MG ();MGBDE35NEVE1        ;2004-04-19;;2004-05-13;127.521;0.122;1.814;149.2;2820.0;2820.0;3299.0;3000.0;2821.0;3077.0;2973.0;3125.0;3299.0;3299.0;3299.0;3299.0;4050;349
SE;SUDESTE;SE;SUDESTE;MG;MINAS GERAIS;MG;MINAS GERAIS;B.DESPACHO 3;NEVES 1             ;500.0;BASICA         ;LINHA DE TRANSMISSÃO;CEMIG GT;LT  500 kV B.DESPACHO 3         / NEVES 1              C 2  MG ();MGBDE35NEVE2        ;2004-05-03;;2004-05-13;127.657;0.122;1.816;149.0;2820.0;2820.0;3299.0;3000.0;2821.0;3077.0;2973.0;3125.0;3299.0;3299.0;3299.0;3299.0;4050;349
SE;SUDESTE;SE;SUDESTE;MG;MINAS GERAIS;MG;MINAS GERAIS;B.DESPACHO 3;OURO PRETO 2        ;500.0;BASICA         ;LINHA DE TRANSMISSÃO;AXIA ENERGIA;LT  500 kV B.DESPACHO 3         / OURO PRETO 2         C 1  MG ();MGBDE35OPR21        ;2016-02-20;;2016-03-31;180.0;0.183;2.378;240.7;2825.0;2825.0;3560.0;3560.0;2825.0;2825.0;2916.0;2825.0;3560.0;3560.0;3560.0;3598.0;4050;384
SE;SUDESTE;SE;SUDESTE;MG;MINAS GERAIS;MG;MINAS GERAIS;B.DESPACHO 3;S. G. DO PARA       ;500.0;BASICA         ;LINHA DE TRANSMISSÃO;CEMIG GT;LT  500 kV B.DESPACHO 3         / S. G. DO PARA        C 1  MG ();MGBDE35SGPA1        ;2004-04-05;;2004-05-13;59.056;0.057;0.822;70.26;2820.0;2820.0;3299.0;3000.0;2821.0;3077.0;2973.0;3125.0;3299.0;3299.0;3299.0;3299.0;4050;378
SE;SUDESTE;SE;SUDESTE;MG;MINAS GERAIS;MG;MINAS GERAIS;B.DESPACHO 3;SAO GOTARDO 2       ;500.0;BASICA         ;LINHA DE TRANSMISSÃO;CEMIG GT;LT  500 kV B.DESPACHO 3         / SAO GOTARDO 2        C 1  MG ();MGBDE35SGOT1        ;2004-05-03;;2004-05-13;91.306;0.088;1.269;108.7;2820.0;2820.0;3299.0;3000.0;2821.0;3077.0;2973.0;3125.0;3299.0;3299.0;3301.0;3299.0;4050;390
SE;SUDESTE;SE;SUDESTE;MG;MINAS GERAIS;MG;MINAS GERAIS;B.DESPACHO 3;SAO GOTARDO 2       ;500.0;BASICA         ;LINHA DE TRANSMISSÃO;LTT;LT  500 kV B.DESPACHO 3         / SAO GOTARDO 2        C 2  MG ();MGBDE35SGOT2        ;2008-11-27;;2008-11-09;91.07;0.0837;1.2602;112.9;2925.0;2925.0;2925.0;2925.0;2925.0;3430.0;3226.0;3531.0;2925.0;3721.0;3672.0;3834.0;4050;390
SE;SUDESTE;SE;SUDESTE;MG;MINAS GERAIS;MG;MINAS GERAIS;CAPELINHA 3;G.VALADARES 6       ;500.0;BASICA         ;LINHA DE TRANSMISSÃO;ISA ENERGIA BRASIL;LT  500 kV CAPELINHA 3          / G.VALADARES 6        C 1  MG ();MGCAP35GVA61        ;2026-05-07;;2027-09-30;141.0;0.074;1.033;293.4;2965.0;2965.0;4000.0;4000.0;;;;;;;;;7823;4352
SE;SUDESTE;SE;SUDESTE;MG;MINAS GERAIS;MG;MINAS GERAIS;CAPELINHA 3;G.VALADARES 6       ;500.0;BASICA         ;LINHA DE TRANSMISSÃO;ISA ENERGIA BRASIL;LT  500 kV CAPELINHA 3          / G.VALADARES 6        C 2  MG ();MGCAP35GVA62        ;2026-05-07;;2027-09-30;141.0;0.074;1.033;293.4;2965.0;2965.0;4000.0;4000.0;;;;;;;;;7823;4352
SE;SUDESTE;SE;SUDESTE;MG;MINAS GERAIS;MG;MINAS GERAIS;COL BOA SORTE 2;PARACATU 4          ;500.0;COMPLEMENTAR   ;LINHA DE TRANSMISSÃO;BOA SORTE 9;LT  500 kV COL BOA SORTE 2      / PARACATU 4           C 1  MG ();MGBST25PR4-1        ;2025-10-30;;2026-02-17;65.0;0.045;0.798;86.69;;;;;;;;;;;;;45751;3008
SE;SUDESTE;SE;SUDESTE;MG;MINAS GERAIS;MG;MINAS GERAIS;EMBORCACAO;ITUMBIARA           ;500.0;BASICA         ;LINHA DE TRANSMISSÃO;CEMIG GT;LT  500 kV EMBORCACAO           / ITUMBIARA            C 1  MG ();MGEMBO5USIM1        ;2000-02-01;;;134.561;0.13;1.917;157.0;2820.0;2000.0;3299.0;2000.0;2821.0;3084.0;2976.0;3120.0;3299.0;3299.0;3299.0;3299.0;320;210
SE;SUDESTE;SE;SUDESTE;MG;MINAS GERAIS;MG;MINAS GERAIS;EMBORCACAO;NOVA PONTE          ;500.0;BASICA         ;LINHA DE TRANSMISSÃO;CEMIG GT;LT  500 kV EMBORCACAO           / NOVA PONTE           C 1  MG ();MGEMBO5NPON1        ;1990-12-31;;;86.838;0.084;1.241;101.2;2820.0;2820.0;3299.0;3000.0;2821.0;3084.0;2976.0;3120.0;3299.0;3299.0;3299.0;3299.0;320;360
SE;SUDESTE;SE;SUDESTE;MG;MINAS GERAIS;MG;MINAS GERAIS;EMBORCACAO;NOVA PONTE          ;500.0;BASICA         ;LINHA DE TRANSMISSÃO;LTT;LT  500 kV EMBORCACAO           / NOVA PONTE           C 2  MG ();MGEMBO5NPON2        ;2009-02-10;;2009-02-08;88.0;0.084;1.241;101.2;2925.0;2925.0;2925.0;2925.0;2925.0;3407.0;3186.0;3515.0;2925.0;3701.0;3638.0;3820.0;320;360
SE;SUDESTE;SE;SUDESTE;MG;MINAS GERAIS;MG;MINAS GERAIS;EMBORCACAO;SAO GOTARDO 2       ;500.0;BASICA         ;LINHA DE TRANSMISSÃO;CEMIG GT;LT  500 kV EMBORCACAO           / SAO GOTARDO 2        C 1  MG ();MGEMBO5SGOT1        ;1990-12-31;;;248.44;0.22;3.42;274.8;2820.0;2820.0;3299.0;3000.0;2821.0;3084.0;2976.0;3120.0;3299.0;3299.0;3299.0;3299.0;320;390
SE;SUDESTE;SE;SUDESTE;MG;MINAS GERAIS;GO;GOIAS;EMBORCACAO;SILVANIA            ;500.0;BASICA         ;LINHA DE TRANSMISSÃO;EXPANSION;LT  500 kV EMBORCACAO           / SILVANIA             C 1  MG/GO;GOSILN5EMBO1MG      ;2024-06-04;;2025-03-31;223.93;0.203;3.056;268.7;2200.0;2200.0;3000.0;3000.0;;;;;;;;;320;7536
SE;SUDESTE;SE;SUDESTE;MG;MINAS GERAIS;SP;SAO PAULO;ESTREITO;FERNAO DIAS         ;500.0;BASICA         ;LINHA DE TRANSMISSÃO;CANTAREIRA;LT  500 kV ESTREITO             / FERNAO DIAS          C 1  MG/SP ();MGEST-5FDI-1SP      ;2018-02-03;;2018-03-05;342.0;0.23;3.812;490.2;3400.0;3400.0;4285.0;4285.0;;;;;;;;;3010;609
SE;SUDESTE;SE;SUDESTE;MG;MINAS GERAIS;SP;SAO PAULO;ESTREITO;FERNAO DIAS         ;500.0;BASICA         ;LINHA DE TRANSMISSÃO;CANTAREIRA;LT  500 kV ESTREITO             / FERNAO DIAS          C 2  MG/SP ();MGEST-5FDI-2SP      ;2018-02-03;;2018-03-05;342.0;0.23;3.812;490.2;3400.0;3400.0;4285.0;4285.0;;;;;;;;;3010;609
SE;SUDESTE;SE;SUDESTE;MG;MINAS GERAIS;MG;MINAS GERAIS;ESTREITO;JAGUARA-500         ;500.0;BASICA         ;LINHA DE TRANSMISSÃO;PCTE;LT  500 kV ESTREITO             / JAGUARA-500          C 1  MG ();MGSTES5JGSE1        ;2009-09-18;;2009-10-20;53.0;0.042;0.634;55.07;2300.0;2300.0;2760.0;2760.0;2300.0;3079.0;2731.0;3206.0;2760.0;3435.0;3295.0;3569.0;3010;325
SE;SUDESTE;SE;SUDESTE;MG;MINAS GERAIS;MG;MINAS GERAIS;ESTREITO;JAGUARA-500         ;500.0;BASICA         ;LINHA DE TRANSMISSÃO;VERDE;LT  500 kV ESTREITO             / JAGUARA-500          C 2  MG ();MGEST-5JGSE2        ;2026-07-24;;2027-09-30;45.5;0.0389;0.5799;61.84;2940.0;2940.0;4000.0;4000.0;;;;;;;;;3010;325
SE;SUDESTE;SE;SUDESTE;MG;MINAS GERAIS;SP;SAO PAULO;ESTREITO;RIBEIRAOPRETO       ;500.0;BASICA         ;LINHA DE TRANSMISSÃO;PCTE;LT  500 kV ESTREITO             / RIBEIRAOPRETO        C 1  MG/SP ();MGSTES5RPR-1SP      ;2009-09-18;;2009-10-20;118.0;0.1078;1.6276;141.9;2300.0;2300.0;2760.0;2760.0;2300.0;3079.0;2726.0;3213.0;2760.0;3435.0;3291.0;3575.0;3010;3011
SE;SUDESTE;SE;SUDESTE;MG;MINAS GERAIS;MG;MINAS GERAIS;G.VALADARES 6;MUTUM               ;500.0;BASICA         ;LINHA DE TRANSMISSÃO;TCC CAMINHO DO CAFÉ;LT  500 kV G.VALADARES 6        / MUTUM                C 1  MG ();MGGVA65MTUM1        ;2021-03-19;;2021-02-28;156.0;0.079;1.091;310.04;2890.0;2890.0;4000.0;4000.0;;;;;;;;;4352;4353
SE;SUDESTE;SE;SUDESTE;MG;MINAS GERAIS;MG;MINAS GERAIS;G.VALADARES 6;MUTUM               ;500.0;BASICA         ;LINHA DE TRANSMISSÃO;SPE LINHA VERDE I;LT  500 kV G.VALADARES 6        / MUTUM                C 2  MG ();MGGVA65MTUM2        ;2024-01-18;;2023-12-15;165.0;0.083;1.154;328.7;2890.0;2890.0;4000.0;4000.0;2890.0;4000.0;3105.0;4000.0;4000.0;4000.0;4000.0;4000.0;4352;4353
SE;SUDESTE;SE;SUDESTE;MG;MINAS GERAIS;MG;MINAS GERAIS;G.VALADARES 6;PE. PARAISO 2       ;500.0;BASICA         ;LINHA DE TRANSMISSÃO;PARAÍSO TPE;LT  500 kV G.VALADARES 6        / PE. PARAISO 2        C 1  MG ();MGGVA65PPA21        ;2021-03-19;;2021-02-28;203.0;0.116;1.628;468.5;2890.0;2890.0;4000.0;4000.0;;;;;;;;;4352;4351
SE;SUDESTE;SE;SUDESTE;MG;MINAS GERAIS;MG;MINAS GERAIS;G.VALADARES 6;PE. PARAISO 2       ;500.0;BASICA         ;LINHA DE TRANSMISSÃO;IE AIMORÉS;LT  500 kV G.VALADARES 6        / PE. PARAISO 2        C 2  MG ();MGGVA65PPA22        ;2022-05-01;;2021-08-31;216.0;0.117;1.632;469.6;2890.0;2890.0;4000.0;4000.0;;;;;;;;;4352;4351
SE;SUDESTE;SE;SUDESTE;MG;MINAS GERAIS;MG;MINAS GERAIS;ITABIRA 5;MESQUITA            ;500.0;BASICA         ;LINHA DE TRANSMISSÃO;IE MINAS GERAIS;LT  500 kV ITABIRA 5            / MESQUITA             C 1  MG ();MGITB55MESQ1        ;2023-08-05;;2021-06-03;86.19;0.081;1.208;101.3;2772.0;2772.0;3300.0;3300.0;;;;;;;;;4075;344
SE;SUDESTE;SE;SUDESTE;MG;MINAS GERAIS;MG;MINAS GERAIS;ITABIRA 5;MESQUITA            ;500.0;BASICA         ;LINHA DE TRANSMISSÃO;CEMIG GT;LT  500 kV ITABIRA 5            / MESQUITA             C 2  MG ();MGITB55MESQ2        ;2022-04-11;;2021-06-03;86.39;0.078;1.175;98.55;2820.0;2820.0;3299.0;3000.0;;;;;;;;;4075;344
SE;SUDESTE;SE;SUDESTE;MG;MINAS GERAIS;MG;MINAS GERAIS;ITABIRA 5;NEVES 1             ;500.0;BASICA         ;LINHA DE TRANSMISSÃO;IE MINAS GERAIS;LT  500 kV ITABIRA 5            / NEVES 1              C 1  MG ();MGITB55NEVE1        ;2023-08-05;;2021-06-03;88.0;0.083;1.251;104.9;2772.0;2772.0;3300.0;3300.0;;;;;;;;;4075;349
SE;SUDESTE;SE;SUDESTE;MG;MINAS GERAIS;MG;MINAS GERAIS;ITABIRA 5;P. JUSCELINO        ;500.0;BASICA         ;LINHA DE TRANSMISSÃO;MANTIQUEIRA TRANSMIS;LT  500 kV ITABIRA 5            / P. JUSCELINO         C 1  MG ();MGITB55PJU-1        ;2022-04-11;;2021-07-04;155.7;0.107;1.658;239.5;4045.0;4045.0;4835.0;4835.0;;;;;;;;;4075;4332
SE;SUDESTE;SE;SUDESTE;MG;MINAS GERAIS;MG;MINAS GERAIS;ITABIRA 5;P. JUSCELINO        ;500.0;BASICA         ;LINHA DE TRANSMISSÃO;SPE LINHA VERDE II;LT  500 kV ITABIRA 5            / P. JUSCELINO         C 2  MG ();MGITB55PJU-2        ;2022-07-25;;2022-05-31;189.0;0.11;1.959;214.6;3245.0;3245.0;4000.0;4000.0;3245.0;4000.0;3375.0;4000.0;4000.0;4000.0;4000.0;4000.0;4075;4332
SE;SUDESTE;SE;SUDESTE;MG;MINAS GERAIS;MG;MINAS GERAIS;ITABIRA 5;VESPASIANO 2        ;500.0;BASICA         ;LINHA DE TRANSMISSÃO;CEMIG GT;LT  500 kV ITABIRA 5            / VESPASIANO 2         C 1  MG ();MGITB55VPND1        ;2022-04-11;;2021-06-03;62.75;0.061;0.895;73.11;2820.0;2820.0;3299.0;3000.0;;;;;;;;;4075;4028
SE;SUDESTE;SE;SUDESTE;MG;MINAS GERAIS;MG;MINAS GERAIS;ITABIRITO 2;OURO PRETO 2        ;500.0;BASICA         ;LINHA DE TRANSMISSÃO;CEMIG GT;LT  500 kV ITABIRITO 2          / OURO PRETO 2         C 1  MG ();MGITB25OPR21        ;2014-07-30;;2014-07-31;5.23;0.015;0.144;12.57;2820.0;2820.0;3299.0;3000.0;2820.0;2820.0;2820.0;2820.0;3299.0;3299.0;3299.0;3299.0;9016;384
SE;SUDESTE;SE;SUDESTE;MG;MINAS GERAIS;MG;MINAS GERAIS;ITABIRITO 2;S. G. DO PARA       ;500.0;BASICA         ;LINHA DE TRANSMISSÃO;CEMIG GT;LT  500 kV ITABIRITO 2          / S. G. DO PARA        C 1  MG ();MGITB25SGPA1        ;2014-07-30;;2014-07-31;120.63;0.118;1.677;144.6;2820.0;2820.0;3299.0;3000.0;2820.0;2820.0;2820.0;2820.0;3299.0;3299.0;3299.0;3299.0;9016;378
SE;SUDESTE;SE;SUDESTE;MG;MINAS GERAIS;MG;MINAS GERAIS;ITABIRITO 2;VESPASIANO 2        ;500.0;BASICA         ;LINHA DE TRANSMISSÃO;MARIANA TRANSMISSORA;LT  500 kV ITABIRITO 2          / VESPASIANO 2         C 1  MG ();MGITB25VPND1        ;2020-05-25;;2020-02-21;85.0;0.081;1.076;108.2;2825.0;2825.0;3475.0;3475.0;;;;;;;;;9016;4028
SE;SUDESTE;SE;SUDESTE;MG;MINAS GERAIS;MG;MINAS GERAIS;ITUMBIARA;MARIMBONDO          ;500.0;BASICA         ;LINHA DE TRANSMISSÃO;ETIM;LT  500 kV ITUMBIARA            / MARIMBONDO           C 1  MG ();MGUSIM5USMR1        ;2004-06-20;;2004-08-20;212.0;0.21;2.93;254.6;2000.0;2000.0;2000.0;2000.0;2000.0;2379.0;2000.0;2541.0;2000.0;2833.0;2558.0;2995.0;210;100
SE;SUDESTE;SE;SUDESTE;MG;MINAS GERAIS;MG;MINAS GERAIS;ITUMBIARA;NOVA PONTE 3        ;500.0;BASICA         ;LINHA DE TRANSMISSÃO;LTT;LT  500 kV ITUMBIARA            / NOVA PONTE 3         C 1  MG ();MGUSIM5NP3-1        ;2025-12-12;;2027-09-30;194.61;0.177;2.653;234.1;2925.0;2925.0;3480.0;3480.0;;;;;;;;;210;7820
SE;SUDESTE;SE;SUDESTE;MG;MINAS GERAIS;MG;MINAS GERAIS;ITUMBIARA;SAO SIMAO-SE        ;500.0;BASICA         ;LINHA DE TRANSMISSÃO;AXIA ENERGIA;LT  500 kV ITUMBIARA            / SAO SIMAO-SE         C 1  MG ();MGUSIM5SSSE1        ;1990-12-31;;;166.0;0.15;2.32;196.6;2142.0;2000.0;2699.0;2000.0;2142.0;2322.0;2142.0;2355.0;2699.0;2699.0;2699.0;2731.0;210;370
SE;SUDESTE;SE;SUDESTE;MG;MINAS GERAIS;GO;GOIAS;ITUMBIARA;SILVANIA            ;500.0;BASICA         ;LINHA DE TRANSMISSÃO;EXPANSION;LT  500 kV ITUMBIARA            / SILVANIA             C 1  MG/GO;GOSILN5USIM1MG      ;2023-12-17;;2025-03-31;227.35;0.206;3.11;273.9;2200.0;2200.0;3000.0;3000.0;;;;;;;;;210;7536
SE;SUDESTE;SE;SUDESTE;MG;MINAS GERAIS;MG;MINAS GERAIS;JAGUARA-500;NEVES 1             ;500.0;BASICA         ;LINHA DE TRANSMISSÃO;CEMIG GT;LT  500 kV JAGUARA-500          / NEVES 1              C 1  MG ();MGJGSE5NEVE1        ;1990-12-31;2004-04-19;;362.4;0.29;4.92;426.929;;;;;;;;;;;;;325;349
SE;SUDESTE;SE;SUDESTE;MG;MINAS GERAIS;MG;MINAS GERAIS;JAGUARA-500;NOVA PONTE          ;500.0;BASICA         ;LINHA DE TRANSMISSÃO;CEMIG GT;LT  500 kV JAGUARA-500          / NOVA PONTE           C 1  MG ();MGJGSE5NPON1        ;1990-12-31;;;105.585;0.1;1.51;119.6;2820.0;2820.0;3299.0;3000.0;2821.0;3084.0;2976.0;3120.0;3299.0;3299.0;3299.0;3299.0;325;360
SE;SUDESTE;SE;SUDESTE;MG;MINAS GERAIS;MG;MINAS GERAIS;JAGUARA-500;OURO PRETO 2        ;500.0;BASICA         ;LINHA DE TRANSMISSÃO;CEMIG GT;LT  500 kV JAGUARA-500          / OURO PRETO 2         C 1  MG ();MGJGSE5OPR21        ;1989-08-01;1998-04-06;;408.2;;;;;;;;;;;;;;;;325;384
SE;SUDESTE;SE;SUDESTE;MG;MINAS GERAIS;MG;MINAS GERAIS;JAGUARA-500;S. G. DO PARA       ;500.0;BASICA         ;LINHA DE TRANSMISSÃO;CEMIG GT;LT  500 kV JAGUARA-500          / S. G. DO PARA        C 1  MG ();MGJGSE5SGPA1        ;1990-12-31;2004-04-05;;288.4;0.27;4.25;371.449;;;;;;;;;;;;;325;378
SE;SUDESTE;SE;SUDESTE;MG;MINAS GERAIS;MG;MINAS GERAIS;JAGUARA-500;SAO SIMAO-SE        ;500.0;BASICA         ;LINHA DE TRANSMISSÃO;CEMIG GT;LT  500 kV JAGUARA-500          / SAO SIMAO-SE         C 1  MG ();MGJGSE5SSSE1        ;1990-12-31;;;342.711;0.313;4.752;405.8;2547.0;2547.0;3133.0;3000.0;2547.0;2807.0;2547.0;2856.0;3133.0;3133.0;3222.0;3180.0;325;370
SE;SUDESTE;SE;SUDESTE;MG;MINAS GERAIS;MG;MINAS GERAIS;JAIBA;JANAUBA 6           ;500.0;BASICA         ;LINHA DE TRANSMISSÃO;ISA ENERGIA BRASIL;LT  500 kV JAIBA                / JANAUBA 6            C 1  MG ();MGJAB-5JBA61        ;2025-11-10;;2026-10-15;109.0;0.071;1.2;144.5;3260.0;3260.0;4000.0;4000.0;;;;;;;;;7816;7818
SE;SUDESTE;SE;SUDESTE;MG;MINAS GERAIS;MG;MINAS GERAIS;JAIBA;JANAUBA 6           ;500.0;BASICA         ;LINHA DE TRANSMISSÃO;ISA ENERGIA BRASIL;LT  500 kV JAIBA                / JANAUBA 6            C 2  MG ();MGJAB-5JBA62        ;2025-11-10;;2026-10-15;109.0;0.071;1.2;144.5;3260.0;3260.0;4000.0;4000.0;;;;;;;;;7816;7818
SE;SUDESTE;SE;SUDESTE;MG;MINAS GERAIS;MG;MINAS GERAIS;JANAUBA 3;P. JUSCELINO        ;500.0;BASICA         ;LINHA DE TRANSMISSÃO;JAIBA TRANS;LT  500 kV JANAUBA 3            / P. JUSCELINO         C 1  MG ();MGJBA35PJU-1        ;2021-11-25;;2020-08-30;337.0;0.173;2.479;733.54;2950.0;2950.0;4000.0;4000.0;;;;;;;;;4350;4332
SE;SUDESTE;SE;SUDESTE;MG;MINAS GERAIS;MG;MINAS GERAIS;JANAUBA 3;P. JUSCELINO        ;500.0;BASICA         ;LINHA DE TRANSMISSÃO;PRES JUSCELINO TRANS;LT  500 kV JANAUBA 3            / P. JUSCELINO         C 2  MG ();MGJBA35PJU-2        ;2021-11-25;;2020-08-30;330.0;0.17;2.428;717.4;2950.0;2950.0;4000.0;4000.0;;;;;;;;;4350;4332
SE;SUDESTE;SE;SUDESTE;MG;MINAS GERAIS;MG;MINAS GERAIS;JANAUBA 3;PIRAPORA 2          ;500.0;BASICA         ;LINHA DE TRANSMISSÃO;JANAÚBA;LT  500 kV JANAUBA 3            / PIRAPORA 2           C 1  MG ();MGJBA35PI2-1        ;2021-09-01;;2022-02-09;238.0;0.127;1.788;516.76;2950.0;2950.0;4000.0;4000.0;;;;;;;;;4350;4049
SE;SUDESTE;SE;SUDESTE;MG;MINAS GERAIS;MG;MINAS GERAIS;JANAUBA 3;S. DAS ALMAS II     ;500.0;BASICA         ;LINHA DE TRANSMISSÃO;JAIBA TRANS;LT  500 kV JANAUBA 3            / S. DAS ALMAS II      C L1 MG (05L1);MGJBA35SDA2L1       ;2025-02-26;;2024-12-31;150.31;0.082;1.144;327.2;4000.0;4000.0;2950.0;2950.0;;;;;;;;;4350;44504
SE;SUDESTE;SE;SUDESTE;MG;MINAS GERAIS;MG;MINAS GERAIS;JANAUBA 6;CAPELINHA 3         ;500.0;BASICA         ;LINHA DE TRANSMISSÃO;ISA ENERGIA BRASIL;LT  500 kV JANAUBA 6            / CAPELINHA 3          C 1  MG ();MGJBA65CAP31        ;2026-05-07;;2027-09-30;233.0;0.12;1.685;484.7;2965.0;2965.0;4000.0;4000.0;;;;;;;;;7818;7823
SE;SUDESTE;SE;SUDESTE;MG;MINAS GERAIS;MG;MINAS GERAIS;JANAUBA 6;CAPELINHA 3         ;500.0;BASICA         ;LINHA DE TRANSMISSÃO;ISA ENERGIA BRASIL;LT  500 kV JANAUBA 6            / CAPELINHA 3          C 2  MG ();MGJBA65CAP32        ;2026-05-07;;2027-09-30;233.0;0.12;1.685;484.7;2965.0;2965.0;4000.0;4000.0;;;;;;;;;7818;7823
SE;SUDESTE;SE;SUDESTE;MG;MINAS GERAIS;MG;MINAS GERAIS;JANAUBA 6;JANAUBA 3           ;500.0;BASICA         ;LINHA DE TRANSMISSÃO;ISA ENERGIA BRASIL;LT  500 kV JANAUBA 6            / JANAUBA 3            C 1  MG ();MGJBA65JBA31        ;2025-11-10;;2027-09-29;44.0;0.028;0.473;56.7;3260.0;3260.0;4000.0;4000.0;;;;;;;;;7818;4350
SE;SUDESTE;SE;SUDESTE;MG;MINAS GERAIS;MG;MINAS GERAIS;JANAUBA 6;JANAUBA 3           ;500.0;BASICA         ;LINHA DE TRANSMISSÃO;ISA ENERGIA BRASIL;LT  500 kV JANAUBA 6            / JANAUBA 3            C 2  MG ();MGJBA65JBA32        ;2025-11-10;;2027-09-29;44.0;0.028;0.473;56.7;3260.0;3260.0;4000.0;4000.0;;;;;;;;;7818;4350
SE;SUDESTE;SE;SUDESTE;MG;MINAS GERAIS;SP;SAO PAULO;MARIMBONDO;AGUA VERMELHA       ;500.0;BASICA         ;LINHA DE TRANSMISSÃO;AXIA ENERGIA;LT  500 kV MARIMBONDO           / AGUA VERMELHA        C 1  MG/SP ();MGUSMR5AGV-1SP      ;1990-12-31;;;172.0;0.153;2.356;203.8;2142.0;2000.0;2699.0;2000.0;2142.0;2322.0;2142.0;2355.0;2699.0;2702.0;2699.0;2742.0;100;535
SE;SUDESTE;SE;SUDESTE;MG;MINAS GERAIS;SP;SAO PAULO;MARIMBONDO;ARARAQUARA FUR      ;500.0;BASICA         ;LINHA DE TRANSMISSÃO;FURNAS;LT  500 kV MARIMBONDO           / ARARAQUARA FUR       C 1  MG/SP ();MGUSMR5STAR1SP      ;1990-12-31;2017-07-06;;195.0;0.172;2.72;231.4;;;;;2142.0;2142.0;2142.0;2161.0;2699.0;2699.0;2699.0;2699.0;100;101
SE;SUDESTE;SE;SUDESTE;MG;MINAS GERAIS;SP;SAO PAULO;MARIMBONDO;ARARAQUARA FUR      ;500.0;BASICA         ;LINHA DE TRANSMISSÃO;FURNAS;LT  500 kV MARIMBONDO           / ARARAQUARA FUR       C 2  MG/SP ();MGUSMR5STAR2SP      ;1990-12-31;2017-08-17;;194.0;0.181;2.732;231.429;;;;;2142.0;2142.0;2142.0;2161.0;2699.0;2699.0;2699.0;2699.0;100;101
SE;SUDESTE;SE;SUDESTE;MG;MINAS GERAIS;MG;MINAS GERAIS;MARIMBONDO;MARIMBONDO II       ;500.0;BASICA         ;LINHA DE TRANSMISSÃO;AXIA ENERGIA;LT  500 kV MARIMBONDO           / MARIMBONDO II        C 1  MG ();MGUSMR5MR2-1        ;2017-08-17;;2017-06-30;7.0;0.006;0.097;7.4;2142.0;2142.0;2699.0;2699.0;;;;;;;;;100;4598
SE;SUDESTE;SE;SUDESTE;MG;MINAS GERAIS;MG;MINAS GERAIS;MARIMBONDO;MARIMBONDO II       ;500.0;BASICA         ;LINHA DE TRANSMISSÃO;AXIA ENERGIA;LT  500 kV MARIMBONDO           / MARIMBONDO II        C 2  MG ();MGUSMR5MR2-2        ;2017-06-30;;2017-06-30;7.0;0.006;0.086;7.2;2142.0;2142.0;2699.0;2699.0;;;;;;;;;100;4598
SE;SUDESTE;SE;SUDESTE;MG;MINAS GERAIS;MG;MINAS GERAIS;MARIMBONDO;MARIMBONDO II       ;500.0;BASICA         ;LINHA DE TRANSMISSÃO;RPTE;LT  500 kV MARIMBONDO           / MARIMBONDO II        C 3  MG ();MGUSMR5MR2-3        ;2019-01-27;;2018-12-31;7.0;0.01;0.0824;7.1724;2300.0;2300.0;2760.0;2760.0;;;;;;;;;100;4598
SE;SUDESTE;SE;SUDESTE;MG;MINAS GERAIS;SP;SAO PAULO;MARIMBONDO;MORRO AGUDO         ;500.0;BASICA         ;LINHA DE TRANSMISSÃO;RPTE;LT  500 kV MARIMBONDO           / MORRO AGUDO          C 1  MG/SP ();MGUSMR5MDO-1SP      ;2017-07-03;;2017-09-27;133.82;0.1253;1.8381;160.4;2300.0;2300.0;2760.0;2760.0;;;;;;;;;100;3110
SE;SUDESTE;SE;SUDESTE;MG;MINAS GERAIS;SP;SAO PAULO;MARIMBONDO;RIBEIRAOPRETO       ;500.0;BASICA         ;LINHA DE TRANSMISSÃO;RPTE;LT  500 kV MARIMBONDO           / RIBEIRAOPRETO        C 1  MG/SP ();MGUSMR5RPR-1SP      ;2009-05-21;2017-07-03;2009-04-16;196.0;0.19;2.77;220.32;;;;;2300.0;3030.0;2716.0;3156.0;2760.0;3393.0;3284.0;3526.0;100;3011
SE;SUDESTE;SE;SUDESTE;MG;MINAS GERAIS;MG;MINAS GERAIS;MARIMBONDO;SAO SIMAO-SE        ;500.0;BASICA         ;LINHA DE TRANSMISSÃO;RPTE;LT  500 kV MARIMBONDO           / SAO SIMAO-SE         C 1  MG ();MGUSMR5SSSE1        ;2009-04-16;2019-01-27;2009-04-16;216.0;0.18;2.68;215.42;;;;;2300.0;2992.0;2666.0;3123.0;2760.0;3360.0;3245.0;3498.0;100;370
SE;SUDESTE;SE;SUDESTE;MG;MINAS GERAIS;SP;SAO PAULO;MARIMBONDO II;ARARAQUARA FUR      ;500.0;BASICA         ;LINHA DE TRANSMISSÃO;AXIA ENERGIA;LT  500 kV MARIMBONDO II        / ARARAQUARA FUR       C 1  MG/SP ();MGMR2-5STAR1SP      ;2017-07-06;;2017-06-30;199.0;0.179;2.762;236.4;2142.0;2142.0;2699.0;2699.0;;;;;;;;;4598;101
SE;SUDESTE;SE;SUDESTE;MG;MINAS GERAIS;SP;SAO PAULO;MARIMBONDO II;ARARAQUARA FUR      ;500.0;BASICA         ;LINHA DE TRANSMISSÃO;AXIA ENERGIA;LT  500 kV MARIMBONDO II        / ARARAQUARA FUR       C 2  MG/SP ();MGMR2-5STAR2SP      ;2017-08-17;;2017-06-30;194.0;0.178;2.748;236.8;2142.0;2142.0;2699.0;2699.0;;;;;;;;;4598;101
SE;SUDESTE;SE;SUDESTE;MG;MINAS GERAIS;SP;SAO PAULO;MARIMBONDO II;ASSIS               ;500.0;BASICA         ;LINHA DE TRANSMISSÃO;TMT;LT  500 kV MARIMBONDO II        / ASSIS                C 1  MG/SP ();SPASS-5MR2-1MG      ;2016-12-21;;2016-09-30;297.0;0.139;3.089;460.8;3455.0;3455.0;4380.0;4380.0;3455.0;3455.0;3455.0;3455.0;;;;;4598;556
SE;SUDESTE;SE;SUDESTE;MG;MINAS GERAIS;GO;GOIAS;MARIMBONDO II;R.VERDE NORTE       ;500.0;BASICA         ;LINHA DE TRANSMISSÃO;GTE;LT  500 kV MARIMBONDO II        / R.VERDE NORTE        C 1  MG/GO;MGMR2-5RVN-1GO      ;2016-08-31;;2016-09-30;350.0;0.232;3.853;512.8;3000.0;3000.0;3780.0;3780.0;3000.0;3000.0;3000.0;3000.0;3780.0;3780.0;3780.0;3780.0;4598;4531
SE;SUDESTE;SE;SUDESTE;MG;MINAS GERAIS;GO;GOIAS;MARIMBONDO II;R.VERDE NORTE       ;500.0;BASICA         ;LINHA DE TRANSMISSÃO;GTE;LT  500 kV MARIMBONDO II        / R.VERDE NORTE        C 2  MG/GO;MGMR2-5RVN-2GO      ;2016-09-10;;2016-09-30;350.0;0.232;3.853;512.8;3000.0;3000.0;3780.0;3780.0;3000.0;3000.0;3000.0;3000.0;3780.0;3780.0;3780.0;3780.0;4598;4531
SE;SUDESTE;SE;SUDESTE;MG;MINAS GERAIS;MG;MINAS GERAIS;MARIMBONDO II;SAO SIMAO-SE        ;500.0;BASICA         ;LINHA DE TRANSMISSÃO;RPTE;LT  500 kV MARIMBONDO II        / SAO SIMAO-SE         C 1  MG ();MGMR2-5SSSE1        ;2019-01-27;;2018-12-31;210.0;0.1932;2.8339;246.1;2300.0;2300.0;2760.0;2760.0;;;;;;;;;4598;370
SE;SUDESTE;SE;SUDESTE;MG;MINAS GERAIS;MG;MINAS GERAIS;MESQUITA;MUTUM               ;500.0;BASICA         ;LINHA DE TRANSMISSÃO;MGE TRASMI;LT  500 kV MESQUITA             / MUTUM                C 1  MG ();MGMESQ5MTUM1        ;2021-05-28;;2021-02-28;136.2;0.129;1.9;160.59;2400.0;2400.0;3050.0;3050.0;;;;;;;;;344;4353
SE;SUDESTE;SE;SUDESTE;MG;MINAS GERAIS;MG;MINAS GERAIS;MESQUITA;VESPASIANO 2        ;500.0;BASICA         ;LINHA DE TRANSMISSÃO;CEMIG GT;LT  500 kV MESQUITA             / VESPASIANO 2         C 1  MG ();MGMESQ5VPND1        ;2003-03-31;2022-04-11;2003-03-30;148.562;0.143;2.101;173.94;;;;;2821.0;3077.0;2973.0;3125.0;3299.0;3299.0;3299.0;3299.0;344;4028
SE;SUDESTE;SE;SUDESTE;MG;MINAS GERAIS;ES;ESPIRITO SANTO;MESQUITA;VIANA 2             ;500.0;BASICA         ;LINHA DE TRANSMISSÃO;MGE TRASMI;LT  500 kV MESQUITA             / VIANA 2              C 1  MG/ES ();MGMESQ5STVD1ES      ;2014-08-10;2021-05-28;2014-07-31;252.0;0.221;3.428;301.2;;;;;2400.0;2829.0;2414.0;2961.0;3050.0;3146.0;3050.0;3284.0;344;3021
SE;SUDESTE;SE;SUDESTE;MG;MINAS GERAIS;ES;ESPIRITO SANTO;MUTUM;RIO NOVO SUL        ;500.0;BASICA         ;LINHA DE TRANSMISSÃO;TCC CAMINHO DO CAFÉ;LT  500 kV MUTUM                / RIO NOVO SUL         C 1  MG/ES ();MGMTUM5SRNS1ES      ;2021-03-19;;2021-02-28;132.0;0.088;1.328;203.83;2905.0;2905.0;3660.0;3660.0;;;;;;;;;4353;3061
SE;SUDESTE;SE;SUDESTE;MG;MINAS GERAIS;ES;ESPIRITO SANTO;MUTUM;VIANA 2             ;500.0;BASICA         ;LINHA DE TRANSMISSÃO;MGE TRASMI;LT  500 kV MUTUM                / VIANA 2              C 1  MG/ES ();MGMTUM5STVD1ES      ;2021-05-28;;2021-02-28;136.0;0.113;1.657;139.75;2400.0;2400.0;3050.0;3050.0;;;;;;;;;4353;3021
SE;SUDESTE;SE;SUDESTE;MG;MINAS GERAIS;MG;MINAS GERAIS;NEVES 1;MESQUITA            ;500.0;BASICA         ;LINHA DE TRANSMISSÃO;IE MINAS GERAIS;LT  500 kV NEVES 1              / MESQUITA             C 1  MG ();MGMESQ5NEVE2        ;2008-12-19;2023-08-09;2008-12-10;172.5;0.16;2.43;202.56;;;;;2772.0;4352.0;3968.0;4505.0;3300.0;4799.0;4661.0;4964.0;349;344
SE;SUDESTE;SE;SUDESTE;MG;MINAS GERAIS;MG;MINAS GERAIS;NEVES 1;MESQUITA            ;500.0;BASICA         ;LINHA DE TRANSMISSÃO;CEMIG GT;LT  500 kV NEVES 1              / MESQUITA             C 2  MG ();MGMESQ5NEVE1        ;1990-12-31;2003-03-31;;172.4;0.16;2.57;212.59;;;;;;;;;;;;;349;344
SE;SUDESTE;SE;SUDESTE;MG;MINAS GERAIS;MG;MINAS GERAIS;NEVES 1;SAO GOTARDO 2       ;500.0;BASICA         ;LINHA DE TRANSMISSÃO;CEMIG GT;LT  500 kV NEVES 1              / SAO GOTARDO 2        C 1  MG ();MGNEVE5SGOT1        ;1979-04-03;2004-05-03;;219.5;0.2;3.07;251.6;;;;;;;;;;;;;349;390
SE;SUDESTE;SE;SUDESTE;MG;MINAS GERAIS;MG;MINAS GERAIS;NEVES 1;VESPASIANO 2        ;500.0;BASICA         ;LINHA DE TRANSMISSÃO;CEMIG GT;LT  500 kV NEVES 1              / VESPASIANO 2         C 1  MG ();MGNEVE5VPND1        ;2003-03-31;;2003-03-30;23.925;0.023;0.34;27.95;2820.0;2820.0;3299.0;3000.0;2821.0;3077.0;2973.0;3125.0;3299.0;3299.0;3319.0;3299.0;349;4028
SE;SUDESTE;SE;SUDESTE;MG;MINAS GERAIS;MG;MINAS GERAIS;NOVA PONTE;ESTREITO            ;500.0;BASICA         ;LINHA DE TRANSMISSÃO;LTT;LT  500 kV NOVA PONTE           / ESTREITO             C 1  MG ();MGNPON5STES1        ;2008-12-21;;2008-12-20;147.0;0.134;2.023;158.3;2925.0;2925.0;2925.0;2925.0;2925.0;3439.0;3198.0;3550.0;2925.0;3729.0;3649.0;3850.0;360;3010
SE;SUDESTE;SE;SUDESTE;MG;MINAS GERAIS;MG;MINAS GERAIS;NOVA PONTE;ITUMBIARA           ;500.0;BASICA         ;LINHA DE TRANSMISSÃO;LTT;LT  500 kV NOVA PONTE           / ITUMBIARA            C 1  MG ();MGNPON5USIM1        ;2008-11-25;2025-12-12;2008-11-09;182.0;0.1644;2.4974;181.1;;;;;2925.0;3361.0;3128.0;3468.0;2925.0;3660.0;3590.0;3778.0;360;210
SE;SUDESTE;SE;SUDESTE;MG;MINAS GERAIS;MG;MINAS GERAIS;NOVA PONTE;SAO GOTARDO 2       ;500.0;BASICA         ;LINHA DE TRANSMISSÃO;LTT;LT  500 kV NOVA PONTE           / SAO GOTARDO 2        C 1  MG ();MGNPON5SGOT1        ;2008-11-28;;2008-11-09;198.0;0.1739;2.6453;216.9;2925.0;2925.0;2925.0;2925.0;2925.0;3446.0;3210.0;3553.0;2925.0;3735.0;3659.0;3853.0;360;390
SE;SUDESTE;SE;SUDESTE;MG;MINAS GERAIS;SP;SAO PAULO;NOVA PONTE 3;ARARAQUARA 2        ;500.0;BASICA         ;LINHA DE TRANSMISSÃO;NEO ALTO PARANAIBA;LT  500 kV NOVA PONTE 3         / ARARAQUARA 2         C 1  MG/SP ();MGNP3-5ARA21SP      ;2025-12-30;;2026-05-03;291.0;0.161;2.292;625.8;2965.0;2965.0;4000.0;4000.0;;;;;;;;;7820;7057
SE;SUDESTE;SE;SUDESTE;MG;MINAS GERAIS;SP;SAO PAULO;NOVA PONTE 3;ARARAQUARA 2        ;500.0;BASICA         ;LINHA DE TRANSMISSÃO;NEO ALTO PARANAIBA;LT  500 kV NOVA PONTE 3         / ARARAQUARA 2         C 2  MG/SP ();MGNP3-5ARA22SP      ;2025-12-30;;2027-09-29;291.0;0.159;2.263;617.1;2965.0;2965.0;4000.0;4000.0;;;;;;;;;7820;7057
SE;SUDESTE;SE;SUDESTE;MG;MINAS GERAIS;MG;MINAS GERAIS;NOVA PONTE 3;NOVA PONTE          ;500.0;BASICA         ;LINHA DE TRANSMISSÃO;LTT;LT  500 kV NOVA PONTE 3         / NOVA PONTE           C 1  MG ();MGNP3-5NPON1        ;2025-12-12;;2027-09-30;36.0;0.029;0.422;36.75;2925.0;2925.0;3480.0;3480.0;;;;;;;;;7820;360
SE;SUDESTE;SE;SUDESTE;MG;MINAS GERAIS;MG;MINAS GERAIS;OURO PRETO 2;S. G. DO PARA       ;500.0;BASICA         ;LINHA DE TRANSMISSÃO;CEMIG GT;LT  500 kV OURO PRETO 2         / S. G. DO PARA        C 3  MG ();MGOPR25SGPA1        ;1990-12-31;2014-07-30;;120.31;0.11;1.78;155.219;;;;;2821.0;3077.0;2973.0;3125.0;3299.0;3299.0;3310.0;3299.0;384;378
SE;SUDESTE;SE;SUDESTE;MG;MINAS GERAIS;MG;MINAS GERAIS;P. JUSCELINO;VESPASIANO 2        ;500.0;BASICA         ;LINHA DE TRANSMISSÃO;VERDE;LT  500 kV P. JUSCELINO         / VESPASIANO 2         C 1  MG ();MGPJUS5VPND1        ;2026-06-08;;2027-09-30;128.79;0.088;1.606;170.36;3260.0;3260.0;4000.0;4000.0;;;;;;;;;4332;4028
SE;SUDESTE;SE;SUDESTE;MG;MINAS GERAIS;MG;MINAS GERAIS;P. JUSCELINO;VESPASIANO 2        ;500.0;BASICA         ;LINHA DE TRANSMISSÃO;VERDE;LT  500 kV P. JUSCELINO         / VESPASIANO 2         C 2  MG ();MGPJUS5VPND2        ;2026-06-08;;2027-09-30;128.79;0.089;1.603;170.38;3260.0;3260.0;4000.0;4000.0;;;;;;;;;4332;4028
SE;SUDESTE;SE;SUDESTE;MG;MINAS GERAIS;MG;MINAS GERAIS;PARACATU 4;EMBORCACAO          ;500.0;BASICA         ;LINHA DE TRANSMISSÃO;SMTE;LT  500 kV PARACATU 4           / EMBORCACAO           C 1  MG ();MGPAT45EMBO1        ;2008-02-18;;2008-02-18;188.0;0.125;1.996;290.9;3000.0;3000.0;3000.0;3000.0;3000.0;4091.0;3654.0;4251.0;3000.0;4567.0;4404.0;4739.0;3008;320
SE;SUDESTE;SE;SUDESTE;MG;MINAS GERAIS;MG;MINAS GERAIS;PARACATU 4;NOVA PONTE 3        ;500.0;BASICA         ;LINHA DE TRANSMISSÃO;NEO ALTO PARANAIBA;LT  500 kV PARACATU 4           / NOVA PONTE 3         C 1  MG ();MGPR4-5NP3-1        ;2025-12-12;;2026-05-03;291.0;0.147;2.089;566.7;2965.0;2965.0;4000.0;4000.0;;;;;;;;;3008;7820
SE;SUDESTE;SE;SUDESTE;MG;MINAS GERAIS;MG;MINAS GERAIS;PARACATU 4;NOVA PONTE 3        ;500.0;BASICA         ;LINHA DE TRANSMISSÃO;NEO ALTO PARANAIBA;LT  500 kV PARACATU 4           / NOVA PONTE 3         C 2  MG ();MGPR4-5NP3-2        ;2025-12-12;;2026-05-03;291.0;0.146;2.063;559.0;2965.0;2965.0;4000.0;4000.0;;;;;;;;;3008;7820
SE;SUDESTE;SE;SUDESTE;MG;MINAS GERAIS;MG;MINAS GERAIS;PARACATU 4;PIRAPORA 2          ;500.0;BASICA         ;LINHA DE TRANSMISSÃO;SPTE;LT  500 kV PARACATU 4           / PIRAPORA 2           C 1  MG ();MGPAT45PIRD1        ;2009-04-05;;2009-04-05;244.0;0.232;3.357;296.0;2925.0;2925.0;3481.0;3481.0;2925.0;3098.0;2925.0;3204.0;3481.0;3481.0;3481.0;3542.0;3008;4049
SE;SUDESTE;NE;NORDESTE;MG;MINAS GERAIS;BA;BAHIA;PE. PARAISO 2;POCOES III          ;500.0;BASICA         ;LINHA DE TRANSMISSÃO;PARAÍSO TPE;LT  500 kV PE. PARAISO 2        / POCOES III           C 1  MG/BA (05N1);MGPPA25POD-1BA      ;2021-03-19;;2021-02-28;334.0;0.174;2.477;732.1;2890.0;2890.0;4000.0;4000.0;;;;;;;;;4351;5860
SE;SUDESTE;NE;NORDESTE;MG;MINAS GERAIS;BA;BAHIA;PE. PARAISO 2;POCOES III          ;500.0;BASICA         ;LINHA DE TRANSMISSÃO;IE PARAGUAÇU;LT  500 kV PE. PARAISO 2        / POCOES III           C 2  MG/BA (05N2);MGPPA25POD-2BA      ;2022-07-19;;2021-08-31;338.0;0.177;2.529;749.1;2890.0;2890.0;4000.0;4000.0;;;;;;;;;4351;5860
SE;SUDESTE;SE;SUDESTE;MG;MINAS GERAIS;MG;MINAS GERAIS;PIRAPORA 2;P. JUSCELINO        ;500.0;BASICA         ;LINHA DE TRANSMISSÃO;MANTIQUEIRA TRANSMIS;LT  500 kV PIRAPORA 2           / P. JUSCELINO         C 1  MG ();MGPI2-5PJU-1        ;2021-12-09;;2021-07-04;177.0;0.122;1.904;273.84;4045.0;4045.0;4835.0;4835.0;;;;;;;;;4049;4332
SE;SUDESTE;SE;SUDESTE;MG;MINAS GERAIS;MG;MINAS GERAIS;PIRAPORA 2;P. JUSCELINO        ;500.0;BASICA         ;LINHA DE TRANSMISSÃO;MANTIQUEIRA TRANSMIS;LT  500 kV PIRAPORA 2           / P. JUSCELINO         C 2  MG ();MGPI2-5PJU-2        ;2021-11-25;;2021-07-04;177.0;0.12;1.869;268.65;4045.0;4045.0;4835.0;4835.0;;;;;;;;;4049;4332
SE;SUDESTE;SE;SUDESTE;MG;MINAS GERAIS;MG;MINAS GERAIS;POCOS CALDAS;ITAJUBA 3           ;500.0;BASICA         ;LINHA DE TRANSMISSÃO;AXIA ENERGIA;LT  500 kV POCOS CALDAS         / ITAJUBA 3            C 1  MG ();MGSTPC5ITJ31        ;2002-07-21;;2002-02-04;144.0;0.129;1.993;167.7;2142.0;2142.0;2699.0;2699.0;2142.0;2142.0;2142.0;2142.0;2699.0;2699.0;2699.0;2699.0;102;1503
SE;SUDESTE;SE;SUDESTE;MG;MINAS GERAIS;SP;SAO PAULO;POCOS CALDAS;RIBEIRAOPRETO       ;500.0;BASICA         ;LINHA DE TRANSMISSÃO;PCTE;LT  500 kV POCOS CALDAS         / RIBEIRAOPRETO        C 1  MG/SP ();MGSTPC5RPR-1SP      ;2009-09-18;;2009-10-20;136.0;0.125;1.887;163.7;2300.0;2300.0;2760.0;2760.0;2300.0;3079.0;2726.0;3210.0;2760.0;3435.0;3291.0;3572.0;102;3011
SE;SUDESTE;SE;SUDESTE;MG;MINAS GERAIS;SP;SAO PAULO;SAO SIMAO-SE;AGUA VERMELHA       ;500.0;BASICA         ;LINHA DE TRANSMISSÃO;CEMIG GT;LT  500 kV SAO SIMAO-SE         / AGUA VERMELHA        C 1  MG/SP ();MGSSSE5AGV-1SP      ;1990-12-31;;;96.294;0.09;1.38;112.3;2547.0;2547.0;3133.0;3000.0;2547.0;2807.0;2547.0;2856.0;3133.0;3133.0;3222.0;3180.0;370;535
SE;SUDESTE;SE;SUDESTE;MG;MINAS GERAIS;GO;GOIAS;SAO SIMAO-SE;ITAGUACU            ;500.0;BASICA         ;LINHA DE TRANSMISSÃO;COQUEIROS;LT  500 kV SAO SIMAO-SE         / ITAGUACU             C 1  MG/GO;MGSSSE5IGU-1GO      ;2009-12-20;;2010-01-16;19.378;0.021;0.294;24.54;2640.0;2640.0;3480.0;3480.0;2640.0;3022.0;2774.0;3141.0;3480.0;3480.0;3480.0;3485.0;370;9440
SE;SUDESTE;SE;SUDESTE;MT;MATO GROSSO;MT;MATO GROSSO;CLAUDIA;COLIDER             ;500.0;COMPLEMENTAR   ;LINHA DE TRANSMISSÃO;AXIA ENERGIA;LT  500 kV CLAUDIA              / COLIDER              C 1  MT;MTCLD-5CLR-1        ;2019-03-09;;2018-10-15;64.0;0.061;0.852;79.03;;;;;;;;;;;;;4495;4465
SE;SUDESTE;SE;SUDESTE;MT;MATO GROSSO;MT;MATO GROSSO;CLAUDIA;PARANAITA           ;500.0;BASICA         ;LINHA DE TRANSMISSÃO;MATRINCHA;LT  500 kV CLAUDIA              / PARANAITA            C 1  MT;MTCLD-5PRT-1        ;2015-10-22;;2015-11-30;300.0;0.19;3.213;445.3;3000.0;3000.0;3780.0;3780.0;3000.0;3000.0;3000.0;3000.0;3780.0;3780.0;3780.0;3780.0;4495;4494
SE;SUDESTE;SE;SUDESTE;MT;MATO GROSSO;MT;MATO GROSSO;CLAUDIA;PARANAITA           ;500.0;BASICA         ;LINHA DE TRANSMISSÃO;MATRINCHA;LT  500 kV CLAUDIA              / PARANAITA            C 2  MT;MTCLD-5PRT-2        ;2015-10-08;;2015-11-30;300.0;0.19;3.213;445.3;3000.0;3000.0;3780.0;3780.0;3000.0;3000.0;3000.0;3000.0;3780.0;3780.0;3780.0;3780.0;4495;4494
SE;SUDESTE;SE;SUDESTE;MT;MATO GROSSO;MT;MATO GROSSO;CLAUDIA;PARANAITA           ;500.0;BASICA         ;LINHA DE TRANSMISSÃO;PRTE;LT  500 kV CLAUDIA              / PARANAITA            C 3  MT;MTCLD-5PRT-3        ;2019-01-13;;2019-02-28;300.0;0.196;3.083;467.6;3000.0;3000.0;3780.0;3780.0;;;;;;;;;4495;4494
SE;SUDESTE;SE;SUDESTE;MT;MATO GROSSO;MT;MATO GROSSO;CLAUDIA;PARANATINGA         ;500.0;BASICA         ;LINHA DE TRANSMISSÃO;MATRINCHA;LT  500 kV CLAUDIA              / PARANATINGA          C 1  MT;MTCLD-5PRG-1        ;2016-07-29;;2016-07-30;350.0;0.223;3.811;536.7;3000.0;3000.0;3780.0;3780.0;3000.0;3000.0;3000.0;3000.0;3780.0;3780.0;3780.0;3780.0;4495;4565
SE;SUDESTE;SE;SUDESTE;MT;MATO GROSSO;MT;MATO GROSSO;CLAUDIA;PARANATINGA         ;500.0;BASICA         ;LINHA DE TRANSMISSÃO;MATRINCHA;LT  500 kV CLAUDIA              / PARANATINGA          C 2  MT;MTCLD-5PRG-2        ;2016-12-21;2020-08-23;2016-07-30;350.0;0.223;3.811;536.76;;;;;3000.0;3000.0;3000.0;3000.0;3780.0;3780.0;3780.0;3780.0;4495;4565
SE;SUDESTE;SE;SUDESTE;MT;MATO GROSSO;MT;MATO GROSSO;CLAUDIA;PARANATINGA         ;500.0;BASICA         ;LINHA DE TRANSMISSÃO;PRTE;LT  500 kV CLAUDIA              / PARANATINGA          C 3  MT;MTCLD-5PRG-3        ;2019-01-13;;2019-02-28;350.0;0.229;3.675;559.4;3000.0;3000.0;3780.0;3780.0;;;;;;;;;4495;4565
SE;SUDESTE;SE;SUDESTE;MT;MATO GROSSO;MT;MATO GROSSO;CLAUDIA;SINOP               ;500.0;BASICA         ;LINHA DE TRANSMISSÃO;MATRINCHA;LT  500 kV CLAUDIA              / SINOP                C X  MT;MTCLD-5SP--1        ;2015-10-08;2016-12-21;2015-09-28;25.0;0.01375;0.2;18.4739;;;;;;;;;;;;;4495;4720
SE;SUDESTE;SE;SUDESTE;MT;MATO GROSSO;MT;MATO GROSSO;CLAUDIA;UHE SINOP           ;500.0;COMPLEMENTAR   ;LINHA DE TRANSMISSÃO;CIA ENERGÉTICA SINOP;LT  500 kV CLAUDIA              / UHE SINOP            C 1  MT;MTCLD-5SI--1        ;2019-09-17;;2017-12-30;16.0;0.014;0.2;18.47;;;;;;;;;;;;;4495;4479
SE;SUDESTE;SE;SUDESTE;MT;MATO GROSSO;MT;MATO GROSSO;JAURU;SE CUIABA           ;500.0;BASICA         ;LINHA DE TRANSMISSÃO;TME;LT  500 kV JAURU                / SE CUIABA            C 1  MT;MTJU--5CB--1        ;2011-11-23;;2011-11-19;354.7;0.306;4.292;447.0;2840.0;2840.0;3380.0;3380.0;2840.0;3288.0;3012.0;3367.0;3380.0;3561.0;3472.0;3659.0;4700;4514
SE;SUDESTE;SE;SUDESTE;MT;MATO GROSSO;MT;MATO GROSSO;JAURU;SE CUIABA           ;500.0;BASICA         ;LINHA DE TRANSMISSÃO;SANTA LUCIA;LT  500 kV JAURU                / SE CUIABA            C 2  MT;MTJU--5CB--2        ;2019-04-30;;2019-05-02;355.0;0.321;4.659;439.4;2840.0;2840.0;3380.0;3380.0;;;;;;;;;4700;4514
SE;SUDESTE;SE;SUDESTE;MT;MATO GROSSO;PA;PARA;PARANAITA;SAO MANOEL          ;500.0;COMPLEMENTAR   ;LINHA DE TRANSMISSÃO;UHE SAO MANOEL;LT  500 kV PARANAITA            / SAO MANOEL           C 1  MT/PA;MTPRT-5USMA1PA      ;2017-12-28;;2017-12-30;40.0;0.038;0.557;47.45;;;;;;;;;;;;;4494;4491
SE;SUDESTE;SE;SUDESTE;MT;MATO GROSSO;PA;PARA;PARANAITA;TELES PIRES         ;500.0;COMPLEMENTAR   ;LINHA DE TRANSMISSÃO;TELES PIRES;LT  500 kV PARANAITA            / TELES PIRES          C 1  MT/PA;MTPRT-5UHTP1        ;2015-11-07;;2015-11-30;7.5;0.008;0.124;11.22;;;;;;;;;;;;;4494;4493
SE;SUDESTE;SE;SUDESTE;MT;MATO GROSSO;PA;PARA;PARANAITA;TELES PIRES         ;500.0;COMPLEMENTAR   ;LINHA DE TRANSMISSÃO;TELES PIRES;LT  500 kV PARANAITA            / TELES PIRES          C 2  MT/PA;MTPRT-5UHTP2        ;2015-11-07;;2015-11-30;7.5;0.008;0.124;11.22;;;;;;;;;;;;;4494;4493
SE;SUDESTE;SE;SUDESTE;MT;MATO GROSSO;MT;MATO GROSSO;PARANATINGA;RIBEIRAOZINHO       ;500.0;BASICA         ;LINHA DE TRANSMISSÃO;MATRINCHA;LT  500 kV PARANATINGA          / RIBEIRAOZINHO        C 1  MT;MTPRG-5RIB-1        ;2016-07-29;;2016-05-15;354.0;0.223;3.852;531.6;3000.0;3000.0;3780.0;3780.0;3000.0;3000.0;3000.0;3000.0;3780.0;3780.0;3780.0;3780.0;4565;4517
SE;SUDESTE;SE;SUDESTE;MT;MATO GROSSO;MT;MATO GROSSO;PARANATINGA;RIBEIRAOZINHO       ;500.0;BASICA         ;LINHA DE TRANSMISSÃO;MATRINCHA;LT  500 kV PARANATINGA          / RIBEIRAOZINHO        C 2  MT;MTPRG-5RIB-2        ;2016-07-29;;2016-05-15;354.0;0.223;3.852;531.6;3000.0;3000.0;3780.0;3780.0;3000.0;3000.0;3000.0;3000.0;3780.0;3780.0;3780.0;3780.0;4565;4517
SE;SUDESTE;SE;SUDESTE;MT;MATO GROSSO;MT;MATO GROSSO;PARANATINGA;RIBEIRAOZINHO       ;500.0;BASICA         ;LINHA DE TRANSMISSÃO;PRTE;LT  500 kV PARANATINGA          / RIBEIRAOZINHO        C 3  MT;MTPRG-5RIB-3        ;2019-01-13;;2019-04-28;355.0;0.23;3.683;560.8;3000.0;3000.0;3780.0;3780.0;;;;;;;;;4565;4517
SE;SUDESTE;SE;SUDESTE;MT;MATO GROSSO;MT;MATO GROSSO;PARANATINGA;SINOP               ;500.0;BASICA         ;LINHA DE TRANSMISSÃO;MATRINCHA;LT  500 kV PARANATINGA          / SINOP                C 1  MT;MTPRG-5SP--1        ;2020-08-24;;2020-07-01;297.47;0.197;3.095;445.7;3000.0;3000.0;3780.0;3780.0;;;;;;;;;4565;4720
SE;SUDESTE;SE;SUDESTE;MT;MATO GROSSO;GO;GOIAS;RIBEIRAOZINHO;R.VERDE NORTE       ;500.0;BASICA         ;LINHA DE TRANSMISSÃO;ITE;LT  500 kV RIBEIRAOZINHO        / R.VERDE NORTE        C 1  MT/GO;MTRB--5ID--1GO      ;2006-11-30;;2006-11-30;242.0;0.215;3.295;292.8;2840.0;2840.0;2840.0;2840.0;2840.0;3304.0;3070.0;3390.0;2840.0;3603.0;3552.0;3706.0;4517;4531
SE;SUDESTE;SE;SUDESTE;MT;MATO GROSSO;GO;GOIAS;RIBEIRAOZINHO;R.VERDE NORTE       ;500.0;BASICA         ;LINHA DE TRANSMISSÃO;CATXERE;LT  500 kV RIBEIRAOZINHO        / R.VERDE NORTE        C 2  MT/GO;MTRB--5RVN-2GO      ;2012-03-03;;2012-02-26;242.0;0.16;2.552;376.4;2900.0;2900.0;3700.0;3700.0;2900.0;3661.0;3091.0;3806.0;3700.0;4186.0;3895.0;4350.0;4517;4531
SE;SUDESTE;SE;SUDESTE;MT;MATO GROSSO;GO;GOIAS;RIBEIRAOZINHO;R.VERDE NORTE       ;500.0;BASICA         ;LINHA DE TRANSMISSÃO;GTE;LT  500 kV RIBEIRAOZINHO        / R.VERDE NORTE        C 3  MT/GO;MTRIB-5RVN-3GO      ;2016-08-31;;2016-09-30;239.7;0.158;2.55;364.1;3000.0;3000.0;3780.0;3780.0;3000.0;3000.0;3000.0;3000.0;3780.0;3780.0;3780.0;3780.0;4517;4531
SE;SUDESTE;SE;SUDESTE;MT;MATO GROSSO;MT;MATO GROSSO;SE CUIABA;RIBEIRAOZINHO       ;500.0;BASICA         ;LINHA DE TRANSMISSÃO;ITE;LT  500 kV SE CUIABA            / RIBEIRAOZINHO        C 1  MT;MTCB--5RB--1        ;2006-11-30;;2006-11-30;364.0;0.337;5.077;440.4;2840.0;2840.0;2840.0;2840.0;2840.0;3270.0;2975.0;3344.0;2840.0;3573.0;3474.0;3666.0;4514;4517
SE;SUDESTE;SE;SUDESTE;MT;MATO GROSSO;MT;MATO GROSSO;SE CUIABA;RIBEIRAOZINHO       ;500.0;BASICA         ;LINHA DE TRANSMISSÃO;CATXERE;LT  500 kV SE CUIABA            / RIBEIRAOZINHO        C 2  MT;MTCB--5RB--2        ;2012-03-04;;2012-02-26;364.0;0.232;3.785;576.4;2900.0;2900.0;3700.0;3700.0;2900.0;3609.0;2929.0;3734.0;3700.0;4142.0;3865.0;4290.0;4514;4517
SE;SUDESTE;SE;SUDESTE;MT;MATO GROSSO;MT;MATO GROSSO;SINOP;CLAUDIA             ;500.0;BASICA         ;LINHA DE TRANSMISSÃO;MATRINCHA;LT  500 kV SINOP                / CLAUDIA              C 1  MT;MTSP--5CLD-2        ;2020-08-24;;2020-07-01;100.43;0.067;1.106;147.6;3000.0;3000.0;3780.0;3780.0;;;;;;;;;4720;4495
N;NORTE;N;NORTE;PA;PARA;PA;PARA;BELO MONTE;XINGU               ;500.0;COMPLEMENTAR   ;LINHA DE TRANSMISSÃO;NORTE ENERGIA SA;LT  500 kV BELO MONTE           / XINGU                C 1  PA;PABM--5XIN-1        ;2016-04-12;;2016-03-31;17.0;0.009;0.163;22.41;;;;;;;;;;;;;6730;8100
N;NORTE;N;NORTE;PA;PARA;PA;PARA;BELO MONTE;XINGU               ;500.0;COMPLEMENTAR   ;LINHA DE TRANSMISSÃO;NORTE ENERGIA SA;LT  500 kV BELO MONTE           / XINGU                C 2  PA;PABM--5XIN-2        ;2016-11-29;;2016-11-30;17.0;0.01;0.162;22.41;;;;;;;;;;;;;6730;8100
N;NORTE;N;NORTE;PA;PARA;PA;PARA;BELO MONTE;XINGU               ;500.0;COMPLEMENTAR   ;LINHA DE TRANSMISSÃO;NORTE ENERGIA SA;LT  500 kV BELO MONTE           / XINGU                C 3  PA;PABM--5XIN-3        ;2018-04-15;;2017-07-31;17.0;0.009;0.16;22.41;;;;;;;;;;;;;6730;8100
N;NORTE;N;NORTE;PA;PARA;PA;PARA;BELO MONTE;XINGU               ;500.0;COMPLEMENTAR   ;LINHA DE TRANSMISSÃO;NORTE ENERGIA SA;LT  500 kV BELO MONTE           / XINGU                C 4  PA;PABM--5XIN-4        ;2020-02-06;;2018-01-31;17.0;0.009;0.159;22.41;;;;;;;;;;;;;6730;8100
N;NORTE;N;NORTE;PA;PARA;PA;PARA;BELO MONTE;XINGU               ;500.0;COMPLEMENTAR   ;LINHA DE TRANSMISSÃO;NORTE ENERGIA SA;LT  500 kV BELO MONTE           / XINGU                C 5  PA;PABM--5XIN-5        ;2020-02-06;;2018-06-30;17.0;0.009;0.158;22.41;;;;;;;;;;;;;6730;8100
N;NORTE;N;NORTE;PA;PARA;TO;TOCANTINS;ITACAIUNAS;COLINAS             ;500.0;BASICA         ;LINHA DE TRANSMISSÃO;TAESA;LT  500 kV ITACAIUNAS           / COLINAS              C 1  PA/TO;PAIT--5CO--1TO      ;2008-05-23;;2008-05-23;292.5;0.189;3.037;454.1;3000.0;3000.0;3000.0;3000.0;3000.0;3953.0;3282.0;3989.0;3000.0;4536.0;4037.0;4609.0;6440;7300
N;NORTE;N;NORTE;PA;PARA;PA;PARA;JURUPARI;ORIXIMINA           ;500.0;BASICA         ;LINHA DE TRANSMISSÃO;LMTE;LT  500 kV JURUPARI             / ORIXIMINA            C 1  PA;PAJRP-5ORX-1        ;2013-06-12;;2013-06-10;350.0;0.33006;4.1228;571.1;3140.0;3140.0;3920.0;3920.0;3140.0;3789.0;3251.0;3798.0;3920.0;4196.0;3920.0;4248.0;8200;8300
N;NORTE;N;NORTE;PA;PARA;PA;PARA;JURUPARI;ORIXIMINA           ;500.0;BASICA         ;LINHA DE TRANSMISSÃO;LMTE;LT  500 kV JURUPARI             / ORIXIMINA            C 2  PA;PAJRP-5ORX-2        ;2013-06-12;;2013-06-10;350.0;0.32878;4.0952;571.0;3140.0;3140.0;3920.0;3920.0;3140.0;3789.0;3251.0;3798.0;3920.0;4196.0;3920.0;4248.0;8200;8300
N;NORTE;N;NORTE;PA;PARA;PA;PARA;MARABA;ITACAIUNAS          ;500.0;BASICA         ;LINHA DE TRANSMISSÃO;TAESA;LT  500 kV MARABA               / ITACAIUNAS           C 1  PA;PAMB--5IT--1        ;2008-04-27;;2008-04-27;39.8;0.023;0.362;52.6;3000.0;3000.0;3000.0;3000.0;3000.0;3938.0;3297.0;3969.0;3000.0;4523.0;4055.0;4592.0;6400;6440
N;NORTE;N;NORTE;PA;PARA;PA;PARA;MARABA;ITACAIUNAS          ;500.0;BASICA         ;LINHA DE TRANSMISSÃO;TAESA;LT  500 kV MARABA               / ITACAIUNAS           C 2  PA;PAMB--5IT--2        ;2008-04-27;;2008-04-27;39.8;0.023;0.362;52.6;3000.0;3000.0;3000.0;3000.0;3000.0;3938.0;3297.0;3969.0;3000.0;4523.0;4055.0;4592.0;6400;6440
N;NORTE;N;NORTE;PA;PARA;PA;PARA;MARABA;TUCURUI             ;500.0;BASICA         ;LINHA DE TRANSMISSÃO;AXIA NORTE;LT  500 kV MARABA               / TUCURUI              C 1  PA;PAMB--5TC--1        ;1990-12-31;;;223.3;0.23;2.87;284.8;2344.0;2300.0;2953.0;2953.0;2344.0;2344.0;2344.0;2344.0;2953.0;2953.0;2953.0;2953.0;6400;6430
N;NORTE;N;NORTE;PA;PARA;PA;PARA;MARABA;TUCURUI             ;500.0;BASICA         ;LINHA DE TRANSMISSÃO;AXIA NORTE;LT  500 kV MARABA               / TUCURUI              C 2  PA;PAMB--5TC--2        ;1990-12-31;;;223.3;0.1579;2.3391;345.0;3000.0;3000.0;3780.0;3000.0;3000.0;3000.0;3000.0;3000.0;3780.0;3780.0;3780.0;3780.0;6400;6430
N;NORTE;N;NORTE;PA;PARA;PA;PARA;MARABA;TUCURUI             ;500.0;BASICA         ;LINHA DE TRANSMISSÃO;EATE;LT  500 kV MARABA               / TUCURUI              C 3  PA;PAMB--5TC--3        ;2003-02-01;;2003-04-12;217.41;0.157;2.38;334.8;2300.0;2300.0;2829.0;2829.0;2300.0;3948.0;3333.0;3969.0;2829.0;4532.0;4100.0;4592.0;6400;6430
N;NORTE;N;NORTE;PA;PARA;PA;PARA;MARABA;TUCURUI             ;500.0;BASICA         ;LINHA DE TRANSMISSÃO;ENTE;LT  500 kV MARABA               / TUCURUI              C 4  PA;PAMB--5TC--4        ;2005-02-12;;2005-02-28;222.2;0.162;2.406;335.5;3100.0;3100.0;3100.0;3100.0;3100.0;3948.0;3333.0;3969.0;3100.0;4532.0;4100.0;4592.0;6400;6430
N;NORTE;N;NORTE;PA;PARA;PA;PARA;MARITUBA;TUCURUI             ;500.0;BASICA         ;LINHA DE TRANSMISSÃO;MARITUBA;LT  500 kV MARITUBA             / TUCURUI              C 1  PA;PAMAR-5TC--1        ;2023-07-05;;2023-05-31;380.0;0.2237;3.5268;544.3;3000.0;3000.0;3700.0;3700.0;3026.0;3880.0;3000.0;3882.0;3721.0;4000.0;3700.0;4000.0;6660;6430
N;NORTE;N;NORTE;PA;PARA;PA;PARA;MARITUBA;VILA DO CONDE       ;500.0;BASICA         ;LINHA DE TRANSMISSÃO;BELEM TRANSMISSORA7;LT  500 kV MARITUBA             / VILA DO CONDE        C 1  PA;PAMAR-5VC--1        ;2020-12-15;;2020-10-30;56.2;0.04;0.615;88.12;3875.0;3875.0;4455.0;4455.0;;;;;;;;;6660;6460
N;NORTE;N;NORTE;PA;PARA;AM;AMAZONAS;ORIXIMINA;SILVES              ;500.0;BASICA         ;LINHA DE TRANSMISSÃO;MANAUS TR;LT  500 kV ORIXIMINA            / SILVES               C 1  PA/AM;PAORX-5ITR-1AM      ;2013-07-03;;2013-06-10;335.0;0.238;3.483;534.2;3140.0;3140.0;3920.0;3920.0;3140.0;3769.0;3244.0;3789.0;3920.0;4178.0;3920.0;4239.0;8300;8400
N;NORTE;N;NORTE;PA;PARA;AM;AMAZONAS;ORIXIMINA;SILVES              ;500.0;BASICA         ;LINHA DE TRANSMISSÃO;MANAUS TR;LT  500 kV ORIXIMINA            / SILVES               C 2  PA/AM;PAORX-5ITR-2AM      ;2013-07-03;;2013-06-10;335.0;0.238;3.483;534.2;3140.0;3140.0;3920.0;3920.0;3140.0;3769.0;3244.0;3789.0;3920.0;4178.0;3920.0;4239.0;8300;8400
N;NORTE;N;NORTE;PA;PARA;PA;PARA;SE PORTOCEM I;VILA DO CONDE       ;500.0;COMPLEMENTAR   ;LINHA DE TRANSMISSÃO;PORTOCEM;LT  500 kV SE PORTOCEM I        / VILA DO CONDE        C 1  PA;PASEPC5VC--1        ;2026-06-25;;2026-07-31;4.0;0.0039;0.0482;4.9783;;;;;;;;;;;;;44930;6460
N;NORTE;N;NORTE;PA;PARA;PA;PARA;SERRA PELADA;INTEGRADORA         ;500.0;BASICA         ;LINHA DE TRANSMISSÃO;ENERGISA PARÁ II;LT  500 kV SERRA PELADA         / INTEGRADORA          C 1  PA;PASPL-5IG--1        ;2021-12-21;;2021-06-15;66.5;0.0589;0.756;89.053;2825.0;2825.0;3530.0;3530.0;2880.0;3331.0;2825.0;3336.0;3572.0;3830.0;3530.0;3834.0;6754;6560
N;NORTE;N;NORTE;PA;PARA;PA;PARA;SERRA PELADA;INTEGRADORA         ;500.0;BASICA         ;LINHA DE TRANSMISSÃO;ENERGISA PARÁ II;LT  500 kV SERRA PELADA         / INTEGRADORA          C 2  PA;PASPL-5IG--2        ;2021-12-21;;2021-06-15;66.5;0.0589;0.756;89.053;2825.0;2825.0;3530.0;3530.0;2880.0;3331.0;2825.0;3336.0;3572.0;3830.0;3530.0;3834.0;6754;6560
N;NORTE;N;NORTE;PA;PARA;PA;PARA;SERRA PELADA;ITACAIUNAS          ;500.0;BASICA         ;LINHA DE TRANSMISSÃO;NOVO ESTADO;LT  500 kV SERRA PELADA         / ITACAIUNAS           C 1  PA;PASPL-5IN--1        ;2021-12-19;;2023-03-09;115.0;0.0688;1.062;152.9;3375.0;3375.0;4000.0;4000.0;3540.0;4000.0;3375.0;4000.0;4000.0;4000.0;4000.0;4000.0;6754;6440
N;NORTE;N;NORTE;PA;PARA;TO;TOCANTINS;SERRA PELADA;MIRACEMA            ;500.0;BASICA         ;LINHA DE TRANSMISSÃO;NOVO ESTADO;LT  500 kV SERRA PELADA         / MIRACEMA             C 1  PA/TO;PASPL-5MC--1TO      ;2022-04-24;;2023-03-09;413.3;0.2062;3.0343;918.3;3375.0;3375.0;4000.0;4000.0;3540.0;4000.0;3375.0;4000.0;4000.0;4000.0;4000.0;4000.0;6754;7200
N;NORTE;N;NORTE;PA;PARA;TO;TOCANTINS;SERRA PELADA;MIRACEMA            ;500.0;BASICA         ;LINHA DE TRANSMISSÃO;NOVO ESTADO;LT  500 kV SERRA PELADA         / MIRACEMA             C 2  PA/TO;PASPL-5MC--2TO      ;2022-05-01;;2023-03-09;413.3;0.2085;3.0398;916.6;3375.0;3375.0;4000.0;4000.0;3540.0;4000.0;3375.0;4000.0;4000.0;4000.0;4000.0;4000.0;6754;7200
N;NORTE;N;NORTE;PA;PARA;PA;PARA;TUCURUI;VILA DO CONDE       ;500.0;BASICA         ;LINHA DE TRANSMISSÃO;AXIA NORTE;LT  500 kV TUCURUI              / VILA DO CONDE        C 1  PA;PATC--5VC--1        ;1990-12-31;;;328.7;0.32;4.16;422.6;2344.0;2344.0;2953.0;2953.0;2344.0;2344.0;2344.0;2344.0;2953.0;2953.0;2953.0;2953.0;6430;6460
N;NORTE;N;NORTE;PA;PARA;PA;PARA;TUCURUI;VILA DO CONDE       ;500.0;BASICA         ;LINHA DE TRANSMISSÃO;ETEP;LT  500 kV TUCURUI              / VILA DO CONDE        C 2  PA;PATC--5VC--2        ;2002-08-25;;2002-10-31;323.95;0.24;3.56;500.7;2300.0;2300.0;2829.0;2829.0;2300.0;3974.0;3326.0;4005.0;2829.0;4554.0;4091.0;4622.0;6430;6460
N;NORTE;N;NORTE;PA;PARA;PA;PARA;TUCURUI;VILA DO CONDE       ;500.0;BASICA         ;LINHA DE TRANSMISSÃO;VCTE;LT  500 kV TUCURUI              / VILA DO CONDE        C 3  PA;PATC--5VC--3        ;2006-05-09;;2006-05-05;324.0;0.21;3.392;560.6;2800.0;2800.0;2800.0;2800.0;2800.0;3712.0;2938.0;3745.0;2800.0;4331.0;3702.0;4404.0;6430;6460
N;NORTE;N;NORTE;PA;PARA;PA;PARA;TUCURUI;XINGU               ;500.0;BASICA         ;LINHA DE TRANSMISSÃO;LXTE;LT  500 kV TUCURUI              / XINGU                C 1  PA;PATC--5XIN-1        ;2013-06-12;;2013-06-10;265.0;0.2312;2.9781;401.9;3140.0;3140.0;3920.0;3920.0;3140.0;3769.0;3204.0;3803.0;3920.0;4178.0;3920.0;4252.0;6430;8100
N;NORTE;N;NORTE;PA;PARA;PA;PARA;TUCURUI;XINGU               ;500.0;BASICA         ;LINHA DE TRANSMISSÃO;LXTE;LT  500 kV TUCURUI              / XINGU                C 2  PA;PATC--5XIN-2        ;2013-06-12;;2013-06-10;265.0;0.2301;2.9568;401.9;3140.0;3140.0;3920.0;3920.0;3140.0;3769.0;3204.0;3803.0;3920.0;4178.0;3920.0;4252.0;6430;8100
N;NORTE;N;NORTE;PA;PARA;PA;PARA;XINGU;JURUPARI            ;500.0;BASICA         ;LINHA DE TRANSMISSÃO;LXTE;LT  500 kV XINGU                / JURUPARI             C 1  PA;PAXIN-5JRP-1        ;2013-06-12;;2013-06-10;244.0;0.21062;2.7326;402.5;3140.0;3140.0;3920.0;3920.0;3140.0;3789.0;3224.0;3789.0;3920.0;4196.0;3920.0;4239.0;8100;8200
N;NORTE;N;NORTE;PA;PARA;PA;PARA;XINGU;JURUPARI            ;500.0;BASICA         ;LINHA DE TRANSMISSÃO;LXTE;LT  500 kV XINGU                / JURUPARI             C 2  PA;PAXIN-5JRP-2        ;2013-06-12;;2013-06-10;244.0;0.21021;2.7326;402.5;3140.0;3140.0;3920.0;3920.0;3140.0;3789.0;3224.0;3789.0;3920.0;4196.0;3920.0;4239.0;8100;8200
N;NORTE;N;NORTE;PA;PARA;PA;PARA;XINGU;SERRA PELADA        ;500.0;BASICA         ;LINHA DE TRANSMISSÃO;NOVO ESTADO;LT  500 kV XINGU                / SERRA PELADA         C 1  PA;PAXNG-5SPL-1        ;2023-02-28;;2023-03-09;443.0;0.217;3.2172;983.7;3375.0;3375.0;4000.0;4000.0;3040.0;4000.0;2890.0;4000.0;4000.0;4000.0;4000.0;4000.0;8100;6754
N;NORTE;N;NORTE;PA;PARA;PA;PARA;XINGU;SERRA PELADA        ;500.0;BASICA         ;LINHA DE TRANSMISSÃO;NOVO ESTADO;LT  500 kV XINGU                / SERRA PELADA         C 2  PA;PAXNG-5SPL-2        ;2023-02-28;;2023-03-09;443.0;0.2193;3.2218;982.3;3375.0;3375.0;4000.0;4000.0;3040.0;4000.0;2890.0;4000.0;4000.0;4000.0;4000.0;4000.0;8100;6754
NE;NORDESTE;NE;NORDESTE;PB;PARAIBA;RN;RIO GRANDE DO NORTE;C.GRANDE III;CEARA MIRIM 2       ;500.0;BASICA         ;LINHA DE TRANSMISSÃO;AXIA NORDESTE;LT  500 kV C.GRANDE III         / CEARA MIRIM 2        C L2 PB/RN (05L2);PBCGT-5CMM-1RN      ;2015-05-10;;2015-04-30;201.0;0.1412;2.2074;296.9;3092.0;3092.0;3895.0;3895.0;3092.0;3092.0;3092.0;3092.0;3895.0;3895.0;3895.0;3895.0;5200;6130
NE;NORDESTE;NE;NORDESTE;PB;PARAIBA;RN;RIO GRANDE DO NORTE;C.GRANDE III;CEARA MIRIM 2       ;500.0;BASICA         ;LINHA DE TRANSMISSÃO;POTIGUAR SUL;LT  500 kV C.GRANDE III         / CEARA MIRIM 2        C L3 PB/RN (05L3);PBCGT-5CMM-2RN      ;2016-11-07;;2016-10-30;196.3;0.128;2.182;313.4;3095.0;3095.0;3895.0;3895.0;3095.0;3852.0;3194.0;3919.0;3895.0;4115.0;3895.0;4210.0;5200;6130
NE;NORDESTE;NE;NORDESTE;PB;PARAIBA;PE;PERNAMBUCO;C.GRANDE III;GARANHUNS II        ;500.0;BASICA         ;LINHA DE TRANSMISSÃO;IE GARANHUNS;LT  500 kV C.GRANDE III         / GARANHUNS II         C Z3 PB/PE (05Z3);PBCGT-5GRD-1PE      ;2015-10-03;;2015-09-30;193.8;0.132;2.095;298.6;3092.0;3092.0;3895.0;3895.0;3092.0;3975.0;3115.0;4030.0;3895.0;4275.0;3895.0;4356.0;5200;5090
NE;NORDESTE;NE;NORDESTE;PB;PARAIBA;PB;PARAIBA;C.GRANDE III;JOAO PESSOA II      ;500.0;BASICA         ;LINHA DE TRANSMISSÃO;BORBOREMA;LT  500 kV C.GRANDE III         / JOAO PESSOA II       C Z7 PB (05Z7);PBCGT-5JPII1        ;2022-06-18;;2022-05-07;122.21;0.0843;1.5127;161.3;3095.0;3095.0;3895.0;3895.0;3095.0;3872.0;3173.0;3956.0;3895.0;4000.0;3928.0;4000.0;5200;5836
NE;NORDESTE;NE;NORDESTE;PB;PARAIBA;PE;PERNAMBUCO;C.GRANDE III;PAU FERRO           ;500.0;BASICA         ;LINHA DE TRANSMISSÃO;CGI;LT  500 kV C.GRANDE III         / PAU FERRO            C Z5 PB/PE (05Z5);PBCGT-5PFE-1PE      ;2020-04-07;;2020-01-15;131.0;0.09013;1.39;205.7;3092.0;3092.0;3896.0;3896.0;;;;;;;;;5200;5180
NE;NORDESTE;NE;NORDESTE;PB;PARAIBA;PB;PARAIBA;SANTA LUZIA II;C.GRANDE III        ;500.0;BASICA         ;LINHA DE TRANSMISSÃO;SANTA LUZIA;LT  500 kV SANTA LUZIA II       / C.GRANDE III         C Z6 PB (05Z6);RNSTL-5CGT-1PB      ;2021-06-26;;2022-04-08;123.8;0.085;1.313;192.5;3095.0;3095.0;4000.0;4000.0;3092.0;4000.0;3191.0;4000.0;4000.0;4000.0;4000.0;4000.0;5926;5200
NE;NORDESTE;NE;NORDESTE;PB;PARAIBA;CE;CEARA;SANTA LUZIA II;MILAGRES II         ;500.0;BASICA         ;LINHA DE TRANSMISSÃO;SANTA LUZIA;LT  500 kV SANTA LUZIA II       / MILAGRES II          C C5 PB/CE (05C5);RNSTL-5MLD-1CE      ;2021-07-29;;2022-04-08;222.4;0.15;2.336;347.4;3095.0;3095.0;4000.0;4000.0;3095.0;4000.0;3176.0;4000.0;4000.0;4000.0;4000.0;4000.0;5926;5380
NE;NORDESTE;NE;NORDESTE;PE;PERNAMBUCO;PE;PERNAMBUCO;ANGELIM II;GARANHUNS II        ;500.0;BASICA         ;LINHA DE TRANSMISSÃO;AXIA NORDESTE;LT  500 kV ANGELIM II           / GARANHUNS II         C L5 PE (05L5);PEAGD-5GRD-1        ;2015-09-23;;2015-10-30;13.8;0.015;0.161;15.59;1508.0;1508.0;2141.0;2141.0;1508.0;1810.0;1508.0;1825.0;2141.0;2552.0;2144.0;2430.0;5100;5090
NE;NORDESTE;NE;NORDESTE;PE;PERNAMBUCO;PE;PERNAMBUCO;ANGELIM II;PAU FERRO           ;500.0;BASICA         ;LINHA DE TRANSMISSÃO;AXIA NORDESTE;LT  500 kV ANGELIM II           / PAU FERRO            C L3 PE (05L3);PEAGD-5PFE-1        ;2016-02-21;;2016-01-24;220.0;0.254;2.812;286.0;1508.0;1508.0;2141.0;2141.0;1508.0;1810.0;1508.0;1825.0;2141.0;2555.0;2223.0;2436.0;5100;5180
NE;NORDESTE;NE;NORDESTE;PE;PERNAMBUCO;PE;PERNAMBUCO;ANGELIM II;RECIFE II           ;500.0;BASICA         ;LINHA DE TRANSMISSÃO;AXIA NORDESTE;LT  500 kV ANGELIM II           / RECIFE II            C L8 PE (05L8);PEAGD-5RCD-1        ;1990-12-31;2016-02-20;;169.0;0.23;2.16;224.56;;;;;1508.0;1810.0;1508.0;1825.0;2141.0;2555.0;2223.0;2436.0;5100;5140
NE;NORDESTE;NE;NORDESTE;PE;PERNAMBUCO;PE;PERNAMBUCO;ANGELIM II;RECIFE II           ;500.0;BASICA         ;LINHA DE TRANSMISSÃO;AXIA NORDESTE;LT  500 kV ANGELIM II           / RECIFE II            C L9 PE (05L9);PEAGD-5RCD-2        ;1990-12-31;2025-05-26;;170.7;0.17;2.18;221.5;;;;;2524.0;2650.0;2524.0;2650.0;3180.0;3434.0;3182.0;3258.0;5100;5140
NE;NORDESTE;NE;NORDESTE;PE;PERNAMBUCO;PE;PERNAMBUCO;ANGELIM II;SUAPE II            ;500.0;BASICA         ;LINHA DE TRANSMISSÃO;AXIA NORDESTE;LT  500 kV ANGELIM II           / SUAPE II             C L9 PE (05L9);PEAGD-5SUD-1        ;2025-05-26;;2025-04-30;51.77;0.185;2.227;229.7;2524.0;2524.0;3180.0;3180.0;;;;;;;;;5100;5360
NE;NORDESTE;NE;NORDESTE;PE;PERNAMBUCO;PE;PERNAMBUCO;GARANHUNS II;PAU FERRO           ;500.0;BASICA         ;LINHA DE TRANSMISSÃO;IE GARANHUNS;LT  500 kV GARANHUNS II         / PAU FERRO            C Z4 PE (05Z4);PEGRD-5PFE-1        ;2015-11-24;;2015-12-01;209.0;0.143;2.261;322.3;3092.0;3092.0;3895.0;3895.0;3092.0;3877.0;3122.0;3965.0;3985.0;4186.0;3895.0;4298.0;5090;5180
NE;NORDESTE;NE;NORDESTE;PE;PERNAMBUCO;PE;PERNAMBUCO;GARANHUNS II;US. L.GONZAGA       ;500.0;BASICA         ;LINHA DE TRANSMISSÃO;AXIA NORDESTE;LT  500 kV GARANHUNS II         / US. L.GONZAGA        C Z1 PE (05Z1);PEGRD-5ULG-1        ;2015-09-23;;2015-10-30;238.7;0.296;3.037;313.2;1508.0;1508.0;2141.0;2141.0;1508.0;1810.0;1508.0;1825.0;2141.0;2552.0;2144.0;2430.0;5090;5050
NE;NORDESTE;NE;NORDESTE;PE;PERNAMBUCO;PE;PERNAMBUCO;GARANHUNS II;US. L.GONZAGA       ;500.0;BASICA         ;LINHA DE TRANSMISSÃO;IE GARANHUNS;LT  500 kV GARANHUNS II         / US. L.GONZAGA        C Z2 PE (05Z2);PEGRD-5ULG-2        ;2015-10-27;;2015-11-30;217.7;0.148;2.353;335.5;3092.0;3092.0;3895.0;3895.0;3092.0;3092.0;3092.0;3092.0;3895.0;3895.0;3895.0;3895.0;5090;5050
NE;NORDESTE;NE;NORDESTE;PE;PERNAMBUCO;PE;PERNAMBUCO;PAU FERRO;RECIFE II           ;500.0;BASICA         ;LINHA DE TRANSMISSÃO;AXIA NORDESTE;LT  500 kV PAU FERRO            / RECIFE II            C L8 PE (05L8);PEPFE-5RCD-1        ;2016-02-21;;2016-01-24;113.0;0.121;1.455;146.3;1508.0;1508.0;2141.0;2141.0;1508.0;1810.0;1508.0;1825.0;2141.0;2555.0;2223.0;2436.0;5180;5140
NE;NORDESTE;NE;NORDESTE;PE;PERNAMBUCO;PE;PERNAMBUCO;RECIFE II;SUAPE II            ;500.0;BASICA         ;LINHA DE TRANSMISSÃO;AXIA NORDESTE;LT  500 kV RECIFE II            / SUAPE II             C L4 PE (05L4);PERCD-5SUD-3        ;2025-05-26;;2025-03-30;43.1;0.045;0.541;56.6;2524.0;2524.0;3180.0;3180.0;;;;;;;;;5140;5360
NE;NORDESTE;NE;NORDESTE;PE;PERNAMBUCO;PE;PERNAMBUCO;RECIFE II;SUAPE II            ;500.0;BASICA         ;LINHA DE TRANSMISSÃO;AXIA NORDESTE;LT  500 kV RECIFE II            / SUAPE II             C L7 PE ();PERCD-5SUD-1        ;2012-12-17;;2012-12-16;111.4;0.05;0.58;61.04;2524.0;2500.0;3180.0;2500.0;2524.0;2650.0;2524.0;2650.0;3180.0;3455.0;3248.0;3279.0;5140;5360
NE;NORDESTE;NE;NORDESTE;PE;PERNAMBUCO;PE;PERNAMBUCO;US. L.GONZAGA;ANGELIM II          ;500.0;BASICA         ;LINHA DE TRANSMISSÃO;AXIA NORDESTE;LT  500 kV US. L.GONZAGA        / ANGELIM II           C L5 PE (05L5);PEULG-5AGD-1        ;1990-12-31;2015-09-16;;248.4;0.31;3.1;326.72;;;;;1508.0;1810.0;1508.0;1825.0;2141.0;2552.0;2144.0;2430.0;5050;5100
NE;NORDESTE;NE;NORDESTE;PE;PERNAMBUCO;CE;CEARA;US. L.GONZAGA;MILAGRES            ;500.0;BASICA         ;LINHA DE TRANSMISSÃO;AXIA NORDESTE;LT  500 kV US. L.GONZAGA        / MILAGRES             C V1 PE/CE (05V1);PEULG-5MLG-1CE      ;2002-02-03;;2001-10-31;231.2;0.21;2.57;343.2;2524.0;2524.0;3180.0;3150.0;2524.0;2650.0;2524.0;2650.0;3180.0;3403.0;3180.0;3212.0;5050;5408
NE;NORDESTE;NE;NORDESTE;PE;PERNAMBUCO;BA;BAHIA;US. L.GONZAGA;U.SOBRADINHO        ;500.0;BASICA         ;LINHA DE TRANSMISSÃO;AXIA NORDESTE;LT  500 kV US. L.GONZAGA        / U.SOBRADINHO         C C3 PE/BA (05C3);PEULG-5USB-1BA      ;1990-12-31;2019-01-21;;290.6;0.27;3.64;372.48;;;;;2524.0;2650.0;2524.0;2650.0;3180.0;3414.0;3180.0;3206.0;5050;6300
NE;NORDESTE;NE;NORDESTE;PE;PERNAMBUCO;BA;BAHIA;US. L.GONZAGA;U.SOBRADINHO        ;500.0;BASICA         ;LINHA DE TRANSMISSÃO;AXIA NORDESTE;LT  500 kV US. L.GONZAGA        / U.SOBRADINHO         C C4 PE/BA (05C4);PEULG-5USB-2BA      ;1990-12-31;2025-11-17;;316.0;0.29;3.99;411.4;;;;;2524.0;2650.0;2524.0;2650.0;3180.0;3414.0;3180.0;3206.0;5050;6300
NE;NORDESTE;NE;NORDESTE;PI;PIAUI;CE;CEARA;CURRAL PIAUI II;MILAGRES            ;500.0;BASICA         ;LINHA DE TRANSMISSÃO;IRACEMA;LT  500 kV CURRAL PIAUI II      / MILAGRES             C V4 PI/CE (05V4);PICNP-5MLG-1CE      ;2015-08-13;2022-11-17;2015-11-30;220.0;0.155;2.231;356.98;;;;;2300.0;2300.0;2300.0;2300.0;2300.0;2300.0;2300.0;2300.0;6640;5408
NE;NORDESTE;NE;NORDESTE;PI;PIAUI;CE;CEARA;CURRAL PIAUI II;MILAGRES II         ;500.0;BASICA         ;LINHA DE TRANSMISSÃO;IRACEMA;LT  500 kV CURRAL PIAUI II      / MILAGRES II          C C6 PI/CE (05C6);PICNP-5MLD-1CE      ;2022-11-17;;2022-02-09;209.7;0.154;2.218;325.3;2300.0;2300.0;2300.0;2300.0;;;;;;;;;6640;5380
NE;NORDESTE;NE;NORDESTE;PI;PIAUI;PI;PIAUI;CURRAL PIAUI II;QUEIMADA NOVA 2     ;500.0;BASICA         ;LINHA DE TRANSMISSÃO;SERTANEJA;LT  500 kV CURRAL PIAUI II      / QUEIMADA NOVA 2      C V1 PI (05V1);PICNP-5QMN-1        ;2021-05-25;;2022-02-09;109.59;0.06;0.838;238.07;2880.0;2880.0;4000.0;4000.0;;;;;;;;;6640;5325
NE;NORDESTE;NE;NORDESTE;PI;PIAUI;PI;PIAUI;CURRAL PIAUI II;S.JOAO PIAUI        ;500.0;BASICA         ;LINHA DE TRANSMISSÃO;IRACEMA;LT  500 kV CURRAL PIAUI II      / S.JOAO PIAUI         C C1 PI (05C1);PICNP-5SJI-1        ;2015-08-13;;2015-11-30;181.0;0.134;1.92;279.9;2300.0;2300.0;2300.0;2300.0;2300.0;2300.0;2300.0;2300.0;2300.0;2300.0;2300.0;2300.0;6640;5570
NE;NORDESTE;N;NORTE;PI;PIAUI;TO;TOCANTINS;GILBUES II;MIRACEMA            ;500.0;BASICA         ;LINHA DE TRANSMISSÃO;JALAPÃO;LT  500 kV GILBUES II           / MIRACEMA             C C3 PI/TO (C3);PIGBD-5MC--1TO      ;2021-12-29;;2022-11-08;416.3;0.207;3.045;923.1;3375.0;3375.0;4000.0;4000.0;3475.0;4000.0;3375.0;4000.0;4000.0;4000.0;4000.0;4000.0;7190;7200
NE;NORDESTE;NE;NORDESTE;PI;PIAUI;PI;PIAUI;GILBUES II;S.JOAO PIAUI        ;500.0;BASICA         ;LINHA DE TRANSMISSÃO;SJTE;LT  500 kV GILBUES II           / S.JOAO PIAUI         C L5 PI (05L5);PIGBD-5SJI-1        ;2018-12-22;;2018-12-31;413.0;0.207;3.478;798.2;4545.0;4545.0;5405.0;5405.0;;;;;;;;;7190;5570
NE;NORDESTE;NE;NORDESTE;PI;PIAUI;PI;PIAUI;LAG. DOS VENTOS;S.JOAO PIAUI        ;500.0;COMPLEMENTAR   ;LINHA DE TRANSMISSÃO;SANTA ANGELA 1;LT  500 kV LAG. DOS VENTOS      / S.JOAO PIAUI         C P2 PI (05P2);PILDV-5SJI-1        ;2020-11-12;;2020-05-31;96.0;0.092;1.285;118.03;;;;;;;;;;;;;8198;5570
NE;NORDESTE;NE;NORDESTE;PI;PIAUI;PI;PIAUI;LAGOA VENTOS 3;QUEIMADA NOVA 2     ;500.0;COMPLEMENTAR   ;LINHA DE TRANSMISSÃO;SÃO ROQUE 01;LT  500 kV LAGOA VENTOS 3       / QUEIMADA NOVA 2      C L5 PI (05L5);PILV3-5QND-1        ;2022-10-01;;2021-08-01;40.0;0.0373;0.5357;49.09;;;;;;;;;;;;;5699;5325
NE;NORDESTE;NE;NORDESTE;PI;PIAUI;PI;PIAUI;OITIS;QUEIMADA NOVA 2     ;500.0;COMPLEMENTAR   ;LINHA DE TRANSMISSÃO;OITIS 1;LT  500 kV OITIS                / QUEIMADA NOVA 2      C L4 PI (05L4);PIOIT-5QND-1        ;2022-07-22;;2022-04-25;64.0;0.0593;0.7896;84.89;;;;;;;;;;;;;8338;5325
NE;NORDESTE;NE;NORDESTE;PI;PIAUI;CE;CEARA;PARNAIBA III;TIANGUA II          ;500.0;BASICA         ;LINHA DE TRANSMISSÃO;SITE;LT  500 kV PARNAIBA III         / TIANGUA II           C 1  PI/CE (PBT-TGD1);PIPNB-5TIA-1CE      ;2021-03-21;;2023-03-09;110.54;0.076;1.1806;170.41;3000.0;3000.0;3765.0;3765.0;3025.0;3935.0;3000.0;3955.0;3785.0;4000.0;3765.0;4000.0;5679;5176
NE;NORDESTE;NE;NORDESTE;PI;PIAUI;PI;PIAUI;RIB.GONCALVES;S.JOAO PIAUI        ;500.0;BASICA         ;LINHA DE TRANSMISSÃO;IE NORTE NORDESTE;LT  500 kV RIB.GONCALVES        / S.JOAO PIAUI         C L3 PI (05L3);PIRGV-5SJI-2        ;2010-12-20;;2010-12-01;343.0;0.2594;3.6777;528.4;2300.0;2300.0;2900.0;2900.0;2300.0;3745.0;3003.0;3817.0;2900.0;4345.0;3784.0;4436.0;5436;5570
NE;NORDESTE;NE;NORDESTE;PI;PIAUI;PI;PIAUI;RIB.GONCALVES;S.JOAO PIAUI        ;500.0;BASICA         ;LINHA DE TRANSMISSÃO;TAESA;LT  500 kV RIB.GONCALVES        / S.JOAO PIAUI         C L4 PI (05L4);PIRGO-5SJI-1        ;2006-12-11;;2006-12-10;353.0;0.259;3.678;540.8;2300.0;2300.0;2300.0;2300.0;2300.0;3762.0;3019.0;3838.0;2300.0;4359.0;3804.0;4454.0;5436;5570
NE;NORDESTE;NE;NORDESTE;PI;PIAUI;PI;PIAUI;S.JOAO PIAUI;B. ESPERANCA        ;500.0;BASICA         ;LINHA DE TRANSMISSÃO;AXIA NORDESTE;LT  500 kV S.JOAO PIAUI         / B. ESPERANCA         C C6 PI (05C6);PISJI-5BEA-1        ;1990-12-31;;;233.8;0.22;2.97;301.5;2000.0;2000.0;2520.0;2500.0;2000.0;2100.0;2000.0;2100.0;2520.0;2940.0;2841.0;2994.0;5570;5510
NE;NORDESTE;NE;NORDESTE;PI;PIAUI;CE;CEARA;S.JOAO PIAUI;MILAGRES            ;500.0;BASICA         ;LINHA DE TRANSMISSÃO;IRACEMA;LT  500 kV S.JOAO PIAUI         / MILAGRES             C V4 PI/CE (05V4);PISJI-5MLG-1CE      ;2010-12-07;2015-08-13;2010-12-01;400.0;0.276;4.101;629.7;;;;;2300.0;3778.0;2995.0;3849.0;2300.0;4373.0;3774.0;4463.0;5570;5408
NE;NORDESTE;NE;NORDESTE;PI;PIAUI;PI;PIAUI;SAO GONCALO;GILBUES II          ;500.0;COMPLEMENTAR   ;LINHA DE TRANSMISSÃO;EGP SAO GONCALO 1;LT  500 kV SAO GONCALO          / GILBUES II           C L4 PI (05L4);PISGO-5GID-1        ;2020-02-22;;2019-10-31;40.0;0.0369;0.5372;48.98;;;;;;;;;;;;;8188;7190
NE;NORDESTE;N;NORTE;PI;PIAUI;MA;MARANHAO;TERESINA II;P.DUTRA             ;500.0;BASICA         ;LINHA DE TRANSMISSÃO;AXIA NORDESTE;LT  500 kV TERESINA II          / P.DUTRA              C C8 PI/MA (05C8);PITSD-5PD--1MA      ;2000-05-10;;;207.8;0.14;2.21;327.4;2452.0;2452.0;3090.0;3090.0;2452.0;2991.0;2452.0;3016.0;3090.0;3802.0;3531.0;3856.0;5500;5580
NE;NORDESTE;N;NORTE;PI;PIAUI;MA;MARANHAO;TERESINA II;P.DUTRA             ;500.0;BASICA         ;LINHA DE TRANSMISSÃO;AXIA NORDESTE;LT  500 kV TERESINA II          / P.DUTRA              C C9 PI/MA (05C9);PITSD-5PD--2MA      ;2003-04-26;;2003-04-30;210.0;0.14;2.22;327.5;2452.0;2452.0;3090.0;3090.0;2452.0;2991.0;2452.0;3016.0;3090.0;3802.0;3531.0;3856.0;5500;5580
NE;NORDESTE;NE;NORDESTE;PI;PIAUI;CE;CEARA;TERESINA II;SOBRAL III          ;500.0;BASICA         ;LINHA DE TRANSMISSÃO;STN;LT  500 kV TERESINA II          / SOBRAL III           C V8 PI/CE (05V8);PITSD-5SBT-2CE      ;2005-12-19;2021-10-31;2006-01-01;334.4;0.22;3.49;534.64;;;;;2300.0;3267.0;2578.0;3292.0;2300.0;3820.0;3261.0;3869.0;5500;5480
NE;NORDESTE;NE;NORDESTE;PI;PIAUI;CE;CEARA;TERESINA II;SOBRAL III          ;500.0;BASICA         ;LINHA DE TRANSMISSÃO;AXIA NORDESTE;LT  500 kV TERESINA II          / SOBRAL III           C V9 PI/CE (05V9);PITSD-5SBT-1CE      ;2000-05-10;2019-09-13;;332.2;0.22;3.49;534.64;;;;;2452.0;2991.0;2452.0;3016.0;3090.0;3779.0;3500.0;3825.0;5500;5480
NE;NORDESTE;NE;NORDESTE;PI;PIAUI;CE;CEARA;TERESINA II;TIANGUA II          ;500.0;BASICA         ;LINHA DE TRANSMISSÃO;AXIA NORDESTE;LT  500 kV TERESINA II          / TIANGUA II           C V9 PI/CE (05V9);PITSD-5TIA-1CE      ;2019-09-18;;2021-06-27;247.8;0.187;2.872;416.8;2452.0;2452.0;3090.0;3090.0;;;;;;;;;5500;5176
SE;SUDESTE;SE;SUDESTE;PR;PARANA;PR;PARANA;ITAIPU 60 HZ;F.IGUACU 60HZ       ;500.0;COMPLEMENTAR   ;LINHA DE TRANSMISSÃO;ITAIPU;LT  500 kV ITAIPU 60 HZ         / F.IGUACU 60HZ        C 1  PR ();PRIT605STF61        ;1990-12-31;;;8.2;0.00517;0.10727;11.03;0.0;0.0;0.0;0.0;;;;;;;;;1106;61
SE;SUDESTE;SE;SUDESTE;PR;PARANA;PR;PARANA;ITAIPU 60 HZ;F.IGUACU 60HZ       ;500.0;COMPLEMENTAR   ;LINHA DE TRANSMISSÃO;ITAIPU;LT  500 kV ITAIPU 60 HZ         / F.IGUACU 60HZ        C 2  PR ();PRIT605STF62        ;1990-12-31;;;8.1;0.005;0.106;10.87;0.0;0.0;0.0;0.0;;;;;;;;;1106;61
SE;SUDESTE;SE;SUDESTE;PR;PARANA;PR;PARANA;ITAIPU 60 HZ;F.IGUACU 60HZ       ;500.0;COMPLEMENTAR   ;LINHA DE TRANSMISSÃO;ITAIPU;LT  500 kV ITAIPU 60 HZ         / F.IGUACU 60HZ        C 3  PR ();PRIT605STF63        ;1990-12-31;;;8.0;0.00501;0.10381;10.68;;;;;;;;;;;;;1106;61
SE;SUDESTE;SE;SUDESTE;PR;PARANA;PR;PARANA;ITAIPU 60 HZ;F.IGUACU 60HZ       ;500.0;COMPLEMENTAR   ;LINHA DE TRANSMISSÃO;ITAIPU;LT  500 kV ITAIPU 60 HZ         / F.IGUACU 60HZ        C 4  PR ();PRIT605STF64        ;1990-12-31;;;7.8;0.00494;0.10238;10.53;;;;;;;;;;;;;1106;61
PY;PARAGUAI;SE;SUDESTE;PY;DADOS REF. PARAGUAI;PR;PARANA;ITAIPU 50 HZ;F.IGUACU 50HZ       ;500.0;COMPLEMENTAR   ;LINHA DE TRANSMISSÃO;ITAIPU;LT  500 kV ITAIPU 50 HZ         / F.IGUACU 50HZ        C 1  PY/PR ();PYIT505STF51PR      ;1990-12-31;2014-08-03;;11.22;0.00691;0.11987;12.279;;;;;;;;;;;;;1101;85
PY;PARAGUAI;SE;SUDESTE;PY;DADOS REF. PARAGUAI;PR;PARANA;ITAIPU 50 HZ;F.IGUACU 50HZ       ;500.0;COMPLEMENTAR   ;LINHA DE TRANSMISSÃO;ITAIPU;LT  500 kV ITAIPU 50 HZ         / F.IGUACU 50HZ        C 2  PY/PR ();PYIT505STF52PR      ;1990-12-31;2014-09-14;;11.22;0.00672;0.11661;11.929;;;;;;;;;;;;;1101;85
PY;PARAGUAI;PY;PARAGUAI;PY;DADOS REF. PARAGUAI;PY;DADOS REF. PARAGUAI;ITAIPU 50 HZ;MARGEM DIREIT       ;500.0;COMPLEMENTAR   ;LINHA DE TRANSMISSÃO;ITAIPU;LT  500 kV ITAIPU 50 HZ         / MARGEM DIREIT        C 1  PY ();PYIT505SEMD1        ;1990-12-31;;;2.05;0.001;0.023;2.216;;;;;;;;;;;;;1101;1103
PY;PARAGUAI;PY;PARAGUAI;PY;DADOS REF. PARAGUAI;PY;DADOS REF. PARAGUAI;ITAIPU 50 HZ;MARGEM DIREIT       ;500.0;COMPLEMENTAR   ;LINHA DE TRANSMISSÃO;ITAIPU;LT  500 kV ITAIPU 50 HZ         / MARGEM DIREIT        C 2  PY ();PYIT505SEMD2        ;1990-12-31;;;2.05;0.001;0.023;2.239;;;;;;;;;;;;;1101;1103
PY;PARAGUAI;PY;PARAGUAI;PY;DADOS REF. PARAGUAI;PY;DADOS REF. PARAGUAI;ITAIPU 50 HZ;MARGEM DIREIT       ;500.0;COMPLEMENTAR   ;LINHA DE TRANSMISSÃO;ITAIPU;LT  500 kV ITAIPU 50 HZ         / MARGEM DIREIT        C 3  PY ();PYIT505SEMD3        ;2014-08-03;;2014-08-03;2.224;0.00111;0.01918;2.239;;;;;;;;;;;;;1101;1103
PY;PARAGUAI;PY;PARAGUAI;PY;DADOS REF. PARAGUAI;PY;DADOS REF. PARAGUAI;ITAIPU 50 HZ;MARGEM DIREIT       ;500.0;COMPLEMENTAR   ;LINHA DE TRANSMISSÃO;ITAIPU;LT  500 kV ITAIPU 50 HZ         / MARGEM DIREIT        C 4  PY ();PYIT505SEMD4        ;2014-09-14;;2014-09-14;2.249;0.00108;0.01866;2.239;;;;;;;;;;;;;1101;1103
PY;PARAGUAI;SE;SUDESTE;PY;DADOS REF. PARAGUAI;PR;PARANA;MARGEM DIREIT;F.IGUACU 50HZ       ;500.0;COMPLEMENTAR   ;LINHA DE TRANSMISSÃO;ITAIPU;LT  500 kV MARGEM DIREIT        / F.IGUACU 50HZ        C 1  PY/PR ();PYSEMD5STF51PR      ;1990-12-31;;;9.12;0.006;0.1;10.4;;;;;;;;;;;;;1103;85
PY;PARAGUAI;SE;SUDESTE;PY;DADOS REF. PARAGUAI;PR;PARANA;MARGEM DIREIT;F.IGUACU 50HZ       ;500.0;COMPLEMENTAR   ;LINHA DE TRANSMISSÃO;ITAIPU;LT  500 kV MARGEM DIREIT        / F.IGUACU 50HZ        C 2  PY/PR ();PYSEMD5STF52PR      ;1990-12-31;;;9.12;0.006;0.098;10.21;;;;;;;;;;;;;1103;85
PY;PARAGUAI;SE;SUDESTE;PY;DADOS REF. PARAGUAI;PR;PARANA;MARGEM DIREIT;F.IGUACU 50HZ       ;500.0;COMPLEMENTAR   ;LINHA DE TRANSMISSÃO;ITAIPU;LT  500 kV MARGEM DIREIT        / F.IGUACU 50HZ        C 3  PY/PR ();PYSEMD5STF53PR      ;2014-08-03;;2014-08-03;8.81;0.0058;0.10069;10.04;;;;;;;;;;;;;1103;85
PY;PARAGUAI;SE;SUDESTE;PY;DADOS REF. PARAGUAI;PR;PARANA;MARGEM DIREIT;F.IGUACU 50HZ       ;500.0;COMPLEMENTAR   ;LINHA DE TRANSMISSÃO;ITAIPU;LT  500 kV MARGEM DIREIT        / F.IGUACU 50HZ        C 4  PY/PR ();PYSEMD5STF54PR      ;2014-09-14;;2014-09-14;8.674;0.00564;0.09795;9.69;;;;;;;;;;;;;1103;85
SE;SUDESTE;SE;SUDESTE;RJ;RIO DE JANEIRO;RJ;RIO DE JANEIRO;ADRIANOPOLIS;B. FLUMINENSE       ;500.0;BASICA         ;LINHA DE TRANSMISSÃO;AXIA ENERGIA;LT  500 kV ADRIANOPOLIS         / B. FLUMINENSE        C 1  RJ ();RJSTAD5STBF1        ;2013-11-19;;2013-10-31;18.9;0.012;0.193;29.69;2856.0;2856.0;3598.0;3000.0;2856.0;3130.0;2856.0;3256.0;3599.0;3599.0;3599.0;3599.0;106;9626
SE;SUDESTE;SE;SUDESTE;RJ;RIO DE JANEIRO;SP;SAO PAULO;ADRIANOPOLIS;C. PAULISTA         ;500.0;BASICA         ;LINHA DE TRANSMISSÃO;FURNAS;LT  500 kV ADRIANOPOLIS         / C. PAULISTA          C 1  RJ/SP ();RJSTAD5STCH1SP      ;1990-12-31;2019-10-13;;171.0;0.158;2.38;200.293;;;;;2142.0;2142.0;2142.0;2166.0;2699.0;2699.0;2699.0;2699.0;106;104
SE;SUDESTE;SE;SUDESTE;RJ;RIO DE JANEIRO;SP;SAO PAULO;ADRIANOPOLIS;C. PAULISTA         ;500.0;BASICA         ;LINHA DE TRANSMISSÃO;FURNAS;LT  500 kV ADRIANOPOLIS         / C. PAULISTA          C 2  RJ/SP ();RJSTAD5STCH2SP      ;1990-12-31;2009-04-06;;171.0;0.15;2.39;203.1;;;;;;;;;;;;;106;104
SE;SUDESTE;SE;SUDESTE;RJ;RIO DE JANEIRO;SP;SAO PAULO;ADRIANOPOLIS;C. PAULISTA         ;500.0;BASICA         ;LINHA DE TRANSMISSÃO;FURNAS;LT  500 kV ADRIANOPOLIS         / C. PAULISTA          C 3  RJ/SP ();RJSTAD5STCH3SP      ;2004-05-20;2013-11-19;2004-05-31;177.5;0.12;1.87;279.7;;;;;;;;;;;;;106;104
SE;SUDESTE;SE;SUDESTE;RJ;RIO DE JANEIRO;RJ;RIO DE JANEIRO;ADRIANOPOLIS;GRAJAU              ;500.0;BASICA         ;LINHA DE TRANSMISSÃO;AXIA ENERGIA;LT  500 kV ADRIANOPOLIS         / GRAJAU               C 1  RJ ();RJSTAD5STGR1        ;1990-12-31;;;55.0;0.033;0.673;72.57;3119.0;3000.0;3930.0;3000.0;3119.0;3464.0;3119.0;3683.0;3930.0;3954.0;3930.0;4254.0;106;107
SE;SUDESTE;SE;SUDESTE;RJ;RIO DE JANEIRO;RJ;RIO DE JANEIRO;ADRIANOPOLIS;RESENDE             ;500.0;BASICA         ;LINHA DE TRANSMISSÃO;FURNAS;LT  500 kV ADRIANOPOLIS         / RESENDE              C 1  RJ ();RJSTAD5STRS1        ;2009-04-06;2019-08-11;2009-08-31;115.0;0.1;1.61;136.6;;;;;2142.0;2142.0;2142.0;2166.0;2699.0;2699.0;2699.0;2699.0;106;87
SE;SUDESTE;SE;SUDESTE;RJ;RIO DE JANEIRO;RJ;RIO DE JANEIRO;ADRIANOPOLIS;SAO JOSE            ;500.0;BASICA         ;LINHA DE TRANSMISSÃO;AXIA ENERGIA;LT  500 kV ADRIANOPOLIS         / SAO JOSE             C 1  RJ ();RJSTAD5STSJ1        ;1990-12-31;;;33.0;0.019;0.389;42.1;3119.0;3000.0;3930.0;3000.0;3119.0;3468.0;3119.0;3596.0;3930.0;3938.0;3930.0;4106.0;106;108
SE;SUDESTE;SE;SUDESTE;RJ;RIO DE JANEIRO;RJ;RIO DE JANEIRO;ADRIANOPOLIS;TERMINAL RIO        ;500.0;BASICA         ;LINHA DE TRANSMISSÃO;AXIA ENERGIA;LT  500 kV ADRIANOPOLIS         / TERMINAL RIO         C 1  RJ ();RJSTAD5TRIO1        ;2019-10-13;;2019-09-02;32.36;0.03;0.458;38.58;2142.0;2142.0;2699.0;2699.0;;;;;;;;;106;9605
SE;SUDESTE;SE;SUDESTE;RJ;RIO DE JANEIRO;RJ;RIO DE JANEIRO;ADRIANOPOLIS;TERMINAL RIO        ;500.0;BASICA         ;LINHA DE TRANSMISSÃO;AXIA ENERGIA;LT  500 kV ADRIANOPOLIS         / TERMINAL RIO         C 2  RJ ();RJSTAD5TRIO2        ;2019-08-11;;2019-09-02;32.36;0.03;0.452;38.58;2142.0;2142.0;2699.0;2699.0;;;;;;;;;106;9605
SE;SUDESTE;SE;SUDESTE;RJ;RIO DE JANEIRO;RJ;RIO DE JANEIRO;ANGRA 2;ANGRA FUR           ;500.0;COMPLEMENTAR   ;LINHA DE TRANSMISSÃO;AXIA ENERGIA;LT  500 kV ANGRA 2              / ANGRA FUR            C 2  RJ ();RJUSAN5STAN2        ;1990-12-31;;;0.01;0.01;0.02;0.0;;;;;;;;;;;;;92139;105
SE;SUDESTE;SE;SUDESTE;RJ;RIO DE JANEIRO;SP;SAO PAULO;ANGRA FUR;C. PAULISTA         ;500.0;BASICA         ;LINHA DE TRANSMISSÃO;AXIA ENERGIA;LT  500 kV ANGRA FUR            / C. PAULISTA          C 1  RJ/SP ();RJSTAN5STCH1SP      ;1990-12-31;;;103.0;0.093;1.456;122.5;2142.0;2142.0;2699.0;2699.0;2142.0;2142.0;2142.0;2145.0;2699.0;2699.0;2699.0;2699.0;105;104
SE;SUDESTE;SE;SUDESTE;RJ;RIO DE JANEIRO;RJ;RIO DE JANEIRO;ANGRA FUR;GRAJAU              ;500.0;BASICA         ;LINHA DE TRANSMISSÃO;FURNAS;LT  500 kV ANGRA FUR            / GRAJAU               C 1  RJ ();RJSTAN5STGR1        ;1999-03-22;2011-03-16;;156.0;0.125;2.09;193.26;;;;;;;;;;;;;105;107
SE;SUDESTE;SE;SUDESTE;RJ;RIO DE JANEIRO;RJ;RIO DE JANEIRO;ANGRA FUR;NOVA IGUACU         ;500.0;BASICA         ;LINHA DE TRANSMISSÃO;AXIA ENERGIA;LT  500 kV ANGRA FUR            / NOVA IGUACU          C 1  RJ ();RJSTAN5STNV1        ;2018-04-22;;2018-09-30;108.6;0.101;1.518;127.8;2142.0;2142.0;2699.0;2699.0;;;;;;;;;105;9608
SE;SUDESTE;SE;SUDESTE;RJ;RIO DE JANEIRO;RJ;RIO DE JANEIRO;ANGRA FUR;SAO JOSE            ;500.0;BASICA         ;LINHA DE TRANSMISSÃO;FURNAS;LT  500 kV ANGRA FUR            / SAO JOSE             C 1  RJ ();RJSTAN5STSJ1        ;1999-03-22;2018-04-22;1999-03-22;133.0;0.112;1.82;161.37;;;;;2142.0;2142.0;2142.0;2145.0;2699.0;2699.0;2699.0;2699.0;105;108
SE;SUDESTE;SE;SUDESTE;RJ;RIO DE JANEIRO;RJ;RIO DE JANEIRO;ANGRA FUR;ZONA OESTE          ;500.0;BASICA         ;LINHA DE TRANSMISSÃO;AXIA ENERGIA;LT  500 kV ANGRA FUR            / ZONA OESTE           C 1  RJ (LTANZO);RJSTAN5STZO1        ;2011-03-16;;2011-03-13;98.0;0.092;1.363;115.3;2142.0;2142.0;2699.0;2699.0;2142.0;2142.0;2142.0;2145.0;2699.0;2699.0;2699.0;2699.0;105;9601
SE;SUDESTE;SE;SUDESTE;RJ;RIO DE JANEIRO;SP;SAO PAULO;B. FLUMINENSE;C. PAULISTA         ;500.0;BASICA         ;LINHA DE TRANSMISSÃO;AXIA ENERGIA;LT  500 kV B. FLUMINENSE        / C. PAULISTA          C 1  RJ/SP ();RJSTBF5STCH1SP      ;2013-11-19;;2013-10-31;160.4;0.098;1.68;252.0;2856.0;2856.0;3598.0;3000.0;2856.0;3130.0;2856.0;3256.0;3599.0;3599.0;3599.0;3599.0;9626;104
SE;SUDESTE;SE;SUDESTE;RJ;RIO DE JANEIRO;RJ;RIO DE JANEIRO;B.FLUMINENSE;B. FLUMINENSE       ;500.0;COMPLEMENTAR   ;LINHA DE TRANSMISSÃO;PETROBRAS;LT  500 kV B.FLUMINENSE         / B. FLUMINENSE        C 1  RJ ();RJUTBF5STBF1        ;2014-03-01;;2013-10-31;0.04;0.01;0.01;0.0;;;;;;;;;;;;;94307;9626
SE;SUDESTE;SE;SUDESTE;RJ;RIO DE JANEIRO;RJ;RIO DE JANEIRO;CAMPOS 2;LAGOS               ;500.0;BASICA         ;LINHA DE TRANSMISSÃO;GUANABARA;LT  500 kV CAMPOS 2             / LAGOS                C 1  RJ ();RJCMP25LGO-1        ;2025-05-10;;2025-06-30;101.0;0.057;1.005;146.8;3235.0;3235.0;3930.0;3930.0;3235.0;4000.0;3413.0;4000.0;3930.0;4000.0;4000.0;4000.0;117;9509
SE;SUDESTE;SE;SUDESTE;RJ;RIO DE JANEIRO;RJ;RIO DE JANEIRO;CAMPOS 2;LAGOS               ;500.0;BASICA         ;LINHA DE TRANSMISSÃO;GUANABARA;LT  500 kV CAMPOS 2             / LAGOS                C 2  RJ ();RJCMP25LGO-2        ;2025-05-10;;2025-06-30;101.0;0.057;1.003;146.8;3235.0;3235.0;3930.0;3930.0;3235.0;4000.0;3423.0;4000.0;3930.0;4000.0;4000.0;4000.0;117;9509
SE;SUDESTE;SE;SUDESTE;RJ;RIO DE JANEIRO;MG;MINAS GERAIS;CAMPOS 2;MUTUM               ;500.0;BASICA         ;LINHA DE TRANSMISSÃO;ITABAPOANA;LT  500 kV CAMPOS 2             / MUTUM                C 1  RJ/MG ();RJCMP25MTUM1MG      ;2024-06-18;;2023-11-30;239.0;0.131;2.346;348.3;3235.0;3235.0;3930.0;3930.0;3235.0;4000.0;3443.0;4000.0;3930.0;4000.0;4000.0;4000.0;117;4353
SE;SUDESTE;SE;SUDESTE;RJ;RIO DE JANEIRO;MG;MINAS GERAIS;CAMPOS 2;MUTUM               ;500.0;BASICA         ;LINHA DE TRANSMISSÃO;ITABAPOANA;LT  500 kV CAMPOS 2             / MUTUM                C 2  RJ/MG ();RJCMP25MTUM2MG      ;2024-06-23;;2023-11-30;239.0;0.132;2.34;348.3;3235.0;3235.0;3930.0;3930.0;3235.0;4000.0;3443.0;4000.0;3930.0;4000.0;4000.0;4000.0;117;4353
SE;SUDESTE;SE;SUDESTE;RJ;RIO DE JANEIRO;RJ;RIO DE JANEIRO;CAMPOS 2;UTE GNA II          ;500.0;COMPLEMENTAR   ;LINHA DE TRANSMISSÃO;UTE GNA II;LT  500 kV CAMPOS 2             / UTE GNA II           C 1  RJ ();RJCMP25GNA21        ;2025-05-31;;2023-06-22;37.4;0.026;0.441;52.32;1989.0;1989.0;3997.0;3997.0;3235.0;4000.0;3443.0;4000.0;3930.0;4000.0;4000.0;4000.0;117;44328
SE;SUDESTE;SE;SUDESTE;RJ;RIO DE JANEIRO;RJ;RIO DE JANEIRO;CAMPOS 2;UTE GNA II          ;500.0;COMPLEMENTAR   ;LINHA DE TRANSMISSÃO;UTE GNA II;LT  500 kV CAMPOS 2             / UTE GNA II           C 2  RJ ();RJCMP25GNA22        ;2025-05-31;;2023-06-22;37.4;0.026;0.441;52.32;1989.0;1989.0;3997.0;3997.0;3235.0;4000.0;3443.0;4000.0;3930.0;4000.0;4000.0;4000.0;117;44328
SE;SUDESTE;SE;SUDESTE;RJ;RIO DE JANEIRO;RJ;RIO DE JANEIRO;DO ATLANTICO;ZONA OESTE          ;500.0;COMPLEMENTAR   ;LINHA DE TRANSMISSÃO;TERNIUM;LT  500 kV DO ATLANTICO         / ZONA OESTE           C 1  RJ (LIZOTK1);RJCSA-5STZO1        ;2011-03-17;;2011-03-13;5.9;0.01;0.01;0.01;;;;;;;;;;;;;93778;9601
SE;SUDESTE;SE;SUDESTE;RJ;RIO DE JANEIRO;RJ;RIO DE JANEIRO;DO ATLANTICO;ZONA OESTE          ;500.0;COMPLEMENTAR   ;LINHA DE TRANSMISSÃO;TERNIUM;LT  500 kV DO ATLANTICO         / ZONA OESTE           C 2  RJ (LIZOTK2);RJCSA-5STZO2        ;2011-03-19;;2011-03-13;5.9;0.01;0.01;0.01;;;;;;;;;;;;;93778;9601
SE;SUDESTE;SE;SUDESTE;RJ;RIO DE JANEIRO;RJ;RIO DE JANEIRO;GRAJAU;NOVA IGUACU         ;500.0;BASICA         ;LINHA DE TRANSMISSÃO;AXIA ENERGIA;LT  500 kV GRAJAU               / NOVA IGUACU          C 1  RJ ();RJSTGR5STNV1        ;2017-10-02;;2017-08-31;45.5;0.03;0.607;64.6;2142.0;2142.0;2699.0;2699.0;;;;;;;;;107;9608
SE;SUDESTE;SE;SUDESTE;RJ;RIO DE JANEIRO;RJ;RIO DE JANEIRO;GRAJAU;ZONA OESTE          ;500.0;BASICA         ;LINHA DE TRANSMISSÃO;FURNAS;LT  500 kV GRAJAU               / ZONA OESTE           C 1  RJ (LTGRZO);RJSTGR5STZO1        ;2011-03-16;2017-10-02;2011-03-13;90.0;0.07;1.16;107.26;;;;;2142.0;2142.0;2142.0;2145.0;2699.0;2699.0;2699.0;2699.0;107;9601
SE;SUDESTE;SE;SUDESTE;RJ;RIO DE JANEIRO;RJ;RIO DE JANEIRO;NOVA IGUACU;SAO JOSE            ;500.0;BASICA         ;LINHA DE TRANSMISSÃO;AXIA ENERGIA;LT  500 kV NOVA IGUACU          / SAO JOSE             C 1  RJ ();RJSTNV5STSJ1        ;2018-04-22;;2018-09-30;23.5;0.017;0.323;34.12;2142.0;2142.0;2699.0;2699.0;;;;;;;;;9608;108
SE;SUDESTE;SE;SUDESTE;RJ;RIO DE JANEIRO;SP;SAO PAULO;NOVA IGUACU;TAUBATE             ;500.0;BASICA         ;LINHA DE TRANSMISSÃO;LTTE;LT  500 kV NOVA IGUACU          / TAUBATE              C 1  RJ/SP ();RJSTNV5TAU-1SP      ;2018-06-01;;2018-09-30;247.0;0.181;3.14;349.3;2770.0;2770.0;3580.0;3580.0;;;;;;;;;9608;598
SE;SUDESTE;SE;SUDESTE;RJ;RIO DE JANEIRO;RJ;RIO DE JANEIRO;NOVA IGUACU;ZONA OESTE          ;500.0;BASICA         ;LINHA DE TRANSMISSÃO;AXIA ENERGIA;LT  500 kV NOVA IGUACU          / ZONA OESTE           C 1  RJ ();RJSTNV5STZO1        ;2017-10-02;;2017-08-31;32.4;0.029;0.436;36.74;2142.0;2142.0;2699.0;2699.0;;;;;;;;;9608;9601
SE;SUDESTE;SE;SUDESTE;RJ;RIO DE JANEIRO;SP;SAO PAULO;TERMINAL RIO;C. PAULISTA         ;500.0;BASICA         ;LINHA DE TRANSMISSÃO;AXIA ENERGIA;LT  500 kV TERMINAL RIO         / C. PAULISTA          C 1  RJ/SP ();RJTRIO5STCH1SP      ;2019-10-13;;2019-10-06;144.11;0.133;2.024;170.6;2142.0;2142.0;2699.0;2699.0;;;;;;;;;9605;104
SE;SUDESTE;SE;SUDESTE;RJ;RIO DE JANEIRO;RJ;RIO DE JANEIRO;TERMINAL RIO;LAGOS               ;500.0;BASICA         ;LINHA DE TRANSMISSÃO;GUANABARA;LT  500 kV TERMINAL RIO         / LAGOS                C 1  RJ ();RJTRIO5LGO-1        ;2026-05-06;;2025-06-30;227.0;0.134;2.41;358.18;3235.0;3235.0;3930.0;3930.0;3235.0;4000.0;3413.0;4000.0;3930.0;4000.0;4000.0;4000.0;9605;9509
SE;SUDESTE;SE;SUDESTE;RJ;RIO DE JANEIRO;RJ;RIO DE JANEIRO;TERMINAL RIO;LAGOS               ;500.0;BASICA         ;LINHA DE TRANSMISSÃO;GUANABARA;LT  500 kV TERMINAL RIO         / LAGOS                C 2  RJ ();RJTRIO5LGO-2        ;2026-05-06;;2025-06-30;227.0;0.134;2.41;358.18;3235.0;3235.0;3930.0;3930.0;3235.0;4000.0;3413.0;4000.0;3930.0;4000.0;4000.0;4000.0;9605;9509
SE;SUDESTE;SE;SUDESTE;RJ;RIO DE JANEIRO;RJ;RIO DE JANEIRO;TERMINAL RIO;NOVA IGUACU         ;500.0;BASICA         ;LINHA DE TRANSMISSÃO;XRTE;LT  500 kV TERMINAL RIO         / NOVA IGUACU          C 1  RJ ();RJTRIO5NVI-1        ;2019-07-31;;2019-09-02;30.0;0.0223;0.344;50.08;4000.0;4000.0;4760.0;4760.0;;;;;;;;;9605;9608
SE;SUDESTE;SE;SUDESTE;RJ;RIO DE JANEIRO;RJ;RIO DE JANEIRO;TERMINAL RIO;NOVA IGUACU         ;500.0;BASICA         ;LINHA DE TRANSMISSÃO;XRTE;LT  500 kV TERMINAL RIO         / NOVA IGUACU          C 2  RJ ();RJTRIO5NVI-2        ;2019-07-31;;2019-09-02;30.0;0.0223;0.344;50.08;4000.0;4000.0;4760.0;4760.0;;;;;;;;;9605;9608
SE;SUDESTE;SE;SUDESTE;RJ;RIO DE JANEIRO;RJ;RIO DE JANEIRO;TERMINAL RIO;RESENDE             ;500.0;BASICA         ;LINHA DE TRANSMISSÃO;AXIA ENERGIA;LT  500 kV TERMINAL RIO         / RESENDE              C 1  RJ ();RJTRIO5STRS1        ;2019-08-11;;2019-09-02;87.0;0.081;1.221;106.8;2142.0;2142.0;2699.0;2699.0;;;;;;;;;9605;87
SE;SUDESTE;SE;SUDESTE;RJ;RIO DE JANEIRO;RJ;RIO DE JANEIRO;UTE MARLIM AZUL;LAGOS               ;500.0;COMPLEMENTAR   ;LINHA DE TRANSMISSÃO;MARLIM AZUL;LT  500 kV UTE MARLIM AZUL      / LAGOS                C 1  RJ (L1);RJMAE-5LGO-L1       ;2025-06-30;;2026-02-28;14.4;0.009;0.169;20.24;;;;;;;;;;;;;44330;9509
NE;NORDESTE;NE;NORDESTE;RN;RIO GRANDE DO NORTE;RN;RIO GRANDE DO NORTE;ACU III;J. CAMARA III       ;500.0;BASICA         ;LINHA DE TRANSMISSÃO;ARGO VI;LT  500 kV ACU III              / J. CAMARA III        C V1 RN (05V1);RNACT-5JCT-1        ;2017-09-09;2022-08-31;2017-09-05;126.0;0.09;1.397;198.81;;;;;;;;;;;;;5350;6140
NE;NORDESTE;NE;NORDESTE;RN;RIO GRANDE DO NORTE;RN;RIO GRANDE DO NORTE;ACU III;J. CAMARA III       ;500.0;BASICA         ;LINHA DE TRANSMISSÃO;ARGO VIII;LT  500 kV ACU III              / J. CAMARA III        C V3 RN (05V3);RNACT-5JCT-2        ;2020-01-17;;2020-07-30;135.1;0.1052;1.5547;217.8;3164.0;3164.0;3923.0;3923.0;;;;;;;;;5350;6140
NE;NORDESTE;NE;NORDESTE;RN;RIO GRANDE DO NORTE;CE;CEARA;ACU III;MILAGRES II         ;500.0;BASICA         ;LINHA DE TRANSMISSÃO;ARGO VIII;LT  500 kV ACU III              / MILAGRES II          C C2 RN/CE (05C2);RNACT-5MLD-2CE      ;2020-04-11;;2020-07-30;292.0;0.2149;3.1747;444.7;3600.0;3600.0;4400.0;4400.0;;;;;;;;;5350;5380
NE;NORDESTE;NE;NORDESTE;RN;RIO GRANDE DO NORTE;CE;CEARA;ACU III;QUIXADA             ;500.0;BASICA         ;LINHA DE TRANSMISSÃO;ARGO VI;LT  500 kV ACU III              / QUIXADA              C V2 RN/CE (05V2);RNACT-5QXA-1CE      ;2018-03-07;;2018-03-31;229.08;0.156;2.45;371.6;2910.0;2910.0;3680.0;3680.0;;;;;;;;;5350;5428
NE;NORDESTE;NE;NORDESTE;RN;RIO GRANDE DO NORTE;RN;RIO GRANDE DO NORTE;CEARA MIRIM 2;J. CAMARA III       ;500.0;BASICA         ;LINHA DE TRANSMISSÃO;AXIA NORDESTE;LT  500 kV CEARA MIRIM 2        / J. CAMARA III        C L1 RN (05L1);RNCMM-5JCT-1        ;2014-09-25;;2014-10-30;64.0;0.043;0.681;98.42;3092.0;3092.0;3895.0;3895.0;3092.0;3092.0;3092.0;3092.0;3895.0;3895.0;3895.0;3895.0;6130;6140
NE;NORDESTE;NE;NORDESTE;RN;RIO GRANDE DO NORTE;RN;RIO GRANDE DO NORTE;CEARA MIRIM 2;J. CAMARA III       ;500.0;BASICA         ;LINHA DE TRANSMISSÃO;ARGO VI;LT  500 kV CEARA MIRIM 2        / J. CAMARA III        C L4 RN (05L4);RNCMM-5JCT-2        ;2016-12-06;;2017-09-05;61.45;0.043;0.648;91.6;3092.0;3092.0;3895.0;3895.0;3092.0;3092.0;3092.0;3092.0;;;;;6130;6140
NE;NORDESTE;NE;NORDESTE;RN;RIO GRANDE DO NORTE;RN;RIO GRANDE DO NORTE;JANDAIRA II;J. CAMARA III       ;500.0;BASICA         ;LINHA DE TRANSMISSÃO;ARGO VI;LT  500 kV JANDAIRA II          / J. CAMARA III        C V1 RN (05V1);RNJND-5JCT-R1       ;2023-04-28;;2022-12-19;28.751;0.0214;0.3104;43.92;2910.0;2910.0;3492.0;3492.0;;;;;;;;;6783;6140
NE;NORDESTE;NE;NORDESTE;RN;RIO GRANDE DO NORTE;RN;RIO GRANDE DO NORTE;JANDAIRA II;MONTE VERDE         ;500.0;BASICA         ;LINHA DE TRANSMISSÃO;ARGO VI;LT  500 kV JANDAIRA II          / MONTE VERDE          C N2 RN (05N2);RNJND-5MVR-R1       ;2023-04-28;;2022-12-19;9.712;0.0072;0.1049;14.83;2910.0;2919.0;3492.0;3492.0;;;;;;;;;6783;8145
NE;NORDESTE;NE;NORDESTE;RN;RIO GRANDE DO NORTE;RN;RIO GRANDE DO NORTE;JERUSALEM;MONTE VERDE         ;500.0;COMPLEMENTAR   ;LINHA DE TRANSMISSÃO;JERUSALÉM I;LT  500 kV JERUSALEM            / MONTE VERDE          C M1 RN (05M1);RNJER-5MVR-1        ;2022-12-22;;2022-02-01;26.45;0.0246;0.3547;32.4;;;;;;;;;;;;;8142;8145
NE;NORDESTE;NE;NORDESTE;RN;RIO GRANDE DO NORTE;RN;RIO GRANDE DO NORTE;MONTE VERDE;ACU III             ;500.0;BASICA         ;LINHA DE TRANSMISSÃO;ARGO VI;LT  500 kV MONTE VERDE          / ACU III              C V4 RN (05V4);RNMVR-5ACT-4        ;2022-09-01;;2022-02-28;97.22;0.0713;1.0501;148.6;2910.0;2910.0;3680.0;3680.0;;;;;;;;;8145;5350
NE;NORDESTE;NE;NORDESTE;RN;RIO GRANDE DO NORTE;RN;RIO GRANDE DO NORTE;MONTE VERDE;J. CAMARA III       ;500.0;BASICA         ;LINHA DE TRANSMISSÃO;ARGO VI;LT  500 kV MONTE VERDE          / J. CAMARA III        C V1 RN (05V1);RNMVR-5JCT-V1       ;2022-09-01;2023-06-14;2022-02-28;37.77;0.028;0.4082;57.7089;;;;;;;;;;;;;8145;6140
NE;NORDESTE;NE;NORDESTE;RN;RIO GRANDE DO NORTE;PB;PARAIBA;OESTE SERIDO;SANTA LUZIA II      ;500.0;COMPLEMENTAR   ;LINHA DE TRANSMISSÃO;EOL SERIDÓ X;LT  500 kV OESTE SERIDO         / SANTA LUZIA II       C L1 RN/PB (L1);RNCSER5SLD-L1PB     ;2023-12-27;;2023-09-30;45.0;0.0488;0.5631;55.0;;;;;;;;;;;;;44531;5926
NE;NORDESTE;NE;NORDESTE;RN;RIO GRANDE DO NORTE;RN;RIO GRANDE DO NORTE;RIO DO VENTO;CEARA MIRIM 2       ;500.0;COMPLEMENTAR   ;LINHA DE TRANSMISSÃO;CVER;LT  500 kV RIO DO VENTO         / CEARA MIRIM 2        C P1 RN (05P1);RNRDV-5CID-1        ;2021-06-19;;2021-04-14;58.0;0.06;0.719;76.552;;;;;;;;;;;;;8151;6130
NE;NORDESTE;NE;NORDESTE;RN;RIO GRANDE DO NORTE;RN;RIO GRANDE DO NORTE;SANTO AGOSTINHO;MONTE VERDE         ;500.0;COMPLEMENTAR   ;LINHA DE TRANSMISSÃO;SANTO AGOSTINHO 01;LT  500 kV SANTO AGOSTINHO      / MONTE VERDE          C P1 RN (05P1);RNSAG-5MVR-1        ;2023-03-23;;2022-09-01;17.0;0.0157;0.2243;19.27;;;;;;;;;;;;;44493;8145
NE;NORDESTE;NE;NORDESTE;RN;RIO GRANDE DO NORTE;PB;PARAIBA;SER TIGRE SUL;SANTA LUZIA II      ;500.0;COMPLEMENTAR   ;LINHA DE TRANSMISSÃO;CVER;LT  500 kV SER TIGRE SUL        / SANTA LUZIA II       C M1 RN/PB ();RNTGS-5LD--M1MA     ;2025-09-03;;2025-10-30;114.3;0.093;1.415;151.1;;;;;;;;;;;;;47511;5926
NE;NORDESTE;NE;NORDESTE;RN;RIO GRANDE DO NORTE;RN;RIO GRANDE DO NORTE;SERRA DO MEL;ACU III             ;500.0;COMPLEMENTAR   ;LINHA DE TRANSMISSÃO;VENTOS DE V CEARÁ II;LT  500 kV SERRA DO MEL         / ACU III              C P1 RN (05P1);RNSDM-5ACT-1        ;2020-02-08;;2019-11-30;50.0;0.0433;0.676;63.99;;;;;;;;;;;;;8207;5350
NE;NORDESTE;NE;NORDESTE;RN;RIO GRANDE DO NORTE;RN;RIO GRANDE DO NORTE;SERRA DO MEL 2;SERRA DO MEL        ;500.0;COMPLEMENTAR   ;LINHA DE TRANSMISSÃO;POTIGUAR B31;LT  500 kV SERRA DO MEL 2       / SERRA DO MEL         C P2 RN (05P2);RNSDM25SDM-1        ;2021-04-20;;2020-12-27;16.5;0.02;0.22;20.502;;;;;;;;;;;;;8791;8207
SE;SUDESTE;SE;SUDESTE;RO;RONDONIA;RO;RONDONIA;JIRAU MAR.DIR;C.PORTO VELHO       ;500.0;COMPLEMENTAR   ;LINHA DE TRANSMISSÃO;JIRAU ENERGIA;LT  500 kV JIRAU MAR.DIR        / C.PORTO VELHO        C 1  RO;ROUHJI5CPH-1        ;2014-02-09;;2014-02-28;93.2;0.069;1.09;131.9;;;;;;;;;;;;;7056;7055
SE;SUDESTE;SE;SUDESTE;RO;RONDONIA;RO;RONDONIA;JIRAU MAR.DIR;C.PORTO VELHO       ;500.0;COMPLEMENTAR   ;LINHA DE TRANSMISSÃO;JIRAU ENERGIA;LT  500 kV JIRAU MAR.DIR        / C.PORTO VELHO        C 2  RO;ROUHJI5CPH-2        ;2015-01-29;;2015-02-28;93.2;0.068;1.09;132.0;;;;;;;;;;;;;7056;7055
SE;SUDESTE;SE;SUDESTE;RO;RONDONIA;RO;RONDONIA;JIRAU MAR.DIR;JIRAU MAR.ESQ       ;500.0;COMPLEMENTAR   ;LINHA DE TRANSMISSÃO;JIRAU ENERGIA;LT  500 kV JIRAU MAR.DIR        / JIRAU MAR.ESQ        C 1  RO;ROJIMD5JIME1        ;2014-10-21;;2014-02-28;4.0;0.002;0.027;2.906;;;;;;;;;;;;;7056;7060
SE;SUDESTE;SE;SUDESTE;RO;RONDONIA;RO;RONDONIA;JIRAU MAR.ESQ;C.PORTO VELHO       ;500.0;COMPLEMENTAR   ;LINHA DE TRANSMISSÃO;JIRAU ENERGIA;LT  500 kV JIRAU MAR.ESQ        / C.PORTO VELHO        C 3  RO;ROUHJI5CPH-3        ;2013-09-06;;2013-08-31;94.6;0.066;1.168;124.4;;;;;;;;;;;;;7060;7055
SE;SUDESTE;SE;SUDESTE;RO;RONDONIA;RO;RONDONIA;SE STO ANT LR;C.PORTO VELHO       ;500.0;COMPLEMENTAR   ;LINHA DE TRANSMISSÃO;SAESA;LT  500 kV SE STO ANT LR        / C.PORTO VELHO        C 2  RO;ROUSSN5CPH-2        ;2012-03-22;;2012-04-30;13.55;0.012;0.172;14.97;;;;;;;;;;;;;7063;7055
SE;SUDESTE;SE;SUDESTE;RO;RONDONIA;RO;RONDONIA;SE STO ANT MD;C.PORTO VELHO       ;500.0;COMPLEMENTAR   ;LINHA DE TRANSMISSÃO;SAESA;LT  500 kV SE STO ANT MD        / C.PORTO VELHO        C 1  RO;ROUSSN5CPH-1        ;2012-03-22;;2012-04-30;12.9;0.011;0.171;14.97;;;;;;;;;;;;;7053;7055
SE;SUDESTE;SE;SUDESTE;RO;RONDONIA;RO;RONDONIA;SE STO ANT MD;SE STO ANT LR       ;500.0;COMPLEMENTAR   ;LINHA DE TRANSMISSÃO;SAESA;LT  500 kV SE STO ANT MD        / SE STO ANT LR        C 1  RO;ROSNMD5SNLR1        ;2015-07-30;;2015-07-30;12.4;0.001;0.011;0.958;;;;;;;;;;;;;7053;7063
SE;SUDESTE;SE;SUDESTE;RO;RONDONIA;RO;RONDONIA;SE STO ANT ME;C.PORTO VELHO       ;500.0;COMPLEMENTAR   ;LINHA DE TRANSMISSÃO;SAESA;LT  500 kV SE STO ANT ME        / C.PORTO VELHO        C 3  RO;ROUSSN5CPH-3        ;2012-12-18;;2013-01-31;14.6;0.012;0.19;16.52;;;;;;;;;;;;;7065;7055
SE;SUDESTE;SE;SUDESTE;RO;RONDONIA;RO;RONDONIA;SE STO ANT ME;C.PORTO VELHO       ;500.0;COMPLEMENTAR   ;LINHA DE TRANSMISSÃO;SAESA;LT  500 kV SE STO ANT ME        / C.PORTO VELHO        C 4  RO;ROUSSN5CPH-4        ;2014-06-08;;2015-02-28;14.6;0.012;0.19;16.52;;;;;;;;;;;;;7065;7055
N;NORTE;N;NORTE;RR;RORAIMA;RR;RORAIMA;BOA VISTA;EQUADOR             ;500.0;BASICA         ;LINHA DE TRANSMISSÃO;TRANSNORTE;LT  500 kV BOA VISTA            / EQUADOR              C 1  RR;RRBV--5EQ--1        ;2025-09-16;;2025-12-30;332.0;0.288;4.384;406.7;2445.0;2445.0;3010.0;3010.0;;;;;;;;;8850;8800
N;NORTE;N;NORTE;RR;RORAIMA;RR;RORAIMA;BOA VISTA;EQUADOR             ;500.0;BASICA         ;LINHA DE TRANSMISSÃO;TRANSNORTE;LT  500 kV BOA VISTA            / EQUADOR              C 2  RR;RRBV--5EQ--2        ;2025-09-16;;2025-12-30;332.0;0.288;4.384;406.7;2445.0;2445.0;3010.0;3010.0;;;;;;;;;8850;8800
N;NORTE;N;NORTE;RR;RORAIMA;AM;AMAZONAS;EQUADOR;LECHUGA             ;500.0;BASICA         ;LINHA DE TRANSMISSÃO;TRANSNORTE;LT  500 kV EQUADOR              / LECHUGA              C 1  RR/AM;RREQ--5CRR-1AM      ;2025-09-16;;2025-12-30;396.0;0.334;5.115;492.8;2445.0;2445.0;3010.0;3010.0;;;;;;;;;8800;8500
N;NORTE;N;NORTE;RR;RORAIMA;AM;AMAZONAS;EQUADOR;LECHUGA             ;500.0;BASICA         ;LINHA DE TRANSMISSÃO;TRANSNORTE;LT  500 kV EQUADOR              / LECHUGA              C 2  RR/AM;RREQ--5CRR-2AM      ;2025-09-16;;2025-12-30;396.0;0.334;5.115;492.8;2445.0;2445.0;3010.0;3010.0;;;;;;;;;8800;8500
S;SUL;AR;ARGENTINA;RS;RIO GRANDE DO SUL;AR;DADOS REF. ARGENTINA;CV.GARABI 1;RINCON S. M.        ;500.0;BASICA         ;LINHA DE TRANSMISSÃO;TAESA;LT  500 kV CV.GARABI 1          / RINCON S. M.         C 1  RS/AR;RSGBI15RI--1AR      ;2000-06-21;;;135.3;0.14;1.45;135.0;2741.0;2400.0;2741.0;2400.0;2741.0;3495.0;3502.0;3759.0;2741.0;3723.0;3892.0;4011.0;970;1040
S;SUL;AR;ARGENTINA;RS;RIO GRANDE DO SUL;AR;DADOS REF. ARGENTINA;CV.GARABI 2;RINCON S. M.        ;500.0;BASICA         ;LINHA DE TRANSMISSÃO;TAESA;LT  500 kV CV.GARABI 2          / RINCON S. M.         C 2  RS/AR;RSGBI25RI--2AR      ;2002-05-01;;2002-04-07;135.3;0.135;1.448;135.0;2741.0;2400.0;2741.0;2400.0;2741.0;3495.0;3502.0;3759.0;2741.0;3723.0;3892.0;4011.0;971;1040
NE;NORDESTE;NE;NORDESTE;SE;SERGIPE;BA;BAHIA;JARDIM;CAMACARI II         ;500.0;BASICA         ;LINHA DE TRANSMISSÃO;AXIA NORDESTE;LT  500 kV JARDIM               / CAMACARI II          C L6 SE/BA (05L6);SEJDM-5CMD-1BA      ;2000-05-15;2012-11-19;;249.4;0.23;3.15;321.92;;;;;;;;;;;;;5720;5750
NE;NORDESTE;NE;NORDESTE;SE;SERGIPE;SE;SERGIPE;PORTO SERGIPE I;JARDIM              ;500.0;BASICA         ;LINHA DE TRANSMISSÃO;SÃO FRANCISCO;LT  500 kV PORTO SERGIPE I      / JARDIM               C P1 SE (05P1);SEUPS15JDM-1        ;2020-03-21;;2019-03-31;33.0;0.0314;0.3931;121.0;;;;;;;;;;;;;5725;5720
NE;NORDESTE;NE;NORDESTE;SE;SERGIPE;SE;SERGIPE;PORTO SERGIPE I;JARDIM              ;500.0;BASICA         ;LINHA DE TRANSMISSÃO;SÃO FRANCISCO;LT  500 kV PORTO SERGIPE I      / JARDIM               C P2 SE (05P2);SEUPS15JDM-2        ;2020-03-21;;2019-03-31;33.0;0.0314;0.3931;121.0;;;;;;;;;;;;;5725;5720
NE;NORDESTE;NE;NORDESTE;SE;SERGIPE;BA;BAHIA;PORTO SERGIPE I;OLINDINA            ;500.0;BASICA         ;LINHA DE TRANSMISSÃO;SÃO FRANCISCO;LT  500 kV PORTO SERGIPE I      / OLINDINA             C P3 SE/BA (05P3);SEPSG-5OLD-1BA      ;2024-10-09;;2024-10-16;180.0;0.1216;1.8916;273.6;3000.0;3000.0;3700.0;3700.0;3000.0;3877.0;3159.0;3968.0;3700.0;4000.0;3803.0;4000.0;5725;5740
SE;SUDESTE;SE;SUDESTE;SP;SAO PAULO;SP;SAO PAULO;ARARAQUARA 2;ARARAQUARA FUR      ;500.0;BASICA         ;LINHA DE TRANSMISSÃO;ARARAQUARA;LT  500 kV ARARAQUARA 2         / ARARAQUARA FUR       C 1  SP ();SPARA25STAR1        ;2012-08-07;;2012-09-15;15.0;0.01;0.193;19.12;1848.0;1848.0;3700.0;3700.0;1848.0;3552.0;2919.0;3776.0;3700.0;4094.0;3830.0;4320.0;7057;101
SE;SUDESTE;SE;SUDESTE;SP;SAO PAULO;SP;SAO PAULO;ARARAQUARA 2;ARARAQUARA FUR      ;500.0;BASICA         ;LINHA DE TRANSMISSÃO;ARARAQUARA;LT  500 kV ARARAQUARA 2         / ARARAQUARA FUR       C 2  SP ();SPARA25STAR2        ;2012-08-07;;2012-09-15;15.0;0.01;0.193;19.12;1848.0;1848.0;3700.0;3700.0;1848.0;3552.0;2919.0;3776.0;3700.0;4094.0;3830.0;4320.0;7057;101
SE;SUDESTE;SE;SUDESTE;SP;SAO PAULO;SP;SAO PAULO;ARARAQUARA 2;FERNAO DIAS         ;500.0;BASICA         ;LINHA DE TRANSMISSÃO;MSGT;LT  500 kV ARARAQUARA 2         / FERNAO DIAS          C 1  SP ();SPARA25FDI-1        ;2020-05-03;;2020-02-28;246.0;0.162;2.569;382.2;3360.0;3360.0;4235.0;4235.0;;;;;;;;;7057;609
SE;SUDESTE;SE;SUDESTE;SP;SAO PAULO;SP;SAO PAULO;ARARAQUARA 2;ITATIBA             ;500.0;BASICA         ;LINHA DE TRANSMISSÃO;MSGT;LT  500 kV ARARAQUARA 2         / ITATIBA              C 1  SP ();SPARA25STTB1        ;2020-03-24;;2020-01-31;207.0;0.145;2.295;339.7;3360.0;3360.0;4235.0;4235.0;;;;;;;;;7057;6609
SE;SUDESTE;SE;SUDESTE;SP;SAO PAULO;SP;SAO PAULO;ARARAQUARA 2;TAUBATE             ;500.0;BASICA         ;LINHA DE TRANSMISSÃO;COPEL-GT;LT  500 kV ARARAQUARA 2         / TAUBATE              C 1  SP ();SPARA25TAU-1        ;2018-07-19;;2018-07-22;334.32;0.21;3.84;471.2;2770.0;2770.0;3580.0;3580.0;;;;;;;;;7057;598
SE;SUDESTE;SE;SUDESTE;SP;SAO PAULO;SP;SAO PAULO;ARARAQUARA FUR;CAMPINAS            ;500.0;BASICA         ;LINHA DE TRANSMISSÃO;AXIA ENERGIA;LT  500 kV ARARAQUARA FUR       / CAMPINAS             C 1  SP ();SPSTAR5STCA1        ;1990-12-31;;;171.0;0.15;2.39;202.6;2142.0;2142.0;2699.0;2699.0;2142.0;2142.0;2142.0;2229.0;2699.0;2699.0;2699.0;2699.0;101;103
SE;SUDESTE;SE;SUDESTE;SP;SAO PAULO;MG;MINAS GERAIS;ARARAQUARA FUR;POCOS CALDAS        ;500.0;BASICA         ;LINHA DE TRANSMISSÃO;AXIA ENERGIA;LT  500 kV ARARAQUARA FUR       / POCOS CALDAS         C 1  SP/MG ();SPSTAR5STPC1MG      ;1990-12-31;;;176.0;0.156;2.46;208.5;2142.0;2142.0;2699.0;2699.0;2142.0;2142.0;2142.0;2165.0;2699.0;2699.0;2699.0;2699.0;101;102
SE;SUDESTE;SE;SUDESTE;SP;SAO PAULO;RJ;RIO DE JANEIRO;C. PAULISTA;ANGRA 1             ;500.0;BASICA         ;LINHA DE TRANSMISSÃO;FURNAS;LT  500 kV C. PAULISTA          / ANGRA 1              C 1  SP/RJ ();SPSTCH5USAN1RJ      ;1990-12-31;2005-11-16;;103.0;0.093;1.48;119.6;;;;;;;;;;;;;104;90381
SE;SUDESTE;SE;SUDESTE;SP;SAO PAULO;SP;SAO PAULO;C. PAULISTA;CAMPINAS            ;500.0;BASICA         ;LINHA DE TRANSMISSÃO;FURNAS;LT  500 kV C. PAULISTA          / CAMPINAS             C 1  SP ();SPSTCH5STCA1        ;1990-12-31;2020-02-09;;223.0;0.202;3.059;259.906;;;;;2142.0;2142.0;2142.0;2193.0;2699.0;2699.0;2699.0;2699.0;104;103
SE;SUDESTE;SE;SUDESTE;SP;SAO PAULO;MG;MINAS GERAIS;C. PAULISTA;ESTREITO            ;500.0;BASICA         ;LINHA DE TRANSMISSÃO;TRANSMISSORA SP-MG;LT  500 kV C. PAULISTA          / ESTREITO             C 1  SP/MG ();SPSTCH5EST-1MG      ;2022-01-27;;2021-10-30;369.65;0.189;3.158;709.6;2820.0;2820.0;4000.0;4000.0;;;;;;;;;104;3010
SE;SUDESTE;SE;SUDESTE;SP;SAO PAULO;MG;MINAS GERAIS;C. PAULISTA;ESTREITO            ;500.0;BASICA         ;LINHA DE TRANSMISSÃO;TRANSMISSORA SP-MG;LT  500 kV C. PAULISTA          / ESTREITO             C 2  SP/MG ();SPSTCH5EST-2MG      ;2022-05-14;;2021-10-30;370.0;0.189;3.158;709.6;2820.0;2820.0;4000.0;4000.0;;;;;;;;;104;3010
SE;SUDESTE;SE;SUDESTE;SP;SAO PAULO;SP;SAO PAULO;C. PAULISTA;FERNAO DIAS         ;500.0;BASICA         ;LINHA DE TRANSMISSÃO;AXIA ENERGIA;LT  500 kV C. PAULISTA          / FERNAO DIAS          C 1  SP ();SPSTCH5FDI-1        ;2020-02-09;;2020-02-28;169.0;0.148;2.347;193.3;2142.0;2142.0;2699.0;2699.0;;;;;;;;;104;609
SE;SUDESTE;SE;SUDESTE;SP;SAO PAULO;MG;MINAS GERAIS;C. PAULISTA;ITAJUBA 3           ;500.0;BASICA         ;LINHA DE TRANSMISSÃO;AXIA ENERGIA;LT  500 kV C. PAULISTA          / ITAJUBA 3            C 1  SP/MG ();SPSTCH5ITJ31MG      ;2002-07-21;;2002-02-04;57.6;0.052;0.792;66.5;2142.01;2142.01;2699.01;2699.01;2142.0;2142.0;2142.0;2202.0;2699.0;2699.0;2699.0;2699.0;104;1503
SE;SUDESTE;SE;SUDESTE;SP;SAO PAULO;SP;SAO PAULO;C. PAULISTA;LORENA              ;500.0;BASICA         ;LINHA DE TRANSMISSÃO;CPTE;LT  500 kV C. PAULISTA          / LORENA               C 1  SP ();SPLRN-5STCH1        ;2021-09-19;;2021-04-30;19.3;0.014;0.205;30.35;3150.0;3150.0;4000.0;4000.0;3150.0;4000.0;3345.0;4000.0;3990.0;4000.0;4000.0;4000.0;104;3383
SE;SUDESTE;SE;SUDESTE;SP;SAO PAULO;MG;MINAS GERAIS;C. PAULISTA;POCOS CALDAS        ;500.0;BASICA         ;LINHA DE TRANSMISSÃO;FURNAS;LT  500 kV C. PAULISTA          / POCOS CALDAS         C 1  SP/MG ();SPSTCH5STPC1MG      ;1990-12-31;2002-07-21;;195.0;0.177;2.678;226.463;;;;;;;;;;;;;104;102
SE;SUDESTE;SE;SUDESTE;SP;SAO PAULO;RJ;RIO DE JANEIRO;C. PAULISTA;RESENDE             ;500.0;BASICA         ;LINHA DE TRANSMISSÃO;AXIA ENERGIA;LT  500 kV C. PAULISTA          / RESENDE              C 1  SP/RJ ();SPSTCH5STRS1RJ      ;2009-04-06;;2009-08-31;56.0;0.051;0.782;66.5;2142.0;2142.0;2699.0;2699.0;2142.0;2142.0;2142.0;2166.0;2699.0;2699.0;2699.0;2699.0;104;87
SE;SUDESTE;SE;SUDESTE;SP;SAO PAULO;SP;SAO PAULO;C. PAULISTA;TAUBATE             ;500.0;BASICA         ;LINHA DE TRANSMISSÃO;AXIA ENERGIA;LT  500 kV C. PAULISTA          / TAUBATE              C 1  SP ();SPSTCH5TAU-1        ;1990-12-31;;;83.0;0.075;1.15;98.9;2142.0;2142.0;2699.0;2600.0;2142.0;2472.0;2145.0;2568.0;2699.0;2803.0;2703.0;2924.0;104;598
SE;SUDESTE;SE;SUDESTE;SP;SAO PAULO;SP;SAO PAULO;C. PAULISTA;TIJUCO PRETO        ;500.0;BASICA         ;LINHA DE TRANSMISSÃO;AXIA ENERGIA;LT  500 kV C. PAULISTA          / TIJUCO PRETO         C 1  SP ();SPSTCH5STTP1        ;1990-12-31;;;181.0;0.167;2.54;216.6;2142.0;2142.0;2699.0;2699.0;2142.0;2472.0;2156.0;2568.0;2699.0;2803.0;2717.0;2932.0;104;77
SE;SUDESTE;SE;SUDESTE;SP;SAO PAULO;SP;SAO PAULO;C. PAULISTA;TIJUCO PRETO        ;500.0;BASICA         ;LINHA DE TRANSMISSÃO;CPTE;LT  500 kV C. PAULISTA          / TIJUCO PRETO         C 2  SP ();SPSTCH5STTP2        ;2004-11-28;2021-09-19;2004-12-20;181.0;0.12;1.91;285.35;;;;;3150.0;4174.0;3621.0;4345.0;3150.0;4639.0;4378.0;4820.0;104;77
SE;SUDESTE;SE;SUDESTE;SP;SAO PAULO;SP;SAO PAULO;CAMPINAS;FERNAO DIAS         ;500.0;BASICA         ;LINHA DE TRANSMISSÃO;AXIA ENERGIA;LT  500 kV CAMPINAS             / FERNAO DIAS          C 1  SP ();SPSTCA5FDI-1        ;2020-02-09;;2020-02-28;64.8;0.06;0.946;76.26;2142.0;2142.0;2699.0;2699.0;;;;;;;;;103;609
SE;SUDESTE;SE;SUDESTE;SP;SAO PAULO;SP;SAO PAULO;CAMPINAS;ITATIBA             ;500.0;BASICA         ;LINHA DE TRANSMISSÃO;AXIA ENERGIA;LT  500 kV CAMPINAS             / ITATIBA              C 1  SP ();SPSTCA5STTB1        ;2012-08-25;;2012-07-30;26.54;0.024;0.368;31.7;2142.0;2142.0;2699.0;2699.0;2142.0;2142.0;2142.0;2202.0;2699.0;2699.0;2699.0;2699.0;103;6609
SE;SUDESTE;SE;SUDESTE;SP;SAO PAULO;SP;SAO PAULO;CAMPINAS;ITATIBA             ;500.0;BASICA         ;LINHA DE TRANSMISSÃO;CAMPINAS ITATIBA;LT  500 kV CAMPINAS             / ITATIBA              C 2  SP ();SPSTCA5STTB2        ;2021-11-07;;2021-01-30;25.1;0.017;0.267;38.833;2860.0;2860.0;4000.0;4000.0;;;;;;;;;103;6609
SE;SUDESTE;SE;SUDESTE;SP;SAO PAULO;RJ;RIO DE JANEIRO;FERNAO DIAS;TERMINAL RIO        ;500.0;BASICA         ;LINHA DE TRANSMISSÃO;TSM;LT  500 kV FERNAO DIAS          / TERMINAL RIO         C 1  SP/RJ ();SPFDI-5TRIO1RJ      ;2021-12-23;;2022-08-11;307.0;0.199;3.081;478.75;3000.0;3000.0;4000.0;4000.0;;;;;;;;;609;9605
SE;SUDESTE;S;SUL;SP;SAO PAULO;PR;PARANA;IBIUNA;BATEIAS             ;500.0;BASICA         ;LINHA DE TRANSMISSÃO;AXIA ENERGIA;LT  500 kV IBIUNA               / BATEIAS              C 1  SP/PR ();SPSTIN5BTA-1PR      ;2003-03-21;;2003-03-09;328.0;0.308;3.958;444.8;1500.0;1500.0;2600.0;2600.0;1500.0;1500.0;1500.0;1500.0;2600.0;2600.0;2600.0;2600.0;122;895
SE;SUDESTE;S;SUL;SP;SAO PAULO;PR;PARANA;IBIUNA;BATEIAS             ;500.0;BASICA         ;LINHA DE TRANSMISSÃO;AXIA ENERGIA;LT  500 kV IBIUNA               / BATEIAS              C 2  SP/PR ();SPSTIN5BTA-2PR      ;2003-03-21;;2003-03-09;328.0;0.308;3.958;444.8;1500.0;1500.0;2600.0;2600.0;1500.0;1500.0;1500.0;1500.0;2600.0;2600.0;2600.0;2600.0;122;895
SE;SUDESTE;SE;SUDESTE;SP;SAO PAULO;SP;SAO PAULO;IBIUNA;CAMPINAS            ;500.0;BASICA         ;LINHA DE TRANSMISSÃO;FURNAS;LT  500 kV IBIUNA               / CAMPINAS             C 1  SP ();SPSTIN5STCA1        ;2003-03-10;2012-08-25;2003-03-31;112.0;0.1;1.56;133.7;;;;;;;;;;;;;122;103
SE;SUDESTE;SE;SUDESTE;SP;SAO PAULO;SP;SAO PAULO;IBIUNA;ITATIBA             ;500.0;BASICA         ;LINHA DE TRANSMISSÃO;AXIA ENERGIA;LT  500 kV IBIUNA               / ITATIBA              C 1  SP ();SPSTIN5STTB1        ;2012-08-25;;2012-07-30;86.46;0.079;1.214;103.2;2142.0;2142.0;2699.0;2699.0;2142.0;2142.0;2142.0;2214.0;2699.0;2699.0;2699.0;2699.0;122;6609
SE;SUDESTE;S;SUL;SP;SAO PAULO;PR;PARANA;ITATIBA;BATEIAS             ;500.0;BASICA         ;LINHA DE TRANSMISSÃO;MSGT;LT  500 kV ITATIBA              / BATEIAS              C 1  SP/PR ();SPSTTB5BTA-1PR      ;2020-03-06;;2020-01-31;399.0;0.263;4.25;659.0;3360.0;3360.0;4235.0;4235.0;;;;;;;;;6609;895
SE;SUDESTE;SE;SUDESTE;SP;SAO PAULO;SP;SAO PAULO;MORRO AGUDO;RIBEIRAOPRETO       ;500.0;BASICA         ;LINHA DE TRANSMISSÃO;RPTE;LT  500 kV MORRO AGUDO          / RIBEIRAOPRETO        C 1  SP ();SPMDO-5RPR-1        ;2017-07-03;;2017-09-27;65.025;0.059;0.918;79.2;2300.0;2300.0;2760.0;2760.0;;;;;;;;;3110;3011
SE;SUDESTE;SE;SUDESTE;SP;SAO PAULO;SP;SAO PAULO;SANTO ANGELO;TAUBATE             ;500.0;BASICA         ;LINHA DE TRANSMISSÃO;ISA ENERGIA BRASIL;LT  500 kV SANTO ANGELO /TAUBATE       C-1 SP;SPSAA-5TAU-1        ;1990-12-31;1990-12-31;;95.471;;;;;;;;;;;;;;;;;598
SE;SUDESTE;SE;SUDESTE;SP;SAO PAULO;SP;SAO PAULO;TIJUCO PRETO;LORENA              ;500.0;BASICA         ;LINHA DE TRANSMISSÃO;CPTE;LT  500 kV TIJUCO PRETO         / LORENA               C 1  SP ();SPSTTP5LRN-1        ;2021-09-19;;2021-04-30;166.0;0.114;1.712;259.62;3150.0;3150.0;3150.0;3150.0;3150.0;4000.0;3345.0;4000.0;3990.0;4000.0;4000.0;4000.0;77;3383
SE;SUDESTE;SE;SUDESTE;SP;SAO PAULO;SP;SAO PAULO;TIJUCO PRETO;TAUBATE             ;500.0;BASICA         ;LINHA DE TRANSMISSÃO;AXIA ENERGIA;LT  500 kV TIJUCO PRETO         / TAUBATE              C 1  SP ();SPSTTP5TAU-1        ;1990-12-31;;;108.47;0.106;1.441;133.4;2142.0;2142.0;2699.0;2600.0;2142.0;2499.0;2252.0;2580.0;2699.0;2889.0;2838.0;3003.0;77;598
N;NORTE;N;NORTE;TO;TOCANTINS;TO;TOCANTINS;COLINAS;MIRACEMA            ;500.0;BASICA         ;LINHA DE TRANSMISSÃO;AXIA NORTE;LT  500 kV COLINAS              / MIRACEMA             C 1  TO;TOCO--5MC--1        ;1999-03-02;;;174.0;0.12;1.84;265.8;3000.0;3000.0;3780.0;3150.0;3000.0;3000.0;3000.0;3000.0;3780.0;3780.0;3780.0;3780.0;7300;7200
N;NORTE;N;NORTE;TO;TOCANTINS;TO;TOCANTINS;COLINAS;MIRACEMA            ;500.0;BASICA         ;LINHA DE TRANSMISSÃO;TAESA;LT  500 kV COLINAS              / MIRACEMA             C 2  TO;TOCO--5MC--2        ;2004-04-07;;2004-04-08;174.0;0.13;1.86;270.4;3150.0;3150.0;3150.0;3150.0;3150.0;3922.0;3333.0;3974.0;3150.0;4510.0;4100.0;4597.0;7300;7200
N;NORTE;N;NORTE;TO;TOCANTINS;TO;TOCANTINS;COLINAS;MIRACEMA            ;500.0;BASICA         ;LINHA DE TRANSMISSÃO;INTESA;LT  500 kV COLINAS              / MIRACEMA             C 3  TO;TOCO--5MC--3        ;2008-05-30;;2008-05-23;173.0;0.125;1.828;272.8;3000.0;3000.0;3000.0;3000.0;3000.0;3922.0;3333.0;3974.0;3000.0;4510.0;4100.0;4597.0;7300;7200
N;NORTE;NE;NORDESTE;TO;TOCANTINS;PI;PIAUI;COLINAS;RIB.GONCALVES       ;500.0;BASICA         ;LINHA DE TRANSMISSÃO;TAESA;LT  500 kV COLINAS              / RIB.GONCALVES        C 1  TO/PI (05F1);TOCO--5RGO-1PI      ;2006-12-11;;2006-12-10;379.0;0.2796;3.9439;567.4;2300.0;2300.0;2300.0;2300.0;2300.0;3706.0;2987.0;3762.0;2300.0;4313.0;3764.0;4391.0;7300;5436
N;NORTE;NE;NORDESTE;TO;TOCANTINS;PI;PIAUI;COLINAS;RIB.GONCALVES       ;500.0;BASICA         ;LINHA DE TRANSMISSÃO;IE NORTE NORDESTE;LT  500 kV COLINAS              / RIB.GONCALVES        C 2  TO/PI (05F2);TOCO--5RGV-2PI      ;2010-12-20;;2010-12-01;367.0;0.259;3.919;563.0;2300.0;2300.0;2900.0;2900.0;2300.0;3712.0;2987.0;3762.0;2900.0;4318.0;3764.0;4391.0;7300;5436
N;NORTE;N;NORTE;TO;TOCANTINS;TO;TOCANTINS;GURUPI;MIRACEMA            ;500.0;BASICA         ;LINHA DE TRANSMISSÃO;AXIA ENERGIA;LT  500 kV GURUPI               / MIRACEMA             C 1  TO;TOSTGU5MC--1        ;1999-03-02;;;255.0;0.17;2.71;391.4;2856.0;2856.0;3598.0;3150.0;2856.0;2963.0;2856.0;2856.0;3599.0;3599.0;3599.0;3599.0;7100;7200
N;NORTE;N;NORTE;TO;TOCANTINS;TO;TOCANTINS;GURUPI;MIRACEMA            ;500.0;BASICA         ;LINHA DE TRANSMISSÃO;TAESA;LT  500 kV GURUPI               / MIRACEMA             C 2  TO;TOSTGU5MC--2        ;2003-12-08;;2003-12-31;256.0;0.19;2.73;403.5;3150.0;3150.0;3150.0;3150.0;3150.0;3906.0;3275.0;3969.0;3150.0;4497.0;4028.0;4592.0;7100;7200
N;NORTE;N;NORTE;TO;TOCANTINS;TO;TOCANTINS;GURUPI;MIRACEMA            ;500.0;BASICA         ;LINHA DE TRANSMISSÃO;INTESA;LT  500 kV GURUPI               / MIRACEMA             C 3  TO;TOSTGU5MC--3        ;2008-05-30;;2008-05-24;255.0;0.18;2.654;401.4;3000.0;3000.0;3000.0;3000.0;3000.0;3406.0;3000.0;3460.0;3000.0;3937.0;3690.0;4019.0;7100;7200
N;NORTE;N;NORTE;TO;TOCANTINS;TO;TOCANTINS;GURUPI;PEIXE 2             ;500.0;BASICA         ;LINHA DE TRANSMISSÃO;INTESA;LT  500 kV GURUPI               / PEIXE 2              C 1  TO;TOSTGU5PEI21        ;2008-05-30;;2008-05-15;72.0;0.048;0.75;110.2;3292.0;3292.0;3292.0;3292.0;3292.0;3901.0;3292.0;3958.0;3292.0;4493.0;4049.0;4584.0;7100;7113
N;NORTE;SE;SUDESTE;TO;TOCANTINS;TO;TOCANTINS;GURUPI;PEIXE ANGICAL       ;500.0;COMPLEMENTAR   ;LINHA DE TRANSMISSÃO;ENERPEIXE;LT  500 kV GURUPI               / PEIXE ANGICAL        C 1  TO;TOSTGU5UHPA1        ;2006-06-27;2008-04-23;2006-08-31;92.0;0.06;0.96;141.22;;;;;;;;;;;;;7100;7112
N;NORTE;SE;SUDESTE;TO;TOCANTINS;TO;TOCANTINS;PEIXE 2;PEIXE ANGICAL       ;500.0;COMPLEMENTAR   ;LINHA DE TRANSMISSÃO;ENERPEIXE;LT  500 kV PEIXE 2              / PEIXE ANGICAL        C 1  TO;TOPEI25UHPA1        ;2008-04-23;;2008-04-27;20.0;0.014;0.213;30.43;;;;;;;;;;;;;7113;7112
N;NORTE;SE;SUDESTE;TO;TOCANTINS;GO;GOIAS;PEIXE 2;SERRA MESA 2        ;500.0;BASICA         ;LINHA DE TRANSMISSÃO;INTESA;LT  500 kV PEIXE 2              / SERRA MESA 2         C 1  TO/GO;TOPEI25SME21GO      ;2008-05-30;;2008-05-30;195.0;0.139;2.054;307.2;3000.0;3000.0;3000.0;3000.0;3000.0;3922.0;3304.0;3969.0;3000.0;4510.0;4064.0;4592.0;7113;299
N;NORTE;N;NORTE;TO;TOCANTINS;TO;TOCANTINS;SE LAJEADO;MIRACEMA            ;500.0;BASICA         ;LINHA DE TRANSMISSÃO;MIRACEMA;LT  500 kV SE LAJEADO           / MIRACEMA             C 1  TO;TOLAJ-5MC--1        ;2001-12-01;;2001-10-30;30.3;0.02;0.39;38.69;1898.0;1898.0;2833.0;2833.0;;;;;;;;;7204;7200
N;NORTE;N;NORTE;TO;TOCANTINS;TO;TOCANTINS;SE LAJEADO;MIRACEMA            ;500.0;BASICA         ;LINHA DE TRANSMISSÃO;MIRACEMA;LT  500 kV SE LAJEADO           / MIRACEMA             C 2  TO;TOLAJ-5MC--2        ;2019-10-01;;2019-12-27;30.0;0.027;0.391;36.83;2355.0;2355.0;2945.0;2945.0;;;;;;;;;7204;7200
S;SUL;S;SUL;PR;PARANA;PR;PARANA;AREIA;BATEIAS             ;525.0;BASICA         ;LINHA DE TRANSMISSÃO;AXIA SUL;LT  525 kV AREIA                / BATEIAS              C 1  PR;PRARE-5BTA-1        ;2000-06-11;;;256.0;0.212;2.556;312.7;2599.0;2400.0;3275.0;2400.0;2599.0;2729.0;2625.0;2859.0;3275.0;3275.0;3275.0;3275.0;933;895
S;SUL;S;SUL;PR;PARANA;PR;PARANA;AREIA;BENTO MUNHOZ        ;525.0;COMPLEMENTAR   ;LINHA DE TRANSMISSÃO;AXIA SUL;LT  525 kV AREIA                / BENTO MUNHOZ         C 1  PR;PRARE-5GBM-1        ;1990-12-31;;;10.7;0.01;0.12;15.2;;;;;;;;;;;;;933;824
S;SUL;S;SUL;PR;PARANA;PR;PARANA;AREIA;BENTO MUNHOZ        ;525.0;COMPLEMENTAR   ;LINHA DE TRANSMISSÃO;AXIA SUL;LT  525 kV AREIA                / BENTO MUNHOZ         C 2  PR;PRARE-5GBM-2        ;1990-12-31;;;10.7;0.01;0.13;15.42;;;;;;;;;;;;;933;824
S;SUL;S;SUL;PR;PARANA;SC;SANTA CATARINA;AREIA;C.NOVOS             ;525.0;BASICA         ;LINHA DE TRANSMISSÃO;AXIA SUL;LT  525 kV AREIA                / C.NOVOS              C 1  PR/SC;PRARE-5CNO-1SC      ;1990-12-31;;;176.3;0.16;2.05;250.1;2599.0;2599.0;3275.0;3000.0;2599.0;2720.0;2615.0;2859.0;3275.0;3275.0;3275.0;3275.0;933;955
S;SUL;S;SUL;PR;PARANA;PR;PARANA;AREIA;CURITIBA            ;525.0;BASICA         ;LINHA DE TRANSMISSÃO;AXIA SUL;LT  525 kV AREIA                / CURITIBA             C 1  PR;PRARE-5CBA-1        ;1990-12-31;;;235.2;0.2;2.69;336.4;2599.0;2599.0;3275.0;3000.0;2599.0;2754.0;2625.0;2859.0;3275.0;3275.0;3275.0;3275.0;933;959
S;SUL;S;SUL;PR;PARANA;PR;PARANA;AREIA;CURITIBA            ;525.0;BASICA         ;LINHA DE TRANSMISSÃO;ELETROSUL;LT  525 kV AREIA                / CURITIBA             C 2  PR;PRARE-5CBA-2        ;1984-11-09;2000-06-11;;251.7;0.216;2.733;333.86;;;;;;;;;;;;;933;959
S;SUL;S;SUL;PR;PARANA;PR;PARANA;AREIA;IVAIPORA ELS        ;525.0;BASICA         ;LINHA DE TRANSMISSÃO;AXIA SUL;LT  525 kV AREIA                / IVAIPORA ELS         C 1  PR;PRARE-5IVP-1        ;1990-12-31;;;173.2;0.172;2.003;248.3;2378.0;2378.0;2996.0;2996.0;2378.0;2663.0;2521.0;2782.0;2996.0;2996.0;3080.0;3189.0;933;999
S;SUL;S;SUL;PR;PARANA;PR;PARANA;AREIA;SEGREDO             ;525.0;BASICA         ;LINHA DE TRANSMISSÃO;AXIA SUL;LT  525 kV AREIA                / SEGREDO              C 1  PR;PRARE-5SGD-1-------1;1993-05-01;;;56.7;0.05;0.65;80.49;2599.0;2599.0;3275.0;3000.0;2599.0;2695.0;2599.0;2833.0;3275.0;3275.0;3275.0;3275.0;933;856
S;SUL;S;SUL;PR;PARANA;PR;PARANA;BATEIAS;CURIT.LESTE         ;525.0;BASICA         ;LINHA DE TRANSMISSÃO;ANANAÍ;LT  525 kV BATEIAS              / CURIT.LESTE          C 1  PR;PRBTA-5CTL-1        ;2026-05-25;;2026-11-02;74.8;0.045;0.848;110.0;3635.0;3635.0;4000.0;4000.0;;;;;;;;;895;9542
S;SUL;S;SUL;PR;PARANA;PR;PARANA;BATEIAS;CURIT.LESTE         ;525.0;BASICA         ;LINHA DE TRANSMISSÃO;ANANAÍ;LT  525 kV BATEIAS              / CURIT.LESTE          C 2  PR;PRBTA-5CTL-2        ;2026-05-25;;2026-11-02;79.0;0.045;0.848;110.0;3635.0;3635.0;4000.0;4000.0;;;;;;;;;895;9542
S;SUL;S;SUL;PR;PARANA;PR;PARANA;BATEIAS;PONTA GROSSA        ;525.0;BASICA         ;LINHA DE TRANSMISSÃO;GRALHA AZUL;LT  525 kV BATEIAS              / PONTA GROSSA         C 1  PR;PRGR--5BTA-1        ;2022-03-17;;2021-09-01;104.0;0.051;0.704;244.0;3515.0;3515.0;4000.0;4000.0;3515.0;4000.0;3985.0;4000.0;4000.0;4000.0;4000.0;4000.0;895;10008
S;SUL;S;SUL;PR;PARANA;PR;PARANA;BATEIAS;PONTA GROSSA        ;525.0;BASICA         ;LINHA DE TRANSMISSÃO;GRALHA AZUL;LT  525 kV BATEIAS              / PONTA GROSSA         C 2  PR;PRGR--5BTA-2        ;2022-03-31;;2021-09-01;96.0;0.046;0.639;221.2;3515.0;3515.0;4000.0;4000.0;3515.0;4000.0;3985.0;4000.0;4000.0;4000.0;4000.0;4000.0;895;10008
S;SUL;SE;SUDESTE;PR;PARANA;PR;PARANA;CASCAVEL OEST;F.IGUACU 60HZ       ;525.0;BASICA         ;LINHA DE TRANSMISSÃO;COPEL-GT;LT  525 kV CASCAVEL OEST        / F.IGUACU 60HZ        C 1  PR;PRCVO-5STF61        ;2011-12-04;;2011-12-30;115.0;0.078;1.434;156.6;3800.0;3800.0;4525.0;4525.0;3800.0;3868.0;3800.0;4097.0;4525.0;4525.0;4525.0;4525.0;896;61
S;SUL;S;SUL;PR;PARANA;PR;PARANA;CASCAVEL OEST;IVAIPORA ELS        ;525.0;BASICA         ;LINHA DE TRANSMISSÃO;AXIA SUL;LT  525 kV CASCAVEL OEST        / IVAIPORA ELS         C 1  PR;PRCVO-5IVP-1        ;2005-10-31;;2005-10-30;209.0;0.193;2.427;282.4;2640.0;2640.0;2640.0;2640.0;2640.0;2760.0;2640.0;2892.0;2640.0;3046.0;3171.0;3259.0;896;999
S;SUL;S;SUL;PR;PARANA;PR;PARANA;CURITIBA;BATEIAS             ;525.0;BASICA         ;LINHA DE TRANSMISSÃO;AXIA SUL;LT  525 kV CURITIBA             / BATEIAS              C 1  PR;PRCBA-5BTA-1        ;2000-06-12;;;33.5;0.04;0.38;47.57;2599.0;2599.0;3275.0;3000.0;2599.0;2755.0;2625.0;2859.0;3275.0;3275.0;3275.0;3275.0;959;895
S;SUL;S;SUL;PR;PARANA;PR;PARANA;CURITIBA;BATEIAS             ;525.0;BASICA         ;LINHA DE TRANSMISSÃO;EVOLTZ IV;LT  525 kV CURITIBA             / BATEIAS              C 2  PR;PRCBA-5BTA-2        ;2010-09-03;;2010-07-26;37.0;0.035;0.409;50.8;2588.0;2588.0;3296.0;3296.0;2588.0;3414.0;3230.0;3565.0;3296.0;3665.0;3682.0;3851.0;959;895
S;SUL;S;SUL;PR;PARANA;PR;PARANA;CURITIBA;CURIT.LESTE         ;525.0;BASICA         ;LINHA DE TRANSMISSÃO;MARUMBI;LT  525 kV CURITIBA             / CURIT.LESTE          C 1  PR;PRCBA-5CBL-1        ;2015-06-28;;2015-06-30;28.9;0.03;0.32;42.3;2710.0;2710.0;3335.0;3335.0;2710.0;2710.0;2710.0;2710.0;3335.0;3335.0;3335.0;3335.0;959;9542
S;SUL;S;SUL;PR;PARANA;SC;SANTA CATARINA;CURITIBA;GASPAR 2            ;525.0;BASICA         ;LINHA DE TRANSMISSÃO;AXIA SUL;LT  525 kV CURITIBA             / GASPAR 2             C 1  PR/SC;PRCBA-5GAS21SC      ;2024-08-11;;2024-03-22;154.73;0.151;1.779;223.6;2435.0;2435.0;3068.0;3068.0;;;;;;;;;959;10081
S;SUL;S;SUL;PR;PARANA;PR;PARANA;GUAIRA;CASCAVEL OEST       ;525.0;BASICA         ;LINHA DE TRANSMISSÃO;AXIA SUL;LT  525 kV GUAIRA               / CASCAVEL OEST        C 1  PR;PRGUA-5CVO-1        ;2023-05-07;;2023-12-30;126.3;0.122;1.453;180.7;2229.0;2229.0;2752.0;2752.0;;;;;;;;;873;896
S;SUL;SE;SUDESTE;PR;PARANA;PR;PARANA;GUAIRA;F.IGUACU 60HZ       ;525.0;BASICA         ;LINHA DE TRANSMISSÃO;IE IVAI;LT  525 kV GUAIRA               / F.IGUACU 60HZ        C 1  PR;PRSTF65GUA-1        ;2022-11-01;;2022-08-11;172.9;0.116;1.999;245.8;3200.0;3200.0;3985.0;3985.0;;;;;;;;;873;61
S;SUL;SE;SUDESTE;PR;PARANA;PR;PARANA;GUAIRA;F.IGUACU 60HZ       ;525.0;BASICA         ;LINHA DE TRANSMISSÃO;IE IVAI;LT  525 kV GUAIRA               / F.IGUACU 60HZ        C 2  PR;PRSTF65GUA-2        ;2022-11-01;;2022-08-11;172.9;0.116;1.999;245.8;3200.0;3200.0;3985.0;3985.0;;;;;;;;;873;61
S;SUL;S;SUL;PR;PARANA;PR;PARANA;GUAIRA;SARANDI             ;525.0;BASICA         ;LINHA DE TRANSMISSÃO;IE IVAI;LT  525 kV GUAIRA               / SARANDI              C 1  PR;PRGUA-5SDI-1        ;2022-11-01;;2022-08-11;266.5;0.159;2.764;420.0;3200.0;3200.0;3985.0;3985.0;;;;;;;;;873;10000
S;SUL;S;SUL;PR;PARANA;PR;PARANA;GUAIRA;SARANDI             ;525.0;BASICA         ;LINHA DE TRANSMISSÃO;IE IVAI;LT  525 kV GUAIRA               / SARANDI              C 2  PR;PRGUA-5SDI-2        ;2022-11-01;;2022-08-11;266.5;0.159;2.764;420.0;3200.0;3200.0;3985.0;3985.0;;;;;;;;;873;10000
S;SUL;SE;SUDESTE;PR;PARANA;PR;PARANA;IVAIPORA ELS;IVAIPORA FUR        ;525.0;BASICA         ;LINHA DE TRANSMISSÃO;AXIA SUL;LT  525 kV IVAIPORA ELS         / IVAIPORA FUR         C 1  PR;PRIVP-5STIV1        ;1990-12-31;;;0.8;0.001;0.01;1.134;;;;;2378.0;2684.0;2528.0;2808.0;2996.0;2996.0;3080.0;3189.0;999;66
S;SUL;SE;SUDESTE;PR;PARANA;PR;PARANA;IVAIPORA ELS;IVAIPORA FUR        ;525.0;BASICA         ;LINHA DE TRANSMISSÃO;AXIA SUL;LT  525 kV IVAIPORA ELS         / IVAIPORA FUR         C 2  PR;PRIVP-5STIV2        ;1990-12-31;;;0.8;0.001;0.01;1.134;;;;;2378.0;2684.0;2528.0;2808.0;2996.0;2996.0;3080.0;3189.0;999;41415
S;SUL;SE;SUDESTE;PR;PARANA;PR;PARANA;IVAIPORA ELS;IVAIPORA FUR        ;525.0;BASICA         ;LINHA DE TRANSMISSÃO;AXIA SUL;LT  525 kV IVAIPORA ELS         / IVAIPORA FUR         C 3  PR;PRIVP-5STIV3        ;2005-05-26;;2005-04-30;0.7;0.001;0.01;1.134;;;;;2378.0;2684.0;2528.0;2808.0;2996.0;2996.0;3080.0;3189.0;999;41416
S;SUL;S;SUL;PR;PARANA;PR;PARANA;IVAIPORA ELS;LONDRINA ESU        ;525.0;BASICA         ;LINHA DE TRANSMISSÃO;AXIA SUL;LT  525 kV IVAIPORA ELS         / LONDRINA ESU         C 1  PR;PRIVP-5LON-1        ;1988-04-30;;;120.0;0.119;1.397;176.9;2378.0;2378.0;2996.0;2996.0;2378.0;2568.0;2378.0;2711.0;2996.0;2996.0;2996.0;3094.0;999;1027
S;SUL;S;SUL;PR;PARANA;PR;PARANA;IVAIPORA ELS;LONDRINA ESU        ;525.0;BASICA         ;LINHA DE TRANSMISSÃO;UIRAPURU;LT  525 kV IVAIPORA ELS         / LONDRINA ESU         C 2  PR;PRIVP-5LON-2        ;2006-07-09;;2006-07-02;120.0;0.085;1.451;171.8;2800.0;2800.0;2800.0;2800.0;2840.0;3356.0;3088.0;3508.0;3500.0;3938.0;3798.0;4192.0;999;1027
S;SUL;S;SUL;PR;PARANA;PR;PARANA;IVAIPORA ELS;PONTA GROSSA        ;525.0;BASICA         ;LINHA DE TRANSMISSÃO;GRALHA AZUL;LT  525 kV IVAIPORA ELS         / PONTA GROSSA         C 1  PR;PRIVP-5GR--1        ;2022-03-17;;2021-09-01;170.0;0.083;1.15;400.2;3400.0;3400.0;4000.0;4000.0;3400.0;4000.0;3920.0;4000.0;4000.0;4000.0;4000.0;4000.0;999;10008
S;SUL;S;SUL;PR;PARANA;PR;PARANA;IVAIPORA ELS;PONTA GROSSA        ;525.0;BASICA         ;LINHA DE TRANSMISSÃO;GRALHA AZUL;LT  525 kV IVAIPORA ELS         / PONTA GROSSA         C 2  PR;PRIVP-5GR--2        ;2022-02-25;;2023-03-09;168.0;0.081;1.121;390.0;3400.0;3400.0;4000.0;4000.0;3400.0;4000.0;3920.0;4000.0;4000.0;4000.0;4000.0;4000.0;999;10008
S;SUL;S;SUL;PR;PARANA;PR;PARANA;IVAIPORA ELS;S.SANTIAGO          ;525.0;BASICA         ;LINHA DE TRANSMISSÃO;AXIA SUL;LT  525 kV IVAIPORA ELS         / S.SANTIAGO           C 1  PR;PRIVP-5SSA-1        ;1990-12-31;;;167.0;0.15;1.94;236.9;2378.0;2378.0;2996.0;2996.0;2378.0;2592.0;2449.0;2735.0;2996.0;2996.0;3013.0;3143.0;999;1060
S;SUL;S;SUL;PR;PARANA;PR;PARANA;IVAIPORA ELS;S.SANTIAGO          ;525.0;BASICA         ;LINHA DE TRANSMISSÃO;AXIA SUL;LT  525 kV IVAIPORA ELS         / S.SANTIAGO           C 2  PR;PRIVP-5SSA-2        ;2005-10-05;;2005-09-25;167.0;0.114;2.02;233.4;3502.0;3502.0;3502.0;3502.0;3502.0;3502.0;3502.0;3630.0;3502.0;3766.0;3859.0;4067.0;999;1060
S;SUL;SE;SUDESTE;PR;PARANA;SP;SAO PAULO;LONDRINA ESU;ASSIS               ;525.0;BASICA         ;LINHA DE TRANSMISSÃO;TAESA;LT  525 kV LONDRINA ESU         / ASSIS                C 1  PR/SP;PRLON-5ASS-1SP      ;2005-10-08;;2005-10-25;120.0;0.091;1.402;175.7;2200.0;2200.0;2200.0;2200.0;2200.0;2952.0;2661.0;3162.0;2200.0;3234.0;3191.0;3475.0;1027;556
S;SUL;SE;SUDESTE;PR;PARANA;SP;SAO PAULO;LONDRINA ESU;ASSIS               ;525.0;BASICA         ;LINHA DE TRANSMISSÃO;COPEL-GT;LT  525 kV LONDRINA ESU         / ASSIS                C 2  PR/SP;PRLON-5ASS-2SP      ;2017-08-09;;2017-09-05;120.0;0.091;1.378;177.0;3120.0;3120.0;3930.0;3930.0;;;;;;;;;1027;556
S;SUL;S;SUL;PR;PARANA;PR;PARANA;LONDRINA ESU;SARANDI             ;525.0;BASICA         ;LINHA DE TRANSMISSÃO;IE IVAI;LT  525 kV LONDRINA ESU         / SARANDI              C 1  PR;PRLON-5SDI-1        ;2022-11-01;;2022-02-21;75.5;0.044;0.757;112.0;3200.0;3200.0;3985.0;3985.0;;;;;;;;;1027;10000
S;SUL;S;SUL;PR;PARANA;PR;PARANA;LONDRINA ESU;SARANDI             ;525.0;BASICA         ;LINHA DE TRANSMISSÃO;IE IVAI;LT  525 kV LONDRINA ESU         / SARANDI              C 2  PR;PRLON-5SDI-2        ;2022-11-01;;2022-02-21;75.5;0.044;0.757;112.0;3200.0;3200.0;3985.0;3985.0;;;;;;;;;1027;10000
S;SUL;SE;SUDESTE;PR;PARANA;SP;SAO PAULO;PONTA GROSSA;ASSIS               ;525.0;BASICA         ;LINHA DE TRANSMISSÃO;ANANAÍ;LT  525 kV PONTA GROSSA         / ASSIS                C 1  PR/SP;PRPGR-5ASS-1SP      ;2026-07-26;;2026-03-31;284.0;0.169;2.946;437.4;3635.0;3635.0;4000.0;4000.0;;;;;;;;;10008;556
S;SUL;SE;SUDESTE;PR;PARANA;SP;SAO PAULO;PONTA GROSSA;ASSIS               ;525.0;BASICA         ;LINHA DE TRANSMISSÃO;ANANAÍ;LT  525 kV PONTA GROSSA         / ASSIS                C 2  PR/SP;PRPGR-5ASS-2SP      ;2026-07-26;;2026-03-31;284.0;0.17;2.942;437.4;3635.0;3635.0;4000.0;4000.0;;;;;;;;;10008;556
S;SUL;S;SUL;PR;PARANA;SC;SANTA CATARINA;S.SANTIAGO;ITA                 ;525.0;BASICA         ;LINHA DE TRANSMISSÃO;AXIA SUL;LT  525 kV S.SANTIAGO           / ITA                  C 1  PR/SC;PRSSA-5YTA-1SC      ;1990-12-31;;;186.8;0.163;2.204;265.0;2599.0;2599.0;3275.0;3000.0;2599.0;2651.0;2599.0;2807.0;3275.0;3275.0;3275.0;3275.0;1060;995
S;SUL;S;SUL;PR;PARANA;SC;SANTA CATARINA;S.SANTIAGO;ITA                 ;525.0;BASICA         ;LINHA DE TRANSMISSÃO;AXIA SUL;LT  525 kV S.SANTIAGO           / ITA                  C 2  PR/SC;PRSSA-5YTA-2SC      ;2014-02-02;;2014-01-31;187.0;0.176;2.3;253.1;2710.0;2710.0;3335.0;3335.0;2710.0;2710.0;2710.0;2710.0;3335.0;3335.0;3335.0;3335.0;1060;995
S;SUL;S;SUL;PR;PARANA;PR;PARANA;S.SANTIAGO;SEGREDO             ;525.0;BASICA         ;LINHA DE TRANSMISSÃO;AXIA SUL;LT  525 kV S.SANTIAGO           / SEGREDO              C 1  PR;PRSSA-5SGD-1-------1;1990-12-31;;;60.5;0.06;0.7;85.74;2599.0;2599.0;3275.0;3000.0;2599.0;2651.0;2599.0;2833.0;3275.0;3275.0;3275.0;3275.0;1060;856
S;SUL;S;SUL;PR;PARANA;PR;PARANA;SALTO CAXIAS;CASCAVEL OEST       ;525.0;BASICA         ;LINHA DE TRANSMISSÃO;COPEL-GT;LT  525 kV SALTO CAXIAS         / CASCAVEL OEST        C 1  PR;PRSCX-5CVO-1        ;2001-04-22;;;63.0;0.05;0.74;79.51;1800.0;1800.0;2268.0;2268.0;1800.0;2106.0;1926.0;2178.0;2268.0;2654.0;2427.0;2744.0;897;896
S;SUL;S;SUL;PR;PARANA;PR;PARANA;SALTO CAXIAS;S.SANTIAGO          ;525.0;BASICA         ;LINHA DE TRANSMISSÃO;COPEL-GT;LT  525 kV SALTO CAXIAS         / S.SANTIAGO           C 1  PR;PRSCX-5SSA-1        ;1999-02-18;;;90.0;0.08;1.17;124.5;1800.0;1800.0;2268.0;2268.0;1800.0;2106.0;1926.0;2178.0;2268.0;2654.0;2427.0;2744.0;897;1060
S;SUL;UY;URUGUAI;RS;RIO GRANDE DO SUL;UY;DADOS REF. URUGUAI;CANDIOTA;MELO                ;525.0;COMPLEMENTAR   ;LINHA DE TRANSMISSÃO;AXIA ENERGIA;LT  525 kV CANDIOTA             / MELO                 C 1  RS/UY;RSCTA-5MLO-1UY      ;2016-08-05;;2015-12-30;123.4;0.149;1.481;172.5;;;;;;;;;;;;;9786;9787
S;SUL;S;SUL;RS;RIO GRANDE DO SUL;RS;RIO GRANDE DO SUL;CANDIOTA;UTE PAMPA SUL       ;525.0;COMPLEMENTAR   ;LINHA DE TRANSMISSÃO;PAMPA SUL;LT  525 kV CANDIOTA             / UTE PAMPA SUL        C 1  RS;RSCTA-5UTMW1-------1;2019-06-28;2022-02-14;2019-01-01;20.51;0.018;0.257;26.937;;;;;;;;;;;;;9786;997
S;SUL;S;SUL;RS;RIO GRANDE DO SUL;RS;RIO GRANDE DO SUL;CANDIOTA 2;GUAIBA 3            ;525.0;BASICA         ;LINHA DE TRANSMISSÃO;CHIMARRÃO;LT  525 kV CANDIOTA 2           / GUAIBA 3             C 1  RS;RSCTA-5GUA31        ;2022-01-27;;2021-11-30;279.0;0.166;2.87;426.6;3845.0;3845.0;4000.0;4000.0;3845.0;4000.0;4000.0;4000.0;4000.0;4000.0;4000.0;4000.0;9951;974
S;SUL;S;SUL;RS;RIO GRANDE DO SUL;RS;RIO GRANDE DO SUL;CANDIOTA 2;GUAIBA 3            ;525.0;BASICA         ;LINHA DE TRANSMISSÃO;CHIMARRÃO;LT  525 kV CANDIOTA 2           / GUAIBA 3             C 2  RS;RSCTA-5GUA32        ;2022-01-27;;2021-11-30;279.0;0.165;2.872;426.5;3845.0;3845.0;4000.0;4000.0;4000.0;4000.0;4000.0;4000.0;3845.0;4000.0;4000.0;4000.0;9951;974
S;SUL;S;SUL;RS;RIO GRANDE DO SUL;RS;RIO GRANDE DO SUL;CANDIOTA 2;UTE PAMPA SUL       ;525.0;COMPLEMENTAR   ;LINHA DE TRANSMISSÃO;PAMPA SUL;LT  525 kV CANDIOTA 2           / UTE PAMPA SUL        C 1  RS;RSCTA-5UTMW1        ;2022-02-16;;2024-03-22;20.4;0.018;0.256;26.9;;;;;;;;;;;;;9951;997
S;SUL;S;SUL;RS;RIO GRANDE DO SUL;RS;RIO GRANDE DO SUL;CAPIVARI SUL;GRAVATAI            ;525.0;BASICA         ;LINHA DE TRANSMISSÃO;PAMPA TRANSMISSORA;LT  525 kV CAPIVARI SUL         / GRAVATAI             C 1  RS;RSCAP-5GRA-1        ;2023-07-03;;2023-07-22;78.83;0.073;0.896;113.5;2555.0;2555.0;3145.0;3145.0;2555.0;3113.0;2837.0;3322.0;3145.0;3514.0;3350.0;3694.0;1036;976
S;SUL;S;SUL;RS;RIO GRANDE DO SUL;RS;RIO GRANDE DO SUL;CAPIVARI SUL;GUAIBA 3            ;525.0;BASICA         ;LINHA DE TRANSMISSÃO;PAMPA TRANSMISSORA;LT  525 kV CAPIVARI SUL         / GUAIBA 3             C 1  RS;RSCAP-5GUA31        ;2024-05-01;;2023-03-29;178.0;0.137;1.673;214.0;2540.0;2540.0;888.0;888.0;2555.0;3113.0;2837.0;3322.0;3145.0;3514.0;3350.0;3694.0;1036;974
S;SUL;S;SUL;RS;RIO GRANDE DO SUL;RS;RIO GRANDE DO SUL;CAXIAS;GRAVATAI            ;525.0;BASICA         ;LINHA DE TRANSMISSÃO;AXIA SUL;LT  525 kV CAXIAS               / GRAVATAI             C 1  RS;RSCAX-5GRA-1        ;2001-12-16;;2001-12-30;78.8;0.077;0.909;112.2;2331.0;2331.0;2937.0;2500.0;2331.0;2611.0;2517.0;2727.0;2937.0;2944.0;3057.0;3164.0;964;976
S;SUL;S;SUL;RS;RIO GRANDE DO SUL;SC;SANTA CATARINA;CAXIAS;ITA                 ;525.0;BASICA         ;LINHA DE TRANSMISSÃO;AXIA SUL;LT  525 kV CAXIAS               / ITA                  C 1  RS/SC;RSCAX-5YTA-1SC      ;2002-02-21;2024-10-31;2001-12-31;255.0;0.164;3.034;354.8;;;;;3230.0;3521.0;3392.0;3715.0;3973.0;3973.0;4120.0;4248.0;964;995
S;SUL;S;SUL;RS;RIO GRANDE DO SUL;RS;RIO GRANDE DO SUL;CAXIAS NORTE;CAXIAS              ;525.0;BASICA         ;LINHA DE TRANSMISSÃO;AXIA SUL;LT  525 kV CAXIAS NORTE         / CAXIAS               C 1  RS;RSCXN-5CAX-1        ;2024-12-13;;2024-11-30;40.2;0.039;0.453;59.3;;;;;;;;;;;;;10215;964
S;SUL;S;SUL;RS;RIO GRANDE DO SUL;RS;RIO GRANDE DO SUL;CAXIAS NORTE;CAXIAS              ;525.0;BASICA         ;LINHA DE TRANSMISSÃO;AXIA SUL;LT  525 kV CAXIAS NORTE         / CAXIAS               C 2  RS;RSCXN-5CAX-2        ;2024-10-31;;2024-11-30;31.27;0.025;0.359;44.9;;;;;;;;;;;;;10215;964
S;SUL;S;SUL;RS;RIO GRANDE DO SUL;RS;RIO GRANDE DO SUL;CV.GARABI 1;SANTO ANGELO        ;525.0;BASICA         ;LINHA DE TRANSMISSÃO;TAESA;LT  525 kV CV.GARABI 1          / SANTO ANGELO         C 1  RS;RSGBI15STA-1        ;2000-06-21;;;132.1;0.12;1.57;180.5;2778.0;2400.0;3157.0;2400.0;3157.0;3480.0;3490.0;3744.0;3157.0;3708.0;3879.0;3996.0;972;1045
S;SUL;S;SUL;RS;RIO GRANDE DO SUL;RS;RIO GRANDE DO SUL;CV.GARABI 2;SANTO ANGELO        ;525.0;BASICA         ;LINHA DE TRANSMISSÃO;TAESA;LT  525 kV CV.GARABI 2          / SANTO ANGELO         C 1  RS;RSGBI25STA-1        ;2015-01-19;;2015-01-31;138.84;0.125;1.705;189.6;2778.0;2400.0;3157.0;2400.0;3157.0;3480.0;3490.0;3744.0;3157.0;3708.0;3879.0;3996.0;973;1045
S;SUL;S;SUL;RS;RIO GRANDE DO SUL;RS;RIO GRANDE DO SUL;GRAVATAI;GUAIBA 3            ;525.0;BASICA         ;LINHA DE TRANSMISSÃO;CHIMARRÃO;LT  525 kV GRAVATAI             / GUAIBA 3             C 1  RS;RSGRA-5GUA31        ;2021-12-22;;2021-06-22;127.0;0.061;0.818;104.8;2530.0;2530.0;3115.0;3115.0;;;;;;;;;976;974
S;SUL;S;SUL;RS;RIO GRANDE DO SUL;SC;SANTA CATARINA;GRAVATAI;ITA                 ;525.0;BASICA         ;LINHA DE TRANSMISSÃO;ELETROSUL;LT  525 kV GRAVATAI             / ITA                  C 1  RS/SC;RSGRA-5YTA-1SC      ;1990-12-31;2006-04-03;;342.3;0.282;3.852;493.7;;;;;;;;;;;;;976;995
S;SUL;S;SUL;RS;RIO GRANDE DO SUL;RS;RIO GRANDE DO SUL;GRAVATAI;NOVA STA RITA       ;525.0;BASICA         ;LINHA DE TRANSMISSÃO;AXIA SUL;LT  525 kV GRAVATAI             / NOVA STA RITA        C 1  RS;RSGRA-5POL-1        ;2006-04-03;;2006-04-02;29.5;0.029;0.341;41.9;2331.0;2331.0;2937.0;2937.0;2331.0;2587.0;2541.0;2751.0;2937.0;2937.0;3060.0;3161.0;976;979
S;SUL;S;SUL;RS;RIO GRANDE DO SUL;RS;RIO GRANDE DO SUL;GUAIBA 3;NOVA STA RITA       ;525.0;BASICA         ;LINHA DE TRANSMISSÃO;AXIA SUL;LT  525 kV GUAIBA 3             / NOVA STA RITA        C 1  RS;RSGUA35NSR-1        ;2023-01-05;;2021-06-22;35.68;0.024;0.399;51.6;3635.0;3635.0;4580.0;4580.0;;;;;;;;;974;979
S;SUL;S;SUL;RS;RIO GRANDE DO SUL;RS;RIO GRANDE DO SUL;GUAIBA 3;NOVA STA RITA       ;525.0;BASICA         ;LINHA DE TRANSMISSÃO;CHIMARRÃO;LT  525 kV GUAIBA 3             / NOVA STA RITA        C 2  RS;RSGUA35NSR-2        ;2021-12-22;;2021-06-22;36.0;0.026;0.453;58.4;3635.0;3635.0;4000.0;4000.0;335.0;4000.0;3954.0;4000.0;4000.0;4000.0;4000.0;4000.0;974;979
S;SUL;S;SUL;RS;RIO GRANDE DO SUL;RS;RIO GRANDE DO SUL;GUAIBA 3;POVO NOVO           ;525.0;BASICA         ;LINHA DE TRANSMISSÃO;AXIA SUL;LT  525 kV GUAIBA 3             / POVO NOVO            C 1  RS;RSGUA35PNO-1        ;2023-01-05;;2021-06-22;236.83;0.155;2.652;347.3;3635.0;3635.0;4580.0;4580.0;;;;;;;;;974;9818
S;SUL;S;SUL;RS;RIO GRANDE DO SUL;RS;RIO GRANDE DO SUL;GUAIBA 3;POVO NOVO           ;525.0;BASICA         ;LINHA DE TRANSMISSÃO;CHIMARRÃO;LT  525 kV GUAIBA 3             / POVO NOVO            C 2  RS;RSGUA35PNO-2        ;2021-12-22;;2021-11-30;245.0;0.148;2.588;340.3;3635.0;3635.0;4000.0;4000.0;3635.0;4000.0;3963.0;4000.0;4000.0;4000.0;4000.0;4000.0;974;9818
S;SUL;S;SUL;RS;RIO GRANDE DO SUL;RS;RIO GRANDE DO SUL;GUAIBA 3;POVO NOVO           ;525.0;BASICA         ;LINHA DE TRANSMISSÃO;LAGOA DOS PATOS;LT  525 kV GUAIBA 3             / POVO NOVO            C 3  RS;RSGUA35PNO-3        ;2023-04-23;;2023-06-22;245.7;0.144;2.595;347.7;3800.0;3800.0;4000.0;4000.0;3800.0;4000.0;4000.0;4000.0;4000.0;4000.0;4000.0;4000.0;974;9818
S;SUL;S;SUL;RS;RIO GRANDE DO SUL;RS;RIO GRANDE DO SUL;MARMELEIRO 2;POVO NOVO           ;525.0;BASICA         ;LINHA DE TRANSMISSÃO;AXIA SUL;LT  525 kV MARMELEIRO 2         / POVO NOVO            C 1  RS;RSMRO-5PNO-1        ;2014-12-19;;2014-12-30;154.0;0.101;1.708;220.9;3635.0;3635.0;4580.0;4580.0;3635.0;3635.0;3635.0;3635.0;4580.0;4580.0;4580.0;4580.0;9820;9818
S;SUL;S;SUL;RS;RIO GRANDE DO SUL;RS;RIO GRANDE DO SUL;MARMELEIRO 2;POVO NOVO           ;525.0;BASICA         ;LINHA DE TRANSMISSÃO;CHIMARRÃO;LT  525 kV MARMELEIRO 2         / POVO NOVO            C 2  RS;RSMRO25PNO-2        ;2021-08-22;;2021-11-30;152.0;0.096;1.712;221.6;3635.0;3635.0;4000.0;4000.0;3635.0;4000.0;3958.0;4000.0;4000.0;4000.0;4000.0;4000.0;9820;9818
S;SUL;S;SUL;RS;RIO GRANDE DO SUL;RS;RIO GRANDE DO SUL;MARMELEIRO 2;S V PALMAR 2        ;525.0;BASICA         ;LINHA DE TRANSMISSÃO;AXIA SUL;LT  525 kV MARMELEIRO 2         / S V PALMAR 2         C 1  RS;RSMRO-5SVP-1        ;2014-12-19;;2014-12-30;52.0;0.033;0.543;69.7;3635.0;3635.0;4580.0;4580.0;3635.0;3635.0;3635.0;3635.0;4580.0;4580.0;4580.0;4580.0;9820;9822
S;SUL;S;SUL;RS;RIO GRANDE DO SUL;RS;RIO GRANDE DO SUL;MARMELEIRO 2;S V PALMAR 2        ;525.0;BASICA         ;LINHA DE TRANSMISSÃO;CHIMARRÃO;LT  525 kV MARMELEIRO 2         / S V PALMAR 2         C 2  RS;RSMRO25SPA22        ;2021-08-22;;2021-11-30;48.0;0.031;0.544;69.9;3635.0;3635.0;4000.0;4000.0;3635.0;4000.0;3956.0;4000.0;4000.0;4000.0;4000.0;4000.0;9820;9822
S;SUL;S;SUL;RS;RIO GRANDE DO SUL;RS;RIO GRANDE DO SUL;NOVA STA RITA;POVO NOVO           ;525.0;BASICA         ;LINHA DE TRANSMISSÃO;AXIA SUL;LT  525 kV NOVA STA RITA        / POVO NOVO            C 1  RS;RSNSR-5PNO-1        ;2015-03-24;2023-01-05;2015-03-31;281.0;0.179;3.027;386.86;;;;;3635.0;3635.0;3635.0;3635.0;4580.0;4580.0;4580.0;4580.0;979;9818
S;SUL;S;SUL;RS;RIO GRANDE DO SUL;SC;SANTA CATARINA;SANTO ANGELO;ITA                 ;525.0;BASICA         ;LINHA DE TRANSMISSÃO;TAESA;LT  525 kV SANTO ANGELO         / ITA                  C 1  RS/SC;RSSTA-5YTA-1SC      ;2000-01-08;;;222.5;0.199;2.669;288.7;2778.0;2400.0;3157.0;2400.0;3157.0;3525.0;3506.0;3770.0;3157.0;3749.0;3893.0;4018.0;1045;995
S;SUL;S;SUL;RS;RIO GRANDE DO SUL;SC;SANTA CATARINA;SANTO ANGELO;ITA                 ;525.0;BASICA         ;LINHA DE TRANSMISSÃO;TAESA;LT  525 kV SANTO ANGELO         / ITA                  C 2  RS/SC;RSSTA-5YTA-2SC      ;2015-01-19;;2015-01-31;237.15;0.209;2.877;325.1;2778.0;2400.0;3157.0;2400.0;3157.0;3525.0;3506.0;3770.0;3157.0;3749.0;3893.0;4018.0;1045;995
S;SUL;S;SUL;SC;SANTA CATARINA;SC;SANTA CATARINA;ABDON BATISTA;BIGUACU             ;525.0;BASICA         ;LINHA DE TRANSMISSÃO;AXIA SUL;LT  525 kV ABDON BATISTA        / BIGUACU              C 1  SC;SCATA-5BIG-1        ;2015-01-26;;2014-12-30;234.77;0.156;2.436;372.9;2920.0;2920.0;2920.0;2920.0;2920.0;2920.0;2920.0;2920.0;;;;;9738;946
S;SUL;S;SUL;SC;SANTA CATARINA;SC;SANTA CATARINA;ABDON BATISTA;C.NOVOS             ;525.0;BASICA         ;LINHA DE TRANSMISSÃO;AXIA SUL;LT  525 kV ABDON BATISTA        / C.NOVOS              C 1  SC;SCATA-5CNO-1        ;2015-01-26;;2014-12-30;34.93;0.024;0.362;55.38;2920.0;2920.0;2920.0;2920.0;2920.0;2920.0;2920.0;2920.0;;;;;9738;955
S;SUL;S;SUL;SC;SANTA CATARINA;SC;SANTA CATARINA;ABDON BATISTA;C.NOVOS             ;525.0;BASICA         ;LINHA DE TRANSMISSÃO;EDP ALIANCA;LT  525 kV ABDON BATISTA        / C.NOVOS              C 2  SC;SCABT-5CNO-2        ;2022-02-18;;2022-08-11;39.0;0.026;0.442;58.3;2920.0;2920.0;4145.0;4145.0;;;;;;;;;9738;955
S;SUL;S;SUL;SC;SANTA CATARINA;SC;SANTA CATARINA;ABDON BATISTA;SIDEROPOLIS 2       ;525.0;BASICA         ;LINHA DE TRANSMISSÃO;EDP ALIANCA;LT  525 kV ABDON BATISTA        / SIDEROPOLIS 2        C 1  SC;SCABT-5SID21        ;2022-02-18;;2022-08-11;261.0;0.133;2.218;323.0;3405.0;3405.0;3985.0;3985.0;;;;;;;;;9738;1055
S;SUL;S;SUL;SC;SANTA CATARINA;SC;SANTA CATARINA;ABDON BATISTA;SIDEROPOLIS 2       ;525.0;BASICA         ;LINHA DE TRANSMISSÃO;EDP ALIANCA;LT  525 kV ABDON BATISTA        / SIDEROPOLIS 2        C 2  SC;SCABT-5SID22        ;2022-02-18;;2022-08-11;261.0;0.133;2.218;323.0;3405.0;3405.0;3985.0;3985.0;;;;;;;;;9738;1055
S;SUL;S;SUL;SC;SANTA CATARINA;SC;SANTA CATARINA;BIGUACU;BLUMENAU            ;525.0;BASICA         ;LINHA DE TRANSMISSÃO;AXIA SUL;LT  525 kV BIGUACU              / BLUMENAU             C 1  SC;SCBIG-5BLU-1        ;2008-04-22;2024-09-01;2008-04-24;87.0;0.06;1.031;124.8;;;;;2920.0;3446.0;3241.0;3562.0;2920.0;4044.0;3987.0;4272.0;946;938
S;SUL;S;SUL;SC;SANTA CATARINA;SC;SANTA CATARINA;BIGUACU;C.NOVOS             ;525.0;BASICA         ;LINHA DE TRANSMISSÃO;ELETROSUL;LT  525 kV BIGUACU              / C.NOVOS              C 1  SC;SCBIG-5CNO-1        ;2008-04-22;2015-01-26;2008-04-24;270.0;0.18;2.91;411.72;;;;;2920.0;3446.0;3241.0;3562.0;2920.0;4036.0;3987.0;4286.0;946;955
S;SUL;S;SUL;SC;SANTA CATARINA;SC;SANTA CATARINA;BIGUACU;GASPAR 2            ;525.0;BASICA         ;LINHA DE TRANSMISSÃO;AXIA SUL;LT  525 kV BIGUACU              / GASPAR 2             C 1  SC;SCBIG-5GAS21        ;2024-09-01;;2024-06-30;81.31;0.055;0.94;118.7;2920.0;2920.0;3919.0;3919.0;;;;;;;;;946;10081
S;SUL;S;SUL;SC;SANTA CATARINA;SC;SANTA CATARINA;BIGUACU;SIDEROPOLIS 2       ;525.0;BASICA         ;LINHA DE TRANSMISSÃO;EDP ALIANCA;LT  525 kV BIGUACU              / SIDEROPOLIS 2        C 1  SC;SCBIG-5SID21        ;2021-06-13;;2022-08-11;151.4;0.094;1.68;222.5;3405.0;3405.0;3985.0;3985.0;;;;;;;;;946;1055
S;SUL;S;SUL;SC;SANTA CATARINA;SC;SANTA CATARINA;BLUMENAU;C.NOVOS             ;525.0;BASICA         ;LINHA DE TRANSMISSÃO;ECTE;LT  525 kV BLUMENAU             / C.NOVOS              C 1  SC;SCBLU-5CNO-1        ;2002-03-09;;2002-03-01;252.5;0.25;2.92;360.4;2240.0;2240.0;2240.0;2240.0;2240.0;2709.0;2509.0;2865.0;2240.0;2960.0;3004.0;3146.0;938;955
S;SUL;S;SUL;SC;SANTA CATARINA;SC;SANTA CATARINA;BLUMENAU;C.NOVOS             ;525.0;BASICA         ;LINHA DE TRANSMISSÃO;ELETROSUL;LT  525 kV BLUMENAU             / C.NOVOS              C 2  SC;SCBLU-5CNO-2        ;2006-09-17;2008-04-22;2006-09-17;361.0;0.23;3.97;538.12;;;;;;;;;;;;;938;955
S;SUL;S;SUL;SC;SANTA CATARINA;PR;PARANA;BLUMENAU;CURIT.LESTE         ;525.0;BASICA         ;LINHA DE TRANSMISSÃO;COPEL-GT;LT  525 kV BLUMENAU             / CURIT.LESTE          C 1  SC/PR;SCBLU-5CBL-1PR      ;2021-03-28;;2021-01-24;144.51;0.133;1.649;207.7;2700.0;2700.0;3215.0;3215.0;;;;;;;;;938;9542
S;SUL;S;SUL;SC;SANTA CATARINA;PR;PARANA;BLUMENAU;CURITIBA            ;525.0;BASICA         ;LINHA DE TRANSMISSÃO;AXIA SUL;LT  525 kV BLUMENAU             / CURITIBA             C 1  SC/PR;SCBLU-5CBA-1PR      ;1990-12-31;2024-08-05;;138.0;0.127;1.603;195.8;;;;;2435.0;2654.0;2508.0;2752.0;3068.0;3068.0;3068.0;3186.0;938;959
S;SUL;S;SUL;SC;SANTA CATARINA;RS;RIO GRANDE DO SUL;C.NOVOS;CAXIAS              ;525.0;BASICA         ;LINHA DE TRANSMISSÃO;AXIA SUL;LT  525 kV C.NOVOS              / CAXIAS               C 1  SC/RS;SCCNO-5CAX-1RS      ;2001-12-16;2024-12-13;2001-12-30;203.3;0.192;2.33;290.4;;;;;2331.0;2587.0;2494.0;2751.0;2937.0;2937.0;3049.0;3158.0;955;964
S;SUL;S;SUL;SC;SANTA CATARINA;RS;RIO GRANDE DO SUL;C.NOVOS;CAXIAS NORTE        ;525.0;BASICA         ;LINHA DE TRANSMISSÃO;AXIA SUL;LT  525 kV C.NOVOS              / CAXIAS NORTE         C 1  SC/RS;SCCNO-5CXN-1RS      ;2024-12-13;;2024-11-30;185.85;0.178;2.137;265.5;;;;;;;;;;;;;955;10215
S;SUL;S;SUL;SC;SANTA CATARINA;RS;RIO GRANDE DO SUL;C.NOVOS;GRAVATAI            ;525.0;BASICA         ;LINHA DE TRANSMISSÃO;ELETROSUL;LT  525 kV C.NOVOS              / GRAVATAI             C 1  SC/RS;SCCNO-5GRA-1RS      ;1990-12-31;2001-12-16;;266.2;0.23;3.03;381.46;;;;;;;;;;;;;955;976
S;SUL;S;SUL;SC;SANTA CATARINA;SC;SANTA CATARINA;C.NOVOS;ITA                 ;525.0;BASICA         ;LINHA DE TRANSMISSÃO;ELETROSUL;LT  525 kV C.NOVOS              / ITA                  C 1  SC;SCCNO-5YTA-1        ;1990-12-31;2002-01-21;;109.4;0.102;1.268;155.239;;;;;;;;;;;;;955;995
S;SUL;S;SUL;SC;SANTA CATARINA;SC;SANTA CATARINA;C.NOVOS;MACHADINHO          ;525.0;BASICA         ;LINHA DE TRANSMISSÃO;AXIA SUL;LT  525 kV C.NOVOS              / MACHADINHO           C 1  SC;SCCNO-5MCH-1        ;2002-01-21;;2002-01-31;44.8;0.051;0.583;71.81;2599.0;2000.0;3275.0;2000.0;2599.0;2677.0;2599.0;2859.0;3275.0;3275.0;3275.0;3275.0;955;1030
S;SUL;S;SUL;SC;SANTA CATARINA;SC;SANTA CATARINA;C.NOVOS;MACHADINHO          ;525.0;BASICA         ;LINHA DE TRANSMISSÃO;LUMITRANS;LT  525 kV C.NOVOS              / MACHADINHO           C 2  SC;SCCNO-5MCH-2        ;2007-10-03;;2007-10-03;39.9;0.027;0.455;58.13;2407.0;2407.0;2407.0;2407.0;2407.0;3919.0;3656.0;4245.0;2407.0;4299.0;4328.0;4657.0;955;1030
S;SUL;S;SUL;SC;SANTA CATARINA;RS;RIO GRANDE DO SUL;C.NOVOS;NOVA STA RITA       ;525.0;BASICA         ;LINHA DE TRANSMISSÃO;AXIA SUL;LT  525 kV C.NOVOS              / NOVA STA RITA        C 1  SC/RS;SCCNO-5POL-1RS      ;2009-05-11;;2009-05-09;257.4;0.165;2.915;393.8;2920.0;2920.0;2920.0;2920.0;2920.0;3436.0;3288.0;3576.0;2920.0;3980.0;4044.0;4269.0;955;979
S;SUL;S;SUL;SC;SANTA CATARINA;SC;SANTA CATARINA;GASPAR 2;BLUMENAU            ;525.0;BASICA         ;LINHA DE TRANSMISSÃO;AXIA SUL;LT  525 kV GASPAR 2             / BLUMENAU             C 1  SC;SCGAS25BLU-1        ;2024-09-01;;2024-06-30;25.32;0.017;0.273;35.6;2920.0;2920.0;3919.0;3919.0;;;;;;;;;10081;938
S;SUL;S;SUL;SC;SANTA CATARINA;SC;SANTA CATARINA;GASPAR 2;BLUMENAU            ;525.0;BASICA         ;LINHA DE TRANSMISSÃO;AXIA SUL;LT  525 kV GASPAR 2             / BLUMENAU             C 2  SC;SCGAS25BLU-2        ;2024-08-11;;2024-03-22;21.16;0.022;0.229;32.0;2920.0;2920.0;3919.0;3919.0;;;;;;;;;10081;938
S;SUL;S;SUL;SC;SANTA CATARINA;RS;RIO GRANDE DO SUL;ITA;CAXIAS NORTE        ;525.0;BASICA         ;LINHA DE TRANSMISSÃO;AXIA SUL;LT  525 kV ITA                  / CAXIAS NORTE         C 1  SC/RS;SCYTA-5CXN-1RS      ;2024-10-31;;2024-11-30;247.16;0.171;2.957;344.5;;;;;;;;;;;;;995;10215
S;SUL;S;SUL;SC;SANTA CATARINA;SC;SANTA CATARINA;ITA;MACHADINHO          ;525.0;BASICA         ;LINHA DE TRANSMISSÃO;AXIA SUL;LT  525 kV ITA                  / MACHADINHO           C 1  SC;SCYTA-5MCH-1        ;2002-01-21;;2002-01-31;64.6;0.08;0.912;112.2;2599.0;2000.0;3275.0;2000.0;2599.0;2651.0;2599.0;2807.0;3275.0;3275.0;3275.0;3275.0;995;1030
S;SUL;S;SUL;SC;SANTA CATARINA;RS;RIO GRANDE DO SUL;ITA;NOVA STA RITA       ;525.0;BASICA         ;LINHA DE TRANSMISSÃO;AXIA SUL;LT  525 kV ITA                  / NOVA STA RITA        C 1  SC/RS;SCYTA-5POL-1RS      ;2006-04-03;;2006-04-02;313.95;0.305;3.647;448.6;2331.0;2331.0;2937.0;2937.0;2331.0;2564.0;2471.0;2727.0;2937.0;2937.0;3021.0;3140.0;995;979
S;SUL;S;SUL;SC;SANTA CATARINA;RS;RIO GRANDE DO SUL;ITA;NOVA STA RITA       ;525.0;BASICA         ;LINHA DE TRANSMISSÃO;AXIA SUL;LT  525 kV ITA                  / NOVA STA RITA        C 2  SC/RS;SCYTA-5NSR-2RS      ;2014-07-06;;2014-06-05;314.0;0.285;3.747;418.0;2510.0;2510.0;3090.0;3090.0;2510.0;2510.0;2510.0;2510.0;3090.0;3090.0;3090.0;3090.0;995;979
S;SUL;S;SUL;SC;SANTA CATARINA;SC;SANTA CATARINA;ITA;U.ITA               ;525.0;COMPLEMENTAR   ;LINHA DE TRANSMISSÃO;ENGIE;LT  525 kV ITA                  / U.ITA                C 1  SC;SCYTA-5UHIT1        ;2000-06-11;;;0.01;0.001;0.02;2.9;;;;;;;;;;;;;995;996
S;SUL;S;SUL;SC;SANTA CATARINA;SC;SANTA CATARINA;ITA;U.ITA               ;525.0;COMPLEMENTAR   ;LINHA DE TRANSMISSÃO;ENGIE;LT  525 kV ITA                  / U.ITA                C 2  SC;SCYTA-5UHIT2        ;2000-06-11;;;0.01;0.001;0.02;2.9;;;;;;;;;;;;;995;996
S;SUL;S;SUL;SC;SANTA CATARINA;SC;SANTA CATARINA;ITAJAI 2;BIGUACU             ;525.0;BASICA         ;LINHA DE TRANSMISSÃO;VALE DO ITAJAI;LT  525 kV ITAJAI 2             / BIGUACU              C 1  SC;SCITJ25BIG-1        ;2025-05-14;;2025-02-28;64.49;0.04;0.721;94.5;3195.0;3195.0;3960.0;3960.0;3195.0;3957.0;3473.0;4000.0;3960.0;4000.0;4000.0;4000.0;10069;946
S;SUL;S;SUL;SC;SANTA CATARINA;SC;SANTA CATARINA;ITAJAI 2;JOINVILLE SUL       ;525.0;BASICA         ;LINHA DE TRANSMISSÃO;VALE DO ITAJAI;LT  525 kV ITAJAI 2             / JOINVILLE SUL        C 1  SC;SCITJ25JINS1        ;2026-03-08;;2025-12-04;77.3;0.049;0.867;112.9;3200.0;3200.0;3935.0;3935.0;3200.0;3996.0;3474.0;4000.0;3935.0;4000.0;4000.0;4000.0;10069;10055
S;SUL;S;SUL;SC;SANTA CATARINA;PR;PARANA;JOINVILLE SUL;AREIA               ;525.0;BASICA         ;LINHA DE TRANSMISSÃO;VALE DO ITAJAI;LT  525 kV JOINVILLE SUL        / AREIA                C 1  SC/PR;SCJINS5ARE-1PR      ;2026-03-08;;2025-09-22;278.0;0.167;3.05;411.0;3120.0;3120.0;3840.0;3840.0;3120.0;3955.0;3394.0;4000.0;3840.0;4000.0;4000.0;4000.0;10055;933
SE;SUDESTE;SE;SUDESTE;SP;SAO PAULO;SP;SAO PAULO;ASSIS;ARARAQUARA FUR      ;525.0;BASICA         ;LINHA DE TRANSMISSÃO;TAESA;LT  525 kV ASSIS                / ARARAQUARA FUR       C 1  SP ();SPASS-5STAR1        ;2005-10-27;;2005-10-25;250.0;0.198;3.098;317.5;2200.0;2200.0;2200.0;2200.0;2200.0;3406.0;2987.0;3570.0;2200.0;3843.0;3691.0;4015.0;556;101
SE;SUDESTE;SE;SUDESTE;PR;PARANA;SP;SAO PAULO;F.IGUACU 50HZ;IBIUNA              ;600.0;COMPLEMENTAR   ;LINHA DC;AXIA ENERGIA;CC  600 kV F.IGUACU 50HZ        / IBIUNA               C 1  PR/SP ();PRSTF56STIN1SP      ;1990-12-31;;;792.0;10.47;0.0;;;;;;;;;;;;;;91988;92547
SE;SUDESTE;SE;SUDESTE;PR;PARANA;SP;SAO PAULO;F.IGUACU 50HZ;IBIUNA              ;600.0;COMPLEMENTAR   ;LINHA DC;AXIA ENERGIA;CC  600 kV F.IGUACU 50HZ        / IBIUNA               C 2  PR/SP ();PRSTF56STIN2SP      ;1990-12-31;;;792.0;10.47;0.0;;;;;;;;;;;;;;91988;92547
SE;SUDESTE;SE;SUDESTE;PR;PARANA;SP;SAO PAULO;F.IGUACU 50HZ;IBIUNA              ;600.0;COMPLEMENTAR   ;LINHA DC;AXIA ENERGIA;CC  600 kV F.IGUACU 50HZ        / IBIUNA               C 3  PR/SP ();PRSTF56STIN3SP      ;1990-12-31;;;820.0;10.47;0.0;;;;;;;;;;;;;;91988;92547
SE;SUDESTE;SE;SUDESTE;PR;PARANA;SP;SAO PAULO;F.IGUACU 50HZ;IBIUNA              ;600.0;COMPLEMENTAR   ;LINHA DC;AXIA ENERGIA;CC  600 kV F.IGUACU 50HZ        / IBIUNA               C 4  PR/SP ();PRSTF56STIN4SP      ;1990-12-31;;;820.0;10.47;0.0;;;;;;;;;;;;;;91988;92547
SE;SUDESTE;SE;SUDESTE;PR;PARANA;SP;SAO PAULO;F.IGUACU 50HZ;IBIUNA              ;600.0;COMPLEMENTAR   ;LINHA DE TRANSMISSÃO;FURNAS;LT  600 kV F.IGUACU 50HZ        / IBIUNA               C 1  PR/SP ();PRSTF56STIN1SP      ;1990-12-31;1990-12-31;;792.0;0.01;0.01;0.0;;;;;;;;;;;;;91988;92547
SE;SUDESTE;SE;SUDESTE;PR;PARANA;SP;SAO PAULO;F.IGUACU 50HZ;IBIUNA              ;600.0;COMPLEMENTAR   ;LINHA DE TRANSMISSÃO;FURNAS;LT  600 kV F.IGUACU 50HZ        / IBIUNA               C 2  PR/SP ();PRSTF56STIN2SP      ;1990-12-31;1990-12-31;;792.0;0.01;0.01;0.0;;;;;;;;;;;;;91988;92547
SE;SUDESTE;SE;SUDESTE;PR;PARANA;SP;SAO PAULO;F.IGUACU 50HZ;IBIUNA              ;600.0;COMPLEMENTAR   ;LINHA DE TRANSMISSÃO;FURNAS;LT  600 kV F.IGUACU 50HZ        / IBIUNA               C 3  PR/SP ();PRSTF56STIN3SP      ;1990-12-31;1990-12-31;;820.0;0.01;0.01;0.0;;;;;;;;;;;;;91988;92547
SE;SUDESTE;SE;SUDESTE;PR;PARANA;SP;SAO PAULO;F.IGUACU 50HZ;IBIUNA              ;600.0;COMPLEMENTAR   ;LINHA DE TRANSMISSÃO;FURNAS;LT  600 kV F.IGUACU 50HZ        / IBIUNA               C 4  PR/SP ();PRSTF56STIN4SP      ;1990-12-31;1990-12-31;;820.0;0.01;0.01;0.0;;;;;;;;;;;;;91988;92547
SE;SUDESTE;SE;SUDESTE;PR;PARANA;SP;SAO PAULO;F.IGUACU 50HZ;IBIUNA              ;600.0;COMPLEMENTAR   ;LINHA DE TRANSMISSÃO;FURNAS;LT  600 kV F.IGUACU 50HZ        / IBIUNA               C 5  PR/SP ();PRSTF56STIN5SP      ;1990-12-31;1990-12-31;;820.0;0.01;0.01;0.0;;;;;;;;;;;;;91988;92547
SE;SUDESTE;SE;SUDESTE;RO;RONDONIA;SP;SAO PAULO;C.PORTO VELHO;ARARAQUARA 2        ;600.0;BASICA         ;LINHA DC;IE MADEIRA;CC  600 kV C.PORTO VELHO        / ARARAQUARA 2         C 1  RO/SP;ROCPV-6ARA21SP      ;2013-11-26;;2013-10-30;2386.0;17.1;0.0;;5250.0;5250.0;5250.0;5250.0;;;;;;;;;94366;94365
SE;SUDESTE;SE;SUDESTE;RO;RONDONIA;SP;SAO PAULO;C.PORTO VELHO;ARARAQUARA 2        ;600.0;BASICA         ;LINHA DC;IE MADEIRA;CC  600 kV C.PORTO VELHO        / ARARAQUARA 2         C 2  RO/SP;ROCPV-6ARA22SP      ;2013-11-26;;2013-10-30;2386.0;17.1;0.0;;5250.0;5250.0;5250.0;5250.0;;;;;;;;;94366;94365
SE;SUDESTE;SE;SUDESTE;RO;RONDONIA;SP;SAO PAULO;C.PORTO VELHO;ARARAQUARA 2        ;600.0;BASICA         ;LINHA DC;NORTE BRASIL;CC  600 kV C.PORTO VELHO        / ARARAQUARA 2         C 3  RO/SP;ROCPV-6ARA23SP      ;2015-06-21;;2014-04-30;2386.0;15.85;2545.0;;5250.0;5250.0;5250.0;5250.0;;;;;;;;;94366;94365
SE;SUDESTE;SE;SUDESTE;RO;RONDONIA;SP;SAO PAULO;C.PORTO VELHO;ARARAQUARA 2        ;600.0;BASICA         ;LINHA DC;NORTE BRASIL;CC  600 kV C.PORTO VELHO        / ARARAQUARA 2         C 4  RO/SP;ROCPV-6ARA24SP      ;2015-06-21;;2014-04-30;2386.0;15.85;2545.0;;5250.0;5250.0;5250.0;5250.0;;;;;;;;;94366;94365
SE;SUDESTE;SE;SUDESTE;PR;PARANA;PR;PARANA;F.IGUACU 60HZ;IVAIPORA FUR        ;765.0;COMPLEMENTAR   ;LINHA DE TRANSMISSÃO;AXIA ENERGIA;LT  765 kV F.IGUACU 60HZ        / IVAIPORA FUR         C 1  PR ();PRSTIV7STF61        ;1989-08-07;;;322.0;0.076;1.85;927.8;;;;;;;;;;;;;60;65
SE;SUDESTE;SE;SUDESTE;PR;PARANA;PR;PARANA;F.IGUACU 60HZ;IVAIPORA FUR        ;765.0;COMPLEMENTAR   ;LINHA DE TRANSMISSÃO;AXIA ENERGIA;LT  765 kV F.IGUACU 60HZ        / IVAIPORA FUR         C 2  PR ();PRSTIV7STF62        ;1989-08-07;;;323.0;0.076;1.85;929.1;;;;;;;;;;;;;60;65
SE;SUDESTE;SE;SUDESTE;PR;PARANA;PR;PARANA;F.IGUACU 60HZ;IVAIPORA FUR        ;765.0;COMPLEMENTAR   ;LINHA DE TRANSMISSÃO;AXIA ENERGIA;LT  765 kV F.IGUACU 60HZ        / IVAIPORA FUR         C 3  PR ();PRSTIV7STF63        ;1999-03-21;;;339.0;0.082;1.899;954.5;;;;;;;;;;;;;60;65
SE;SUDESTE;SE;SUDESTE;SP;SAO PAULO;PR;PARANA;ITABERA;IVAIPORA FUR        ;765.0;BASICA         ;LINHA DE TRANSMISSÃO;AXIA ENERGIA;LT  765 kV ITABERA              / IVAIPORA FUR         C 1  SP/PR ();SPSTIA7STIV1PR      ;1989-08-01;;;265.0;0.064;1.53;760.0;3119.0;3119.0;3930.0;3150.0;3119.0;3527.0;3323.0;3783.0;3930.0;4012.0;4084.0;4356.0;72;65
SE;SUDESTE;SE;SUDESTE;SP;SAO PAULO;PR;PARANA;ITABERA;IVAIPORA FUR        ;765.0;BASICA         ;LINHA DE TRANSMISSÃO;AXIA ENERGIA;LT  765 kV ITABERA              / IVAIPORA FUR         C 2  SP/PR ();SPSTIA7STIV2PR      ;1989-08-01;;;264.0;0.063;1.53;755.7;3119.0;3119.0;3930.0;3150.0;3119.0;3527.0;3323.0;3783.0;3930.0;4012.0;4084.0;4356.0;72;65
SE;SUDESTE;SE;SUDESTE;SP;SAO PAULO;PR;PARANA;ITABERA;IVAIPORA FUR        ;765.0;BASICA         ;LINHA DE TRANSMISSÃO;AXIA ENERGIA;LT  765 kV ITABERA              / IVAIPORA FUR         C 3  SP/PR ();SPSTIA7STIV3PR      ;2000-05-19;;;272.0;0.064;1.54;760.0;3119.0;3119.0;3930.0;3150.0;3119.0;3539.0;3327.0;3791.0;3930.0;4025.0;4090.0;4364.0;72;65
SE;SUDESTE;SE;SUDESTE;SP;SAO PAULO;SP;SAO PAULO;ITABERA;TIJUCO PRETO        ;765.0;BASICA         ;LINHA DE TRANSMISSÃO;AXIA ENERGIA;LT  765 kV ITABERA              / TIJUCO PRETO         C 1  SP ();SPSTIA7STTP1        ;1990-12-31;;;305.0;0.072;1.75;877.5;3119.0;3119.0;3930.0;3150.0;3119.0;3587.0;3307.0;3751.0;3930.0;4102.0;4124.0;4396.0;72;76
SE;SUDESTE;SE;SUDESTE;SP;SAO PAULO;SP;SAO PAULO;ITABERA;TIJUCO PRETO        ;765.0;BASICA         ;LINHA DE TRANSMISSÃO;AXIA ENERGIA;LT  765 kV ITABERA              / TIJUCO PRETO         C 2  SP ();SPSTIA7STTP2        ;1989-07-31;;;304.0;0.072;1.75;873.0;3119.0;3119.0;3930.0;3150.0;3119.0;3587.0;3307.0;3751.0;3930.0;4102.0;4124.0;4396.0;72;76
SE;SUDESTE;SE;SUDESTE;SP;SAO PAULO;SP;SAO PAULO;ITABERA;TIJUCO PRETO        ;765.0;BASICA         ;LINHA DE TRANSMISSÃO;AXIA ENERGIA;LT  765 kV ITABERA              / TIJUCO PRETO         C 3  SP ();SPSTIA7STTP3        ;2001-05-01;;;312.0;0.078;1.79;898.2;3119.0;3119.0;3930.0;3150.0;3119.0;3587.0;3311.0;3755.0;3930.0;4085.0;4113.0;4396.0;72;76
N;NORTE;SE;SUDESTE;PA;PARA;MG;MINAS GERAIS;XINGU;ESTREITO            ;800.0;BASICA         ;LINHA DC;BMTE;CC  800 kV XINGU                / ESTREITO             C 1  PA/MG;PAXNG-8EST-1MG      ;2017-12-12;;2017-09-30;2084.0;13.9;150.0;;2625.0;2625.0;3500.0;3500.0;;;;;;;;;95473;93385
N;NORTE;SE;SUDESTE;PA;PARA;MG;MINAS GERAIS;XINGU;ESTREITO            ;800.0;BASICA         ;LINHA DC;BMTE;CC  800 kV XINGU                / ESTREITO             C 2  PA/MG;PAXNG-8EST-2MG      ;2017-12-12;;2017-09-30;2084.0;13.9;150.0;;2625.0;2625.0;3500.0;3500.0;;;;;;;;;95473;93385
N;NORTE;SE;SUDESTE;PA;PARA;RJ;RIO DE JANEIRO;XINGU;TERMINAL RIO        ;800.0;BASICA         ;LINHA DC;XRTE;CC  800 kV XINGU                / TERMINAL RIO         C 1  PA/RJ;PAXNG-8TRIO1RJ      ;2019-08-22;;2019-09-02;2518.0;16.935;0.0;;2625.0;2625.0;3500.0;3500.0;;;;;;;;;95473;95827
N;NORTE;SE;SUDESTE;PA;PARA;RJ;RIO DE JANEIRO;XINGU;TERMINAL RIO        ;800.0;BASICA         ;LINHA DC;XRTE;CC  800 kV XINGU                / TERMINAL RIO         C 2  PA/RJ;PAXNG-8TRIO2RJ      ;2019-08-22;;2019-09-02;2518.0;16.935;0.0;;2625.0;2625.0;3500.0;3500.0;;;;;;;;;95473;95827
